"NUM_DAU";"COMM";"SEC_CADASTRE1";"NUM_CADASTRE1";"DESTINATION_PRINCIPALE";"SURF_LOC_CREEE";"SURF_LOC_AVANT";"ETAT_DAU";"DATE_REELLE_AUTORISATION";"DATE_REELLE_DOC";"SUPERFICIE_TERRAIN"
"00100721A0011";"01007";"ZN";"512";8;1074;1878;2;"2021-07-30";;13438
"00103421C0048";"01034";"BK";"9";6;1217;3472;5;"2021-09-15";"2022-05-23";29652
"00103921C0002";"01039";"0C";"2009";6;1200;0;2;"2021-07-26";;0
"00104320A0053";"01043";"AN";"1202";4;4064;1880;5;"2021-03-23";"2022-04-11";11720
"00104321A0006";"01043";"AM";"1337";8;1665;0;5;"2021-04-22";"2021-11-08";4123
"0010492100030";"01049";"ZD";"110";6;6828;0;5;"2021-10-25";"2022-10-24";24471
"00105320O0089";"01053";"BO";"128";6;6162;0;2;"2021-05-10";;19308
"00105321O0008";"01053";"CN";"477";4;1236;0;5;"2021-07-09";"2022-06-13";29166
"00107221D0022";"01072";"AL";"459";4;1623;0;5;"2021-10-27";"2022-02-14";4480
"00107221D0025";"01072";"0A";"1869";6;3100;2208;2;"2021-12-06";;6005
"00110521V0016";"01105";"ZW";"177";6;1628;1182;2;"2021-11-03";;5985
"0011422100022";"01142";"AH";"1276";8;1843;0;5;"2021-12-07";"2022-07-04";5777
"00115721V0033";"01157";;;6;2081;0;2;"2021-11-29";;1471
"00116620V0028";"01166";"ZH";"457";4;5397;0;2;"2021-03-24";;23355
"00117321J0004";"01173";"AW";"65";4;1491;1271;5;"2021-04-22";"2021-05-03";3530
"00123121D0017";"01231";"AH";"513";8;2640;11931;5;"2021-08-17";"2022-03-01";36061
"00125421D0008";"01254";"BB";"63";6;4589;0;5;"2021-07-06";"2022-03-15";13860
"00126220M0023";"01262";"AD";"308";3;2607;0;5;"2021-02-24";"2022-12-19";3367
"00126321V0017";"01263";"AB";"931";6;1874;0;2;"2021-11-25";;0
"00127521A0003";"01275";"AE";"428";6;1010;0;2;"2021-03-17";;2907
"00128321H0025";"01283";"0C";"1069";8;1939;0;2;"2021-08-16";;4400
"00128321H0027";"01283";"AW";"507";3;3730;0;5;"2021-12-01";"2023-01-15";8071
"00128321H0040";"01283";"0C";"1069";8;1939;0;2;"2021-10-05";;36494
"00130421D0009";"01304";"ZE";"295";6;9968;0;5;"2021-08-11";"2021-08-23";9263
"00131321J0040";"01313";"BB";"72";6;5434;82278;2;"2021-11-29";;581746
"00135421J0024";"01354";"BK";"33";8;1333;0;2;"2021-07-26";;6784
"00145120D0050";"01451";"BK";"64";4;1006;0;5;"2021-06-09";"2021-12-20";2502
"0020182100006";"02018";"ZE";"46";8;1521;0;5;"2021-09-09";"2023-03-01";0
"00202821A0003";"02028";"ZM";"528";8;5055;0;5;"2021-04-22";"2021-12-01";21263
"00216821M0017";"02168";"BW";"11";4;2112;1929;5;"2021-08-31";"2022-03-08";7541
"00219521P0007";"02195";"ZD";"12";6;1427;1152;5;"2021-06-17";"2021-11-16";9080
"00234021W0007";"02340";"ZI";"192";6;3648;0;5;"2021-10-20";"2022-02-25";31946
"0023602100001";"02360";"ZL";"60";4;8507;0;2;"2021-04-21";;27479
"00236121TS006";"02361";"ZB";"536";8;3209;1629;5;"2021-12-14";"2023-02-10";8284
"00240821A0025";"02408";"ZK";"219";3;1048;0;2;"2021-11-23";;33061
"00253421L0002";"02534";"ZB";"120";8;1080;0;2;"2021-08-28";;0
"00255821TC004";"02558";"AM";"2";4;1601;962;2;"2021-11-19";;18129
"0026022100007";"02602";"AA";"130";4;1537;1000;5;"2021-08-04";"2022-08-01";7054
"00269121W0049";"02691";"ZR";"209";6;1495;0;2;"2021-10-18";;9131
"00302321A0015";"03023";"AL";"686";4;1032;1600;5;"2021-09-10";"2021-11-15";11877
"00302321A0023";"03023";"AB";"86";6;4652;191;5;"2021-09-28";"2021-10-19";85516
"00302321M0023";"03023";"AB";"286";6;4843;0;2;"2021-09-28";;85616
"00309321A0012";"03093";"A";"1016";6;1497;0;5;"2021-11-22";"2022-01-17";6000
"00311821A0021";"03118";"XT";"23";8;2197;0;2;"2021-11-16";;91416
"00311821A0029";"03118";"XT";"10";8;5773;3077;5;"2021-12-17";"2022-06-14";120737
"00312621A0006";"03126";"ZD";"244";8;1605;2203;2;"2021-11-03";;10438
"00313821V0017";"03138";"ZM";"25";4;1401;0;2;"2021-10-21";;56507
"0031802100001";"03180";"A";"1456";8;30955;0;2;"2021-08-27";;69173
"0031802100008";"03180";"A";"1259";8;18498;0;2;"2021-12-07";;76330
"0041122000070";"04112";"E";"2812";4;1157;1010;2;"2021-03-16";;4293
"0041432000042";"04143";"F";"1263";8;1382;1020;5;"2021-02-25";"2021-12-08";4100
"0041492000015";"04149";"AA";"100";8;3074;0;2;"2021-03-24";;19061
"0041822100004";"04182";"C";"4";8;1600;1575;2;"2021-09-17";;2000
"00420920C0027";"04209";"AD";"41";8;1964;0;5;"2021-01-14";"2022-06-08";20000
"00420921C0013";"04209";"AD";"477";3;3515;0;5;"2021-07-23";"2022-06-01";7407
"00600420A0081";"06004";"HA";"14";3;44651;0;5;"2021-09-06";"2022-09-30";49191
"00601020T0014";"06010";"B0";"619";6;7818;29174;2;"2021-04-02";;137848
"00603420J0008";"06034";"B";"1534";4;1713;0;2;"2021-02-06";;10474
"00606519R0022";"06065";"AL";"239";8;4281;0;2;"2021-01-11";;11447
"00607520J0018";"06075";"AD";"249";4;1280;0;2;"2021-05-28";;2638
"00614921S0022";"06149";"AZ";"501";4;2135;1970;2;"2021-10-25";;8506
"00615220T0028";"06152";"AE";"125";3;4172;0;2;"2021-05-11";;6064
"00615221T0003";"06152";"AO";"50";6;3091;6712;5;"2021-06-24";"2021-07-12";20699
"00615221T0010";"06152";"AO";"50";3;9544;0;5;"2021-07-13";"2021-11-09";40747
"00615521V0012";"06155";"AD";"11";4;2030;1003;2;"2021-12-06";;11240
"00701921D0012";"07019";"0B";"3964";8;1001;2170;5;"2021-04-23";"2023-03-14";9707
"00701921D0050";"07019";"0B";"4462";4;2748;0;5;"2021-12-31";"2022-02-28";5971
"00710221A0018";"07102";"AP";"236";8;1132;15293;2;"2021-09-30";;0
"00715221T0007";"07152";"AC";"26";6;3013;97;2;"2021-10-11";;6337
"00722521A0014";"07225";"B";"854";6;1677;2394;5;"2021-07-24";"2021-09-11";11030
"00726521A0008";"07265";"AI";"478";6;4465;9990;5;"2021-11-12";"2022-01-03";29423
"00819020A0008";"08190";"BH";"639";6;1246;2134;5;"2021-01-13";"2024-01-05";13462
"00822620A0003";"08226";"B";"239";6;1642;2111;5;"2021-01-25";"2021-02-01";17437
"00831121E0002";"08311";"AE";"90";8;1520;0;2;"2021-04-07";;287888
"00836221U0006";"08362";"ZI";"335";6;8487;14705;2;"2021-03-19";;120278
"00849021E0011";"08490";"AM";"341";8;1479;13565;5;"2021-12-30";"2022-06-22";60082
"00918521A0023";"09185";"YX";"119";8;2430;0;5;"2021-11-02";"2024-06-17";10000
"00922520K0056";"09225";"AO";"424";6;1349;0;5;"2021-02-01";"2021-07-05";5194
"00922521K0013";"09225";"YC";"54";8;6491;0;2;"2021-09-06";;19781
"00922521K0017";"09225";"YB";"139";6;2396;0;5;"2021-05-17";"2022-01-03";14668
"00922521K0038";"09225";"YB";"115";8;3189;0;5;"2021-09-21";"2021-10-15";11626
"00928920A0008";"09289";"0B";"1242";6;1635;2993;2;"2021-03-17";;16036
"0100672000065";"10067";"AH";"2";8;1947;13490;2;"2021-02-22";;91192
"01008121I0001";"10081";"AL";"62";8;2100;0;5;"2021-04-26";"2023-02-15";6070
"01012121C0003";"10121";"E";"326";6;4018;2733;2;"2021-09-28";;25231
"01026820D0012";"10268";"F";"1160";6;1029;2472;5;"2021-01-27";"2021-07-28";0
"0103622100020";"10362";"ZI";"137";3;2533;0;2;"2021-11-03";;11197
"01040121E0010";"10401";"ZT";"208";8;12955;21943;5;"2021-09-27";"2021-11-10";84582
"01106921R0006";"11069";"BD";"570";4;1163;0;2;"2021-08-10";;3096
"01106921R0035";"11069";"HR";"984";4;1646;0;2;"2021-06-30";;3979
"01120621H0041";"11206";"BE";"124";4;1565;0;2;"2021-11-29";;18896
"01120621H0052";"11206";"CP";"34";4;2144;1695;2;"2021-12-27";;15982
"01126220N0163";"11262";"MV";"26";8;1817;0;5;"2021-02-17";"2022-12-01";3387
"01126220N0209";"11262";"DH";"336";4;1780;760;2;"2021-05-31";;5516
"01126220N0278";"11262";"MV";"32";8;1043;0;2;"2021-03-08";;1626
"0112622100209";"11262";;;8;1201;1357;2;"2021-12-15";;0
"01126221N0033";"11262";"DM";"264";8;2489;0;2;"2021-07-05";;21365
"01126221N0103";"11262";"DM";"266";8;2090;0;5;"2021-11-03";"2024-02-01";5660
"01126220N0010";"11262";"KM";"9";3;1149;2783;2;"2021-01-05";;0
"01128120M0008";"11281";"AE";"42";8;1350;0;5;"2021-04-02";"2024-01-16";5180
"01142921D0010";"11429";"AS";"108";8;1972;0;2;"2021-07-20";;6303
"01203321G0010";"12033";"F";"462";8;3825;5692;2;"2021-05-25";;20370
"01204721A1005";"12047";"ZI";"9";8;2000;0;5;"2021-09-03";"2022-12-13";40816
"01211921G0001";"12119";"L";"1854";6;1918;2821;5;"2021-04-26";"2021-08-17";20342
"01212721G0004";"12127";"B";"1840";8;1032;0;2;"2021-08-03";;8274
"01213321A1020";"12133";"ZR";"46";8;10864;0;5;"2021-09-15";"2022-01-06";17289
"01219121G0003";"12191";"ZD";"67";8;1624;0;2;"2021-09-15";;31220
"01220221A1015";"12202";"BC";"177";4;2104;0;5;"2021-10-05";"2024-09-23";10814
"01224321F1010";"12243";"AT";"22";8;1814;0;2;"2021-09-30";;23856
"01229921G0010";"12299";"D";"582";6;1932;0;5;"2021-12-03";"2023-01-01";7132
"01230021K1014";"12300";"CN";"139";6;5558;0;2;"2021-10-30";;107084
"01300120J0202";"13001";"BR";"49";3;2110;1007;5;"2021-03-12";"2021-11-29";0
"01300120J0320";"13001";"HP";"745";3;2327;0;5;"2021-06-30";"2024-02-01";3886
"01300120J0322";"13001";"IZ";"444";3;4093;1370;5;"2021-05-04";"2023-05-09";10060
"01300421R0140";"13004";"CP";"231";3;1094;0;5;"2021-09-29";"2022-01-17";78167
"01300421R0142";"13004";"CO";"289";3;4368;0;5;"2021-11-04";"2022-07-28";3980
"0130052100022";"13005";"BM";"507";3;1758;0;2;"2021-07-09";;2413
"01302520L0013";"13025";"AN";"115";3;1080;0;2;"2021-01-12";;1646
"01302521L0004";"13025";"AM";"205";8;3145;3469;2;"2021-10-07";;17754
"0130272000085";"13027";;;8;1060;0;5;"2021-05-19";"2021-10-18";0
"0130272000086";"13027";"BM";"145";4;1083;0;5;"2021-06-02";"2021-10-04";4208
"0130322000081";"13032";"BD";"498";3;1299;0;5;"2021-03-24";"2021-07-09";0
"01303319H0029";"13033";"B";"98P2";8;43786;0;5;"2021-04-19";"2021-11-25";0
"01303920G0041";"13039";"AI";"55";8;6440;500;2;"2021-04-15";;10572
"01304120K0075";"13041";"CK";"111";6;2786;0;5;"2021-03-09";"2021-12-01";692
"01304121K0052";"13041";"CN";"39";6;2026;122728;5;"2021-10-11";"2021-10-13";343643
"01304220A0030";"13042";"BE";"164";6;3057;23252;2;"2021-01-26";;57781
"01304220A0036";"13042";"Y";"62";4;1729;1974;5;"2021-03-19";"2021-06-01";11786
"01304221A0008";"13042";"BE";"164";6;3890;23252;2;"2021-05-10";;53161
"01304321F0022";"13043";"AD";"56";6;1022;0;5;"2021-10-04";"2021-11-08";3614
"0130442000017";"13044";"BA";"5";8;67175;0;2;"2021-08-04";;147010
"01304521N0003";"13045";"AA";"262";6;5424;0;2;"2021-06-14";;21232
"01304521N0008";"13045";"AA";"304";8;15284;0;5;"2021-07-30";"2022-05-01";31100
"01304716G0077";"13047";"K";"1487";4;6483;0;2;"2021-11-25";;0
"01304716G0078";"13047";"K";"1481";4;9164;0;2;"2021-11-25";;0
"01304716G0079";"13047";"K";"1486";4;4749;0;2;"2021-11-25";;0
"01304716G0080";"13047";;;4;3434;0;2;"2021-11-25";;0
"01304720G0076";"13047";"OB";"306";8;3195;80191;5;"2021-03-16";"2021-09-23";0
"01305021M0017";"13050";"CO";"1036";8;1274;0;5;"2021-07-13";"2022-02-01";5858
"0130512100025";"13051";"AC";"126";4;1288;0;2;"2021-10-15";;3011
"0130512100026";"13051";"AT";"114";6;2123;0;2;"2021-08-24";;9376
"01305421F0025";"13054";"CD";"86";6;1262;0;5;"2021-08-26";"2023-01-15";2941
"01305421F0031";"13054";"Z";"276";8;7365;0;5;"2021-09-23";"2022-12-01";36013
"0132132000721";"13055";"C";"239";3;3478;0;2;"2021-04-16";;7522
"0132142000572";"13055";"E";"100";4;1039;0;5;"2021-03-17";"2022-06-13";3090
"0132142000636";"13055";"L";"63";3;18553;9294;5;"2021-08-26";"2022-06-09";16565
"0132152000555";"13055";"H";"40";8;15375;0;5;"2021-01-27";"2021-03-02";151485
"01306021K0012";"13060";"AO";"184";3;6700;0;5;"2021-10-06";"2023-01-01";8614
"01306321G0009";"13063";"AE";"23";8;6074;11624;5;"2021-07-09";"2022-12-05";36690
"01306621N0030";"13066";"AE";"89";8;1345;680;2;"2021-12-10";;4912
"01307120C0077";"13071";;;8;9899;0;5;"2021-03-03";"2021-06-08";0
"0130732100011";"13073";"AC";"10";6;1275;0;5;"2021-05-15";"2023-04-05";0
"01307821S0014";"13078";"D";"829";8;3097;0;2;"2021-08-13";;10404
"01308421M0033";"13084";"AA";"133";8;4690;0;2;"2021-11-16";;11660
"01308721L0012";"13087";"AW";"666";8;2005;0;5;"2021-08-09";"2023-06-21";5200
"01308721L0018";"13087";"AW";"469";8;1076;2382;5;"2021-10-12";"2022-07-22";5100
"01309121M0014";"13091";"BS";"19";4;2412;3087;2;"2021-12-27";;9656
"01309421S0011";"13094";"B0";"2438";3;1539;7494;5;"2021-10-20";"2022-01-17";105931
"01309721S0014";"13097";"BP";"162";8;1053;894;5;"2021-07-01";"2021-08-05";6037
"0130982100040";"13098";"AO";"287";3;1856;0;5;"2021-09-29";"2021-12-15";3498
"01309921M0003";"13099";"B";"170";6;1350;199469;2;"2021-05-22";;933044
"01310020P0080";"13100";"BY";"242";6;3956;0;2;"2021-01-25";;9237
"01310221F0005";"13102";"AB";"418";3;3907;0;2;"2021-03-02";;3574
"01310821S0002";"13108";"ZA";"147";8;1018;0;5;"2021-02-17";"2021-11-16";10000
"01310821S0008";"13108";"ZK";"124";8;6605;0;5;"2021-06-11";"2022-08-15";17330
"01311021L0037";"13110";"CH";"396";6;3648;0;5;"2021-10-05";"2021-12-03";5443
"01410120R0026";"14101";"A";"443";3;1960;0;5;"2021-03-09";"2021-06-17";5100
"01413721R0007";"14137";"BC";"134";4;2666;0;2;"2021-09-17";;7694
"01416721P0003";"14167";"BI";"308";3;1804;2069;5;"2021-05-21";"2021-08-23";6948
"01416721R0009";"14167";"BI";"589";3;1750;0;5;"2021-08-17";"2021-08-30";4784
"01420921P0005";"14209";"B";"497";8;1013;0;5;"2021-09-07";"2022-05-02";31965
"01427121R0009";"14271";"AT";"406P";3;1815;0;5;"2021-10-22";"2022-03-31";2980
"01433321R0010";"14333";"AM";"45";8;4750;0;5;"2021-06-29";"2022-03-14";506666
"01434120R0022";"14341";"BK";"76";8;4816;5189;5;"2021-02-19";"2021-03-22";28070
"01435421R0003";"14354";"ZD";"12";4;8832;231;5;"2021-09-21";"2023-12-07";0
"0143712100055";"14371";"AI";"305";6;5795;0;5;"2021-10-15";"2022-01-30";17953
"01443720R0018";"14437";"CD";"24";8;1555;2213;2;"2021-01-25";;28132
"01443720R0019";"14437";"BP";"24";8;2137;6127;5;"2021-02-03";"2022-03-01";15508
"01445620R0003";"14456";"ZH";"49";8;2600;19000;5;"2021-02-12";"2021-02-15";90789
"01445620R0032";"14456";"ZD";"215";8;7627;0;2;"2021-01-11";;142678
"01451420R0028";"14514";"A";"173";4;2148;0;5;"2021-02-08";"2021-02-13";13171
"01451420R0059";"14514";"AE";"253";6;2267;0;5;"2021-03-08";"2021-09-06";9911
"01453820P0028";"14538";"Z";"242";8;3828;0;5;"2021-02-22";"2021-04-06";15280
"01455621R0003";"14556";"ZB";"10P";6;5153;0;2;"2021-06-18";;9943
"01469921P0005";"14699";"AC";"104";3;1130;3810;5;"2021-06-15";"2022-09-19";27918
"01476221R0073";"14762";"AS";"236";8;1188;3620;5;"2021-07-19";"2021-07-22";13545
"01476221R0082";"14762";"AW";"84";6;1482;35143;2;"2021-09-30";;47883
"01476221R0083";"14762";"A";"661";6;9660;17437;5;"2021-10-06";"2022-02-01";185665
"01501420A0077";"15014";"AZ";"46";8;1895;5207;2;"2021-06-29";;17193
"01501421A0001";"15014";"CH";"148";3;2187;0;2;"2021-07-02";;2428
"01501421A0004";"15014";"AS";"72";4;1753;0;2;"2021-06-29";;12653
"01502721A0006";"15027";"B";"504";6;3194;5012;2;"2021-12-29";;0
"01518720S0022";"15187";"AD";"105";6;2652;2185;2;"2021-04-27";;0
"01518721S0020";"15187";"BM";"296";8;1142;351;5;"2021-11-29";"2022-08-01";7667
"01518821S0003";"15188";"ZI";"203";4;1416;0;2;"2021-04-29";;8911
"01601221W0006";"16012";"A";"378";6;3802;0;5;"2021-09-28";"2021-12-14";209680
"01601521C5015";"16015";"AP";"1015";3;8012;0;2;"2021-09-07";;0
"01602821W0016";"16028";"0A";"571";8;2413;18;5;"2021-08-30";"2023-09-01";56793
"01608920W0005";"16089";"AS";"734";8;2298;0;5;"2021-01-11";"2021-05-10";4654
"01608921W0001";"16089";"AS";"901";6;1709;3645;2;"2021-05-12";;12451
"01608921W0015";"16089";"AY";"63";6;1098;37828;5;"2021-09-09";"2022-04-25";33049
"01608921W0021";"16089";"AP";"654";4;1259;0;5;"2021-12-17";"2022-05-16";3970
"01609521X0003";"16095";"ZK";"173";6;4092;5295;5;"2021-09-29";"2022-07-01";95312
"01609721W0017";"16097";"E";"558";6;1769;620;2;"2021-09-10";;118785
"01613420N0006";"16134";"0C";"1541";6;2248;36226;2;"2021-03-15";;20966
"01613821C0027";"16138";"AH";"302";6;4014;0;5;"2021-10-06";"2022-03-14";33641
"01620520N0002";"16205";"0A";"636";8;1800;0;2;"2021-04-21";;0
"01621721W0005";"16217";"ZD";"54";6;1014;0;2;"2021-09-09";;51846
"01621721W0012";"16217";"ZE";"295";6;2016;2142;5;"2021-12-15";"2022-01-10";10597
"01628621R0016";"16286";"B";"471";6;18031;0;2;"2021-10-06";;360641
"01629520W0010";"16295";"C";"1226";4;2937;1263;5;"2021-01-20";"2021-06-07";15457
"01637421C0002";"16374";"AP";"170";8;1714;0;5;"2021-05-03";"2021-09-13";8178
"01700321A0036";"17003";"W";"435";6;2708;45521;2;"2021-11-30";;0
"01702421V0011";"17024";"AI";"62";8;2016;0;5;"2021-10-25";"2022-01-03";8699
"0170282000021";"17028";"AD";"587";6;1311;122470;2;"2021-03-16";;222650
"01713120N0013";"17131";"A";"1490";4;5116;0;5;"2021-01-19";"2021-07-05";17029
"01714620R0025";"17146";"AD";"143";8;3974;0;5;"2021-01-12";"2023-07-24";16989
"01716421P0006";"17164";"AC";"339";6;1302;1415;5;"2021-07-27";"2021-08-06";17874
"01719720H0003";"17197";"AW";"95";4;3169;0;5;"2021-01-03";"2025-05-12";15222
"0172002100033";"17200";"AN";"17";4;1263;15585;5;"2021-07-01";"2021-08-12";52317
"01721820C0040";"17218";"AK";"19";3;1323;8379;5;"2021-04-07";"2022-03-02";55204
"0172742100032";"17274";"AD";"515";8;1209;0;5;"2021-11-03";"2022-10-03";2315
"0172912100031";"17291";"ZH";"981";4;2135;12428;5;"2021-11-22";"2022-01-31";36880
"0172992100027";"17299";"BH";"406";8;4760;0;2;"2021-07-12";;81385
"0172992100056";"17299";"BH";"135";8;2906;3640;5;"2021-09-15";"2022-04-27";7318
"0173002100097";"17300";"BD";"19";3;1780;4445;5;"2021-10-15";"2023-01-20";7638
"01733621P0018";"17336";"ZH";"252";8;1374;0;5;"2021-09-09";"2022-01-17";6869
"01734720Z0022";"17347";"ZR";"123";8;19092;0;5;"2021-02-16";"2021-03-01";79201
"01734721Z0009";"17347";"ZT";"83";8;1565;0;2;"2021-07-08";;8786
"01738721S0036";"17387";"ZP";"124";6;4442;0;5;"2021-09-30";"2022-08-29";57716
"0174072100005";"17407";"ZH";"271";8;2486;0;2;"2021-04-22";;6546
"01744720A0030";"17447";"X";"338";8;1763;0;5;"2021-01-18";"2021-06-08";4514
"01744921R0018";"17449";"AA";"161";4;1060;0;5;"2021-12-01";"2022-02-22";5728
"01746521V0003";"17465";"ZX";"192";8;1468;2567;5;"2021-07-29";"2022-02-14";20031
"01803020A0004";"18030";"A";"9";6;1836;11596;5;"2021-01-28";"2021-04-30";66773
"01803320B0100";"18033";"ZO";"156";4;1582;144;5;"2021-01-07";"2021-03-16";6031
"01803320B0157";"18033";"BD";"386";6;3531;0;2;"2021-01-29";;21232
"01803320B0177";"18033";"ZS";"120";8;1075;0;5;"2021-03-30";"2021-12-06";20450
"01803321B0024";"18033";"HK";"610";8;3008;15145;2;"2021-03-23";;12906
"01805019B0011";"18050";"ZE";"55";8;79281;0;2;"2021-12-08";;234960
"01811521A0005";"18115";"H";"371";8;1273;0;2;"2021-09-14";;12900
"01817221M0003";"18172";"ZC";"272";6;2500;5000;5;"2021-10-20";"2022-04-15";20418
"01819720M0029";"18197";"BN";"98";4;2322;1881;5;"2021-07-27";"2023-09-03";0
"01819720M0030";"18197";"BW";"167";8;1039;0;5;"2021-03-01";"2022-04-01";0
"01819721M0014";"18197";"BA";"92";4;3874;5917;5;"2021-08-05";"2022-04-18";39490
"01820720D0023";"18207";"AC";"421";6;6297;0;5;"2021-04-16";"2022-02-28";53479
"01825521B0002";"18255";"ZB";"44";8;6944;15715;5;"2021-04-27";"2021-07-13";48167
"01903121A0045";"19031";"EP";"683";4;1885;857;2;"2021-05-26";;10702
"01907221A0029";"19072";"ZC";"183";8;4108;0;5;"2021-12-17";"2022-03-22";126810
"01912521V0006";"19125";"B";"608";8;1275;0;2;"2021-06-16";;0
"01915321A0017";"19153";"AC";"278";6;6614;8530;5;"2021-10-05";"2021-10-12";66052
"01917121C0001";"19171";"A";"556";4;1430;0;5;"2021-05-05";"2023-04-12";4970
"01924621A0023";"19246";"ZN";"337";6;1360;10563;2;"2021-12-03";;31515
"02102121D0011";"21021";"AL";"86";4;1080;0;2;"2021-08-05";;6256
"02105420B0012";"21054";"DR";"29";4;1109;594;5;"2021-02-24";"2021-07-05";6481
"02105420B0061";"21054";"DV";"179";4;1516;5053;2;"2021-07-06";;14052
"0210542100003";"21054";"EA";"295";8;1407;0;5;"2021-05-25";"2021-10-12";0
"02105421B0027";"21054";"EA";"297";8;2616;0;5;"2021-07-05";"2021-08-23";6336
"02105421B0058";"21054";"EK";"47";8;11591;25088;5;"2021-11-09";"2022-02-17";75439
"02117120R0015";"21171";"ZC";"524";8;1002;0;2;"2021-01-11";;4719
"02121021B0001";"21210";"ZR";"53";8;2205;4418;5;"2021-05-10";"2021-07-08";34310
"02122721D0002";"21227";"AI";"213";8;1013;0;2;"2021-09-07";;2844
"02127821R0001";"21278";"B";"181";3;2110;0;5;"2021-05-05";"2021-10-05";23722
"02135521R0005";"21355";"BM";"6";8;1513;3045;2;"2021-07-01";;10361
"02135521R0009";"21355";"BY";"100";8;3475;0;5;"2021-08-31";"2021-12-01";7002
"02139021R0016";"21390";"BD";"116";4;1200;13233;2;"2021-11-22";;48177
"02140621E0001";"21406";"ZI";"147";8;2323;0;5;"2021-05-18";"2021-05-31";29781
"02141621S0001";"21416";"ZM";"364";6;1531;0;2;"2021-10-07";;6798
"02146221D0029";"21462";"ZB";"135";4;1023;0;5;"2021-11-17";"2022-05-20";2424
"02147321R0012";"21473";"ZR";"5";8;12597;0;2;"2021-08-31";;72395
"02152520B0008";"21525";"I";"342";6;6857;0;2;"2021-02-19";;215681
"02154020R0007";"21540";"ZB";"184";8;5980;0;5;"2021-02-12";"2021-05-26";20193
"02154020R0010";"21540";"ZM";"116";8;15046;92;5;"2021-04-01";"2021-09-06";90718
"02154021R0014";"21540";"ZB";"291";3;1308;1715;2;"2021-12-22";;18136
"02160720S0007";"21607";"AB";"10";6;2434;6170;5;"2021-07-08";"2021-07-19";37049
"02166321M0001";"21663";"ZD";"208";4;4289;3012;5;"2021-04-13";"2021-04-23";0
"02200821C0006";"22008";"A";"1281";6;7504;11211;5;"2021-08-06";"2021-09-06";15657
"02204621J0005";"22046";"AL";"126";6;2573;357;2;"2021-06-17";;112806
"02204621J0008";"22046";"ZA";"70";6;4732;60344;5;"2021-04-22";"2021-06-07";1485720
"02204920C0006";"22049";"ZE";"68";6;1736;0;5;"2021-04-15";"2024-04-02";13601
"02204921C0010";"22049";"A";"1478";6;1815;47352;5;"2021-06-03";"2021-06-16";249498
"02208121Q0039";"22081";"YC";"77";8;1688;0;5;"2021-10-22";"2022-02-15";20167
"02209320F0059";"22093";"AN";"260";6;1480;7686;2;"2021-01-19";;8280
"02209321F0035";"22093";"ZT";"274";6;3264;0;5;"2021-05-20";"2021-09-08";9990
"02209321F0104";"22093";"ZT";"269";8;1587;0;5;"2021-10-04";"2022-01-24";65526
"02213320A0016";"22133";"YA";"98";6;1562;10191;5;"2021-01-27";"2021-04-01";36582
"02213621J0022";"22136";"WR";"145";6;2656;0;5;"2021-05-08";"2021-07-20";19487
"02213621J0037";"22136";"AD";"511";4;2071;5645;5;"2021-09-11";"2022-07-04";17565
"02217121Q0064";"22171";"ZC";"182";6;1826;4671;5;"2021-12-21";"2022-03-31";202
"02218221D0015";"22182";"YD";"156";8;1106;0;2;"2021-08-12";;4931
"02218221D0026";"22182";"YD";"151";8;1152;0;2;"2021-10-01";;6226
"02218720Z0092";"22187";"BW";"257";8;1216;0;5;"2021-01-27";"2021-05-27";3989
"02218721Z0025";"22187";"F";"1863";8;3605;0;5;"2021-06-24";"2021-09-27";0
"02220621D0020";"22206";"B";"2099";4;1754;0;2;"2021-10-18";;3688
"02221520Q0068";"22215";"BC";"420";3;1102;0;5;"2021-03-08";"2021-09-21";4324
"02221521Q0002";"22215";"0A";"2060";4;2136;0;5;"2021-04-06";"2021-08-30";10598
"02225121Q0049";"22251";"YL";"113";8;2178;0;5;"2021-11-15";"2023-07-30";6860
"02227821V0009";"22278";"CK";"403";3;1625;0;5;"2021-07-19";"2021-10-11";403
"02230421D0007";"22304";"B";"1129";6;1575;0;5;"2021-09-16";"2022-10-01";5437
"02233921C0013";"22339";"AB";"21";4;1797;3253;2;"2021-09-22";;13823
"02236021Q0020";"22360";"0A";"4871";6;2937;0;5;"2021-10-04";"2021-11-25";16821
"02237220Q0030";"22372";"ZB";"511";8;1063;0;2;"2021-01-08";;4305
"02238921Q0018";"22389";"AP";"97";8;1248;0;5;"2021-06-15";"2021-08-06";5291
"02302521X0005";"23025";"BD";"399";8;5376;0;5;"2021-06-24";"2021-09-06";20894
"02317620S0026";"23176";"ZH";"100";4;1361;0;5;"2021-05-19";"2022-02-01";19494
"02405320R0083";"24053";"A";"1156";3;6959;0;5;"2021-03-31";"2022-04-02";28116
"02405320R0123";"24053";"AL";"105";8;1330;0;5;"2021-01-12";"2022-01-01";3477
"02405321D0074";"24053";"AH";"130";3;3784;0;5;"2021-09-09";"2022-02-27";5663
"02405721R0001";"24057";"A";"1199";6;2402;0;5;"2021-06-30";"2021-11-15";48563
"02406421D0005";"24064";"C";"1268";6;1300;0;2;"2021-06-08";;5170
"02406820C0025";"24068";"A";"170";4;1592;171;5;"2021-03-25";"2022-11-08";48640
"02407521M0007";"24075";"AN";"336";6;2270;2399;5;"2021-09-20";"2021-09-20";26667
"02409120M0013";"24091";"AN";"616";8;4182;3646;2;"2021-01-16";;25499
"02423421D0004";"24234";"AB";"647";6;1697;0;2;"2021-05-12";;8394
"02430820R0004";"24308";"C";"1123";8;1296;0;2;"2021-03-12";;10286
"02437221D0008";"24372";"AI";"305";4;2135;1563;2;"2021-08-03";;9835
"02504321M0003";"25043";"AI";"16";6;1139;299;5;"2021-08-20";"2022-03-01";16729
"02509721M0001";"25097";"ZA";"319";6;1125;6723;5;"2021-04-06";"2021-04-08";15378
"02511221C0003";"25112";"AP";"145";8;1178;0;5;"2021-06-22";"2022-02-15";2669
"02514720C0011";"25147";"ZE";"52";6;1351;0;5;"2021-02-26";"2021-10-11";9743
"02519321R0008";"25193";"AC";"315";6;1186;589;5;"2021-09-17";"2022-02-15";3897
"02532121R0013";"25321";"BH";"44";8;1493;1360;2;"2021-09-13";;30477
"02532121R0016";"25321";"F";"1066";4;1428;0;2;"2021-08-24";;34554
"02543420N0028";"25434";"AN";"11";6;13476;0;5;"2021-05-28";"2021-06-21";48994
"02546220P0044";"25462";"BL";"105";4;2189;1430;5;"2021-04-29";"2022-02-20";9400
"02546221P0021";"25462";"BK";"205";3;1318;0;5;"2021-08-31";"2022-09-15";2030
"02546221P0034";"25462";"BI";"220";6;1336;9247;5;"2021-08-06";"2021-10-04";16457
"02554721M0004";"25547";"AK";"12";6;1590;4925;5;"2021-04-14";"2021-05-31";19173
"02560420D0002";"25604";"ZB";"108";6;1419;0;2;"2021-02-16";;0
"02563221A0006";"25632";"BA";"3";6;2107;10138;5;"2021-07-26";"2021-10-04";28500
"02563221A0009";"25632";"BA";"108";6;1143;2989;5;"2021-07-26";"2022-06-01";7533
"02563221A0012";"25632";"BL";"155";6;2195;47;5;"2021-08-23";"2022-03-01";5022
"02600421V0037";"26004";"YC";"1039";6;5356;12670;5;"2021-10-04";"2022-02-14";36754
"02600421V0038";"26004";"YB";"148";3;2300;0;5;"2021-10-25";"2022-09-05";3579
"0260092100014";"26009";"A";"2391";6;5815;0;5;"2021-08-24";"2022-03-10";45960
"0260102100001";"26010";"YL";"119";8;1786;0;2;"2021-02-11";;10783
"02601121D0015";"26011";"AH";"615";6;3111;0;2;"2021-10-05";;7419
"02605821V0022";"26058";"AH";"23";3;2727;0;5;"2021-08-09";"2022-04-04";33539
"02605821V0050";"26058";"AD";"49";8;6680;2540;2;"2021-11-16";;30386
"02606420C0029";"26064";"YX";"103";8;2784;1996;2;"2021-04-12";;18796
"02607721T0004";"26077";"ZC";"469";6;7580;0;5;"2021-08-19";"2021-10-18";49954
"02608820C0049";"26088";"AP";"306";6;6625;0;5;"2021-05-10";"2021-06-01";37963
"02612420V0018";"26124";"YD";"124";8;9741;0;2;"2021-01-13";;10007
"02612421V0001";"26124";"ZC";"64";6;1162;4325;5;"2021-01-14";"2021-04-16";3790
"02612921V0011";"26129";;;6;1576;0;2;"2021-06-01";;0
"02614420D0021";"26144";"ZE";"314";8;2605;998;5;"2021-03-11";"2022-07-25";6465
"0261602000006";"26160";"ZA";"49";6;2592;0;5;"2021-04-29";"2021-07-01";195236
"0261602000017";"26160";"A";"140";6;1317;33632;5;"2021-02-23";"2021-04-26";198847
"0261602100008";"26160";"A";"1205";8;1150;0;2;"2021-05-14";;3514
"02616921M0002";"26169";"ZK";"179";8;1358;0;5;"2021-05-07";"2021-11-01";0
"02619721V0018";"26197";;;6;1987;2846;2;"2021-07-27";;11430
"02619821M0068";"26198";"ZB";"499";4;1065;2493;5;"2021-08-03";"2022-01-05";18936
"02621821V0011";"26218";"AE";"839";8;1188;0;2;"2021-05-28";;3291
"02623520P0051";"26235";"0X";"2088";8;1621;440;2;"2021-02-17";;0
"02623521P0009";"26235";"YH";"252";6;1394;0;2;"2021-06-29";;0
"02633720V0028";"26337";"ZM";"333";8;1053;0;5;"2021-01-22";"2021-02-01";4938
"0263622100056";"26362";"DL";"301";8;1925;0;5;"2021-10-13";"2022-04-01";0
"0263622100079";"26362";"AT";"549";3;2843;0;2;"2021-10-20";;0
"02701721F0011";"27017";"AB";"59";6;4053;3208;2;"2021-08-11";;17427
"02706521S0026";"27065";"ZI";"188";8;1216;0;2;"2021-10-03";;6000
"02707021A0004";"27070";"ZN";"14";8;12608;0;5;"2021-06-15";"2021-09-06";30555
"0270912000030";"27091";"YN";"1";8;20378;43297;5;"2021-06-01";"2022-01-31";5159
"02718820A0011";"27188";"ZD";"343";6;4305;0;2;"2021-01-11";;23141
"02721821L0005";"27218";"YA";"156";6;1008;0;2;"2021-04-22";;2632
"02722920O0053";"27229";"BE";"301";3;3541;0;5;"2021-03-31";"2023-04-01";3901
"02727921A0002";"27279";"E";"565";8;2069;0;2;"2021-03-17";;32817
"02734021S0006";"27340";"YD";"69";6;4676;4175;5;"2021-12-14";"2021-12-14";23933
"02734821A0006";"27348";"C";"1053";6;1603;15315;5;"2021-08-26";"2021-10-18";20515
"02737521A0020";"27375";"AX";"1";6;3444;16353;5;"2021-09-13";"2021-10-05";61307
"02738521S0006";"27385";"D";"166";6;1386;7062;2;"2021-12-09";;92771
"02741421Z0002";"27414";"ZB";"187";8;1480;0;2;"2021-06-17";;29266
"02742821N0009";"27428";"AP";"56";4;2131;2800;2;"2021-12-01";;14850
"02770120H3088";"27701";"CM";"107";4;1456;0;5;"2021-03-07";"2022-04-11";1713
"02770121H3121";"27701";"BE";"78";6;1925;0;2;"2021-10-25";;5835
"0280152000031";"28015";"ZX";"29";8;80742;0;2;"2021-12-08";;152758
"0280412000002";"28041";"ZT";"2";8;123363;0;5;"2021-03-03";"2022-01-11";294737
"0280852100087";"28085";"BW";"22";6;3503;41665;5;"2021-12-29";"2022-03-01";87164
"0280892000011";"28089";"AH";"14";8;1454;0;2;"2021-03-26";;6987
"0280982000009";"28098";"ZN";"6";8;6128;0;5;"2021-02-02";"2021-11-08";0
"0281022100008";"28102";"0C";"138";8;1078;0;2;"2021-12-14";;12775
"0281342100052";"28134";"BV";"845";4;1905;0;5;"2021-08-18";"2022-07-13";15101
"0281342100111";"28134";"CE";"672";8;2356;176;5;"2021-11-15";"2022-09-01";8708
"0281962000005";"28196";"XE";"15";8;147170;0;5;"2021-03-03";"2022-01-19";225331
"0281962100006";"28196";"XD";"7";4;1708;0;2;"2021-09-13";;4557
"0282292100019";"28229";"ZV";"180";6;2378;0;2;"2021-07-20";;60227
"0283342100008";"28334";"AD";"430";8;1324;2068;5;"2021-08-25";"2021-12-13";24905
"0283912100002";"28391";"ZM";"217";8;1825;0;5;"2021-06-07";"2021-10-11";19513
"0284042100005";"28404";"ZI";"315";8;6893;6358;5;"2021-06-09";"2022-04-03";41851
"0290042100016";"29004";"L";"692";6;1400;0;5;"2021-08-07";"2025-06-30";0
"0290192000239";"29019";"KY";"63";6;2364;4439;5;"2021-03-23";"2025-08-25";5836
"0290192100039";"29019";"DR";"289";3;2071;3093;5;"2021-07-01";"2021-10-04";12621
"0290192100224";"29019";"DO";"470";8;1689;0;2;"2021-12-16";;241996
"0290242100016";"29024";"AL";"422";4;2493;0;2;"2021-07-09";;6576
"0290262100001";"29026";;;8;2185;0;2;"2021-04-15";;0
"0290272100004";"29027";"B";"175";4;1242;5899;5;"2021-09-28";"2024-09-02";37883
"0290612100002";"29061";"AR";"29";6;1635;0;2;"2021-02-18";;11968
"0290752000084";"29075";"AW";"263";4;2483;2074;5;"2021-02-10";"2021-05-25";10467
"0290752100022";"29075";"H";"2148";6;1943;0;5;"2021-03-29";"2021-07-05";4900
"0290752100052";"29075";"H";"2270";8;1020;0;5;"2021-07-16";"2021-11-10";3234
"0290752100070";"29075";"BS";"2";6;2118;37603;2;"2021-09-08";;50000
"0290762100036";"29076";"WL";"159";6;1148;0;5;"2021-09-09";"2022-01-10";2795
"0291602100026";"29160";"YN";"117";4;2141;932;5;"2021-12-09";"2022-01-17";8000
"0292122100008";"29212";"BS";"167";6;1270;2395;5;"2021-05-14";"2021-07-15";8594
"0292322100067";"29232";"EX";"20";8;2202;1300;5;"2021-06-30";"2021-09-27";13707
"0292452000020";"29245";"ZA";"64";6;2382;1443;5;"2021-01-22";"2021-03-01";7100
"0292452100004";"29245";"ZA";"105";6;1052;0;5;"2021-07-27";"2021-11-25";7275
"0292472100034";"29247";"AA";"226";4;2120;470;5;"2021-12-14";"2022-10-03";29230
"0292472100036";"29247";"ZB";"114";8;1715;600;5;"2021-10-12";"2022-07-01";5000
"0292992100002";"29299";"0A";"739";4;3384;660;5;"2021-07-26";"2024-05-03";6267
"0293022100019";"29302";"BM";"170";6;1107;170;2;"2021-09-14";;13855
"02A04120B0073";"2A041";"J";"1073";8;1680;0;2;"2021-03-11";;4345
"02A24721R0060";"2A247";"AK";"33";8;1462;0;5;"2021-08-24";"2021-12-06";2250
"02A24721R0064";"2A247";"F";"1983";8;1006;0;2;"2021-08-11";;4370
"02A24921N0029";"2A249";"AL";"16";8;1120;0;2;"2021-12-16";;8043
"02A24921N0033";"2A249";"AE";"113";8;1400;0;5;"2021-12-17";"2024-12-15";95548
"02A27121A0004";"2A271";"C";"1144";3;1420;384;2;"2021-04-28";;1050
"02A27121A0013";"2A271";"C";"1574";8;2830;136;2;"2021-06-18";;6180
"02A2722100040";"2A272";"D";"1148";8;1655;7306;5;"2021-12-08";"2023-10-01";487375
"02B03321A0037";"2B033";"BM";"997";4;3780;0;5;"2021-07-02";"2025-05-16";7228
"02B03721N0011";"2B037";"D0";"920";8;2470;0;5;"2021-06-16";"2022-02-21";0
"02B03721N0019";"2B037";"C0";"1437";8;1182;1882;5;"2021-08-10";"2022-02-04";0
"02B05021B0023";"2B050";"F";"280";8;1141;0;2;"2021-11-02";;2986
"02B14821N0025";"2B148";"AZ";"283";8;2114;0;2;"2021-06-21";;3289
"03000621V0022";"30006";"BB";"8";6;1120;32346;5;"2021-10-08";"2022-01-20";0
"03000720C0098";"30007";"AW";"21";8;1044;0;5;"2021-01-19";"2021-06-16";6888
"03001021C0011";"30010";"AD";"705";8;1099;1365;5;"2021-06-15";"2021-10-04";12634
"03003421C0033";"30034";"B";"1572";8;1929;1541;2;"2021-07-20";;14136
"03012320P0037";"30123";"AP";"199";8;3009;0;2;"2021-02-12";;5881
"03012321P0036";"30123";"AP";"183";6;2486;4348;5;"2021-12-30";"2022-07-18";15000
"03012521N0026";"30125";"AR";"398";8;5288;0;2;"2021-11-10";;7336
"0301562000030";"30156";"BM";"12";4;1988;0;5;"2021-04-17";"2022-01-17";44193
"03016521C0006";"30165";"A";"2218";8;4888;2757;2;"2021-09-13";;0
"03022120C0035";"30221";"AS";"1198";8;1240;0;5;"2021-04-01";"2021-04-20";5000
"03022721C0010";"30227";"B";"2414";8;1572;2350;2;"2021-09-05";;0
"03023321N0002";"30233";"A";"937";6;1229;6837;5;"2021-04-15";"2021-11-15";24848
"03025821T0031";"30258";"B0";"647";8;13111;0;5;"2021-08-05";"2023-04-10";32000
"03025821T0051";"30258";"B0";"999";8;5199;0;2;"2021-08-02";;0
"03034120V0046";"30341";"AB";"265";8;1100;0;2;"2021-03-08";;0
"03034121V0031";"30341";"AC";"131";8;13450;0;5;"2021-12-14";"2022-02-14";57232
"03034721P0003";"30347";"AC";"59";8;1650;0;2;"2021-05-11";;3489
"03103320G0052";"31033";"AE";"184";8;1727;2378;5;"2021-06-04";"2022-01-05";25129
"03103320G0055";"31033";"AE";"152";4;2406;2795;2;"2021-05-04";;21387
"03103321G0088";"31033";"AE";"153";4;1987;0;2;"2021-12-03";;25058
"03104820S0025";"31048";"F";"407";8;11424;0;2;"2021-02-09";;15182
"03106021Z0002";"31060";"ZE";"6";6;2051;0;5;"2021-05-27";"2022-05-17";526081
"03106621W0029";"31066";"D";"710";6;1016;0;5;"2021-09-07";"2021-12-01";19522
"03109121C0027";"31091";"AK";"52";3;1789;10475;5;"2021-10-10";"2021-11-30";44673
"03109420Z0032";"31094";"ZW";"72";8;5463;0;5;"2021-02-15";"2022-09-15";14610
"03110421G0001";"31104";"A";"777";4;1899;0;2;"2021-06-08";;5588
"03110721G0031";"31107";"G";"2272";3;1601;0;2;"2021-07-21";;8936
"03110721G0053";"31107";"0G";"2165";4;8598;16716;5;"2021-12-02";"2022-04-21";62784
"03111321C0008";"31113";"BK";"68";8;1827;2705;5;"2021-05-26";"2022-03-01";7776
"03111321C0030";"31113";"BE";"34";8;1780;0;2;"2021-12-06";;38351
"03113520G0022";"31135";"C";"1232";4;2061;2474;2;"2021-05-27";;12775
"03114920C0066";"31149";"CT";"83";8;1601;0;2;"2021-01-07";;1601
"03114920C0071";"31149";"DA";"106";4;2646;0;2;"2021-02-04";;7682
"03115021C0004";"31150";"AK";"443";4;1375;958;5;"2021-03-03";"2021-06-30";2817
"03115021C0039";"31150";"AK";"244";6;2314;0;5;"2021-10-04";"2023-02-01";3904
"03115720C0056";"31157";"AN";"49";4;2612;0;5;"2021-01-13";"2021-07-15";6825
"03116921S0020";"31169";"ZK";"326";8;3800;0;2;"2021-11-30";;15175
"03118421C0010";"31184";"ZK";"218";8;2500;0;2;"2021-10-19";;2500
"03118821X0042";"31188";"E";"1343P";6;2725;0;5;"2021-09-02";"2023-03-23";13226
"03129321C0003";"31293";"AC";"37";3;1115;0;2;"2021-04-15";;2565
"03135221C0002";"31352";"A";"664";8;1520;0;5;"2021-07-10";"2023-03-15";5803
"03135221C0005";"31352";"A";"701";8;2502;0;5;"2021-09-14";"2022-01-10";6656
"03139520M0035";"31395";"AN";"19";8;1139;340;2;"2021-02-08";;5635
"03139521M0031";"31395";"AM";"31";6;1974;8447;2;"2021-06-11";;50678
"03139521M0056";"31395";"AH";"111";4;1013;0;5;"2021-09-24";"2021-11-01";3720
"03139521M0107";"31395";"O";"484";6;9344;6854;5;"2021-11-10";"2022-01-11";42855
"03139921G0064";"31399";"C";"1975";4;1828;5437;2;"2021-09-28";;26679
"03143321M0041";"31433";"AM";"170";8;2064;0;5;"2021-12-06";"2024-11-07";5250
"03145820M0015";"31458";"AM";"72";4;1024;4302;5;"2021-03-18";"2021-09-27";14930
"03148321P0017";"31483";"CH";"37";6;1738;5918;5;"2021-07-02";"2021-07-19";18463
"0314902000036";"31490";"AN";"5";8;53636;0;5;"2021-09-21";"2021-09-27";235701
"03150621C0027";"31506";"BZ";"175";8;1700;0;2;"2021-09-02";;9804
"03152321P0001";"31523";"A";"1947";6;1295;0;5;"2021-07-27";"2024-09-09";6181
"03155520C0311";"31555";"AB";"6";4;3170;1512;5;"2021-01-13";"2025-06-18";662
"03155520C0481";"31555";"AB";"23";3;1155;362;2;"2021-02-15";;402
"03155520C0578";"31555";"AK";"315";3;1552;12078;2;"2021-02-03";;26484
"03155520C0622";"31555";"BH";"121";8;1051;0;5;"2021-03-05";"2021-05-20";3261
"03155520C0740";"31555";"BC";"115";3;5688;550;2;"2021-02-26";;3124
"03155520C0796";"31555";"AY";"320";6;5758;0;5;"2021-04-07";"2023-04-11";2967
"03155521C0027";"31555";"AW";"139";4;1257;0;2;"2021-06-16";;1055
"03155521C0124";"31555";"AY";"27";8;3111;0;2;"2021-09-06";;8494
"03155521C0162";"31555";"AI";"60";3;5956;0;5;"2021-05-10";"2022-07-04";20333
"03155521C0164";"31555";"BH";"124";3;16500;0;5;"2021-05-10";"2023-03-01";30456
"03155521C0193";"31555";"AE";"70";3;6834;0;2;"2021-05-19";;83011
"03155521C0229";"31555";"AT";"105";3;3041;0;2;"2021-06-16";;7434
"03155521C0489";"31555";"AE";"17";6;2484;110022;2;"2021-09-13";;142320
"03155521C0648";"31555";"AI";"391";3;3774;3722;5;"2021-11-29";"2022-10-15";10083
"03155521C0835";"31555";"CC";"10";8;1602;25632;2;"2021-12-01";;152537
"03156120C0033";"31561";"AP";"125";8;1500;0;5;"2021-02-16";"2022-05-05";7048
"03156121C0032";"31561";"BI";"262";4;1247;0;5;"2021-11-30";"2022-04-25";3501
"03158820C0040";"31588";"BA";"63";8;1323;0;5;"2021-03-10";"2021-04-08";104
"03201321A0003";"32013";"BX";"22";4;1382;2310;5;"2021-04-18";"2021-07-19";14217
"03201321A0058";"32013";"CC";"15";8;2338;0;2;"2021-10-12";;13391
"03211921E1001";"32119";"AX";"2";3;1667;1152;5;"2021-04-21";"2021-04-27";4615
"03213221L1014";"32132";"AL";"277";4;1537;1975;5;"2021-08-02";"2022-02-01";6061
"03223321G1008";"32233";"C";"1207";8;1275;0;2;"2021-08-31";;15481
"03234821A0001";"32348";"G";"95";6;2658;0;5;"2021-09-21";"2022-02-21";41018
"03242621A0012";"32426";"A";"411";4;1061;0;2;"2021-11-23";;22334
"03246421A0001";"32464";"AC";"232";6;3772;0;2;"2021-07-12";;15136
"03300321X0036";"33003";"BD";"87";4;1195;666;5;"2021-06-30";"2022-01-03";6314
"03301321X0015";"33013";"AW";"2";3;2323;1600;2;"2021-07-15";;17138
"03301421F0005";"33014";"A";"1863";8;1100;0;5;"2021-09-27";"2022-04-22";3966
"03302921K0028";"33029";"BZ";"176";8;2151;0;2;"2021-06-30";;5640
"03303321X0005";"33033";"0A";"236";8;1698;4114;5;"2021-09-13";"2021-11-05";15173
"03304920X0019";"33049";"D";"478";8;7554;11110;2;"2021-04-20";;71088
"03305121K0044";"33051";"BO";"288";4;1273;0;5;"2021-10-05";"2023-01-01";9543
"03305620V0075";"33056";"BO";"70";8;9693;8357;5;"2021-03-03";"2022-01-19";30253
"03305621V0072";"33056";"AS";"636";6;3676;3488;5;"2021-12-10";"2021-12-15";22859
"03306320Z0254";"33063";"BY";"107";3;8284;0;5;"2021-02-19";"2023-01-15";2254
"03306320Z0550";"33063";"DW";"330";8;1019;899;5;"2021-01-11";"2023-04-11";822
"03306320Z0575";"33063";"BZ";"191";3;10317;0;5;"2021-03-26";"2022-04-30";1425
"03306321Z0023";"33063";"TR";"73";3;12710;12928;2;"2021-06-24";;13622
"03306321Z0310";"33063";"RD";"13";3;9833;2917;5;"2021-10-14";"2022-10-20";10828
"03306321Z0324";"33063";"TO";"26";8;1687;1747;5;"2021-08-05";"2021-08-16";5297
"03306321Z0340";"33063";"TN";"6";6;1238;3506;5;"2021-08-05";"2022-02-01";10673
"03306321Z0353";"33063";"AD";"31";3;6823;0;2;"2021-11-04";;130435
"03309021Z0004";"33090";"B";"384";8;2337;0;5;"2021-08-02";"2022-07-26";0
"03309021Z0007";"33090";"AC";"41";8;2671;1226;2;"2021-10-20";;6619
"03312221V1051";"33122";"D";"2091";6;2077;0;5;"2021-08-02";"2021-09-13";0
"03312521S0020";"33125";"ZL";"184";4;1166;0;5;"2021-05-31";"2022-04-18";11390
"03313821F0002";"33138";"ZE";"614";8;2123;11929;5;"2021-07-01";"2022-01-10";45325
"03317920F0037";"33179";"AP";"202";4;3330;3852;5;"2021-08-06";"2023-01-01";20340
"03320018V0043";"33200";"AZ";"9";8;62406;0;2;"2021-01-11";;371304
"03320020V0054";"33200";"AV";"125";3;3069;0;5;"2021-01-04";"2022-12-12";8439
"03320021V0037";"33200";"AR";"133";8;2932;0;5;"2021-08-18";"2022-09-30";7501
"03321421S0063";"33214";"CZ";"62";8;4018;0;2;"2021-10-05";;6464
"03324321F0070";"33243";"AN";"45";4;1950;162;5;"2021-11-23";"2022-05-06";2520
"03327421P0049";"33274";"B";"793";4;3047;0;5;"2021-12-20";"2022-05-01";6372
"03327421P0053";"33274";"D";"1008";6;1582;1200;5;"2021-11-29";"2022-06-14";13939
"03327921P0010";"33279";"A";"817";4;1226;0;2;"2021-12-27";;6000
"03328120Z0247";"33281";"AC";"118";3;4855;0;2;"2021-03-15";;69445
"03328121Z0038";"33281";"AC";"616";3;2697;0;5;"2021-05-10";"2021-09-13";3832
"03328121Z0209";"33281";"EW";"12";3;1888;266;5;"2021-10-22";"2022-03-28";3076
"03328121Z0213";"33281";"AH";"1080";4;2692;25294;5;"2021-12-03";"2022-02-16";102731
"03330721P0021";"33307";"A";"1350";8;2141;1960;2;"2021-11-10";;9748
"03331820Z1164";"33318";"AC";"3";6;10372;5766;5;"2021-02-02";"2021-04-19";75404
"03331820Z1267";"33318";"HN";"56";3;2995;1048;5;"2021-05-20";"2022-03-21";3536
"03331821Z1085";"33318";"HN";"4";3;3111;1358;5;"2021-10-14";"2022-01-05";8089
"03331821Z1105";"33318";"HD";"4";8;2413;122;5;"2021-09-07";"2021-12-01";0
"03332219Z0037";"33322";"AX";"21";4;2370;14665;2;"2021-12-28";;31665
"03342221Z0039";"33422";"BI";"20";8;1174;2646;2;"2021-07-28";;12680
"03342221Z0055";"33422";"BI";"19";8;1142;2646;2;"2021-07-27";;12680
"03343721F0019";"33437";"C";"1893";4;1556;0;5;"2021-09-10";"2021-11-15";2897
"03344921Z0043";"33449";"BX";"153";6;1235;0;5;"2021-06-25";"2021-09-15";435000
"03350520X0016";"33505";"AS";"116";4;1254;830;5;"2021-03-31";"2022-07-04";4450
"03352921K0095";"33529";"HA";"136";4;1819;0;5;"2021-09-09";"2022-01-17";3263
"03352921K0103";"33529";"GZ";"285";4;2029;0;5;"2021-09-24";"2022-10-03";5083
"03353521X0003";"33535";"AO";"65";6;9646;0;5;"2021-04-14";"2021-09-02";22790
"03353521X0022";"33535";"AO";"10";8;1092;0;2;"2021-10-29";;4194
"03402220M0034";"34022";"AZ";"103";3;4951;700;2;"2021-01-06";;1998
"03402820B0015";"34028";"AN";"158";4;1163;0;2;"2021-02-01";;6420
"03403121K0032";"34031";"BV";"143";8;9427;12013;5;"2021-10-19";"2022-06-06";27093
"03403220T0176";"34032";"IO";"53";6;3247;6764;5;"2021-01-07";"2022-02-21";0
"03403221T0005";"34032";"CX";"512";3;1714;0;5;"2021-06-03";"2022-06-13";9907
"03403221T0016";"34032";"HP";"273";4;3599;0;5;"2021-06-10";"2021-06-11";0
"03403321M0008";"34033";"AI";"228";8;1859;1257;5;"2021-07-21";"2022-06-01";15960
"03405720M0068";"34057";"AN";"106";3;3426;0;5;"2021-03-10";"2022-06-20";0
"03405721M0022";"34057";"AX";"101";4;2018;0;5;"2021-07-29";"2022-06-07";8816
"03407921C0022";"34079";"BT";"12";4;2569;1400;5;"2021-12-01";"2022-05-23";7536
"03408121Z0009";"34081";"A";"580";8;1191;0;2;"2021-05-05";;7925
"03409021M0014";"34090";"CA";"354";8;1047;101;2;"2021-09-27";;2013
"03410121K0039";"34101";"AS";"110";3;1605;0;5;"2021-12-07";"2023-04-01";24749
"03411621M0006";"34116";"AC";"104";6;1330;0;5;"2021-06-30";"2023-01-02";2581
"03415420A0056";"34154";"DK";"243";3;4706;1660;5;"2021-02-25";"2022-10-31";4052
"03415421A0071";"34154";"AE";"20";8;5090;0;2;"2021-12-09";;11346
"03415421A0074";"34154";"XX";"1999";8;7555;0;2;"2021-12-09";;0
"03417220M0251";"34172";"SO";"19";3;14630;0;5;"2021-07-29";"2022-06-15";0
"03417221M0011";"34172";"OI";"123";3;1600;0;5;"2021-06-25";"2022-04-04";1707
"03417221M0012";"34172";"OB";"87";3;2498;0;2;"2021-06-28";;18982
"03417221M0078";"34172";"EV";"495";3;7411;0;5;"2021-07-29";"2022-04-21";14834
"03417221M0079";"34172";"TX";"93";3;1765;0;5;"2021-09-30";"2022-02-28";1578
"03418321Z0012";"34183";"D";"485";8;1407;0;2;"2021-07-02";;6000
"03420920K0029";"34209";"AV";"102";4;2394;1884;5;"2021-03-18";"2024-09-30";9199
"0342392100057";"34239";"AY";"131";6;1512;0;5;"2021-12-16";"2022-10-03";3825
"03427021M0035";"34270";"BV";"41";4;1204;0;2;"2021-11-08";;2391
"0343012070064";"34301";"AD";"356";3;1239;0;2;"2021-02-04";;0
"0343012070077";"34301";"AD";"336";8;1244;0;5;"2021-04-28";"2022-01-14";0
"0343012170004";"34301";"AD";"328";4;1418;0;5;"2021-06-09";"2024-11-04";2960
"0343012170046";"34301";"CK";"19";8;3000;0;2;"2021-07-27";;203457
"03433621Z0004";"34336";"AS";"295";4;3599;0;5;"2021-05-20";"2021-06-11";6779
"0343442100024";"34344";"AD";"184";6;1006;5250;5;"2021-11-08";"2021-12-01";8820
"0343442100030";"34344";"AD";"192";6;1567;1520;5;"2021-12-14";"2022-01-10";3142
"03501421V0007";"35014";"ZE";"5";8;3462;0;5;"2021-06-08";"2021-09-06";44354
"03501421V0017";"35014";"ZE";"30";8;3558;0;5;"2021-08-10";"2021-09-06";95046
"03502321B0040";"35023";"ZE";"240";8;1141;2917;2;"2021-09-01";;9596
"03503221M0044";"35032";"ZE";"463";3;14582;0;5;"2021-12-27";"2022-04-25";20020
"03503721B0041";"35037";"YK";"239";8;6694;0;5;"2021-09-10";"2022-03-10";28501
"03504921A0058";"35049";"B";"919";6;7853;0;5;"2021-10-04";"2022-11-21";35732
"03505120A0047";"35051";"BC";"260";3;21024;0;5;"2021-03-31";"2023-07-01";12192
"03505920M0022";"35059";"AB";"17";8;1049;1848;5;"2021-02-01";"2023-07-18";6476
"03506921P0061";"35069";"ZH";"134";8;1015;0;2;"2021-09-30";;6409
"03506921P0066";"35069";"H";"96";4;1684;18010;5;"2021-10-27";"2023-03-01";71398
"03509621V0014";"35096";"E";"2817";8;5425;5460;5;"2021-06-11";"2021-07-12";20143
"03515220U0138";"35152";"AY";"291";8;5289;0;5;"2021-04-08";"2021-06-14";21798
"03519621M0003";"35196";"ZX";"117";4;1358;0;5;"2021-06-17";"2021-12-01";2019
"03520621M0001";"35206";"AB";"807";3;1534;0;2;"2021-06-04";;3745
"03520621M0004";"35206";"AK";"454";8;2066;7961;5;"2021-09-17";"2022-09-12";39306
"03520621M0007";"35206";"AB";"371";3;1179;0;5;"2021-10-15";"2024-09-23";4000
"03520720P0034";"35207";"F";"1569";4;1422;3217;5;"2021-01-12";"2022-05-12";3461
"03520721P0011";"35207";"A";"2807";3;1544;6648;5;"2021-07-13";"2021-08-31";28889
"03520721P0023";"35207";"AI";"106";8;1768;0;5;"2021-10-22";"2022-05-02";0
"03520721P0027";"35207";"A";"2886";6;3278;0;5;"2021-11-10";"2023-09-18";4062
"03521021M0019";"35210";"AX";"208";6;2212;0;5;"2021-10-06";"2023-03-20";6281
"0352382110202";"35238";"KP";"279";8;1496;0;5;"2021-09-29";"2021-09-29";3614
"0352382110254";"35238";"EN";"199";3;6612;0;5;"2021-12-02";"2024-06-24";10460
"0352572100050";"35257";"AI";"343";6;3500;15021;2;"2021-08-25";;97063
"03526320A0024";"35263";;;3;1139;0;2;"2021-06-28";;3171
"03528120M0008";"35281";"AW";"210";3;10121;0;5;"2021-02-09";"2022-12-30";4505
"03528120M0018";"35281";"AW";"210";3;5288;0;5;"2021-06-22";"2022-01-26";1861
"03528120M0024";"35281";"AW";"197";3;9089;0;5;"2021-05-03";"2022-01-24";419272
"03530221B0001";"35302";"ZC";"84";6;5934;20524;5;"2021-04-28";"2025-03-12";113189
"0353102100016";"35310";"YM";"80";6;3363;0;2;"2021-11-19";;26862
"0353242100011";"35324";"ZA";"30";8;1885;3713;5;"2021-09-14";"2022-01-17";9855
"03603121N0011";"36031";"YK";"155";8;13277;28596;2;"2021-07-29";;137032
"03605521N0005";"36055";"ZN";"231";8;4614;6113;5;"2021-10-21";"2022-05-16";0
"03606321N0008";"36063";"ZM";"305";8;1552;0;5;"2021-04-26";"2022-05-10";15853
"03612321S0002";"36123";"A";"832";6;2197;1625;5;"2021-09-06";"2022-05-21";9205
"03612821N0008";"36128";"ZH";"52";6;2268;0;5;"2021-08-23";"2022-09-26";22259
"03620020S0007";"36200";"AI";"151";4;5373;0;2;"2021-07-19";;18950
"0370112120016";"37011";"AB";"1389";6;1600;0;2;"2021-11-04";;419161
"03706020A0017";"37060";"ZK";"266";6;9535;0;5;"2021-04-30";"2021-09-10";20000
"0370772150004";"37077";"AC";"203";8;1183;0;2;"2021-06-03";;4098
"03707921D0011";"37079";"YD";"117";8;1040;0;5;"2021-06-29";"2021-09-15";2153
"03712220J0108";"37122";"AM";"615";8;1388;0;5;"2021-03-19";"2022-06-27";0
"03715621C0015";"37156";"AP";"61";4;2033;1123;2;"2021-05-25";;3445
"0371592140039";"37159";"BZ";"18";6;3750;26921;2;"2021-10-27";;141381
"03717221N0034";"37172";"AX";"67";8;1090;3592;5;"2021-07-16";"2022-02-28";6057
"0371762140006";"37176";"ZB";"172";4;2115;0;2;"2021-11-17";;3115
"03717921N0010";"37179";"ZN";"70";8;2173;0;2;"2021-12-29";;6583
"0372162140011";"37216";"ZR";"23";8;2853;0;2;"2021-11-03";;298
"0372262040012";"37226";"ZY";"324";6;2168;5163;5;"2021-02-05";"2021-04-19";21814
"0372262140002";"37226";"ZY";"314";4;1549;0;2;"2021-04-12";;70163
"0372502140022";"37250";"YS";"91";8;5608;0;5;"2021-07-12";"2023-04-18";0
"03726120T0163";"37261";"ER";"729";3;5400;0;2;"2021-06-22";;1169
"0380132020027";"38013";"AO";"277";6;3625;0;5;"2021-03-01";"2021-04-07";7162
"0380302120005";"38030";"AN";"434";4;1029;0;2;"2021-09-16";;5001
"03805321B1021";"38053";"CI";"46";3;1228;0;5;"2021-07-20";"2022-01-10";14988
"03805321B1054";"38053";"CX";"61";8;12307;0;5;"2021-11-29";"2022-07-15";31969
"03805321B1088";"38053";"CK";"108";3;2994;0;5;"2021-10-26";"2023-04-06";6159
"0380582110014";"38058";"B";"1309";6;1773;16541;2;"2021-05-10";;37961
"0380622020009";"38062";"A";"1099";8;1634;0;2;"2021-02-11";;3663
"0380622020011";"38062";"A";"1105";8;1291;0;2;"2021-02-26";;3477
"0380852110005";"38085";"AM";"677";4;1905;0;5;"2021-05-11";"2021-10-13";0
"0381092110008";"38109";"0D";"16";8;1440;0;2;"2021-06-29";;8330
"0381302110014";"38130";"ZK";"398";6;2055;2030;5;"2021-05-28";"2021-09-06";13025
"0381382010015";"38138";"AB";"493";8;1200;0;2;"2021-05-17";;3714
"0381512010020";"38151";"AH";"57";6;6056;0;2;"2021-02-10";;18506
"0381512010034";"38151";"AN";"248";6;2100;0;2;"2021-04-26";;3396
"0381572010018";"38157";"AB";"412";8;1295;0;2;"2021-04-12";;3565
"0381702020013";"38170";"AM";"63";6;1722;0;5;"2021-02-26";"2024-03-03";6885
"03818520U1056";"38185";"AI";"354";3;10474;0;2;"2021-04-08";;0
"03818521U1058";"38185";"AD";"291";3;3023;0;5;"2021-08-04";"2022-07-25";2060
"0381972010010";"38197";"0A";"209";8;37945;0;2;"2021-06-10";;179879
"0382122020008";"38212";"AK";"350";6;1584;0;5;"2021-02-16";"2021-10-15";0
"0382292110019";"38229";"BA";"217";3;5307;1855;5;"2021-10-27";"2022-10-17";4197
"0382492010021";"38249";"AO";"155";3;1738;0;2;"2021-01-22";;7884
"0382492110003";"38249";"AP";"200";6;2421;6616;5;"2021-04-23";"2021-11-22";24814
"0382612110006";"38261";"AK";"234";6;1639;3642;2;"2021-06-02";;10426
"0383182010035";"38318";"AI";"748";8;4189;7055;5;"2021-05-21";"2021-09-20";34410
"0383202110009";"38320";"AI";"123";8;4128;5156;5;"2021-09-21";"2022-09-27";63526
"0383372110007";"38337";"ZB";"133";8;18863;25001;2;"2021-10-07";;0
"0383482110010";"38348";"AE";"2";8;4341;5152;5;"2021-05-06";"2021-11-25";24198
"0383822110010";"38382";"AO";"137";8;1312;23758;2;"2021-07-08";;55265
"0384162110015";"38416";"ZA";"156";6;4561;0;5;"2021-10-15";"2022-03-21";73558
"0384212110017";"38421";"AH";"491";3;4312;0;5;"2021-10-06";"2024-09-30";1883
"0384342020008";"38434";"C";"627";4;1319;0;5;"2021-02-26";"2022-07-11";10244
"0384492110014";"38449";"CA";"268";8;2611;0;5;"2021-09-02";"2021-11-08";27739
"0384492110016";"38449";"CH";"383";8;1708;0;2;"2021-11-22";;5373
"0384502120004";"38450";"AR";"318";8;5388;1955;2;"2021-04-13";;37138
"0384572110024";"38457";"C";"1700";6;5243;21160;5;"2021-12-23";"2022-02-15";106637
"0385072110056";"38507";"AB";"453";4;7068;2449;5;"2021-09-29";"2022-02-14";7280
"0385302110001";"38530";"A";"1013";8;7674;0;5;"2021-09-20";"2022-04-04";75663
"0385302110011";"38530";"A";"186";3;2765;0;5;"2021-11-17";"2022-04-25";4115
"0385532010015";"38553";"AL";"205";8;1036;0;5;"2021-01-12";"2021-12-13";5919
"0385542110004";"38554";"AC";"633";6;1991;0;2;"2021-07-09";;0
"0385572110028";"38557";"AH";"183";6;1278;1557;2;"2021-09-06";;8003
"0385632111008";"38563";"AE";"1569";3;4260;0;2;"2021-05-19";;3037
"0385632111039";"38563";"AP";"878";6;3973;0;5;"2021-09-01";"2021-09-06";12770
"03903521P0002";"39035";"ZA";"85";4;1468;0;5;"2021-12-21";"2022-05-09";19540
"03915021D0004";"39150";"ZP";"144";8;28470;0;5;"2021-07-30";"2022-02-01";219334
"03919021D0008";"39190";"ZI";"373";6;1204;2324;2;"2021-06-01";;10974
"03919021D0014";"39190";"ZC";"309";6;3095;1708;5;"2021-10-07";"2022-01-10";16608
"03919821D0033";"39198";"BV";"296";3;2401;13;5;"2021-09-14";"2022-04-13";5872
"03919821D0092";"39198";"BW";"143";4;1511;14281;5;"2021-12-22";"2022-05-03";41816
"03939721T0015";"39397";"AB";"100";6;5301;29358;5;"2021-12-21";"2022-01-03";83000
"03943420C0020";"39434";"AD";"100";8;1360;2571;5;"2021-03-07";"2021-03-15";21949
"03944620C0006";"39446";"ZB";"88";8;1328;0;5;"2021-04-02";"2021-04-26";3396
"03944721P0004";"39447";"ZE";"142";8;4450;180;2;"2021-08-18";;16263
"03947020J0027";"39470";"AD";"473";4;3319;0;5;"2021-03-05";"2023-11-27";9517
"03951721C0005";"39517";"D";"642";6;1193;7469;5;"2021-07-12";"2021-10-12";25476
"03952621D0003";"39526";"ZE";"254";6;1075;0;2;"2021-06-17";;0
"04003121T0008";"40031";"0D";"1739";4;1200;547;2;"2021-10-21";;8860
"0401192100006";"40119";"AB";"117";4;1355;0;5;"2021-03-02";"2022-05-06";3762
"0401202100004";"40120";"ZH";"189";8;17550;0;5;"2021-07-08";"2021-12-14";94826
"0401202100011";"40120";"ZH";"188";8;6621;0;5;"2021-09-12";"2021-09-13";108052
"0401202100019";"40120";"ZH";"189";8;1777;0;5;"2021-12-27";"2022-05-17";94826
"04016821D0006";"40168";"AZ";"27";8;1076;2244;5;"2021-02-19";"2021-04-06";8301
"0401792000057";"40179";"AO";"235";3;4172;0;5;"2021-05-04";"2021-12-07";7332
"04019720C0040";"40197";"BM";"27";8;10793;5580;5;"2021-01-28";"2022-09-05";49626
"0402022100018";"40202";"AA";"89";3;2050;0;5;"2021-09-17";"2021-11-26";5999
"0402022100034";"40202";"AP";"179";8;1885;0;5;"2021-11-09";"2022-05-12";13130
"04026120D0059";"40261";"BI";"34";8;3996;8198;5;"2021-01-11";"2021-03-11";92
"04026121D0026";"40261";"AR";"76";8;3142;0;5;"2021-06-22";"2021-11-02";21811
"04026121D0058";"40261";;;8;1036;0;2;"2021-10-19";;0
"04027221D0008";"40272";"0G";"15";4;2024;0;2;"2021-12-23";;10487
"04027321D0017";"40273";"L";"69";6;3990;0;5;"2021-07-19";"2021-07-26";9069
"04027321D0020";"40273";"L";"1563";8;1493;2871;2;"2021-09-22";;0
"04027921X1016";"40279";"BC";"382P";8;2904;0;5;"2021-06-14";"2021-11-15";8887
"04028221S0009";"40282";"0A";"32";8;7791;10843;5;"2021-06-17";"2022-01-10";98954
"04028421X0019";"40284";"BA";"81";8;1097;0;2;"2021-05-24";;2414
"04028421X0036";"40284";"AX";"13";4;1255;1446;2;"2021-09-03";;41094
"04031020X0099";"40310";"AI";"301";8;2610;0;5;"2021-05-06";"2021-07-26";5597
"04031321T0009";"40313";"AK";"89";3;1823;0;5;"2021-05-26";"2021-08-30";7830
"04110620W0027";"41106";"AN";"337P";4;2103;0;2;"2021-01-12";;8743
"04113620E0016";"41136";"AC";"14";8;99007;0;2;"2021-08-20";;226943
"04113620E0017";"41136";"YA";"16";8;44118;0;2;"2021-08-20";;124124
"04119421R0045";"41194";"BX";"367";8;2999;0;5;"2021-06-10";"2021-06-10";11267
"04119921N0016";"41199";"YB";"23";6;2129;4131;5;"2021-11-02";"2022-06-20";14094
"04122021D0022";"41220";"AB";"32";3;1127;0;2;"2021-10-15";;188700
"04122620N0009";"41226";"AL";"299";8;1226;0;5;"2021-05-27";"2025-10-02";5475
"04124220U0011";"41242";"AA";"4";4;1537;490;2;"2021-06-24";;7863
"04124221U0004";"41242";"ZB";"13";8;1444;0;2;"2021-08-25";;6809
"04129420N0003";"41294";"ZL";"30";3;2547;0;5;"2021-03-26";"2021-05-17";37386
"04200520A0101";"42005";"AK";"234";6;2942;0;5;"2021-03-23";"2021-06-22";14692
"04200521A0019";"42005";;;8;6086;0;2;"2021-06-01";;0
"04200521A0034";"42005";"AE";"287";6;2832;0;2;"2021-07-13";;5298
"04202221M0009";"42022";"AT";"139";6;1250;0;2;"2021-06-29";;6546
"04206520A0012";"42065";"0D";"988";8;1324;0;2;"2021-02-19";;0
"04209421A0035";"42094";"AK";"468";8;1834;3401;2;"2021-10-15";;7792
"04211021S0018";"42110";"ZB";"27";8;2016;4735;2;"2021-11-26";;77243
"04212321S0001";"42123";"E";"499";8;3260;0;2;"2021-04-01";;9530
"04212721M0002";"42127";"AH";"65";6;1161;137;2;"2021-03-31";;966048
"04215921M0012";"42159";"D";"1026";6;3830;0;2;"2021-08-04";;88404
"04218921L0001";"42189";"AL";"55";6;2362;4060;5;"2021-04-01";"2022-02-01";12510
"04218921L0017";"42189";"BH";"98";6;2988;0;5;"2021-10-18";"2022-03-14";10001
"0422182100107";"42218";"CP";"216";3;1283;4169;2;"2021-07-30";;0
"04232321A0023";"42323";"ZH";"649";3;1964;687;5;"2021-10-11";"2022-11-04";3770
"04233021S0001";"42330";"AD";"522";6;2417;0;5;"2021-05-06";"2021-06-04";9534
"04302521Y0023";"43025";"AC";"131";6;2001;0;5;"2021-10-22";"2022-01-13";5614
"04308720Y0015";"43087";"AM";"825";6;2164;10784;2;"2021-04-06";;0
"04315721P0014";"43157";"AL";"221";8;1736;4499;5;"2021-05-03";"2021-10-01";0
"04319021P0023";"43190";"CB";"185";8;2575;0;5;"2021-10-01";"2022-02-15";5392
"04319021P0026";"43190";"CB";"188";6;2012;0;5;"2021-10-08";"2022-05-03";16288
"04321621P0001";"43216";"BM";"333";4;1828;607;2;"2021-05-14";;4000
"04322320Y0023";"43223";"D";"657";8;2000;15870;5;"2021-01-15";"2021-03-05";44718
"04324421Y0009";"43244";"AV";"675";6;1165;1681;5;"2021-06-21";"2022-01-24";5257
"04326820Y0064";"43268";"BA";"115";6;1006;741;5;"2021-02-20";"2021-10-01";0
"04400321W1019";"44003";"0N";"100";3;1293;389;5;"2021-06-30";"2022-06-02";335
"04400521D1084";"44005";"ZC";"67";8;1201;0;5;"2021-12-03";"2022-03-07";7492
"04400922Z1027";"44009";"AP";"855";4;4456;4247;5;"2021-11-15";"2025-05-19";17927
"04401521B0015";"44015";"C";"1474";8;1190;0;2;"2021-06-25";;0
"04402621Z1032";"44026";"ZL";"147";8;9765;0;5;"2021-06-22";"2022-03-28";20272
"04402621Z1061";"44026";"BT";"48";3;2680;0;2;"2021-11-04";;4101
"04403521Z1067";"44035";"BB";"17";3;1512;417;2;"2021-09-13";;2398
"04403821D1001";"44038";"YD";"156";6;1631;0;5;"2021-07-02";"2022-03-07";5659
"04404120B1094";"44041";"BS";"119";3;1127;0;5;"2021-03-25";"2021-09-27";4746
"04404121B1068";"44041";"BS";"122";8;31937;0;5;"2021-09-10";"2022-05-02";64777
"04404321A1053";"44043";"AM";"268";6;9026;5247;5;"2021-12-22";"2022-03-13";31863
"04404321A1054";"44043";"ZL";"200";4;1036;972;5;"2021-12-02";"2022-10-01";3906
"04405221T1061";"44052";"BC";"1";6;3058;12750;5;"2021-12-01";"2021-12-02";1121181
"04406619E1079";"44066";"BS";"16";4;8117;0;2;"2021-11-15";;26136
"04407121A1034";"44071";"CE";"31";3;1141;697;2;"2021-08-09";;61017
"04408821A1003";"44088";"AX";"333P";8;1594;0;5;"2021-04-29";"2022-10-18";5239
"04410320T1061";"44103";"BE";"24";8;4000;6820;2;"2021-04-28";;43526
"04410321T1004";"44103";"BH";"59";8;5944;0;2;"2021-06-28";;24000
"04410720W1017";"44107";"ZY";"61";6;3137;0;2;"2021-01-25";;130627
"04410721W1015";"44107";"ZR";"27";6;3402;2870;5;"2021-11-18";"2023-10-09";16624
"04410920A0601";"44109";"HR";"22";4;1222;1138;5;"2021-05-26";"2021-06-21";1155
"04412620D1090";"44126";"BO";"26";4;4363;1672;2;"2021-06-21";;32334
"04412621D1011";"44126";"BO";"26";4;1672;0;2;"2021-05-25";;18805
"04414321Y1067";"44143";"BR";"98";8;2250;0;2;"2021-10-18";;7229
"04414321Y1069";"44143";"BR";"76";8;3281;0;2;"2021-10-19";;9572
"04415021Z0015";"44150";"AH";"513";3;3484;0;5;"2021-06-10";"2021-09-29";11825
"04415021Z0029";"44150";"AE";"440";3;2070;0;2;"2021-09-28";;40162
"04415821E1058";"44158";"AS";"2";8;6888;117954;5;"2021-09-30";"2022-02-24";361518
"04416220Z1072";"44162";"CX";"169";6;1646;0;5;"2021-01-28";"2021-09-06";5341
"04416221Z1013";"44162";"DW";"98";6;4250;5367;5;"2021-07-22";"2022-03-21";11683
"04416221Z1052";"44162";"DV";"9";8;1887;0;2;"2021-11-30";;4715
"04416221Z1074";"44162";"BW";"1246";3;3312;0;2;"2021-11-30";;10279
"04416421D1004";"44164";"A";"1177";6;1752;587;5;"2021-05-21";"2021-07-19";8184
"04416921A1102";"44169";"YM";"414";8;1031;0;2;"2021-12-22";;1961
"04417221Z0015";"44172";"BD";"80";8;1789;0;2;"2021-05-20";;24955
"04418021W1026";"44180";"AC";"48";6;4046;9548;2;"2021-06-22";;48034
"04418520F0035";"44185";"ZS";"86";4;1801;0;2;"2021-02-23";;14608
"04418821B1077";"44188";"AD";"1";8;1774;2672;5;"2021-11-25";"2022-07-01";56604
"04419521E1023";"44195";"AV";"279";3;1201;0;2;"2021-07-30";;3655
"04419921C1015";"44199";"YK";"41";6;1115;1057;5;"2021-10-05";"2023-01-01";0
"04420421Z1023";"44204";"AO";"21";8;1100;870;5;"2021-06-21";"2024-06-12";7100
"04420421Z1051";"44204";"AP";"344";6;2109;3711;5;"2021-11-02";"2021-12-03";13001
"04421221A1067";"44212";"ZR";"532";3;4685;0;5;"2021-10-21";"2022-09-08";8298
"04422320B1038";"44223";"AN";"127";4;2312;4438;2;"2021-08-03";;15166
"0450342010048";"45034";;;6;3086;0;5;"2021-03-18";"2022-01-24";10836
"04506921N0009";"45069";"ZD";"268";8;1500;13150;2;"2021-12-06";;158790
"04508920C0065";"45089";"AE";"354";4;4121;28945;5;"2021-04-12";"2024-03-18";71551
"04511621Y0002";"45116";"ZS";"106";4;1425;0;2;"2021-07-22";;20465
"04514221J0029";"45142";"ZN";"271";4;2784;0;5;"2021-11-24";"2021-11-29";29301
"0451472180015";"45147";;;8;2744;45599;2;"2021-08-10";;0
"04515421Y0043";"45154";"R";"365";8;2329;5200;2;"2021-10-18";;46422
"0451552000013";"45155";"A";"364";6;1684;0;2;"2021-02-04";;49474
"04515520Z0013";"45155";"A";"364";6;2143;0;5;"2021-02-03";"2022-10-10";49474
"04517821L0006";"45178";"ZN";"231";6;1388;0;2;"2021-07-27";;16315
"04519121N0011";"45191";"AM";"45";8;4216;49078;5;"2021-09-24";"2021-11-02";135818
"04519720D0025";"45197";"B";"1557";8;9606;0;5;"2021-02-24";"2021-06-14";26046
"04520321Y0019";"45203";"ZO";"101";6;6017;17377;2;"2021-12-27";;80000
"0452322120020";"45232";"AZ";"1497";3;3258;0;5;"2021-05-05";"2021-10-11";5382
"04524821Y0007";"45248";"AE";"69";6;1421;1419;2;"2021-06-21";;18567
"04525820N0003";"45258";"ZP";"43";4;3493;0;5;"2021-07-15";"2023-05-09";27030
"04528421E0025";"45284";"AW";"120";6;5062;0;5;"2021-09-15";"2022-07-04";243651
"04528521R0005";"45285";"AZ";"364";8;2170;0;5;"2021-06-18";"2022-04-24";3574
"04530021J0012";"45300";"ZD";"103";4;1042;4591;5;"2021-10-08";"2022-01-18";21539
"04530220MP056";"45302";"BE";"126";3;1501;0;5;"2021-02-25";"2021-10-08";5041
"04530220MP058";"45302";"AC";"143";8;1377;70056;2;"2021-01-19";;1580016
"04530220MP063";"45302";"BE";"28";3;4193;0;5;"2021-02-25";"2021-06-01";19364
"04530221MP047";"45302";"AC";"143";8;1547;64993;2;"2021-10-21";;111594
"0453152100013";"45315";"AS";"71";6;1524;93190;5;"2021-12-21";"2022-05-02";431758
"04603821S0003";"46038";"A";"1029";4;1950;0;5;"2021-03-29";"2022-01-14";4105
"0460422190036";"46042";"CK";"109";4;1983;0;2;"2021-10-22";;6933
"0461972190015";"46197";"D";"378";6;1958;1965;2;"2021-10-07";;36486
"04700120A0034";"47001";"AV";"83";3;1106;0;5;"2021-02-12";"2021-06-07";3488
"04703120A0046";"47031";"BO";"20";4;1919;0;2;"2021-05-18";;3916
"04703221A0026";"47032";"AN";"45";8;1525;7480;2;"2021-10-22";;5810
"04705221G0033";"47052";"AR";"68";6;2248;1044;5;"2021-11-06";"2021-12-20";1111
"04705420J0008";"47054";"AS";"7P";4;1534;0;5;"2021-05-31";"2021-10-28";10305
"04706021A0007";"47060";"A";"583";8;1311;0;5;"2021-06-22";"2023-04-11";39440
"04707821K0003";"47078";"ZB";"220";6;3460;2254;2;"2021-06-18";;0
"04715720F0051";"47157";"IM";"29";4;1638;140;5;"2021-04-19";"2022-05-25";5282
"04717521B0007";"47175";"AP";"243";6;3613;5574;5;"2021-06-04";"2021-09-14";28073
"04720120A0017";"47201";"AL";"348";6;1928;1267;2;"2021-05-04";;7390
"04720121A0013";"47201";"A";"154";6;1354;8283;5;"2021-05-28";"2021-09-15";110344
"04723320F0028";"47233";"AR";"358";8;2094;0;2;"2021-06-08";;14960
"04723821A0008";"47238";"ZH";"70";6;9756;0;5;"2021-05-28";"2021-08-23";41260
"04723821A0018";"47238";"ZE";"12";6;9342;0;5;"2021-08-24";"2021-10-25";59105
"04732321M0029";"47323";"DR";"240";8;4068;3172;5;"2021-05-25";"2021-07-05";25970
"04732321M0101";"47323";"DS";"135";4;2038;0;5;"2021-10-20";"2022-01-03";13458
"04803921C0008";"48039";"B";"1463";4;1057;0;2;"2021-09-23";;1357
"04805021B0009";"48050";"A";"251 P";8;1469;0;5;"2021-09-17";"2022-01-13";8554
"04808721C0004";"48087";"C";"119";4;1555;0;2;"2021-06-11";;12618
"04900720Z0301";"49007";"AI";"295";3;3573;0;5;"2021-06-30";"2022-05-15";97771
"04901820M0060";"49018";"A";"138";6;2229;16541;2;"2021-03-02";;68115
"04902021A0002";"49020";"AZ";"204";3;1969;0;5;"2021-07-13";"2022-05-31";4362
"04902021A0019";"49020";"ZC";"273";4;1206;90877;2;"2021-10-12";;0
"04906919H0194";"49069";"A";"2312";6;2173;0;2;"2021-01-29";;4658
"04909921C0117";"49099";"BH";"96";6;1716;57971;2;"2021-07-20";;60540
"04909921C0124";"49099";"HO";"584";6;7930;15152;5;"2021-09-24";"2021-11-15";44034
"04909921C0171";"49099";"CW";"239";4;1490;1866;5;"2021-12-16";"2022-04-08";6230
"04909921C0182";"49099";"HW";"218";6;4082;6422;5;"2021-10-28";"2022-01-17";32180
"04912321M0067";"49123";"ZI";"291";8;2452;686;2;"2021-11-26";;2452
"04912520D0052";"49125";"ZO";"689";6;1353;0;5;"2021-01-20";"2022-02-07";6181
"04912520D0065";"49125";"ZX";"372";6;5092;0;5;"2021-03-11";"2021-07-27";27293
"04912720A0016";"49127";"E";"425";6;2327;1706;5;"2021-01-25";"2021-07-19";19287
"04915521N0005";"49155";"B";"1487";4;2150;0;2;"2021-06-09";;39828
"04918021M0010";"49180";"XB";"156";8;3389;13150;5;"2021-05-14";"2024-02-22";66288
"04918021M0033";"49180";"ZO";"29";8;2193;2376;2;"2021-09-10";;19700
"04919520C0001";"49195";"B";"106";6;55200;0;5;"2021-03-19";"2021-04-19";159589
"04921821H0101";"49218";"A";"1057";6;1204;1905;5;"2021-10-26";"2024-07-17";8675
"04922320A0029";"49223";"ZH";"1024";6;2931;1195;2;"2021-02-18";;8865
"04928321A0010";"49283";"AH";"262";4;2055;0;5;"2021-08-11";"2022-05-12";9795
"04928321A0023";"49283";"AE";"241";8;4588;8271;2;"2021-12-02";;33252
"04929820A0028";"49298";"ZC";"504";8;5598;0;5;"2021-03-26";"2021-04-01";10263
"04930121H0066";"49301";"B";"1609";6;5503;10420;2;"2021-07-15";;48835
"04932320A0047";"49323";"ZM";"262";6;5872;4095;2;"2021-02-26";;41477
"04932321A0071";"49323";"AC";"302";4;2037;1695;5;"2021-10-29";"2022-06-07";15271
"04932321A0076";"49323";"B";"961";6;6916;0;5;"2021-12-20";"2022-01-19";18393
"04933320A0012";"49333";"ZT";"39";6;1400;16759;5;"2021-05-26";"2021-12-06";75195
"04933321A0021";"49333";"ZV";"58";6;1645;4194;5;"2021-11-25";"2022-01-17";30041
"04933321A0053";"49333";"ZY";"132";6;1211;0;5;"2021-12-28";"2023-04-01";19848
"04935321T0003";"49353";"AC";"571";3;2806;9312;5;"2021-06-02";"2021-06-02";32020
"04937320C0063";"49373";"AN";"136";6;1110;33670;5;"2021-02-08";"2021-06-24";17793
"05009921Q0018";"50099";"B";"144";8;1215;5295;5;"2021-07-08";"2021-09-09";60334
"05012920G0260";"50129";"BK";"19";8;1574;0;5;"2021-03-18";"2021-04-07";312042
"05012921G0054";"50129";"BT";"443";8;1335;2470;5;"2021-09-23";"2022-07-01";9187
"05012921G0080";"50129";"AI";"247";4;1867;2046;2;"2021-06-16";;8283
"05012921G0175";"50129";"AY";"1166";3;6807;0;5;"2021-12-01";"2022-08-16";27016
"05012921G0188";"50129";"BK";"19";6;1090;0;2;"2021-10-14";;312042
"05012921G0189";"50129";"BK";"21";6;2762;44293;5;"2021-12-27";"2022-01-10";56030
"05014221Q0007";"50142";"ZC";"19";8;4181;0;2;"2021-07-13";;47497
"05021820Y0037";"50218";"BV";"161";4;1065;5504;2;"2021-01-21";;17054
"05021821Y0004";"50218";"AE";"254";6;10184;4933;5;"2021-04-26";"2021-06-07";19869
"05021821Y0013";"50218";"BT";"414";8;1314;0;5;"2021-06-10";"2021-10-20";5145
"05029220W0021";"50292";"AI";"108";6;1014;9519;5;"2021-02-10";"2021-04-07";50032
"05040221Q0026";"50402";"AT";"121";4;2346;5669;5;"2021-11-04";"2022-06-01";8721
"05041021J0022";"50410";"ZA";"87";8;2400;2703;2;"2021-12-09";;0
"05048921J0007";"50489";"C";"540";8;1200;0;2;"2021-11-15";;14380
"05105521K0010";"51055";"AR";"71";6;2149;0;5;"2021-06-21";"2021-10-01";5285
"05105521K0018";"51055";"AR";"152";8;2998;0;5;"2021-10-11";"2022-02-01";3645
"05105820K0049";"51058";"AM";"11";3;6153;0;2;"2021-02-19";;5829
"05109921R0001";"51099";"YR";"77";8;2394;12;2;"2021-10-30";;175620
"05110121K0001";"51101";"ZN";"43";8;12352;0;2;"2021-05-21";;121279
"05117221J0011";"51172";"AP";"58";4;1337;1337;5;"2021-06-17";"2021-11-02";2699
"05119520B0005";"51195";"AD";"1";6;1476;60563;2;"2021-01-21";;1599369
"05123021L0006";"51230";"AZ";"155";8;3601;0;2;"2021-05-07";;5682
"05124221R0009";"51242";"AT";"6";8;1240;840;2;"2021-10-09";;8000
"05124221R0012";"51242";"YD";"21";3;2512;0;2;"2021-11-22";;4070
"05126920B0003";"51269";"AC";"85";4;1250;0;5;"2021-03-15";"2022-09-01";87094
"05138021D0010";"51380";"ZN";"225P";4;1510;0;2;"2021-12-01";;10277
"05143920K0012";"51439";"ZC";"142";6;2749;4855;5;"2021-02-15";"2021-05-17";22420
"05145420K0154";"51454";"BO";"195";8;2166;2573;5;"2021-01-13";"2021-04-06";21900
"05145420K0203";"51454";"EM";"45P";8;13144;0;2;"2021-02-03";;29930
"05145420K0244";"51454";"EO";"417";6;1974;0;5;"2021-06-02";"2021-09-06";4817
"05145421K0061";"51454";"AC";"265";8;1265;0;5;"2021-08-16";"2023-11-02";1250
"05145421K0062";"51454";"AC";"264";8;1120;0;5;"2021-08-16";"2023-11-02";1418
"05149321K0001";"51493";"W";"44";6;8408;0;5;"2021-12-03";"2022-09-15";32113
"0515152000004";"51515";"ZS";"36";6;1102;5790;2;"2021-01-26";;1020
"05154521B0003";"51545";"XT";"75";4;1460;1384;5;"2021-09-21";"2021-11-02";375220
"05301821B1006";"53018";"ZW";"124";6;1754;0;2;"2021-07-27";;34434
"05305421K1004";"53054";"YI";"328";6;2929;0;5;"2021-03-17";"2021-04-19";12850
"05305421K1011";"53054";"YE";"117";3;2553;0;5;"2021-04-26";"2021-09-07";27446
"05305421K1042";"53054";"YE";"143";8;10981;9727;5;"2021-10-05";"2022-01-17";57946
"05314020K1031";"53140";"ZN";"70";8;3094;6016;2;"2021-04-06";;30661
"05316120M1022";"53161";"C";"1184";8;1008;0;5;"2021-03-23";"2021-04-14";12085
"05320221M0005";"53202";"E";"445";6;2543;0;2;"2021-06-17";;0
"05403821L0008";"54038";"ZL";"137";3;1972;13250;5;"2021-12-20";"2022-02-03";72693
"05405121B0002";"54051";"ZB";"154";6;14260;220212;2;"2021-04-02";;705602
"05405121B0003";"54051";"ZB";"154";6;8091;220212;2;"2021-04-02";;705602
"05412320T0008";"54123";"A";"116";3;3163;0;5;"2021-03-22";"2024-03-01";20018
"05419621T0008";"54196";"ZS";"30";6;1800;10500;2;"2021-09-02";;59265
"05420219T0004";"54202";"ZC";"178";8;53467;0;2;"2021-04-15";;152386
"05423219T0011";"54232";"ZC";"51";8;7194;0;2;"2021-04-15";;21955
"05425721N0011";"54257";"AS";"46";4;2853;2600;2;"2021-12-20";;14944
"05430420N0015";"54304";"AP";"140";3;12206;0;5;"2021-05-21";"2022-02-15";19724
"05431421B0029";"54314";"ZA";"391";8;4036;0;5;"2021-09-06";"2022-02-15";10000
"05432820N0009";"54328";"AL";"50";8;1120;0;5;"2021-01-12";"2021-01-13";106023
"05432821N0010";"54328";"AL";"235";8;5171;0;5;"2021-10-15";"2022-02-07";98272
"05435721N0013";"54357";"AD";"150";6;1204;4481;2;"2021-10-11";;14858
"05439521N0035";"54395";"BP";"493";3;1046;0;5;"2021-06-05";"2022-01-17";6077
"05443121N0063";"54431";"Y";"420";4;1160;0;2;"2021-04-16";;4925
"05452821T0044";"54528";"AE";"278";8;1246;385;2;"2021-12-16";;4138
"05454720R0018";"54547";"AO";"523";4;1235;15176;5;"2021-05-17";"2022-01-15";20073
"05455720T0013";"54557";"AD";"33A";8;2095;0;5;"2021-05-10";"2021-09-13";9949
"05457121L0004";"54571";"ZH";"290";8;1825;0;5;"2021-11-19";"2024-10-01";2916
"0550102100008";"55010";"ZL";"494";8;1355;0;2;"2021-10-28";;10010
"0550292000022";"55029";"CE";"101";6;1178;9764;2;"2021-03-19";;27646
"0552362000006";"55236";"ZA";"1";4;2367;2688;5;"2021-01-05";"2021-06-28";9204
"0552912100006";"55291";"AE";"647";8;1520;365;5;"2021-12-15";"2022-02-28";4503
"05550220D0008";"55502";"ZI";"122";4;2150;997;5;"2021-04-26";"2021-07-26";9158
"05600421Y0030";"56004";"B";"1581";4;1115;400;5;"2021-09-28";"2022-03-21";12319
"05600720P0067";"56007";"AW";"844";4;1965;1774;5;"2021-03-09";"2021-06-14";6176
"05600721P0027";"56007";"AW";"1484";6;1700;0;5;"2021-07-30";"2021-09-28";0
"05607521K0042";"56075";"YA";"104";6;2682;0;5;"2021-09-06";"2021-11-08";40000
"05609821L0038";"56098";"BD";"15";3;1535;441;5;"2021-07-08";"2022-07-04";99107
"05610120L0056";"56101";"XW";"197";4;1435;0;2;"2021-02-26";;16242
"05611321M0002";"56113";"AB";"97";4;1974;0;5;"2021-06-04";"2021-10-10";55720
"05612621Y0006";"56126";"ZI";"113";3;1232;2732;2;"2021-06-01";;5143
"05614021B0025";"56140";"XL";"38";6;3500;0;5;"2021-10-05";"2022-05-16";55661
"05615921K0025";"56159";"ZP";"272";8;2996;4751;2;"2021-11-04";;19707
"05616521K0086";"56165";"ZK";"287";8;6002;0;2;"2021-10-15";;18595
"05616521K0087";"56165";"ZL";"645";8;1147;1623;2;"2021-08-12";;16292
"05617421B0022";"56174";"ZI";"127";6;7286;9150;2;"2021-10-22";;82208
"05618921X0002";"56189";"ZM";"134";8;4306;0;5;"2021-03-26";"2021-03-26";20911
"05620620Y0092";"56206";"AZ";"571";3;1197;0;5;"2021-03-09";"2021-06-24";11755
"05622821K0014";"56228";"ZE";"305";8;3801;0;2;"2021-06-15";;11080
"05623721X0008";"56237";"ZY";"218";6;1816;6673;5;"2021-10-18";"2021-12-10";26883
"05624321Y0044";"56243";"AL";"100";4;1044;4139;5;"2021-09-28";"2021-12-13";12527
"05626020Y0148";"56260";"AC";"562";3;2836;0;2;"2021-02-04";;5259
"05626020Y0252";"56260";"BI";"247";6;2425;1060;5;"2021-02-08";"2021-09-13";17408
"05626020Y0287";"56260";"BK";"284";6;1982;10250;5;"2021-04-20";"2021-06-15";33550
"05626021Y0014";"56260";"DM";"305";3;2839;0;5;"2021-06-09";"2021-10-18";5264
"05626021Y0104";"56260";"CY";"403";3;4260;0;5;"2021-10-11";"2023-02-20";8845
"05626121Y0004";"56261";"ZR";"153";6;2219;0;5;"2021-04-19";"2021-06-26";78330
"05715921V0010";"57159";"15";"520";4;1003;0;2;"2021-09-06";;5509
"05716021C0002";"57160";"27";"137";8;1412;0;2;"2021-08-26";;2500
"05716021C0006";"57160";"27";"181";6;2869;0;5;"2021-06-24";"2021-09-13";24738
"05716021C0011";"57160";"27";"223";8;1133;0;5;"2021-07-19";"2021-09-03";5000
"05717721V0008";"57177";"02";"147";6;1740;2266;5;"2021-10-07";"2021-10-07";13742
"05726921N0009";"57269";"10";"204";6;2341;0;5;"2021-12-16";"2022-04-30";3833
"05728321N0005";"57283";"17";"94";8;41970;0;2;"2021-09-21";;87588
"05734421V0001";"57344";"AD";"65";4;1545;1489;2;"2021-07-09";;11761
"05735021C0002";"57350";"07";"87";8;1417;2975;5;"2021-05-06";"2021-06-20";21961
"05735021C0006";"57350";"08";"396";3;3391;0;5;"2021-10-21";"2021-11-25";14461
"05735821N0007";"57358";"04";"39";3;1360;8890;5;"2021-10-22";"2021-12-13";41406
"05744320P0019";"57443";"A";"2316";4;2162;0;2;"2021-05-20";;4800
"05744721Y0023";"57447";"49";"2355";8;3247;0;5;"2021-04-27";"2022-02-18";7580
"05746321X0045";"57463";"14";"77";3;3047;0;5;"2021-11-19";"2022-05-16";16038
"05748221M0018";"57482";"26";"586";8;1400;0;2;"2021-12-03";;4921
"05751121M0004";"57511";"D";"1004";8;1066;0;5;"2021-06-10";"2021-06-17";3700
"05751121M0007";"57511";;;8;1238;0;2;"2021-10-14";;7427
"05753421Y0010";"57534";;;3;1246;0;5;"2021-12-20";"2023-03-08";1500
"05756621V0006";"57566";"13";"1178";6;2752;0;5;"2021-07-16";"2021-08-28";28088
"05757621N0010";"57576";"8";"112";4;1509;0;5;"2021-10-04";"2022-08-16";8442
"05759121P0012";"57591";"19";"33";6;4420;1366;5;"2021-09-10";"2022-04-11";101186
"05760620S0025";"57606";"41";"45";8;1391;0;5;"2021-03-05";"2021-03-22";28158
"05760621S0012";"57606";"47";"1580";6;2090;8997;5;"2021-06-02";"2021-08-09";184406
"05760621S0013";"57606";"47";"1580";6;2090;8997;5;"2021-06-02";"2021-08-09";184406
"05760621S0036";"57606";"47";"205";6;1250;0;2;"2021-10-25";;111369
"05762021P0006";"57620";"34";"354";8;2497;0;2;"2021-06-10";;6280
"05763021V0016";"57630";"20";"235";4;10136;13141;5;"2021-11-29";"2022-03-28";383
"05763120S0046";"57631";"18";"222";3;2463;0;5;"2021-04-20";"2021-07-12";8333
"05763121S0056";"57631";"71";"489";8;1404;0;5;"2021-12-23";"2023-01-15";2808
"05766621E0017";"57666";;;6;1454;0;5;"2021-10-11";"2022-10-01";0
"05767721M0002";"57677";"13";"10";8;12367;54397;5;"2021-06-16";"2021-08-02";138012
"05768321V0025";"57683";"B";"4534";6;3400;24017;2;"2021-08-30";;89556
"05769021S0028";"57690";"18";"10";6;2975;2975;5;"2021-11-02";"2022-05-06";25737
"05813421A0004";"58134";"AD";"77";6;1488;60729;5;"2021-11-20";"2022-01-20";0
"05813821N0001";"58138";"0B";"470";8;3033;5127;5;"2021-04-07";"2022-06-01";28560
"05814821N0003";"58148";"0A";"342";8;1075;0;2;"2021-07-27";;3914
"05821520A0006";"58215";"ZA";"594";8;1980;606;2;"2021-01-07";;0
"05828021N0002";"58280";"B";"69-70";6;2714;31491;2;"2021-07-30";;199960
"05830320N0022";"58303";"ZI";"408";8;1011;1052;5;"2021-02-16";"2022-02-28";8944
"0590092100015";"59009";"PA";"124";3;11996;2345;2;"2021-09-27";;8464
"0590092100048";"59009";"NS";"38";3;1307;3070;5;"2021-09-28";"2022-07-01";3150
"05902820O0011";"59028";"B";"1994";8;6187;0;2;"2021-06-04";;18479
"05902821O0004";"59028";"A";"3157";6;2525;42734;5;"2021-11-09";"2021-11-22";48204
"05903421B0012";"59034";"ZH";"433P";8;1691;0;5;"2021-09-24";"2022-03-14";4779
"0590902100003";"59090";"BA";"104";8;1188;0;5;"2021-05-31";"2021-08-16";2787
"05911220O0033";"59112";"AV";"1";8;12445;30089;2;"2021-06-01";;38020
"05911621Z0001";"59116";"ZA";"105";8;1611;4140;2;"2021-07-21";;82748
"0591312100005";"59131";"AD";"95";8;3810;1970;5;"2021-08-23";"2021-11-15";11064
"0591312100014";"59131";"AD";"184";4;1553;0;5;"2021-11-29";"2022-04-19";17614
"05915221O0011";"59152";"AP";"267";8;2148;4261;2;"2021-06-24";;19676
"05915920A0002";"59159";"AC";"177";4;1091;0;5;"2021-03-12";"2025-11-07";0
"05916320O0044";"59163";"AO";"32";3;8193;0;2;"2021-04-23";;15573
"05916521D0010";"59165";"AK";"109";8;5017;12408;2;"2021-11-17";;21350
"05917020O0012";"59170";"AD";"46";4;1679;0;2;"2021-03-18";;16342
"05917820O0034";"59178";"AP";"50";4;1085;0;2;"2021-08-02";;11013
"05917820O0043";"59178";;;3;7075;0;5;"2021-07-07";"2021-11-26";0
"05917821O0006";"59178";;;4;1143;0;2;"2021-07-21";;0
"05917821O0012";"59178";"BO";"278";6;1851;15251;5;"2021-08-12";"2022-05-02";69591
"05918321A0049";"59183";"AH";"334";3;1276;193;5;"2021-12-22";"2022-09-15";292928
"05919520S0010";"59195";"A";"1251";3;1520;0;5;"2021-04-08";"2021-06-30";379
"05919521S0001";"59195";"A";"895";8;1409;12513;5;"2021-06-21";"2022-10-01";29897
"05920221M0006";"59202";"AN";"87";6;3060;3010;5;"2021-09-17";"2022-02-28";9255
"05920620C0005";"59206";"AI";"83";6;1086;34118;5;"2021-02-19";"2021-02-22";131253
"05922521K0006";"59225";"BC";"106";6;7858;27585;2;"2021-06-22";;97490
"05922521K0024";"59225";"AX";"90";6;2832;166602;2;"2021-11-19";;253173
"05923421O0006";"59234";"AA";"1";4;1410;30526;2;"2021-12-20";;0
"0592492000009";"59249";"A";"32";4;1540;1012;2;"2021-05-26";;37454
"0592492000019";"59249";"A";"465";4;2595;1545;5;"2021-06-01";"2022-03-07";9500
"05925321A0002";"59253";"C";"520";6;2250;18821;5;"2021-04-20";"2021-08-23";100552
"05925620M0018";"59256";"AI";"106";6;5180;4762;2;"2021-08-30";;713
"05926821J0009";"59268";"A";"6504";4;1123;0;5;"2021-11-08";"2022-03-08";5554
"0592712100020";"59271";"AI";"345P";6;5336;0;5;"2021-10-15";"2022-10-10";0
"05928620B0021";"59286";"AI";"946";3;1065;8738;2;"2021-02-11";;17391
"0592912000011";"59291";;;4;2105;0;2;"2021-03-18";;0
"05931320C0001";"59313";"ZB";"77";8;97337;0;2;"2021-03-16";;0
"05931321C0009";"59313";"B";"881";8;1891;0;5;"2021-10-04";"2022-01-10";345
"05932820S0053";"59328";"BE";"1154";3;3807;0;2;"2021-07-27";;2170
"05935920A0023";"59359";"BA";"86";8;2995;6278;2;"2021-04-23";;27206
"05936721V0003";"59367";"AL";"709";8;1823;2116;5;"2021-09-14";"2022-01-17";5129
"05937821O0029";"59378";"CB";"57";3;6027;0;2;"2021-09-30";;4188
"05938321O0016";"59383";"B";"5520";4;1253;0;5;"2021-09-27";"2022-04-06";5003
"05939220O0029";"59392";"Z";"459";8;1521;0;5;"2021-02-12";"2021-04-23";0
"05939221O0032";"59392";;;4;2717;0;2;"2021-12-06";;0
"05939221O0038";"59392";"AT";"628";8;1905;0;2;"2021-11-02";;0
"05939221O0039";"59392";"AT";"628";6;2462;0;2;"2021-11-02";;0
"05944721A0015";"59447";"ZD";"461";8;3122;13757;2;"2021-09-13";;55420
"0594562000016";"59456";"C";"3132";8;50174;0;5;"2021-03-25";"2023-01-01";122794
"0594562100017";"59456";"C";"1684";8;12898;0;2;"2021-12-17";;55742
"05945921A0006";"59459";"AD";"192";8;1588;0;2;"2021-07-23";;1310
"0594662100008";"59466";"AC";"141";8;1052;0;5;"2021-09-24";"2021-10-05";2789
"05949121C0018";"59491";"AW";"403";6;2580;0;2;"2021-10-26";;3817
"05949720M0012";"59497";"ZN";"164";8;1095;0;5;"2021-04-01";"2022-04-01";0
"05952121C0001";"59521";"ZA";"168";8;3252;44379;5;"2021-08-10";"2022-01-18";105322
"05952320L0021";"59523";"ZH";"3";6;5168;4762;5;"2021-08-30";"2022-10-15";24378
"05954421O0005";"59544";"AD";"55 56";4;2130;1617;5;"2021-08-31";"2024-03-13";9496
"05955221C0001";"59552";"ZA";"168";8;3252;44379;5;"2021-08-12";"2022-01-18";105322
"05956021S0002";"59560";"AE";"286";4;4702;9608;2;"2021-07-12";;8959
"05956920O0012";"59569";"AY";"141";3;1216;0;5;"2021-02-22";"2022-09-06";2640
"05956921O0002";"59569";"BR";"29";8;20603;72831;2;"2021-06-25";;261151
"05957121O0005";"59571";"AN";"480";4;2210;0;5;"2021-12-13";"2022-04-25";9784
"0595742100006";"59574";"B";"3376";8;1309;0;5;"2021-08-10";"2022-02-16";28000
"05958021A0008";"59580";"ZW";"252";8;1577;0;2;"2021-08-20";;5034
"05958520M0003";"59585";"AI";"6";8;22988;12698;5;"2021-01-20";"2022-03-31";50056
"05959920T0049";"59599";"DP";"558";8;1397;1256;5;"2021-01-11";"2021-04-13";6155
"05959920T0081";"59599";"AS";"407";4;1060;0;5;"2021-04-07";"2022-01-19";2846
"05960621O0038";"59606";"AE";"409";4;2005;1160;5;"2021-08-31";"2022-05-09";5454
"05964621O0009";"59646";"BE";"453";3;17150;5672;2;"2021-12-30";;12282
"0596502100031";"59650";"AR";"1";8;21026;0;5;"2021-11-19";"2023-05-04";63927
"06002921T0008";"60029";"AO";"6";8;3457;51837;2;"2021-10-20";;202988
"06010321T0015";"60103";"ZO";"94";4;1324;0;5;"2021-09-20";"2022-06-09";5242
"06034221T0013";"60342";"AB";"255";4;1416;2289;5;"2021-11-09";"2022-08-11";9854
"06036020T0014";"60360";"AC";"1";6;1301;17056;5;"2021-01-11";"2021-03-16";36087
"06036920T0009";"60369";"ZN";"80";8;1095;780;5;"2021-03-19";"2021-12-01";27490
"06037020T0004";"60370";"Y";"253";6;4914;0;5;"2021-03-25";"2021-07-01";23802
"06037421T0002";"60374";"S";"161";4;1641;0;5;"2021-08-04";"2022-06-15";4845
"06039820T0027";"60398";"ZD";"54";8;10789;0;5;"2021-02-15";"2022-09-26";96099
"06049421T0002";"60494";"ZI";"147";8;2415;0;2;"2021-08-03";;1725
"06050021T0059";"60500";"Z";"404";8;1380;0;2;"2021-12-20";;10717
"06053321T0010";"60533";"ZK";"100";3;1023;0;2;"2021-05-05";;7725
"06053321T0012";"60533";"ZK";"117";8;1019;0;2;"2021-05-17";;5779
"06053321T0015";"60533";"ZK";"94";6;1061;0;5;"2021-06-12";"2023-05-22";6309
"06053321T0019";"60533";"ZK";"102";6;1351;0;5;"2021-09-08";"2022-07-25";6761
"06053321T0020";"60533";"ZK";"115";8;2175;0;5;"2021-09-14";"2021-11-22";8320
"06058921T0002";"60589";"AB";"108";8;1462;8983;5;"2021-03-01";"2024-02-27";0
"06063621T0006";"60636";"ZB";"380";8;1068;2340;5;"2021-06-14";"2022-03-01";4902
"06066521T0014";"60665";"ZB";"68";4;1832;0;5;"2021-11-23";"2022-02-14";4737
"06068021T0006";"60680";"B";"206";3;4858;4116;5;"2021-11-18";"2022-12-07";26040
"06070120T0007";"60701";"H";"1119";3;1039;1623;2;"2021-01-15";;11147
"06070321T0006";"60703";"D";"665";8;1068;0;2;"2021-10-29";;5502
"06107720A0003";"61077";"AK";"187";6;1495;6092;5;"2021-01-25";"2021-06-18";0
"06114520D0018";"61145";"CP";"406";6;5732;36553;2;"2021-01-15";;150113
"06123421A0002";"61234";"AI";"22";6;1618;10330;5;"2021-03-26";"2021-04-12";34295
"06125121A0001";"61251";"ZE";"2A";6;1667;0;5;"2021-06-30";"2022-03-01";99089
"06132920P0003";"61329";"ZE";"33";6;1775;0;5;"2021-02-09";"2021-04-26";8890
"0620142000029";"62014";"ZM";"431";4;2150;0;2;"2021-03-11";;4876
"0620192100020";"62019";"ZB";"244";8;3550;0;2;"2021-11-20";;16568
"0620332000018";"62033";"AK";"236";4;2274;1860;5;"2021-04-12";"2022-12-05";2652
"0620402000032";"62040";"ZB";"86";8;1073;0;5;"2021-03-17";"2021-07-26";10055
"0620402100005";"62040";"ZC";"166";8;2150;2700;2;"2021-06-01";;12379
"0620402100019";"62040";"ZB";"86";6;3719;0;5;"2021-09-06";"2021-10-05";8652
"0620412000050";"62041";"AI";"53";8;2016;16821;2;"2021-01-07";;22750
"0620412100016";"62041";"AE";"329";3;3248;0;5;"2021-07-29";"2021-11-29";4311
"0620432100003";"62043";"AE";"407";8;1010;0;2;"2021-09-29";;23575
"0620802100001";"62080";"ZC";"110";8;4963;10955;2;"2021-04-13";;53265
"0620802100002";"62080";"AI";"206";4;1613;0;5;"2021-07-22";"2023-05-22";0
"0621002100007";"62100";"AI";"64";4;2021;0;2;"2021-11-23";;8822
"0621082100007";"62108";"AX";"304";4;1839;0;5;"2021-05-11";"2021-08-02";3966
"0621192000027";"62119";"AH";"688";4;2119;2231;5;"2021-02-19";"2021-05-17";10659
"0621322100007";"62132";"AS";"400";6;71640;40222;5;"2021-11-18";"2022-01-03";343991
"0621332100006";"62133";"AL";"403";8;1584;0;2;"2021-10-11";;3483
"0622152100016";"62215";"AZ";"1256";8;2288;10414;5;"2021-08-23";"2022-06-15";0
"0622152100019";"62215";"AZ";"892";8;2892;0;5;"2021-08-18";"2022-03-01";21063
"0622222100001";"62222";"ZB";"25";8;1195;0;5;"2021-06-28";"2021-11-15";19900
"0622392100004";"62239";;;3;1731;753;2;"2021-09-03";;3625
"06224921O0008";"62249";"ZD";"92";8;1490;0;5;"2021-08-20";"2021-11-02";5497
"0622762100012";"62276";"AD";"714";6;2481;187975;5;"2021-11-19";"2022-01-03";343991
"0623602000016";"62360";"AH";"7";6;3064;118862;2;"2021-04-15";;128023
"0623642100005";"62364";"C";"77";8;1677;0;2;"2021-04-19";;33908
"0623972000009";"62397";"AS";"146";4;1413;0;2;"2021-05-21";;4641
"0624132000014";"62413";"AR";"610";6;1500;0;2;"2021-02-01";;42079
"0624272000041";"62427";"AR";"794";4;1847;0;5;"2021-03-15";"2021-12-22";6514
"0624402100005";"62440";"ZA";"92";6;2335;5459;5;"2021-09-16";"2022-05-31";16920
"0624802100009";"62480";"ZB";"195";8;4643;2262;2;"2021-08-24";;164262
"0624982100005";"62498";"BD";"291";8;3057;0;2;"2021-05-28";;10925
"0625022000046";"62502";"AH";"639";6;1030;0;2;"2021-02-11";;4499
"0625022000047";"62502";"AB";"106";8;8576;14432;5;"2021-05-27";"2021-06-01";48693
"06250421L0003";"62504";;;6;10924;0;2;"2021-09-14";;0
"0625282100010";"62528";"AH";"597";4;1382;9740;5;"2021-10-07";"2023-10-23";29194
"0625492000002";"62549";"ZB";"107";4;3559;0;5;"2021-04-19";"2021-09-01";10738
"0625492100002";"62549";"ZB";"726";4;1695;0;5;"2021-11-29";"2022-08-23";5432
"0625502000004";"62550";"AA";"20";6;5200;53144;5;"2021-01-05";"2021-02-01";164387
"0625602100019";"62560";"AM";"825";6;7120;7120;2;"2021-08-27";;46435
"0626172000013";"62617";"AE";"553";6;1196;1580;5;"2021-03-16";"2021-12-01";7110
"0626172000022";"62617";"AC";"360";8;1154;170;2;"2021-03-15";;2553
"0626911900010";"62691";"ZI";"14";8;60930;0;5;"2021-04-15";"2021-08-16";183351
"0627272000006";"62727";"AI";"636";6;1120;4922;2;"2021-01-13";;9899
"0627372000042";"62737";"AK";"422";4;1339;0;2;"2021-06-09";;5188
"0627432100001";"62743";"ZB";"112";4;1480;0;2;"2021-06-11";;8686
"0627532100024";"62753";"AL";"81";8;1356;0;5;"2021-06-29";"2022-08-01";3101
"0627552100004";"62755";"AI";"379";4;4614;5251;5;"2021-11-02";"2022-12-08";10173
"0627572100009";"62757";"AD";"44";4;1275;1738;5;"2021-06-10";"2023-05-15";3256
"0627642100004";"62764";"AC";"78";4;4414;13170;5;"2021-11-03";"2024-10-23";23238
"0627672000012";"62767";"AB";"335";3;1089;2959;5;"2021-01-07";"2021-08-23";2009
"0627672100001";"62767";"AR";"67";6;1806;40182;5;"2021-04-12";"2021-05-03";234558
"0627672100004";"62767";"AH";"170";6;1225;4565;2;"2021-08-05";;70825
"0627812100001";"62781";"A";"674";8;1003;122343;2;"2021-06-01";;1482391
"0628102100006";"62810";"ZO";"42";8;1348;0;5;"2021-06-29";"2022-01-03";0
"0628102100007";"62810";"ZO";"549";8;2019;0;5;"2021-07-23";"2022-01-03";30990
"0628202000005";"62820";"ZH";"109";8;2889;0;2;"2021-02-24";;16277
"0628202100003";"62820";"ZH";"192";8;3570;0;5;"2021-07-21";"2022-01-17";13491
"0628422000008";"62842";"BC";"104";4;2177;26458;5;"2021-04-12";"2022-01-04";20598
"0628732100001";"62873";"ZN";"189";8;3218;5252;5;"2021-07-28";"2021-08-02";37071
"0628942100020";"62894";"AM";"20";3;1190;17468;2;"2021-10-21";;32467
"0628952000042";"62895";"ZA";"27";4;1614;0;2;"2021-02-22";;12805
"06303820V0041";"63038";"ZM";"178";6;2091;2464;5;"2021-02-25";"2021-05-06";7569
"06305421V0011";"63054";"ZC";"160";8;1700;0;2;"2021-10-25";;5213
"06306920G0027";"63069";"AD";"278";4;2663;16202;5;"2021-08-31";"2021-10-15";36189
"06311320G0055";"63113";"AY";"229";6;1228;8608;5;"2021-03-21";"2021-06-28";35510
"06311321G0169";"63113";"BM";"82";6;1370;2402;5;"2021-10-26";"2021-10-26";8000
"06311621C0005";"63116";"YB";"113";8;1697;1022;5;"2021-04-15";"2021-11-08";10900
"06312521T0018";"63125";"XC";"17";6;1169;3048;2;"2021-10-18";;11206
"06316420G0014";"63164";"BP";"172";8;1379;0;5;"2021-01-22";"2021-09-01";6919
"06317821V0065";"63178";"BV";"9";8;1879;0;5;"2021-10-13";"2022-03-17";6995
"06330021R0072";"63300";"YO";"504";3;1032;1496;5;"2021-12-23";"2022-01-27";5146
"0633412000011";"63341";"ZA";"18";6;1095;0;2;"2021-02-23";;38181
"06338021V0007";"63380";"D";"1427";6;2527;8122;5;"2021-12-24";"2022-09-05";37273
"06345521G0024";"63455";"ZC";"433";8;2847;0;5;"2021-10-04";"2022-03-14";13378
"06402420B0211";"64024";"DI";"420";3;2948;0;5;"2021-02-09";"2022-09-13";1782
"06408621B0015";"64086";"B";"622";8;1798;0;5;"2021-10-25";"2023-11-27";5454
"06414721B0004";"64147";"ZW";"81";6;1942;2287;5;"2021-05-31";"2021-07-19";12573
"06420820P0008";"64208";"ZA";"53";6;1153;1980;5;"2021-03-08";"2021-06-17";88500
"06430021X1001";"64300";"AB";"313";6;3040;0;5;"2021-06-14";"2021-07-07";22910
"06431721B0023";"64317";"ZA";"79";6;8494;0;5;"2021-11-17";"2022-05-12";0
"06434821P0009";"64348";"AC";"368";3;3580;0;5;"2021-05-27";"2021-08-30";10245
"06440521P0016";"64405";"AA";"148";6;4648;0;5;"2021-10-12";"2022-01-13";50000
"06440721B0033";"64407";"BK";"105";8;1152;2449;5;"2021-10-21";"2022-06-01";14426
"06443020X1033";"64430";"BE";"293";4;1026;0;5;"2021-10-07";"2023-01-01";7635
"06443121X1002";"64431";"AE";"306";8;1563;0;2;"2021-08-20";;0
"06444521P0004";"64445";"AY";"399";6;2431;874;5;"2021-02-17";"2021-03-19";11533
"06444521P0050";"64445";"AP";"93";8;1404;0;5;"2021-11-16";"2022-12-01";4476
"06444521P0058";"64445";"BX";"58";8;8299;3945;5;"2021-11-10";"2023-08-30";122778
"06448421B0012";"64484";"B";"1840";6;1080;3321;5;"2021-07-08";"2022-01-04";9670
"0650862100002";"65086";"C";"160";8;1650;0;2;"2021-07-18";;12820
"0651272000015";"65127";"AM";"12";4;1197;2393;5;"2021-04-02";"2021-06-21";6725
"0651682100005";"65168";"A";"357";4;1323;0;2;"2021-10-19";;4211
"0652352100017";"65235";"AP";"17";6;1137;0;5;"2021-08-25";"2021-09-15";34418
"0652842100014";"65284";"0A";"528";6;2660;1166;5;"2021-11-05";"2021-11-15";39299
"0654402100048";"65440";"AK";"261";3;3869;0;5;"2021-12-06";"2022-04-22";2646
"06546020H0031";"65460";"OBV";"257";6;1002;0;2;"2021-02-04";;257
"06602021D0001";"66020";"AH";"26";4;1484;0;2;"2021-06-14";;3264
"06602521H0004";"66025";"B";"122";8;1644;0;2;"2021-12-16";;0
"06602821F0004";"66028";"AA";"663";4;1200;13874;5;"2021-04-08";"2021-10-04";76605
"06603721F0029";"66037";"AE";"274";8;1047;0;5;"2021-06-18";"2023-10-02";2490
"06604920B0014";"66049";"AR";"179P";8;1500;0;2;"2021-03-03";;5576
"06605020E0066";"66050";"AA";"34";3;2436;0;5;"2021-01-11";"2022-01-01";5930
"06613620P0162";"66136";"HN";"144";4;1867;0;5;"2021-03-10";"2022-04-19";2031
"06613620P0208";"66136";"IK";"1173";8;1092;0;5;"2021-01-22";"2021-04-19";16932
"06613620P0348";"66136";"DE";"638";8;1205;0;5;"2021-04-02";"2022-03-01";3020
"06613620P0362";"66136";"DH";"1000P";3;1555;0;5;"2021-03-16";"2021-07-05";3813
"06613621P0050";"66136";"HL";"741";3;1375;0;2;"2021-04-29";;1943
"06613621P0088";"66136";"HL";"677";4;2633;0;2;"2021-06-08";;4921
"06613621P0130";"66136";"DI";"452";6;1323;0;5;"2021-07-01";"2024-05-21";4010
"06621221E0013";"66212";"BH";"169";4;8507;0;5;"2021-10-19";"2022-12-19";100504
"06700821R0001";"67008";"12";"102";8;3242;0;5;"2021-05-27";"2021-10-11";9085
"06700821R0002";"67008";"12";"102";6;4877;0;5;"2021-08-02";"2022-06-13";151108
"06704321V0017";"67043";"12";"40";6;8511;60258;5;"2021-12-17";"2022-02-24";278668
"06704321V0018";"67043";"23";"63";8;4826;0;5;"2021-10-06";"2022-10-13";8590
"06704621R0018";"67046";"12";"17";6;1589;4708;5;"2021-12-03";"2022-01-15";18657
"06708021R0004";"67080";"23";"235";8;28335;0;5;"2021-05-27";"2021-09-06";0
"06710420R0005";"67104";"08";"215";6;5776;0;5;"2021-05-06";"2022-01-10";120796
"06710521R0008";"67105";"16";"104";8;1250;3714;2;"2021-11-23";;89073
"06710521R0011";"67105";"16";"102";8;1190;0;2;"2021-11-26";;6425
"06715121R0013";"67151";"38";"134";4;1572;11965;2;"2021-11-04";;30526
"06715220V0027";"67152";"AM";"35";8;24012;52254;5;"2021-03-04";"2022-01-24";120951
"06715621R0013";"67156";"36";"126";6;1507;9813;5;"2021-09-02";"2022-05-13";20858
"06716421R0003";"67164";"07";"639";4;1172;0;5;"2021-10-25";"2022-03-14";3525
"06717621R0018";"67176";"36";"129";8;3019;0;5;"2021-09-23";"2022-02-18";22562
"06718021M0025";"67180";;;4;2251;1720;5;"2021-10-29";"2022-08-16";0
"06720421V0006";"67204";"12";"40";6;3800;26896;5;"2021-12-17";"2022-02-24";278668
"06721221V0008";"67212";"31";"297";6;2323;0;2;"2021-07-02";;0
"06723420R0015";"67234";"52";"51";8;3269;0;5;"2021-03-10";"2022-05-16";58757
"06723720R0014";"67237";"13";"61";6;2421;14405;2;"2021-01-13";;34954
"06726721V0006";"67267";"11";"2";3;5091;8692;2;"2021-09-17";;49710
"06730021R0016";"67300";"37";"155";3;2810;47238;5;"2021-07-05";"2021-07-05";141562
"06730021R0032";"67300";"50";"433";3;1024;1359;5;"2021-09-29";"2022-03-07";3905
"06730121R0018";"67301";"39";"211";6;51430;0;5;"2021-11-02";"2023-03-31";80100
"06732720R0009";"67327";"37";"286";6;1782;0;2;"2021-01-22";;31993
"06738921V0007";"67389";"22";"183";8;1981;0;5;"2021-08-24";"2022-01-01";1330
"06742521R0009";"67425";"03";"368";6;3826;0;2;"2021-11-09";;16475
"06744720M0014";"67447";"28";"272";6;2017;8384;5;"2021-02-25";"2021-07-15";1654
"06744720M0019";"67447";"63";"204";3;2830;2500;2;"2021-02-12";;9433
"06744720M0026";"67447";;;3;4088;0;5;"2021-04-13";"2021-11-02";2526
"06745221R0009";"67452";"05";"59";8;1766;0;5;"2021-08-09";"2023-03-22";13704
"06746221M0012";"67462";;;4;6762;0;5;"2021-11-25";"2023-11-16";8123
"06747821R0010";"67478";"26";"79";6;3073;2156;5;"2021-11-20";"2024-04-03";5511
"06748221V0030";"67482";"BX";"617";3;19724;15195;5;"2021-05-21";"2022-12-01";9031
"06748221V0093";"67482";"37";"11";3;6108;30264;5;"2021-08-31";"2021-10-07";35533
"06748221V0183";"67482";"41";"111";3;2680;0;5;"2021-11-23";"2023-04-01";14889
"06750021R0009";"67500";"05";"10";6;9589;26475;5;"2021-10-18";"2021-10-19";306487
"06753921R0031";"67539";"7";"278";6;3373;2670;5;"2021-12-17";"2023-04-01";9416
"06754721R0018";"67547";"44";"193";6;2902;0;2;"2021-11-22";;5064
"0680122000015";"68012";"27";"419";3;1296;0;5;"2021-01-28";"2023-12-11";3591
"06802021D0008";"68020";"38";"11";6;1868;0;2;"2021-07-27";;260114
"06802621C0018";"68026";"14";"598";8;1208;1243;5;"2021-12-14";"2021-12-21";5085
"06802821C0014";"68028";"33";"45";8;1971;794;2;"2021-07-15";;2880
"06805621D0004";"68056";"22";"409";3;1245;0;5;"2021-06-08";"2022-03-24";5410
"06805621D0005";"68056";"22";"428";3;2618;0;5;"2021-08-13";"2021-08-16";6535
"06806221E0009";"68062";;;6;1382;0;2;"2021-09-20";;0
"0680632100026";"68063";"75";"233";4;2280;0;5;"2021-06-08";"2021-06-21";1250
"0680632100029";"68063";"60";"226";4;1046;0;5;"2021-11-03";"2022-02-23";3264
"0680632100040";"68063";"81";"118";6;1192;3708;5;"2021-07-27";"2021-12-13";16299
"0680632100054";"68063";"64";"139";8;1919;1080;5;"2021-11-08";"2021-11-29";33154
"06806620R0167";"68066";"ID";"199";8;1132;1152;5;"2021-04-27";"2021-05-11";2210
"06806621R0113";"68066";"MP";"106";4;2832;3128;5;"2021-10-22";"2022-02-28";13022
"06807121E0002";"68071";"15";"2";8;14478;0;5;"2021-12-30";"2022-05-02";47042
"06808221B0020";"68082";"48";"307";8;4555;3265;5;"2021-08-24";"2022-02-28";17929
"06808221B0021";"68082";"48";"292";6;10622;12018;5;"2021-08-27";"2021-09-06";67266
"06813521F0010";"68135";"04";"282";6;2105;18022;5;"2021-10-15";"2021-10-20";56456
"06818521C0005";"68185";"21";"288";6;3500;8857;5;"2021-09-14";"2022-11-02";35048
"06822321A0012";"68223";"16";"18";8;1045;0;5;"2021-11-12";"2021-12-01";23936
"06822420S0064";"68224";"MZ";"268";3;3962;0;5;"2021-02-19";"2022-04-01";854
"06822420S0099";"68224";"IM";"439";8;3913;901;2;"2021-07-26";;23034
"06822420S0111";"68224";"KW";"265";3;3176;0;2;"2021-09-09";;890
"06822621A0002";"68226";"12";"161";6;1955;0;2;"2021-04-28";;21802
"06827818K0030";"68278";"AD";"110";4;9412;5;5;"2021-12-06";"2025-06-09";40306
"06829420C0013";"68294";"12";"102";6;5943;0;5;"2021-01-04";"2021-01-08";48264
"06830020D0017";"68300";"13";"373";4;1353;0;5;"2021-02-11";"2021-05-03";13882
"06830021D0011";"68300";"11";"404";4;1496;0;5;"2021-10-12";"2022-04-11";8703
"06830121F0014";"68301";"AE";"39";8;1516;3665;5;"2021-08-04";"2022-11-30";10595
"06830921F0003";"68309";"01";"698";8;6037;0;5;"2021-04-27";"2021-06-28";12659
"06831521B0010";"68315";"26";"442";8;1677;0;5;"2021-05-06";"2021-09-01";34585
"06832121F0006";"68321";"9";"21";6;1856;0;5;"2021-07-02";"2024-07-01";6276
"06832121F0010";"68321";"9";"31";6;2607;0;5;"2021-09-16";"2023-06-16";23242
"06832121F0011";"68321";"9";"48";8;39343;0;5;"2021-09-27";"2022-02-21";108307
"06836520A0015";"68365";"03";"394";8;1325;0;2;"2021-05-04";;3012
"06837421A0018";"68374";"24";"107";4;2164;1810;5;"2021-12-15";"2025-03-31";7625
"06837720E0006";"68377";"06";"236";4;1005;585;2;"2021-03-04";;4328
"0690132000036";"69013";"AE";"222";4;3807;0;5;"2021-03-11";"2022-10-06";0
"0690132100002";"69013";"AE";"62";6;1813;0;5;"2021-07-08";"2021-08-06";0
"0690192000055";"69019";"AI";"657";6;1091;820;2;"2021-02-11";;0
"0690192000065";"69019";"AH";"748";6;6103;7380;5;"2021-03-19";"2023-06-20";0
"0690272100008";"69027";"AY";"35";6;1470;920;5;"2021-06-08";"2023-10-16";0
"0690272100028";"69027";"BC";"181";6;2650;0;5;"2021-10-25";"2022-01-03";4682
"0690402100009";"69040";"BE";"38";3;3175;1408;2;"2021-10-18";;3083
"0690652100004";"69065";"AE";"475";8;1468;0;2;"2021-08-12";;4670
"0690722000022";"69072";"BC";"37";3;4649;850;2;"2021-02-01";;2630
"0690722000036";"69072";"BC";"118";8;6466;2112;5;"2021-03-16";"2022-07-23";9366
"0690722100009";"69072";"AY";"68";3;1205;652;5;"2021-06-29";"2021-09-23";2079
"0690722100028";"69072";"AT";"46";3;1554;1980;5;"2021-10-18";"2024-05-27";5384
"0690922100009";"69092";"AI";"193";4;1667;0;5;"2021-11-22";"2022-03-16";0
"0691172100007";"69117";"B";"2066";3;1418;0;5;"2021-09-30";"2024-05-18";17188
"0691202100006";"69120";"AH";"210";6;2680;2280;5;"2021-11-29";"2022-02-08";19898
"0693872000213";"69123";"CH";"200";8;29449;0;5;"2021-02-05";"2021-12-23";51740
"0693872000288";"69123";"CE";"15";3;1455;589;5;"2021-10-19";"2025-12-15";676
"0693872000355";"69123";"CD";"139";3;29170;0;5;"2021-05-18";"2021-10-08";9001
"0693872100097";"69123";"CD";"193";3;5549;2259;5;"2021-08-17";"2024-07-15";1917
"0693882000252";"69123";"AM";"108";3;6912;0;5;"2021-07-09";"2021-12-20";6816
"0693892000175";"69123";"AR";"124";3;6028;0;5;"2021-03-29";"2022-11-22";2735
"0693892000219";"69123";"AX";"49";3;2882;2834;5;"2021-09-24";"2022-12-12";2138
"0693892000237";"69123";"AS";"206";3;2966;0;2;"2021-05-06";;0
"0693892100074";"69123";"AZ";"102";3;11375;1590;5;"2021-09-07";"2022-03-09";4383
"0691412100021";"69141";"AE";"156";6;1151;938;5;"2021-10-12";"2021-12-14";4531
"0691422000014";"69142";"AH";"73";3;7732;0;2;"2021-01-06";;2745
"0691432000010";"69143";"AD";"550";8;3398;7775;5;"2021-09-10";"2023-02-20";0
"0691432100011";"69143";"AC";"1";6;17727;105253;5;"2021-07-21";"2021-12-01";260943
"0691792000028";"69179";"0B";"88";3;1026;275;5;"2021-04-22";"2021-04-22";8934
"0691992100009";"69199";"AM";"187";3;8004;0;5;"2021-07-08";"2022-03-18";9293
"0692042000043";"69204";"CO";"3";3;5500;490;5;"2021-03-15";"2024-03-04";22579
"0692082100021";"69208";;;8;2219;0;2;"2021-03-22";;0
"0692192000020";"69219";"0A";"139";6;9463;6462;5;"2021-05-10";"2021-09-20";30298
"0692442100001";"69244";"AT";"204";3;2355;7945;5;"2021-07-06";"2023-11-02";4240
"0692562000063";"69256";"BP";"440";6;1044;0;2;"2021-04-27";;1612
"0692562100025";"69256";"AO";"16";4;1979;0;5;"2021-10-25";"2022-03-01";38768
"0692562100028";"69256";"BO";"32";6;10755;4423;5;"2021-12-17";"2022-03-23";17631
"0692562100040";"69256";"BP";"401";6;1197;11128;2;"2021-12-20";;31237
"0692642000068";"69264";"AY";"274";8;1663;2212;5;"2021-02-11";"2021-03-08";8597
"0692642000069";"69264";"AT";"212";6;1200;0;5;"2021-03-05";"2023-03-01";4502
"0692712100005";"69271";"CB";"39";6;1603;1371;5;"2021-05-04";"2021-06-30";6504
"0692732000041";"69273";"ZE";"125";6;3753;0;5;"2021-03-11";"2021-05-04";10071
"0692732100018";"69273";"AT";"54";6;1633;0;5;"2021-08-26";"2022-04-15";9567
"0692752000056";"69275";"BL";"122";4;3978;0;5;"2021-03-03";"2021-09-20";35260
"0692752100023";"69275";"CC";"136";6;1190;9845;2;"2021-06-15";;24523
"0692792000052";"69279";"AZ";"108";8;1836;0;5;"2021-03-25";"2021-09-27";10965
"0692822100044";"69282";"CA";"16";3;1564;24583;5;"2021-10-05";"2021-11-15";48704
"0692822100053";"69282";"BO";"124";6;2094;0;2;"2021-08-31";;25036
"0692842100006";"69284";"ZB";"303";4;3222;0;2;"2021-09-28";;6452
"0692852000034";"69285";"C";"45";4;1709;1736;5;"2021-06-17";"2022-03-14";0
"0692852000038";"69285";"C";"744";6;3607;1318;5;"2021-02-03";"2021-05-03";16817
"0692862100004";"69286";"CD";"12";3;5755;0;2;"2021-05-06";;0
"0692862100005";"69286";"CD";"13";3;1832;0;2;"2021-05-06";;0
"0692902100007";"69290";"AZ";"111";4;4914;4914;5;"2021-09-18";"2022-01-07";12787
"0692902100009";"69290";"AD";"177";8;1870;0;2;"2021-04-13";;26195
"0692902100076";"69290";"EH";"314";8;2999;7600;5;"2021-11-15";"2022-03-21";23450
"0692972100008";"69297";"BA";"47";8;2135;0;2;"2021-05-09";;8286
"0692982100005";"69298";"ZA";"1";6;1750;3318;2;"2021-08-10";;0
"07012221O0002";"70122";"AH";"129";6;1773;21290;2;"2021-05-11";;79839
"07013821C0003";"70138";"ZA";"131";6;2000;23300;2;"2021-06-07";;5470
"07022421C0007";"70224";"ZC";"36";4;1350;0;2;"2021-12-13";;10956
"07025821E0018";"70258";"A";"1221";6;3250;16868;2;"2021-10-14";;59670
"07028520D0029";"70285";"YA";"71";6;4888;0;5;"2021-01-25";"2021-04-01";18721
"07028521D0012";"70285";"AL";"982";6;3740;0;5;"2021-10-07";"2022-02-21";41519
"07038820C0017";"70388";"BM";"19";6;3526;604647;5;"2021-01-08";"2021-02-01";218806
"07047321E0008";"70473";;;8;1840;0;5;"2021-12-20";"2022-01-17";0
"07047721E0007";"70477";"ZE";"136";4;1665;1985;5;"2021-09-09";"2021-12-01";24994
"07055021C0017";"70550";"BH";"138";8;2025;1695;5;"2021-12-02";"2023-01-30";7342
"07056621P0004";"70566";"2B";"30";6;3931;0;5;"2021-12-13";"2022-09-15";24274
"07100220E0023";"71002";"0D";"1553";4;1170;0;2;"2021-05-20";;45297
"07107621E0049";"71076";"BP";"321";8;1250;10797;5;"2021-11-25";"2022-01-17";29010
"07112021P0019";"71120";"A";"5P";8;1316;0;2;"2021-08-30";;4635
"07117620P0031";"71176";"BT";"252";4;1474;840;5;"2021-03-12";"2021-08-01";7032
"07120421E0003";"71204";"AH";"43";6;4574;5022;5;"2021-03-15";"2021-06-21";62305
"07127020J0091";"71270";"BD";"143";4;1070;389;5;"2021-03-12";"2021-07-07";1469
"07130620M0037";"71306";"BC";"181";4;1050;6309;2;"2021-02-05";;0
"07135121E0013";"71351";"AC";"137";8;1091;0;2;"2021-11-25";;11160
"07144221E0002";"71442";"AM";"197";4;3012;1647;2;"2021-11-04";;13992
"07154321S0010";"71543";"AT";"328";6;1845;3078;5;"2021-10-27";"2022-01-17";31745
"07155521E0009";"71555";"AA";"402";4;1900;720;2;"2021-11-30";;11398
"07155621S0001";"71556";"B";"945";4;1710;527;2;"2021-09-16";;7312
"07156421P0002";"71564";"A";"748";6;5822;0;2;"2021-04-28";;54275
"07200321Z0019";"72003";"ZI";"109";8;13067;18437;5;"2021-09-09";"2022-06-20";80674
"07200821Z0016";"72008";"AL";"165";8;3109;11586;2;"2021-12-09";;36983
"07202221Z0003";"72022";"YB";"74";6;3655;9474;5;"2021-08-27";"2021-09-14";69090
"07203920Z0011";"72039";"0E";"144";4;1429;882;5;"2021-01-12";"2022-01-10";4146
"07205421Z0011";"72054";"A";"229";6;1492;10215;5;"2021-09-15";"2022-02-15";55882
"07215421Z0039";"72154";"ZK";"215";8;1578;2150;5;"2021-07-01";"2023-10-09";21359
"07216721Z0008";"72167";"ZH";"85";8;4918;11180;2;"2021-10-14";;65307
"07218120Z0181";"72181";"HW";"349";3;6478;0;2;"2021-03-15";;1204
"07218121Z0038";"72181";"KV";"55";4;1195;0;5;"2021-09-08";"2022-03-07";6825
"07218121Z0078";"72181";"KT";"42";3;2054;0;2;"2021-10-26";;224317
"07219821Z0004";"72198";"ZV";"115";8;1214;0;5;"2021-07-06";"2022-05-30";6687
"07226421Z0010";"72264";"BV";"26";6;2752;35915;5;"2021-07-08";"2021-09-13";100044
"07234621Z0053";"72346";"AM";"343";4;1472;1334;5;"2021-12-07";"2023-04-07";6080
"07235821Z0005";"72358";"AC";"10";6;5054;4700;2;"2021-07-09";;24228
"07301021C1043";"73010";"0C";"85";6;1015;0;2;"2021-12-23";;0
"07306520G1053";"73065";"HC";"164";8;3848;0;2;"2021-01-21";;0
"07306520G1090";"73065";"HD";"556";8;1295;0;2;"2021-02-16";;0
"07306520G1092";"73065";"CN";"156";8;1271;6728;2;"2021-03-18";;25812
"07306521G1034";"73065";"HC";"42";8;1032;137;2;"2021-09-02";;0
"07310021N1011";"73100";"A";"2205";6;1332;0;2;"2021-12-16";;3015
"07310321C1009";"73103";"0C";"3001";4;5189;1918;5;"2021-12-20";"2023-03-28";12859
"07312420D1019";"73124";"0C";"763";6;2716;0;5;"2021-04-23";"2021-07-05";43560
"07315520C1005";"73155";"0A";"4626";8;3703;0;2;"2021-04-08";;0
"07315520C1006";"73155";"0A";"3880";3;1318;0;5;"2021-03-12";"2021-08-23";4921
"07321321G1017";"73213";"E";"108";4;1479;9757;2;"2021-12-28";;25095
"07321820C1009";"73218";"0B";"829";4;1133;1507;2;"2021-01-06";;9983
"07322421R1001";"73224";"C";"1288";6;1500;1200;5;"2021-03-04";"2021-03-08";5941
"07325321M1003";"73253";"0E";"687";6;1300;0;2;"2021-07-26";;6910
"07327021G1015";"73270";"ZV";"101";8;1194;0;5;"2021-08-04";"2023-01-16";8203
"07327021G1035";"73270";"0D";"1909";8;1139;4514;5;"2021-12-30";"2024-04-04";33782
"07400321X0008";"74003";"B";"1635";8;2501;0;2;"2021-08-10";;21481
"07400620A0010";"74006";"0B";"2330";4;2668;0;5;"2021-03-09";"2021-08-23";0
"07400621A0001";"74006";"0B";"2416";8;1157;0;5;"2021-04-13";"2021-07-07";0
"0740102100108";"74010";"AB";"361";8;1929;4369;2;"2021-10-15";;0
"0740102100139";"74010";"AC";"114";8;1962;625;5;"2021-12-22";"2022-05-02";6000
"0740102100155";"74010";"BP";"16";3;9251;780;5;"2021-12-16";"2022-01-24";31888
"0740102100169";"74010";"AA";"5";4;1963;0;5;"2021-11-30";"2022-01-28";8375
"07401221H0013";"74012";"A";"5045";3;4743;3735;5;"2021-09-14";"2021-09-20";2861
"07402720X0002";"74027";"A";"3386";6;1881;0;5;"2021-02-15";"2021-11-15";4612
"07404220A1051";"74042";"AO";"355";3;1735;5777;5;"2021-02-24";"2023-03-27";27540
"07409420H0028";"74094";"0A";"718";4;3048;8805;5;"2021-04-01";"2024-07-01";5780
"07409420H0054";"74094";"0E";"2140";8;1768;2633;2;"2021-03-08";;10983
"07411220X0015";"74112";"AL";"172";4;1296;0;5;"2021-04-12";"2021-04-19";59594
"07412121B0010";"74121";"B";"841";8;1300;0;5;"2021-06-03";"2022-02-28";2979
"07413321A0001";"74133";"A";"3724";4;1287;5338;2;"2021-09-20";;14441
"07413721A0023";"74137";"0D";"2774";8;1525;0;5;"2021-10-08";"2022-03-07";3359
"0741732100096";"74173";"AB";"285";3;1204;555;2;"2021-12-20";;9862
"07421021B0018";"74210";"B";"3778";6;1935;0;5;"2021-09-13";"2022-02-14";5604
"07422021A0007";"74220";"0D";"963";8;1096;0;5;"2021-03-22";"2021-06-30";4665
"07422621B0006";"74226";"A";"342";6;3547;0;2;"2021-10-19";;8750
"07422921H0019";"74229";"C";"2645";4;1250;387;5;"2021-08-18";"2022-06-29";2252
"07423420X0009";"74234";"0C";"3033";4;1095;0;5;"2021-02-28";"2021-04-16";1645
"07423921X0004";"74239";"A";"4253";8;2361;0;5;"2021-07-07";"2022-03-14";1298
"07423921X0008";"74239";"A";"3553";4;1366;0;5;"2021-10-21";"2023-04-06";1555
"07424121C0002";"74241";"0C";"4029";3;1229;934;5;"2021-04-07";"2021-10-18";14145
"07425620A0061";"74256";"A";"3742";4;1550;2700;5;"2021-02-12";"2022-07-04";6946
"0742641900028";"74264";"C";"67";4;19155;0;2;"2021-11-02";;24474
"0742812020075";"74281";"BH";"332";3;2401;0;5;"2021-03-05";"2021-12-10";3104
"07428820A0018";"74288";;;4;1310;930;5;"2021-05-26";"2021-06-08";0
"07430520H0017";"74305";"A";"718";4;3048;8805;5;"2021-04-06";"2025-08-24";34265
"07510220V0001";"75056";"AH";"96";3;1858;6996;5;"2021-01-07";"2021-09-14";1500
"07510320V0010";"75056";"AO";"16";3;1495;174;5;"2021-09-16";"2022-06-13";2256
"07510320V0018";"75056";"AR";"26";3;1281;3756;5;"2021-05-12";"2022-10-18";803
"07510320V0021";"75056";"AR";"25";3;3313;6427;5;"2021-06-28";"2021-09-06";1383
"07510819V0056";"75056";"BH";"38";4;7594;11672;5;"2021-04-15";"2021-08-02";4236
"07510820V0026";"75056";"BJ";"59";3;9220;18196;5;"2021-05-07";"2021-11-04";3349
"07510820V0039";"75056";"AR";"43";3;1459;9050;5;"2021-07-07";"2021-10-14";1850
"07510821V0007";"75056";"BM";"54";3;1589;16200;5;"2021-08-31";"2022-02-01";4874
"07510821V0020";"75056";"AS";"82";4;4222;10873;2;"2021-12-14";;1361
"07511221V0013";"75056";"DT";"5";8;1039;148925;5;"2021-11-17";"2021-11-17";27117
"07511520V0009";"75056";"BX";"44";3;1469;7773;5;"2021-07-15";"2021-11-14";1628
"07511521V0020";"75056";"FN";"10";3;18328;0;2;"2021-10-28";;3369
"07511719V0065";"75056";"CP";"150";3;4082;658;5;"2021-05-28";"2025-04-17";1067
"07511720V0002";"75056";"DS";"3";3;19478;50;5;"2021-08-19";"2022-09-26";4285
"07511720V0031";"75056";"BZ";"15";3;16295;71;2;"2021-05-14";;2889
"07511721V0018";"75056";"CH";"37";3;2548;6186;5;"2021-12-20";"2022-02-16";2303
"07511819V0042";"75056";"DD";"50";3;1224;457;5;"2021-04-30";"2021-07-01";566
"07511920V0028";"75056";"BP";"4";3;6262;10523;5;"2021-11-09";"2023-01-02";49272
"07511920V0039";"75056";"AC";"21";3;4633;2701;2;"2021-11-25";;1826
"07512020V0034";"75056";"CZ";"24";3;3347;6284;5;"2021-05-27";"2024-02-26";6631
"07619621A0017";"76196";"C";"478";8;3130;0;2;"2021-07-05";;38769
"07621221M0008";"76212";"AK";"27";6;4360;3679;5;"2021-05-14";"2021-10-01";0
"0762312100020";"76231";"AN";"282";6;1740;19394;5;"2021-12-24";"2022-06-15";27113
"07624521B0004";"76245";"ZI";"76";6;2898;0;5;"2021-05-20";"2022-01-17";6453
"07624521B0011";"76245";"ZC";"191";3;2061;1409;5;"2021-09-21";"2022-02-14";10652
"0762592000026";"76259";;;6;1004;369;2;"2021-04-05";;0
"07626320B0012";"76263";"J";"380";8;1004;0;2;"2021-05-10";;3623
"07627321M0002";"76273";"ZA";"5";3;3257;0;5;"2021-07-23";"2021-11-22";0
"07627621F0010";"76276";"AI";"50";4;1349;0;5;"2021-09-22";"2022-01-03";8493
"07630520H0014";"76305";"AN";"3";6;2291;0;5;"2021-02-12";"2021-06-21";6963
"07630521H0015";"76305";"DC";"78";8;69001;0;2;"2021-12-24";;281666
"07631920O0157";"76319";"AB";"363";8;1338;0;2;"2021-07-27";;3180
"07631921O0037";"76319";"AT";"561";3;1916;0;2;"2021-06-10";;5923
"07631921O0050";"76319";"AT";"755";8;5234;3160;2;"2021-06-01";;15296
"07631921O0062";"76319";;;8;9000;0;5;"2021-06-29";"2021-12-13";0
"07632221G0031";"76322";"AD";"191";8;1400;4065;2;"2021-11-18";;27311
"07635121H0014";"76351";"NL";"213";6;17200;0;5;"2021-05-27";"2021-12-07";36980
"07641021M0002";"76410";"AB";"264";8;2420;0;2;"2021-07-26";;3755
"07646220B0010";"76462";"AK";"116";4;2116;4330;2;"2021-02-26";;608
"07646921B0001";"76469";"AB";"341";8;1015;1907;2;"2021-07-02";;10806
"07649721O0014";"76497";;;8;6368;0;5;"2021-11-10";"2022-05-11";29675
"07649820R0033";"76498";"AM";"319";6;1910;0;5;"2021-07-06";"2021-11-30";10185
"0765402050162";"76540";"KW";"222";3;12037;3010;5;"2021-10-25";"2024-10-10";3816
"0765402150063";"76540";"MY";"38";4;3096;0;5;"2021-12-21";"2022-06-30";1056
"07659421B0003";"76594";"AB";"241";4;3294;0;5;"2021-08-03";"2021-11-08";4886
"07659421B0011";"76594";"AE";"63";3;2578;0;5;"2021-07-12";"2023-01-01";29619
"0766002000013";"76600";"ZI";"687";4;2409;9974;2;"2021-05-28";;28556
"0766102000014";"76610";"AH";"194";4;2064;0;5;"2021-02-11";"2021-05-04";0
"0766102000015";"76610";"AC";"266";4;4592;0;2;"2021-04-16";;54205
"07664021U0018";"76640";"AB";"228";4;1725;0;5;"2021-12-08";"2024-10-17";4407
"07664721C0016";"76647";"AE";"317";8;8398;0;2;"2021-12-08";;62139
"07665521V0003";"76655";"ZS";"147";8;1324;0;2;"2021-05-28";;5351
"07666020C0011";"76660";"AD";"80";8;2670;2250;2;"2021-02-03";;10574
"07666021C0005";"76660";"AH";"1";8;122122;0;2;"2021-11-12";;286926
"07670521M0022";"76705";"BD";"15";6;1237;1923;5;"2021-12-09";"2022-11-28";31495
"0770142000011";"77014";"B";"126";4;1802;3250;5;"2021-01-22";"2023-01-01";14913
"0770182100007";"77018";"B";"544";6;10960;18478;2;"2021-08-21";;74966
"0770182100012";"77018";"B";"665";6;2827;0;5;"2021-09-15";"2021-11-22";19458
"0770512000004";"77051";"AP";"56";4;1521;1074;2;"2021-01-20";;6121
"0770532100015";"77053";"YC";"47";8;17533;0;2;"2021-08-30";;0
"0770582100004";"77058";"AR";"50";8;3350;4300;5;"2021-05-12";"2023-09-29";24040
"0770752100008";"77075";"ZI";"32";4;5058;0;5;"2021-09-29";"2024-07-31";9746
"0770832100015";"77083";"AM";"30";3;5104;0;2;"2021-09-21";;5686
"0770852100013";"77085";"B";"1071";6;9997;0;5;"2021-09-28";"2022-05-25";24777
"0771182100019";"77118";"BC";"43";4;1408;1678;5;"2021-09-29";"2022-03-21";4823
"0771212100002";"77121";"AD";"111";6;3078;0;5;"2021-08-30";"2022-01-10";7669
"0771392000013";"77139";"BDP";"140";4;1461;0;5;"2021-02-02";"2021-11-29";5438
"0771462100001";"77146";"AJ";"2";8;6213;34659;5;"2021-04-13";"2021-05-19";81250
"0771462100003";"77146";"AM";"39";6;3089;0;5;"2021-07-19";"2021-12-30";7167
"0771462100006";"77146";"AM";"36P";6;1309;0;5;"2021-09-14";"2022-02-21";4000
"0771462100008";"77146";;;6;1545;0;5;"2021-08-30";"2022-01-24";4000
"0771462100011";"77146";"AM";"37";8;1774;0;2;"2021-10-26";;3963
"0771462100015";"77146";"AM";"51";6;4714;0;2;"2021-11-02";;11553
"0771462100016";"77146";"AM";"40P";6;2700;0;2;"2021-11-16";;7222
"0771462100018";"77146";"AM";"36P";8;2152;0;2;"2021-12-14";;6192
"0771532000073";"77153";"ZD";"103";8;1311;4807;2;"2021-03-17";;15708
"0771812000007";"77181";"AC";"19";4;1890;0;5;"2021-07-27";"2022-05-02";103385
"0772112100008";"77211";"ZA";"79";6;4220;0;2;"2021-06-15";;21519
"0772432100037";"77243";"AT";"30";8;2750;234;2;"2021-11-10";;120535
"0772512100006";"77251";"ZF";"92P";4;2205;0;5;"2021-06-11";"2023-08-31";6192
"0772512100018";"77251";"0A";"1448";6;1355;0;2;"2021-10-19";;5958
"0772522100004";"77252";"ZB";"38P";6;5864;0;5;"2021-09-09";"2022-07-04";0
"0772522100007";"77252";"ZB";"170P";8;5105;0;5;"2021-09-06";"2022-07-04";0
"0772522100008";"77252";"ZB";"80";8;5705;0;2;"2021-07-14";;0
"0772582100001";"77258";"AM";"47";8;4419;5580;5;"2021-05-02";"2021-07-05";11283
"0772592000002";"77259";"ZD";"57";4;3475;0;2;"2021-02-18";;7784
"0772842100001";"77284";"AE";"755";6;1537;1010;2;"2021-04-02";;0
"0772842100050";"77284";"BL";"152";4;2998;4500;2;"2021-11-22";;0
"0772842100060";"77284";"AH";"192";6;2906;0;2;"2021-10-25";;5803
"0772852100006";"77285";"BN";"44";6;2466;2486;5;"2021-06-23";"2022-01-05";4752
"0772882100036";"77288";"AS";"56";4;2075;0;5;"2021-11-03";"2023-07-17";2162
"0773332100013";"77333";"BD";"69";6;1331;0;5;"2021-08-17";"2025-01-13";4407
"0773682100003";"77368";"YB";"116";8;1445;0;5;"2021-12-15";"2022-01-11";8334
"0773692100003";"77369";"C";"588";8;4118;2772;5;"2021-07-09";"2022-05-12";30389
"0773792000022";"77379";"AK";"268";4;1675;5828;5;"2021-07-05";"2021-11-22";21300
"0773842100006";"77384";"Z";"576";8;2104;0;5;"2021-10-05";"2022-03-09";11530
"0774302000054";"77430";"ZE";"65";8;2863;0;5;"2021-02-16";"2022-06-15";0
"0774302100016";"77430";"ZE";"210P";8;1566;0;5;"2021-11-15";"2022-10-01";7193
"0774312120007";"77431";"AE";"240";6;5940;1649;2;"2021-07-12";;0
"0774452100017";"77445";"BK";"106";8;3948;3948;2;"2021-11-29";;13722
"0774492100012";"77449";"AI";"49";3;6357;0;5;"2021-12-13";"2022-04-11";13849
"0774702000015";"77470";"ZL";"34";8;30361;0;2;"2021-02-12";;61890
"0774952100004";"77495";"B";"1680";8;4029;0;5;"2021-05-17";"2021-10-04";26987
"0775132100010";"77513";"A";"1412";8;1227;0;5;"2021-07-23";"2022-06-16";4362
"0775342000007";"77534";;;8;1136;0;5;"2021-02-19";"2022-01-10";10457
"07800320C0015";"78003";"ZA";"93";8;86915;0;5;"2021-11-19";"2022-01-17";231164
"07804820M0023";"78048";"ZA";"46";6;4587;11324;2;"2021-04-12";;37892
"07811821Y0001";"78118";"ZE";"208";6;5794;0;5;"2021-04-25";"2022-03-28";11565
"07813821G0011";"78138";"AI";"325";4;1571;1836;2;"2021-10-29";;15502
"07816820E0004";"78168";"AH";"10";8;1171;0;2;"2021-08-10";;26871
"07816820E0006";"78168";"AH";"10";8;2017;0;2;"2021-08-10";;8039
"07820621Y0010";"78206";"AA";"46";6;1491;0;5;"2021-10-01";"2023-01-23";5678
"0782382100005";"78238";"A";"398";6;2250;226914;2;"2021-10-14";;1135681
"0782382100011";"78238";"AD";"616";6;7271;0;5;"2021-12-08";"2023-04-20";0
"07826520Y0006";"78265";"F";"225";4;1055;0;2;"2021-04-06";;4579
"07829721E0001";"78297";"ZD";"170";3;2920;0;2;"2021-05-17";;6310
"07834320K0006";"78343";"ZA";"50";6;1165;20701;2;"2021-01-20";;78385
"0783582010056";"78358";"AK";"514";3;2628;0;5;"2021-07-19";"2025-01-27";2347
"07840120Y0017";"78401";"AB";"432";4;1771;0;2;"2021-03-23";;5176
"07842321E0004";"78423";"AC";"29";3;11316;7840;2;"2021-10-14";;2917
"07849020E0021";"78490";"BZ";"1";6;17430;9100;2;"2021-03-19";;47061
"07849820Y0046";"78498";"AY";"400";3;1490;0;2;"2021-05-10";;22581
"07849821Y0012";"78498";"AY";"564";8;1552;10880;5;"2021-10-28";"2023-09-04";31040
"0786722010028";"78672";"AK";"306";6;1199;0;5;"2021-04-09";"2021-08-30";0
"07904820H0049";"79048";"WH";"124";3;1035;0;5;"2021-03-03";"2021-09-20";21534
"07906621P0007";"79066";"B";"819";6;3526;10225;5;"2021-11-19";"2023-01-16";51826
"07907921E0045";"79079";"B";"520";8;1925;29185;5;"2021-09-01";"2021-09-02";225665
"07908121R0042";"79081";"BK";"137";8;2228;0;5;"2021-12-03";"2022-08-29";7263
"07910920X0028";"79109";"ZM";"54";8;2909;6117;2;"2021-02-02";;56538
"07919121X0119";"79191";"EM";"119";4;3595;2910;5;"2021-11-09";"2023-02-01";13097
"07919121X0219";"79191";"EI";"34";6;1226;0;5;"2021-10-27";"2021-11-04";10607
"07928121X0007";"79281";"AE";"39";6;1297;1312;5;"2021-05-11";"2021-08-27";5329
"07932919K0045";"79329";"AP";"108";4;3265;0;5;"2021-01-27";"2021-11-15";26948
"08000121S0020";"80001";"BS";"93";6;1042;3259;5;"2021-06-16";"2021-08-24";13575
"08000121S0033";"80001";"BS";"97";3;1258;0;5;"2021-08-24";"2022-06-01";17718
"08000220S0003";"80002";"ZP";"7";8;100163;0;5;"2021-06-14";"2021-12-20";207838
"08000220S0004";"80002";"ZP";"1";8;10413;0;5;"2021-03-10";"2021-09-13";0
"08001321P0001";"80013";"AB";"30";4;1475;1477;2;"2021-06-02";;8307
"08002120A0106";"80021";"KS";"121";6;2299;0;5;"2021-02-04";"2021-02-26";67426
"08002120A0108";"80021";"DP";"477";4;1574;0;5;"2021-04-26";"2021-06-01";0
"08002121A0030";"80021";"KS";"153";6;5371;144418;5;"2021-05-20";"2021-07-19";39965
"0802342000004";"80234";"ZL";"4";4;1178;0;2;"2021-07-30";;5267
"08028820S0003";"80288";"ZO";"29";8;2101;0;5;"2021-03-16";"2021-09-13";0
"08036821V0004";"80368";"AD";"521";6;5066;25760;5;"2021-05-14";"2021-09-28";8421
"08041521S0005";"80415";"ZK";"145";8;1140;0;2;"2021-06-17";;5044
"08041521S0007";"80415";"ZK";"150";8;1825;0;2;"2021-11-09";;0
"08057121S0002";"80571";"0X";"275";4;2131;1003;5;"2021-12-28";"2022-06-27";11968
"08057419M0019";"80574";"ZD";"39";8;199278;0;2;"2021-01-27";;0
"08068021S0004";"80680";"OZ";"121";4;1954;612;2;"2021-06-10";;29742
"08072121M0001";"80721";"AC";"152";4;1752;651;5;"2021-12-28";"2022-04-05";41284
"08072421M0001";"80724";"AA";"30";4;1168;2459;2;"2021-06-16";;23314
"08072520M0004";"80725";"AK";"32";3;2232;241;2;"2021-02-04";;1511
"0807992100019";"80799";"AC";"27";6;1899;0;2;"2021-11-09";;62678
"08102120B0007";"81021";"AH";"59";8;10772;0;5;"2021-05-11";"2024-05-06";0
"08102121B0008";"81021";"AI";"16";8;1378;2540;5;"2021-07-07";"2021-12-07";0
"08107020T0040";"81070";"ZT";"102";8;3597;4790;2;"2021-03-15";;16785
"08109921T0091";"81099";"MH";"97";6;2108;0;5;"2021-08-10";"2021-09-06";3856
"08110521T0001";"81105";"F";"997";8;2573;12110;5;"2021-05-20";"2021-10-04";81409
"08114020A1055";"81140";"C";"2778";4;1434;0;5;"2021-04-01";"2022-04-19";18999
"08114021A1020";"81140";"AM";"192";4;1563;1076;5;"2021-07-28";"2021-12-15";6063
"08114021A1026";"81140";"A";"499";3;1105;424;2;"2021-06-01";;78856
"08127120A0097";"81271";"ZA";"324P1";8;5463;0;5;"2021-02-15";"2022-09-15";14610
"08127121A0048";"81271";"B";"3346";8;1725;980;5;"2021-10-01";"2022-09-07";5000
"08127121A0073";"81271";"ZE";"68";8;8848;25055;5;"2021-12-23";"2022-05-30";104890
"08203321C0029";"82033";"DM";"53";6;3984;0;2;"2021-08-30";;49165
"08203321C0093";"82033";"AK";"191";4;4471;11036;5;"2021-12-10";"2023-09-01";43172
"08203721N0003";"82037";"BW";"101";4;1700;0;2;"2021-06-07";;17287
"08212120M0307";"82121";"HO";"801";3;1200;0;5;"2021-04-15";"2022-02-07";0
"08212120M0324";"82121";"HR";"809";8;5075;21584;5;"2021-03-16";"2021-03-22";82223
"08212121M0046";"82121";"DN";"107";8;2706;4813;2;"2021-06-04";;32118
"08212121M0089";"82121";"HP";"801";3;1024;994;5;"2021-07-21";"2022-05-02";3091
"08212121M0255";"82121";"HR";"895";8;1061;0;5;"2021-10-22";"2022-03-01";3654
"08212521S0014";"82125";;;4;3174;0;2;"2021-06-21";;9349
"08214120DR002";"82141";"A";"881";8;1546;9726;5;"2021-01-22";"2021-03-08";53330
"08300419K0036";"83004";"C";"2688";8;61451;0;5;"2021-08-23";"2022-03-16";104387
"08300420K0028";"83004";"E";"368";8;4610;0;5;"2021-05-27";"2021-11-29";16673
"08300421K0002";"83004";"E";"1601";8;2893;26;2;"2021-07-12";;4420
"08302320O0116";"83023";"BS";"308";8;1389;0;2;"2021-04-23";;9401
"08302321O0019";"83023";"BS";"297";6;1605;0;5;"2021-05-14";"2021-12-13";9241
"08302321O0064";"83023";"AX";"97";4;1055;0;5;"2021-12-23";"2022-03-18";2423
"08302920D0022";"83029";"I";"703";8;1094;0;2;"2021-06-30";;1635
"08304920C0038";"83049";"AX";"124";6;2429;0;5;"2021-03-15";"2022-01-31";6549
"08304920C0039";"83049";"AY";"138";3;2458;0;5;"2021-04-27";"2021-10-20";6735
"08305020K0112";"83050";"AH";"390";3;1216;10507;2;"2021-02-04";;28429
"08305921F0011";"83059";"D";"132";4;2500;0;2;"2021-10-26";;19470
"08306120F0112";"83061";"AI";"618";6;1392;0;2;"2021-04-29";;55420
"08306121F0091";"83061";"AI";"256";3;4191;530;5;"2021-12-06";"2022-12-16";7358
"08306920Y0010";"83069";"EM";"2";4;1291;0;2;"2021-05-20";;0
"08307321L0012";"83073";"E";"2296";3;1540;0;5;"2021-09-06";"2023-01-03";2458
"08308121D0044";"83081";"G";"62";8;1354;0;5;"2021-07-12";"2025-07-08";4010
"08308621K0009";"83086";"AA";"56";4;2045;0;5;"2021-07-23";"2022-06-07";9983
"08309921O0009";"83099";"AZ";"79";4;1992;4582;5;"2021-05-25";"2021-10-18";6126
"08309921O0046";"83099";"AV";"192";4;1616;22302;5;"2021-12-13";"2022-05-02";71461
"08310621B0020";"83106";"AL";"53";4;1582;0;5;"2021-08-04";"2022-05-16";6331
"08312620C0098";"83126";"AC";"1153";6;1909;1370;2;"2021-06-17";;13078
"08312621C0046";"83126";"AC";"1042";8;2848;12256;2;"2021-10-07";;70063
"08312720M0024";"83127";"I";"516";8;3782;0;2;"2021-02-02";;13614
"08312720M0030";"83127";"I";"388";8;2981;0;5;"2021-01-04";"2021-01-13";5936
"0831272100015";"83127";"I";"273";3;6268;0;2;"2021-10-18";;23688
"0831272100016";"83127";"I";"552";8;1995;0;5;"2021-09-02";"2022-10-01";5811
"0831272100017";"83127";"I";"553";8;2252;0;2;"2021-09-02";;6571
"0831272100018";"83127";"I";"554";8;2371;0;5;"2021-09-02";"2022-12-01";7850
"0831272100019";"83127";"I";"555";8;4987;0;5;"2021-10-13";"2023-04-03";39216
"08313720C0156";"83137";"CO";"193";3;3721;476;5;"2021-05-12";"2022-11-28";1640
"0840072000130";"84007";"BP";"504";3;1965;0;5;"2021-02-17";"2024-02-05";0
"08401221C0008";"84012";"AN";"3";8;2773;170;5;"2021-09-30";"2023-07-10";22876
"08401921G0011";"84019";"CE";"65";8;1781;0;2;"2021-04-23";;7000
"08404721S0005";"84047";"0C";"2550";8;1131;0;2;"2021-06-01";;7069
"08407221C0029";"84072";"CC";"235";8;1694;0;2;"2021-07-26";;0
"08408020A0089";"84080";"AB";"104";8;1172;0;2;"2021-03-17";;9504
"08408321N0006";"84083";;;4;2026;0;2;"2021-07-16";;61733
"08408321N0018";"84083";"E";"36";4;2042;1536;2;"2021-11-29";;61733
"0840872100026";"84087";"AS";"96";4;2765;0;5;"2021-08-24";"2021-10-28";9123
"08408821A0043";"84088";"AE";"422";8;1074;0;5;"2021-07-28";"2023-03-17";1629
"08408921H0021";"84089";"BC";"391";6;3701;6848;5;"2021-10-29";"2022-03-18";3437
"08412220C0018";"84122";;;8;2054;4953;2;"2021-02-16";;0
"08412921A0032";"84129";"CI";"34";4;3193;0;5;"2021-07-13";"2023-01-11";7770
"08412921A0043";"84129";"CS";"270";4;1110;2483;2;"2021-07-30";;15115
"08413220S0060";"84132";"BP";"100";8;1948;0;5;"2021-03-25";"2022-04-01";118380
"08413221S0035";"84132";"BP";"164";3;2232;0;2;"2021-08-17";;4023
"08413221S0047";"84132";"BP";"154";6;2355;0;2;"2021-12-15";;4701
"08413821N0041";"84138";"BI";"68";4;2839;0;5;"2021-11-25";"2022-05-12";20000
"08501921V0049";"85019";"ZS";"130";3;1076;0;2;"2021-10-07";;4458
"08502621S0007";"85026";"A";"1269";8;3178;0;5;"2021-07-09";"2021-09-27";15500
"08503820U0031";"85038";"AH";"66";6;2905;0;5;"2021-02-24";"2021-02-24";8342
"08508420U0097";"85084";"ZT";"108";8;1177;0;5;"2021-01-12";"2021-04-28";6228
"08508420U0116";"85084";"AH";"355";4;2628;930;5;"2021-05-28";"2021-09-29";3131
"08508621V0025";"85086";"AH";"182";6;1425;3071;5;"2021-12-21";"2025-06-06";8352
"08508920Y0056";"85089";"AD";"148";6;17244;38340;5;"2021-06-21";"2022-03-31";96508
"08509221F0049";"85092";"YV";"47";6;1757;0;5;"2021-11-04";"2022-01-04";23245
"08509321Y0011";"85093";"D";"382";8;1937;34212;2;"2021-09-27";;303979
"08509621C0001";"85096";"YR";"159";6;1745;929;2;"2021-05-26";;5545
"08510921H0006";"85109";"YT";"298";3;2054;0;2;"2021-09-09";;15175
"08510921H0170";"85109";"XR";"135";6;22772;0;5;"2021-11-19";"2021-11-22";83234
"08511121F0005";"85111";"AH";"19";6;1994;18009;2;"2021-12-01";;143494
"08511821Y0012";"85118";"ZK";"128";8;1555;0;2;"2021-06-17";;2233
"08514621H0185";"85146";"ZC";"21";4;8464;11975;5;"2021-12-27";"2022-09-26";128563
"08515221A0073";"85152";"ZB";"91";8;1114;0;5;"2021-09-01";"2022-02-07";2310
"08515221A0076";"85152";"ZA";"46";8;3802;0;2;"2021-10-18";;12587
"08515520Y0042";"85155";;;6;3095;0;2;"2021-01-11";;0
"08515521Y0051";"85155";"ZA";"351";6;1500;17333;5;"2021-08-02";"2021-08-23";68879
"08518221P0012";"85182";"AR";"63";8;1385;1488;5;"2021-07-26";"2021-10-01";10925
"08519120Y0273";"85191";"BC";"368";3;1343;3190;5;"2021-04-13";"2021-10-01";82941
"08521521U0026";"85215";"YB";"135";6;1398;8452;2;"2021-09-15";;24820
"08521521U0034";"85215";"ZM";"293";6;1252;4776;5;"2021-07-26";"2021-09-01";21615
"08522221C0070";"85222";"BK";"76";4;1468;0;5;"2021-10-28";"2022-12-11";2221
"08523420C0141";"85234";"AN";"369";4;4489;4497;5;"2021-02-25";"2021-06-14";93469
"08524221H0009";"85242";"A";"2328";6;4237;0;5;"2021-09-24";"2022-09-26";3279
"0852502000045";"85250";"AE";"93";6;8923;0;2;"2021-06-10";;22356
"08525421P0006";"85254";"C";"814";8;1843;0;2;"2021-03-12";;22070
"08528021C0072";"85280";"AK";"6";4;1019;0;5;"2021-11-19";"2021-11-22";7314
"08530021Y0017";"85300";"YR";"98";6;1843;2353;5;"2021-07-06";"2021-09-29";7197
"08601221A0002";"86012";"C";"549";6;2696;0;5;"2021-11-04";"2023-09-02";0
"08603221H1015";"86032";"AB";"15";6;4524;13839;2;"2021-12-14";;24932
"08609521X0007";"86095";"AV";"951";8;1314;11605;5;"2021-08-02";"2022-02-03";24535
"08611521X0028";"86115";"ZX";"473";6;2022;2454;5;"2021-07-29";"2022-04-12";22403
"08613721A0022";"86137";"ZL";"615";8;1636;0;5;"2021-08-10";"2023-02-15";0
"08619420X0148";"86194";"AE";"863";8;6991;37175;5;"2021-03-12";"2022-11-17";121442
"08619420X0171";"86194";"HO";"873";8;2169;0;5;"2021-05-05";"2021-05-05";15545
"08629320A0034";"86293";"ZA";"144";4;1244;499;5;"2021-02-08";"2021-09-06";5851
"08629420N0026";"86294";"YD";"211";8;3031;0;5;"2021-03-25";"2021-05-26";18344
"08700321A0003";"87003";"E";"1396";8;1689;0;2;"2021-09-29";;24747
"08706521D7418";"87065";"AA";"490";8;1730;0;5;"2021-09-15";"2023-03-03";12918
"08715420H0061";"87154";"CX";"60";4;1491;0;2;"2021-03-10";;9960
"08718721M0029";"87187";;;6;1143;999;2;"2021-10-07";;0
"08718721M0038";"87187";;;4;2188;1640;2;"2021-11-19";;0
"08800921H0011";"88009";"AC";"849";4;1687;0;5;"2021-07-07";"2021-11-15";0
"08804420N0011";"88044";"ZC";"287";6;1200;8200;2;"2021-02-02";;0
"08815821P0004";"88158";"AO";"52";8;2005;0;5;"2021-04-15";"2021-05-03";4414
"08816021A0018";"88160";"BC";"99";4;1550;6186;5;"2021-07-22";"2023-01-15";0
"08819621E0066";"88196";"AR";"21";6;2000;4300;5;"2021-09-09";"2023-05-01";0
"08820921E0003";"88209";"AE";"120";3;2244;2277;5;"2021-04-29";"2022-01-10";8944
"08820921E0018";"88209";"AB";"129";6;12020;0;5;"2021-09-01";"2022-06-07";569454
"08820921E0020";"88209";"BD";"110";6;1265;12708;5;"2021-08-19";"2024-01-24";18195
"08825121E0004";"88251";"ZH";"36";6;10061;80095;5;"2021-06-18";"2021-06-28";93295
"08826120H0002";"88261";"AH";"21";6;6432;10749;5;"2021-04-06";"2021-10-11";32273
"08831021D0001";"88310";"AH";"150";3;1415;722;2;"2021-07-13";;11047
"08836721D0007";"88367";"BH";"79";4;4322;3268;2;"2021-08-12";;22415
"08842921P0016";"88429";"AO";"14";8;1579;734;2;"2021-05-27";;12473
"08844721D0003";"88447";"AH";"393";6;1320;0;5;"2021-02-26";"2021-05-30";28147
"08846221D0001";"88462";"AL";"6";6;1004;660;5;"2021-05-19";"2022-06-17";24239
"08846521E0012";"88465";"AO";"773";8;1285;987;2;"2021-05-29";;2500
"08846521E0026";"88465";"AO";"814";8;1616;300;5;"2021-11-26";"2023-09-01";4209
"08848721P0037";"88487";"BC";"1010";8;1017;0;2;"2021-12-29";;35862
"08852021V0002";"88520";"ZK";"71";4;1402;2359;5;"2021-09-22";"2021-09-30";6122
"08901321B0002";"89013";"BD";"700";8;4031;2000;5;"2021-05-10";"2022-05-13";34978
"08902420B0043";"89024";"AR";"146";8;1399;0;5;"2021-02-04";"2021-07-06";8791
"08905521T0004";"89055";"0V";"348";6;1725;0;2;"2021-11-30";;46486
"08923921Z0005";"89239";"Z";"1054";8;1790;0;2;"2021-08-19";;13426
"08926321M0010";"89263";"AV";"150";4;1521;946;2;"2021-07-21";;11616
"08928621I0001";"89286";"ZM";"128";8;3932;0;5;"2021-01-27";"2021-09-10";24941
"08931121I0003";"89311";"ZO";"168";8;1680;0;2;"2021-11-30";;12383
"08937021T0012";"89370";"ZT";"149";6;1516;5271;2;"2021-12-03";;0
"08938720S0029";"89387";"ZH";"195";8;145910;0;2;"2021-08-16";;377856
"08938721S0022";"89387";"ZN";"423";8;1573;892;2;"2021-08-25";;6532
"09001021Z0024";"90010";"BO";"525";4;3367;0;5;"2021-10-28";"2023-02-02";0
"09004721A0002";"90047";"CB";"57";8;19045;0;2;"2021-10-19";;107866
"09005121C0003";"90051";"AB";"564";8;5485;9712;5;"2021-07-22";"2022-01-06";111300
"09007221A0005";"90072";;;6;8013;0;2;"2021-12-23";;0
"0910852110011";"91085";"AL";"87";6;1022;0;5;"2021-11-08";"2022-07-01";8972
"0910862120001";"91086";"B";"543";8;12100;0;5;"2021-04-27";"2021-12-22";37676
"0911612010013";"91161";"AP";"315";8;1931;1125;2;"2021-05-31";;4970
"0913402110001";"91340";"BC";"34";8;72833;0;5;"2021-11-25";"2022-03-14";136741
"0913452010020";"91345";"AB";"2P";6;2436;3928;5;"2021-04-16";"2021-04-21";10666
"0913762011013";"91376";"AH";"211";6;4676;0;2;"2021-05-25";;0
"0914792030007";"91479";"AB";"58";8;2072;63479;5;"2021-03-09";"2021-08-04";0
"0914942110004";"91494";"B";"452";8;13745;0;5;"2021-09-20";"2025-05-05";13340
"0915522110010";"91552";;;8;1364;0;5;"2021-10-05";"2022-05-30";4150
"0915532110006";"91553";"AK";"24";4;1964;2042;2;"2021-05-06";;6210
"0915702010039";"91570";"AV";"263";8;1003;5884;5;"2021-06-01";"2021-08-06";15764
"0915732120014";"91573";"ZC";"438P";8;1395;0;5;"2021-06-18";"2022-02-02";3067
"0915732120020";"91573";"AZ";"373";8;1500;0;5;"2021-08-24";"2022-08-01";3303
"0915732120034";"91573";"AL";"306";8;1394;1073;5;"2021-12-03";"2023-04-24";6500
"0916922040007";"91692";"BO";"35";8;7761;15621;5;"2021-01-16";"2021-07-30";30572
"0916922140004";"91692";"BR";"339";8;2136;0;5;"2021-09-17";"2022-02-14";5238
"0920122000052";"92012";"AG";"31";3;3190;6036;2;"2021-03-22";;24259
"09201221B0040";"92012";"UB";"7";3;7088;5973;2;"2021-11-04";;0
"0920242000020";"92024";"N";"100";3;15197;5474;5;"2021-01-05";"2022-08-03";3631
"0920242000035";"92024";"V";"112";3;35636;17800;2;"2021-12-20";;21879
"09202621D0017";"92026";"AD";"332";3;140643;71657;2;"2021-12-20";;0
"09203620E0008";"92036";"H";"70";3;4821;0;5;"2021-05-06";"2023-02-28";5597
"09203620E0009";"92036";"H";"17";3;15240;0;5;"2021-04-20";"2021-07-02";15927
"09204420D1083";"92044";"AD";"5";3;16295;71;2;"2021-05-28";;118
"09204421D1098";"92044";"G";"75";3;3758;18443;2;"2021-06-02";;6673
"0920462101675";"92046";"N";"208";3;29656;17183;5;"2021-09-03";"2022-07-25";8511
"0920492100011";"92049";"L";"88";3;1404;1225;2;"2021-09-01";;524
"0920492100017";"92049";"E";"141";3;4985;12085;5;"2021-10-22";"2022-04-15";6987
"0920622100040";"92062";"AE";"146";3;9718;4259;5;"2021-12-20";"2023-09-18";2498
"09206221D0040";"92062";"AE";"146";3;9775;4259;2;"2021-12-20";;2363
"0920632100062";"92063";"BI";"1096";4;1306;9323;5;"2021-10-18";"2021-12-06";6540
"0920642000009";"92064";"AI";"39";4;1955;470;5;"2021-05-07";"2021-07-05";7626
"09300121A0048";"93001";;;6;1034;27692;5;"2021-10-07";"2022-02-03";0
"09300521B0016";"93005";"CS";"160";4;4820;0;5;"2021-08-25";"2022-03-07";0
"09300521C0059";"93005";"DH";"78";3;4920;30509;2;"2021-07-13";;527959
"09300521C0074";"93005";"DX";"75";4;1133;1133;2;"2021-10-19";;0
"09300721C0001";"93007";"BL";"18";6;2686;0;2;"2021-08-26";;2993
"09300820A0036";"93008";"K";"134";4;1298;70;2;"2021-03-26";;1402
"09303920J0006";"93039";"M";"108";4;1474;0;5;"2021-03-01";"2021-04-15";19500
"09304821B0054";"93048";"AJ";"310";3;1296;10447;2;"2021-11-10";;0
"09305520B0030";"93055";"L";"65";8;8260;26032;5;"2021-07-06";"2023-10-05";17741
"09305521B0021";"93055";"R";"31";3;82284;25748;5;"2021-09-10";"2024-10-07";40741
"09307020A0027";"93070";"G";"145";6;5545;11788;5;"2021-03-26";"2021-11-30";11821
"09307021A0006";"93070";"G";"118";3;11608;192;2;"2021-12-22";;15815
"09307220A0028";"93072";"F";"705";8;1600;397;2;"2021-02-20";;0
"09307321C0038";"93073";"ZB";"100P";6;25270;0;5;"2021-08-10";"2021-12-28";31564
"09307321C0070";"93073";"B";"11";3;2758;0;2;"2021-10-29";;4640
"0940112101015";"94011";"A";"103";8;16353;0;2;"2021-12-09";;29949
"0940412001036";"94041";"K";"280";4;1370;1701;5;"2021-02-10";"2022-09-01";913
"09404721C1002";"94047";"AE";"40";6;1025;1080;2;"2021-06-14";;70286
"09405221N0001";"94052";"P";"66";3;1485;0;2;"2021-10-15";;4260
"09406520W1006";"94065";"AC";"3";8;11934;63479;5;"2021-03-11";"2021-08-31";241202
"09407621W1023";"94076";"AH";"398";3;13502;0;5;"2021-07-09";"2024-10-15";4072
"0940812100059";"94081";"BD";"8";8;1214;0;2;"2021-10-08";;734
"0950142080007";"95014";"AK";"196";4;3803;3373;5;"2021-04-07";"2023-08-31";5538
"09501817O0066";"95018";;;4;30792;3398;2;"2021-11-26";;22248
"09501821O0110";"95018";"CI";"397";8;1577;800;5;"2021-12-03";"2022-07-04";2317
"0950632100038";"95063";"AL";"274";6;2295;5580;5;"2021-09-22";"2022-04-28";5272
"09511620H0007";"95116";"ZE";"157";8;1998;1290;2;"2021-04-15";;5087
"09512719U0037";"95127";"SC";"409";6;49506;0;5;"2021-03-11";"2021-08-19";30
"0951762100004";"95176";"AN";"893";4;1355;21010;2;"2021-12-03";;80425
"09521121E0004";"95211";;;8;2145;0;5;"2021-05-31";"2021-08-25";0
"09525620B0017";"95256";"B";"1117";8;8857;0;2;"2021-03-15";;15862
"0953082100002";"95308";"C";"967";6;12465;0;2;"2021-06-10";;0
"0953082100004";"95308";"C";"967";6;1832;0;2;"2021-11-29";;0
"0953512000014";"95351";"E";"890P";6;4476;0;2;"2021-05-17";;9088
"0953512100008";"95351";"B";"553";8;1423;0;2;"2021-10-04";;0
"0953712100009";"95371";"ZD";"153";8;9996;0;5;"2021-11-24";"2022-09-01";221265
"0954272180033";"95427";"AM";"435";3;2900;0;5;"2021-12-16";"2023-06-09";5837
"0954272180034";"95427";"AM";"1143";8;2056;0;2;"2021-12-06";;2535
"0954272180039";"95427";"AC";"971";8;1454;0;2;"2021-12-21";;3175
"09557221U0005";"95572";"BD";"7";6;9674;4634;5;"2021-07-08";"2022-06-10";19804
"0956072100021";"95607";"BR";"130";6;4005;2297;5;"2021-08-30";"2021-11-08";4610
"0956072100041";"95607";"BT";"434";8;1499;0;2;"2021-10-20";;3875
"0956122000015";"95612";"ZB";"237";8;25198;0;5;"2021-04-07";"2021-11-18";9526
"0956122100003";"95612";"ZB";"254";8;2293;0;2;"2021-07-21";;0
"0956122100004";"95612";;;6;3600;0;5;"2021-07-16";"2021-09-27";51296
"0956411900003";"95641";"A";"9";8;17300;0;2;"2021-12-21";;130001
"97110321R1025";"97103";"AB";"476";3;1484;834;2;"2021-12-16";;3236
"97110521Z0007";"97105";"AE";"217";3;1034;0;5;"2021-08-17";"2022-01-24";2177
"9711072010047";"97107";"AT";"1192";3;1429;0;2;"2021-10-21";;4000
"97111621M0038";"97116";"AE";"164";4;2060;0;2;"2021-11-12";;2317
"97111820PB080";"97118";"AP";"166";8;1709;3333;5;"2021-02-20";"2022-06-01";9000
"9711202131003";"97120";"AR";"2";3;1550;210;2;"2021-05-06";;17570
"9711292041103";"97129";"AN";"399";4;2127;0;2;"2021-05-11";;7230
"97220220BR030";"97202";"I";"457";4;1332;0;2;"2021-01-19";;0
"97220720BR090";"97207";"C";"2345";8;1400;0;5;"2021-01-25";"2022-05-16";3304
"97220721BR003";"97207";"AE";"360";3;1506;0;2;"2021-12-02";;1482
"97220921BR058";"97209";"V";"613";3;1180;0;5;"2021-12-24";"2022-11-14";2310
"97221321BR013";"97213";"AO";"297";3;2725;0;5;"2021-07-27";"2023-03-20";3641
"97222221BR050";"97222";"AR";"291";6;4278;0;2;"2021-11-20";;2930
"97222221BR054";"97222";"A";"750";3;1729;1399;5;"2021-11-10";"2021-11-22";6047
"97222421BR015";"97224";;;4;1402;0;2;"2021-09-03";;0
"97223220BR084";"97232";"A";"1086";4;1102;599;2;"2021-07-01";;6604
"9733022110025";"97302";"BT";"846";8;1443;0;5;"2021-06-15";"2021-10-21";2595
"9733022110028";"97302";"BS";"792";8;3849;0;2;"2021-08-24";;0
"9733022110100";"97302";"BS";"364";6;2274;0;5;"2021-08-24";"2022-09-19";7449
"9733042110010";"97304";"BI";"134";3;1816;0;2;"2021-07-27";;3644
"9733092010045";"97309";"AL";"1356";3;1235;0;5;"2021-01-07";"2021-09-01";2175
"9733092110070";"97309";"BM";"188";3;3459;0;2;"2021-11-05";;5392
"9733092110109";"97309";"AS";"237";4;8481;0;2;"2021-08-30";;33525
"9733092110159";"97309";"AR";"116";3;3430;2962;5;"2021-12-06";"2022-08-01";12643
"97440421A0095";"97404";"AM";"1090";6;1629;0;5;"2021-09-23";"2022-08-01";4760
"97440720A0139";"97407";"AT";"29";8;2111;570;2;"2021-02-01";;4046
"97440720A0148";"97407";"AE";"789";3;9744;0;2;"2021-07-02";;4152
"97440920A0121";"97409";"AP";"1745";8;1492;512;2;"2021-04-27";;3152
"97440920A0229";"97409";"AM";"728";3;1045;0;2;"2021-03-12";;1375
"97440921A0066";"97409";"AK";"1222";6;3328;0;5;"2021-09-24";"2023-02-13";5159
"97440921A0115";"97409";"BI";"744";4;1239;0;5;"2021-09-20";"2022-08-29";1746
"97441121A0170";"97411";"AZ";"182";8;2981;0;5;"2021-12-30";"2025-03-16";1883
"97441420A0248";"97414";"DI";"365";8;6384;2900;5;"2021-02-19";"2022-05-04";5932
"97441421A0034";"97414";"DH";"872";8;1324;18318;5;"2021-05-04";"2022-01-18";64261
"97441620A0558";"97416";"CS";"1164";8;1757;1350;5;"2021-02-22";"2023-01-23";3103
"97441621A0029";"97416";"CR";"1158";8;1499;0;2;"2021-10-14";;2400
"97441621A0052";"97416";"CS";"737";4;1083;0;5;"2021-07-20";"2023-04-24";1595
"97441621A0173";"97416";"EI";"1352";3;1657;0;5;"2021-07-13";"2021-10-05";3188
"97441621A0540";"97416";"CR";"932";6;5929;0;5;"2021-12-30";"2024-01-22";9225
"97441821A0016";"97418";"BD";"389";6;1430;0;2;"2021-06-08";;3351
"97442221A0061";"97422";"BV";"1920";3;2338;0;2;"2021-12-31";;1882
"9766022000024";"97602";"AX";"137";8;2764;0;5;"2021-10-18";"2023-09-20";5990
"9766062000050";"97606";"AP";"11";6;1276;0;2;"2021-01-09";;4909
"9766072000017";"97607";"AT";"73";4;1954;0;2;"2021-01-13";;3400
"9766072000044";"97607";"AP";"34";8;1610;0;2;"2021-02-13";;7952
"9766072100030";"97607";"AP";"41";8;1842;1304;2;"2021-09-25";;18336
"9766072100033";"97607";"AP";"34";8;1641;0;2;"2021-10-11";;7952
"9766072100042";"97607";"AO";"1";6;3767;966;5;"2021-12-17";"2022-05-04";15132
"9766102000028";"97610";"AR";"39";3;1392;0;2;"2021-02-12";;1011
"9766102100001";"97610";"AD";"484";8;1403;0;2;"2021-04-28";;3816
"9766102100016";"97610";"AO";"497";3;1380;0;2;"2021-07-19";;2300
"97661121A0037";"97611";"AP";"65";8;1669;0;5;"2021-06-28";"2022-06-07";910
"97661121A0041";"97611";"AN";"176";8;1005;0;2;"2021-08-12";;2142
"97661121A0088";"97611";"AP";"77";6;2093;2470;5;"2021-09-16";"2022-09-01";8235
