"NUM_DAU";"COMM";"SEC_CADASTRE1";"NUM_CADASTRE1";"DESTINATION_PRINCIPALE";"SURF_LOC_CREEE";"SURF_LOC_AVANT";"ETAT_DAU";"DATE_REELLE_AUTORISATION";"DATE_REELLE_DOC";"SUPERFICIE_TERRAIN"
"00100422A1010";"01004";"AC";"805";4;1972;8513;2;"2022-09-15";;70937
"00101422H0005";"01014";"AI";"259";6;1052;963;5;"2022-04-01";"2023-03-01";3905
"00102522D0004";"01025";"0F";"347";6;1921;2725;2;"2022-07-11";;1911
"00102922C0002";"01029";"ZO";"134";6;8288;0;5;"2022-09-12";"2023-12-10";0
"00103322B0017";"01033";"AB";"373";4;9285;0;2;"2022-10-11";;0
"00104321A0044";"01043";"AI";"335";4;2281;0;2;"2022-06-20";;10232
"00104721A0018";"01047";"AA";"97";6;1053;0;5;"2022-01-17";"2022-05-30";4538
"00104721A0019";"01047";"AA";"97";6;2075;0;5;"2022-01-17";"2022-05-30";7021
"0010492200004";"01049";"ZD";"45";6;7449;0;2;"2022-06-21";;39418
"0010492200016";"01049";"AH";"700";6;6052;9352;2;"2022-10-17";;31723
"00105321O0093";"01053";"AD";"775";4;4436;0;2;"2022-03-08";;2269
"00105321O0119";"01053";"BR";"372";3;8811;0;5;"2022-10-06";"2023-03-06";49372
"00105321O0131";"01053";"BO";"542";8;2347;0;2;"2022-03-03";;25218
"00105322A0009";"01053";"BO";"414";6;2631;0;5;"2022-04-27";"2022-12-16";49521
"00105721D0008";"01057";"0A";"1520";3;3587;8116;5;"2022-03-10";"2022-05-23";55437
"00106922B0005";"01069";"ZH";"17";8;1204;0;5;"2022-12-05";"2024-01-22";5820
"00107122B0004";"01071";"AP";"190";4;3603;589;2;"2022-12-28";;0
"00110522V0003";"01105";"ZW";"260";6;1677;0;5;"2022-07-06";"2023-05-22";0
"00110522V0006";"01105";"ZW";"249";6;6147;15472;2;"2022-04-27";;0
"00113422D0005";"01134";"C";"2428";6;4110;0;2;"2022-08-10";;35585
"00115721V0045";"01157";"ZC";"196";8;1127;0;5;"2022-02-11";"2023-05-10";3422
"00115722V0018";"01157";"ZC";"249";6;1118;2262;2;"2022-11-22";;8744
"00116022J0006";"01160";"AN";"35";3;3328;0;2;"2022-12-23";;12940
"00116621V0040";"01166";"ZH";"473";6;1328;0;5;"2022-03-15";"2022-08-02";15567
"00117522D0005";"01175";"WE";"244";6;2347;146;2;"2022-10-21";;5968
"00122422A0017";"01224";"0F";"161";6;1448;0;2;"2022-10-03";;3646
"00122821H0004";"01228";"AC";"61";6;1168;27000;5;"2022-01-27";"2022-11-01";147240
"00124121D0024";"01241";"ZM";"116";6;1150;0;2;"2022-02-16";;5626
"00124821V0023";"01248";"ZP";"158";8;14217;0;2;"2022-04-08";;69297
"00124821V0024";"01248";"ZP";"20";8;30578;0;2;"2022-05-04";;71779
"00124921A0041";"01249";"ZD";"257";8;2491;0;5;"2022-02-15";"2024-10-14";5950
"00124921A0057";"01249";"AR";"18";6;1950;8797;2;"2022-07-11";;22604
"00124921A0060";"01249";"AR";"17";6;1328;2473;5;"2022-05-03";"2023-02-01";9000
"00126321V0024";"01263";"AB";"935";6;1056;0;2;"2022-03-02";;0
"00126522H0010";"01265";"AA";"17";8;2120;4516;5;"2022-11-10";"2024-01-15";15476
"00128322H0006";"01283";"AY";"145";8;5570;23873;2;"2022-05-17";;0
"00128322H0008";"01283";"0C";"1011";6;2002;1760;2;"2022-06-24";;46078
"00128322H0009";"01283";"0C";"727";6;2079;3812;2;"2022-06-24";;10850
"00128322H0023";"01283";"AB";"626";4;1252;1065;2;"2022-12-08";;3291
"00130422D0003";"01304";"ZE";"281";6;5430;0;5;"2022-05-31";"2022-09-05";3411
"00130422D0007";"01304";"ZE";"275";6;4462;0;2;"2022-07-04";;36395
"00130422D0009";"01304";"ZE";"310";8;1589;0;2;"2022-06-20";;0
"00132221V0047";"01322";"AC";"479";6;1073;0;2;"2022-07-04";;6529
"00134421D0027";"01344";"AH";"181";4;3437;0;5;"2022-04-22";"2023-04-01";760
"00135022C0011";"01350";"0C";"1333";6;2979;3849;2;"2022-11-10";;20389
"00136521D0006";"01365";"ZA";"142";8;52800;0;2;"2022-03-09";;117272
"00137821A0025";"01378";"0F";"1584";8;11314;2932;5;"2022-03-04";"2023-04-11";25751
"00139622A0001";"01396";"AH";"96";6;1670;3082;5;"2022-10-06";"2023-03-28";8486
"00142722V0006";"01427";"AL";"60";3;4958;0;5;"2022-05-17";"2023-03-13";10392
"00144322V0004";"01443";"BV";"65";4;1665;0;2;"2022-09-29";;10280
"00145121D0035";"01451";"BN";"267";4;1384;0;2;"2022-01-13";;20331
"00145122A0006";"01451";"0E";"1561";6;2247;2199;2;"2022-07-06";;7159
"00145122A0015";"01451";"ZO";"105";6;2852;2648;2;"2022-08-05";;88456
"00204622SE004";"02046";;;8;5219;0;2;"2022-09-23";;0
"00208520M0001";"02085";"ZD";"224";8;63610;0;2;"2022-10-26";;123503
"00213422R0003";"02134";"0A";"1243";6;9778;0;2;"2022-11-29";;24604
"00217322J0002";"02173";"BI";"201";8;1558;0;2;"2022-03-17";;4818
"00217322J0039";"02173";"BO";"60";6;7666;26140;2;"2022-10-23";;120597
"00255822TC005";"02558";"AB";"77";6;1269;13546;2;"2022-09-05";;65169
"0026022200003";"02602";;;4;1529;1000;5;"2022-04-19";"2023-02-15";0
"00260721AS001";"02607";"ZA";"20";8;1674;4558;2;"2022-03-11";;19396
"00260722AS001";"02607";"ZA";"25";8;34971;0;2;"2022-08-24";;87023
"00269121W0084";"02691";"ZR";"132";6;15122;0;2;"2022-05-12";;67700
"00269122W0039";"02691";"ZP";"64";6;9276;0;5;"2022-09-23";"2023-06-20";79885
"00273822J0002";"02738";"AC";"40";6;15269;974;2;"2022-03-31";;998608
"00274122VO002";"02741";"A";"125";6;1760;0;2;"2022-06-09";;7781
"00281022Z0008";"02810";"AE";"1";8;1955;10174;5;"2022-08-02";"2023-08-07";88175
"00300122A0010";"03001";"ZH";"214";3;3038;16806;2;"2022-08-17";;119889
"00303722M0001";"03037";"A";"945";4;1863;0;2;"2022-06-14";;32426
"00309322A0006";"03093";"A";"1027";6;2665;0;5;"2022-08-23";"2022-10-28";27270
"00310021M0013";"03100";"AL";"129";8;1013;0;5;"2022-02-26";"2022-02-27";6513
"00311222M0004";"03112";"AA";"28";8;1830;0;2;"2022-08-06";;7696
"00318521A0048";"03185";"AD";"517";4;1212;0;5;"2022-01-21";"2024-06-01";2152
"00319321M0004";"03193";"AD";"116";4;1440;15;5;"2022-02-14";"2023-02-16";4277
"0033052200003";"03305";"AW";"138";6;1433;0;2;"2022-07-21";;0
"00331021A1041";"03310";"AD";"612";4;2128;0;5;"2022-08-09";"2024-05-13";3679
"00332122P1021";"03321";"18";"115";8;24631;0;2;"2022-09-22";;129925
"0040632200005";"04063";"B";"2005";8;1047;0;2;"2022-10-28";;2764
"00408821S0037";"04088";"ZD";"192";6;1181;0;5;"2022-03-22";"2022-09-01";0
"0041122100023";"04112";"AY";"57";4;2512;3356;5;"2022-01-17";"2022-03-07";8125
"00414522D0003";"04145";"ZA";"280";4;1506;0;2;"2022-07-12";;5856
"00414522D0004";"04145";"ZB";"259";4;2933;1060;2;"2022-12-06";;7319
"0041492200002";"04149";"AA";"100";8;1767;3074;2;"2022-06-03";;19061
"0041492200012";"04149";"AA";"70";3;1200;0;5;"2022-09-14";"2023-01-03";18882
"0042402200001";"04240";"B";"1755";4;1151;0;5;"2022-05-30";"2023-04-03";13333
"00502321H0067";"05023";"AS";"180";4;2685;310;2;"2022-07-18";;6499
"00506121P0145";"05061";"AN";"351";3;2284;0;5;"2022-02-01";"2022-07-12";5833
"00506122P0070";"05061";"AN";"233";8;2402;1794;5;"2022-10-13";"2023-01-16";7459
"00507021C0023";"05070";"I";"1368";8;1221;0;2;"2022-01-21";;4215
"00600421A0105";"06004";"DR";"155";4;4226;4226;5;"2022-11-22";"2024-01-22";10533
"00601821B0024";"06018";"AB";"69";3;1842;0;2;"2022-04-26";;4000
"0060272200012";"06027";"AH";"367";3;4066;11548;5;"2022-12-07";"2023-09-01";34343
"00604421C0051";"06044";"AY";"67";6;1180;0;2;"2022-03-25";;2690
"00604822G0002";"06048";"CC";"76";8;1807;0;2;"2022-08-22";;5550
"00604822G0006";"06048";"CC";"79";8;1536;0;2;"2022-12-16";;8438
"00605422G0004";"06054";"0C";"184";8;2061;0;2;"2022-08-09";;4058
"00605722G0005";"06057";"0B";"865";6;1938;0;5;"2022-09-28";"2023-05-14";6000
"00606922E0009";"06069";"DE";"98";6;4505;0;2;"2022-06-02";;9213
"00606922E0012";"06069";"EI";"308";6;2176;2040;2;"2022-06-21";;0
"00606922E0036";"06069";"DE";"595";6;1892;26608;2;"2022-08-02";;135802
"00607922D0017";"06079";"AL";"177";4;1050;1568;2;"2022-12-06";;17546
"00608522D0033";"06085";"CK";"137";8;7589;0;2;"2022-12-13";;5844
"00608821S0382";"06088";"AI";"21";8;3367;396;5;"2022-07-25";"2023-01-02";15680
"00608822S0120";"06088";"OH";"81P";3;5965;0;2;"2022-12-21";;1430
"00608822S0121";"06088";"OB";"55P";3;6116;0;2;"2022-12-24";;1302
"00610822D0017";"06108";"AB";"221";6;2104;0;5;"2022-10-28";"2023-10-16";13964
"00612821C0041";"06128";"AO";"103";3;1890;0;2;"2022-11-19";;8799
"00700522C0006";"07005";"A";"2055";8;1800;0;2;"2022-06-08";;2200
"00707822A0013";"07078";"AA";"124";4;1176;0;2;"2022-12-29";;4948
"00711722D0012";"07117";"F";"285";8;1472;0;2;"2022-08-12";;1
"00712222D0010";"07122";"0B";"1415";6;2076;0;2;"2022-09-28";;3160
"00715721C0006";"07157";"AK";"174";4;4301;0;5;"2022-02-22";"2024-04-29";16893
"00718121C0016";"07181";"ZB";"366";8;3012;5979;5;"2022-01-31";"2023-09-01";21712
"00720422B0010";"07204";"AE";"309";8;1077;0;5;"2022-11-30";"2023-12-18";3902
"00722521A0036";"07225";"A";"992";4;1266;0;2;"2022-05-17";;12090
"00731621A0020";"07316";"ZB";"158";4;1200;0;2;"2022-03-09";;5201
"00809021E0005";"08090";"AS";"165";4;2140;1053;5;"2022-02-07";"2022-06-20";13519
"00809722E0002";"08097";"AC";"57";6;1085;17394;5;"2022-06-11";"2022-10-03";46736
"00812522A0001";"08125";"C";"356";8;1819;4506;2;"2022-11-29";;0
"00814522E0011";"08145";"AB";"157";6;1308;11927;2;"2022-11-21";;27196
"00823622U0003";"08236";"ZI";"26";4;1168;4525;2;"2022-08-19";;17054
"00841921U0007";"08419";"BM";"67";6;1660;4232;2;"2022-02-21";;123410
"00842722U0003";"08427";"ZL";"49";8;1876;0;2;"2022-08-05";;0
"00910121A0006";"09101";"ZH";"28";8;1684;0;2;"2022-02-18";;0
"00910522A0007";"09105";"0B";"1733";8;1244;0;2;"2022-11-16";;3025
"00912221C0053";"09122";"AS";"111";4;6780;6494;5;"2022-09-07";"2023-09-04";31284
"00922521K0057";"09225";"AO";"151";3;1120;0;5;"2022-03-04";"2022-04-06";2254
"00922521K0076";"09225";"YB";"118";6;3699;0;2;"2022-03-09";;38081
"00922522K0047";"09225";"AM";"105";6;2556;11308;5;"2022-12-14";"2024-03-15";36937
"0093062100016";"09306";"B";"773";4;1680;0;2;"2022-04-05";;6856
"00931422A0002";"09314";"ZA";"147";8;1858;0;5;"2022-08-30";"2023-09-30";25432
"00932422A0004";"09324";"ZB";"35";6;1203;1375;5;"2022-06-23";"2022-11-14";9667
"01000621W0007";"10006";"AB";"27";4;1552;230;2;"2022-03-01";;5210
"01001821C0005";"10018";"B";"1873P";4;1432;0;5;"2022-02-18";"2022-05-30";9073
"0100302200001";"10030";"AI";"12";4;1979;5300;2;"2022-05-11";;40701
"01018722E0001";"10187";"ZD";"247";4;1325;0;2;"2022-03-17";;0
"0101912100003";"10191";"ZM";"436";6;1738;0;2;"2022-06-13";;3885
"01026822D0003";"10268";;;4;1778;0;2;"2022-06-16";;0
"01026822D0007";"10268";;;6;2090;39745;2;"2022-08-03";;0
"01034122W0001";"10341";"ZA";"136";8;4895;11932;2;"2022-07-26";;74859
"0103622200003";"10362";"ZI";"22";3;1203;0;2;"2022-04-26";;7747
"0103622200005";"10362";"ZI";"167";8;4910;12676;2;"2022-09-15";;22036
"0103872100094";"10387";"AB";"182";6;2774;0;5;"2022-03-21";"2022-07-16";11785
"01102322D0006";"11023";"C";"385";8;1503;0;2;"2022-11-04";;46270
"0110332200006";"11033";"YB";"99";8;1303;300;5;"2022-12-08";"2024-01-09";9361
"01106822D0002";"11068";"B";"60";8;1367;0;2;"2022-06-09";;2740
"0110692100156";"11069";"BT";"155";4;1263;0;5;"2022-04-11";"2022-11-15";2996
"0112032100075";"11203";"E";"2212";8;3668;0;5;"2022-01-26";"2022-05-04";8598
"0112032200026";"11203";"BD";"17";4;1588;0;5;"2022-10-11";"2023-02-27";6120
"0112032200034";"11203";"BD";"390";4;9102;2808;2;"2022-11-24";;34947
"0112032200043";"11203";"E";"2138";6;2857;0;2;"2022-11-16";;23970
"0112622100269";"11262";"CY";"251";4;2377;0;5;"2022-04-13";"2022-05-09";0
"0112622200092";"11262";"DE";"136";8;2568;13548;2;"2022-10-31";;18316
"0112622200121";"11262";"DH";"331";3;2229;0;2;"2022-12-20";;2556
"0112662100041";"11266";"AD";"181";6;5737;0;5;"2022-02-12";"2023-06-06";56088
"0113792100050";"11379";"AW";"351";4;6767;0;5;"2022-08-03";"2024-02-22";16324
"0113832230001";"11383";"ZA";"93";8;3280;305;5;"2022-06-14";"2024-06-10";140029
"01139722D0005";"11397";"AP";"79";6;6841;0;2;"2022-05-12";;32396
"01139722D0008";"11397";"AP";"11";8;5570;0;5;"2022-09-02";"2022-11-21";46953
"01203322G0025";"12033";"F";"605";8;2010;0;2;"2022-10-28";;56445
"01205622G0005";"12056";"A";"760";8;1890;0;2;"2022-06-28";;8557
"01206321G0023";"12063";"ZP";"27";6;5420;0;2;"2022-04-14";;65425
"01211922G0016";"12119";"L";"1854";6;3795;2821;2;"2022-10-31";;20377
"01213322A0021";"12133";"AN";"39";4;1183;651;2;"2022-10-21";;2438
"01213721A1015";"12137";"D";"1077";4;1251;0;5;"2022-02-21";"2022-03-28";0
"01216921G0021";"12169";"E";"615";6;2412;17201;2;"2022-01-17";;76808
"01217421A1017";"12174";"AM";"196";6;9410;0;5;"2022-02-18";"2024-07-01";24322
"01219522G0003";"12195";;;6;1183;10356;2;"2022-04-28";;0
"01222321G0024";"12223";"ZK";"72";6;1321;0;2;"2022-01-05";;9980
"01223521G0003";"12235";"E";"634";8;1444;0;2;"2022-01-18";;23825
"01226422A0015";"12264";"A";"1100";3;2325;150;5;"2022-11-22";"2025-02-15";1376
"01300121J0331";"13001";"IO";"124";3;1436;0;2;"2022-03-10";;3057
"01300121J0375";"13001";"KC";"94";3;5600;772;2;"2022-05-23";;4800
"01300121J0404";"13001";"KR";"42";6;7800;1670;2;"2022-05-06";;17320
"01300122J0011";"13001";"IO";"37";3;2296;0;2;"2022-08-16";;9290
"01300122J0041";"13001";"CK";"187";3;2719;285;2;"2022-12-20";;1136
"01300421R0334";"13004";"CO";"880";8;3031;5646;5;"2022-03-22";"2022-07-04";20174
"01300422R0003";"13004";"CO";"592";8;1976;343;5;"2022-07-11";"2023-06-01";3985
"01300422R0050";"13004";"CO";"821";8;1032;2443;2;"2022-09-26";;7958
"0130052100136";"13005";"BK";"62";3;4918;0;2;"2022-01-13";;5190
"0130052100148";"13005";"CR";"91";3;4994;0;5;"2022-02-04";"2023-07-20";5025
"0130052100156";"13005";"DX";"181";4;1010;0;5;"2022-02-19";"2022-07-03";3288
"0130052100194";"13005";"DV";"11";4;1063;443;2;"2022-06-24";;2835
"0130052200070";"13005";"CV";"832";6;15594;21237;5;"2022-08-04";"2023-03-31";77474
"0130052200108";"13005";"CV";"832";3;11736;36831;5;"2022-09-23";"2023-03-31";78197
"0130052200111";"13005";"BK";"3";3;6400;0;2;"2022-09-30";;9351
"01301022N0009";"13010";"BY";"91";8;3520;3520;5;"2022-10-19";"2022-11-07";10391
"01301422F0006";"13014";"AS";"9";8;62858;0;2;"2022-08-10";;160898
"01301422F0028";"13014";"CW";"212";8;1180;0;5;"2022-11-21";"2025-01-15";11824
"01301422F0032";"13014";"CX";"475";6;1987;0;2;"2022-10-13";;5490
"0130152200032";"13015";"CN";"209";8;7731;0;2;"2022-10-25";;20542
"01301922K0017";"13019";"BS";"120";8;1250;0;2;"2022-07-13";;4431
"01302521L0007";"13025";"AN";"111";4;1336;0;5;"2022-07-11";"2024-04-08";5027
"01302622H0024";"13026";"BV";"102";6;2717;2785;5;"2022-11-17";"2024-01-02";15165
"01302821B0153";"13028";"BZ";"799";3;4250;107;2;"2022-09-01";;11130
"01302822B0035";"13028";"CE";"643";3;1920;0;5;"2022-10-03";"2023-04-15";5224
"01303121A0018";"13031";"AA";"116";4;2978;0;5;"2022-06-08";"2024-01-22";4001
"0130322100052";"13032";"BD";"637";3;2444;0;2;"2022-02-03";;60761
"0130322100084";"13032";"BD";"586";3;2499;0;2;"2022-06-10";;4262
"01303721F0036";"13037";"AI";"178";4;1638;0;5;"2022-03-02";"2022-07-11";7934
"01303921G0034";"13039";"B";"3154";8;1081;0;2;"2022-01-10";;2786
"01303922G0057";"13039";"AB";"25";6;1850;8064;2;"2022-12-09";;1850855
"01304022L0025";"13040";"AW";"235";4;1363;220;2;"2022-09-16";;1503
"01304121K0080";"13041";"AL";"55";6;1200;1878;5;"2022-03-22";"2022-06-07";7922
"01304121K0087";"13041";"CK";"112";8;1101;0;2;"2022-03-24";;2038
"01304122K0002";"13041";"AL";"1";8;4073;336;2;"2022-08-25";;6871
"01304122K0003";"13041";"CM";"75";4;1392;0;5;"2022-04-13";"2022-05-01";5694
"01304122K0023";"13041";"CL";"444";8;1892;0;5;"2022-07-15";"2022-11-07";16390
"01304521N0018";"13045";"AB";"200";3;2174;0;2;"2022-03-22";;2989
"01305221P0025";"13052";"B";"332";4;1573;1420;5;"2022-02-21";"2022-06-28";14048
"01305421F0069";"13054";"AB";"1";6;3409;158097;2;"2022-01-27";;372576
"0130542200024";"13054";"CE";"27";3;1242;1219;5;"2022-10-28";"2023-04-24";4712
"0130542200034";"13054";"Z";"162";6;2439;0;2;"2022-10-28";;5975
"0132022100934";"13055";"D";"80";3;1967;10825;5;"2022-05-20";"2023-06-23";307
"0132112200259";"13055";"D";"99";6;1047;80;2;"2022-10-04";;1284
"0132112200620";"13055";"K";"265";4;1497;25679;5;"2022-12-13";"2023-02-22";35726
"0132142200587";"13055";"A";"103";8;1397;5637;2;"2022-10-12";;12904
"0132152200754";"13055";"D";"92";8;2495;0;2;"2022-12-27";;7031
"0130562200073";"13056";"EO";"463";3;1176;1053;2;"2022-10-25";;7916
"01306322G0042";"13063";"AE";"63";8;1418;0;2;"2022-10-20";;39591
"01306722N0001";"13067";"CT";"3";6;1408;1697;5;"2022-04-12";"2022-07-20";5729
"01307121C0048";"13071";"AN";"103";4;1007;0;2;"2022-04-05";;2530
"01307121C0142";"13071";"AM";"173";3;2297;0;2;"2022-06-15";;2372
"01307121C0166";"13071";"AM";"150";4;6695;101;2;"2022-08-03";;9418
"01307122C0035";"13071";"CT";"507";3;1888;177;2;"2022-08-24";;1886
"01307122C0065";"13071";"CR";"288";6;2985;0;5;"2022-10-28";"2023-01-16";0
"0130762100016";"13076";"AO";"456";4;2507;550;5;"2022-05-17";"2023-06-28";7018
"01307822S0014";"13078";"C";"3249";8;1650;0;5;"2022-10-12";"2024-08-26";10387
"01308122F0011";"13081";"BT";"620";8;2734;0;5;"2022-06-14";"2023-05-22";8478
"01308321N0015";"13083";"AI";"43A";8;2424;0;2;"2022-03-17";;5121
"01308422M0002";"13084";"AA";"120";6;3590;5337;2;"2022-08-30";;73430
"0130882200004";"13088";"AA";"307P";8;4674;0;2;"2022-08-04";;14310
"01309222G0018";"13092";"AO";"12";8;1439;9559;2;"2022-12-05";;57097
"01309721S0038";"13097";"BM";"21";4;2306;841;5;"2022-03-14";"2022-08-22";9096
"0130982200007";"13098";"AO";"177";4;1104;680;2;"2022-08-25";;3655
"01309921M0007";"13099";"0C";"543";3;5515;0;5;"2022-02-10";"2023-02-06";31914
"01309921M0009";"13099";"0B";"119";3;5518;0;5;"2022-03-13";"2023-06-19";2270160
"01310322E0087";"13103";"AH";"65";3;2566;506;5;"2022-11-21";"2024-10-14";862
"0131052200019";"13105";"BT";"287";8;1615;2301;2;"2022-12-16";;11456
"01310821S0029";"13108";"ZK";"74";6;1160;3794;5;"2022-01-27";"2023-04-03";54060
"01311021L0064";"13110";"CH";"373";4;1119;0;2;"2022-07-18";;3808
"0131132100023";"13113";"BP";"100";6;6934;0;5;"2022-04-05";"2023-12-04";22750
"01311721F0055";"13117";"CI";"103";4;2335;0;2;"2022-03-11";;13976
"01311721F0060";"13117";"CD";"5";8;3549;4941;5;"2022-01-21";"2022-12-04";22646
"01311722F0001";"13117";"AY";"61";8;1200;0;2;"2022-04-08";;2232
"01311722F0024";"13117";"AB";"54";8;3340;0;2;"2022-07-22";;6363
"01311722F0027";"13117";"BI";"63";4;4317;15300;2;"2022-11-18";;52191
"01311722F0051";"13117";"AX";"45";8;3404;1377;5;"2022-12-16";"2024-06-18";5018
"01402022P0007";"14020";;;8;1568;0;2;"2022-12-15";;0
"01410122P0005";"14101";"A";"510";8;1036;0;5;"2022-06-30";"2023-02-06";3181
"01410122P0009";"14101";"A";"487";3;2010;0;2;"2022-11-23";;1515
"01411921R0033";"14119";"AK";"420";4;1436;0;5;"2022-03-25";"2022-08-11";3128
"01413721R0017";"14137";"BB";"34";8;1094;3419;2;"2022-02-21";;9881
"01416722P0004";"14167";"BH";"41";6;8942;0;5;"2022-07-29";"2022-10-03";102003
"01418120P0018";"14181";"AK";"272 P";6;21785;0;5;"2022-04-11";"2023-03-20";90745
"01422021P0043";"14220";"AM";"35";8;1039;5755;5;"2022-05-03";"2024-09-16";19080
"01422122P0003";"14221";"OZ";"276";8;1255;0;2;"2022-07-26";;4487
"01424221P0012";"14242";"AC";"225";4;6048;0;5;"2022-04-22";"2022-10-19";10000
"01424222P0004";"14242";"AC";"174";3;7319;0;5;"2022-11-08";"2023-05-30";94954
"01427122P0007";"14271";"AS";"91";4;4752;0;2;"2022-09-19";;49884
"01427122P0012";"14271";"AS";"80";6;1653;2530;5;"2022-10-26";"2023-02-27";16016
"01427122P0014";"14271";"AS";"90";6;2942;0;2;"2022-12-16";;15574
"01427122R0008";"14271";"AT";"453";3;7432;0;5;"2022-12-19";"2025-04-22";7896
"01433321R0036";"14333";"CO";"213";8;9326;26359;5;"2022-03-21";"2023-01-01";75912
"01433321R0044";"14333";"CC";"87";8;33951;0;5;"2022-02-24";"2024-06-14";92934
"01433321R0045";"14333";"CC";"103";8;38918;0;2;"2022-02-24";;95398
"01433321R0046";"14333";"CD";"158";3;2357;0;5;"2022-05-04";"2025-01-13";4698
"01433321R0055";"14333";"CN";"36";8;5068;4960;5;"2022-04-28";"2022-07-25";20406
"01434121P0052";"14341";;;4;10913;0;5;"2022-04-01";"2022-04-01";0
"01434122R0006";"14341";"BK";"355";3;1951;0;5;"2022-07-26";"2022-09-22";12525
"01438921R0003";"14389";"ZC";"19";8;3444;11;5;"2022-03-17";"2022-04-25";31469
"01443720R0031";"14437";"CD";"46";8;54708;0;5;"2022-04-11";"2023-03-20";113688
"01443722P0015";"14437";"CD";"56";6;2342;0;5;"2022-10-19";"2023-04-03";49524
"01443722P0025";"14437";"CD";"56";8;1438;0;5;"2022-12-02";"2024-07-01";46247
"01443722P0026";"14437";"CD";"109";8;3950;0;5;"2022-12-02";"2025-12-10";4028
"01443722P0027";"14437";"CD";"56";8;2073;0;5;"2022-12-02";"2024-07-01";49524
"01445621R0059";"14456";"ZB";"77";6;1250;4994;2;"2022-03-10";;21542
"01445622P0014";"14456";"ZB";"135";8;1115;0;2;"2022-09-10";;50055
"0144602200009";"14460";"ZC";"101";6;1409;0;2;"2022-09-30";;16328
"01453822P0016";"14538";"BA";"14";4;1490;0;2;"2022-11-23";;4708
"01453822P0018";"14538";"Z";"307";8;4354;0;2;"2022-12-22";;9696
"01455621R0013";"14556";"ZB";"10P";4;1048;0;2;"2022-03-22";;3212
"01455622R0004";"14556";"ZB";"46";3;1169;0;2;"2022-10-11";;3046
"01455622R0007";"14556";"ZB";"50";3;1223;0;2;"2022-12-07";;2959
"01455721P0015";"14557";"AB";"348";8;2703;3707;5;"2022-05-05";"2024-09-16";16486
"01462722R0001";"14627";"ZR";"31";6;1539;0;2;"2022-06-10";;6662
"01463022P0009";"14630";"AD";"116";8;5060;0;5;"2022-10-13";"2023-04-24";45982
"01465922R0032";"14659";"AH";"215";8;1355;12595;2;"2022-09-22";;47689
"01467522P0001";"14675";"BA";"100";4;14800;0;2;"2022-02-28";;31478
"01467522R0007";"14675";"BA";"135";4;1731;0;5;"2022-11-10";"2023-03-30";0
"01473822P0007";"14738";"ZT";"609";8;3623;0;5;"2022-06-20";"2022-08-22";10147
"01476222R0052";"14762";"A";"661";8;1383;3069;2;"2022-11-02";;100725
"01501422A0003";"15014";"AZ";"15";8;2124;973;2;"2022-06-16";;2476
"01505521S0007";"15055";"ZK";"250";6;1599;0;5;"2022-04-21";"2022-10-13";10106
"01509022A0003";"15090";"B";"1551";6;1218;0;2;"2022-10-20";;6364
"01511922S0002";"15119";"ZH";"67";8;1416;0;2;"2022-05-05";;0
"01518721S0029";"15187";"AL";"14";8;1165;1440;5;"2022-03-07";"2022-04-04";12208
"01526721A0039";"15267";"AB";"199";3;1044;0;5;"2022-02-03";"2022-05-18";5642
"01526722A0010";"15267";"AE";"130";8;2009;1011;5;"2022-09-27";"2023-10-01";33131
"01601221W0012";"16012";"A";"208";6;6290;0;5;"2022-01-03";"2022-05-04";94392
"01601822W0003";"16018";"ZK";"106";8;1138;0;5;"2022-03-31";"2022-11-20";4898
"01602821W0029";"16028";"0A";"155";8;1176;0;2;"2022-02-22";;5545
"01607821C0056";"16078";"CC";"85";4;2453;395;5;"2022-02-17";"2022-10-27";2437
"01608922W0007";"16089";"AP";"394";8;1500;0;2;"2022-07-27";;23920
"01610222T0026";"16102";"AW";"1206";3;6974;861;2;"2022-12-29";;29744
"01621722W0005";"16217";"ZE";"294";8;1075;5707;5;"2022-08-10";"2022-08-29";19910
"01626922C0005";"16269";"0C";"67";8;1500;0;2;"2022-06-29";;77073
"01629222N0007";"16292";"BC";"206";8;18145;116487;5;"2022-07-05";"2022-11-02";364030
"01635022C0004";"16350";"0B";"635";6;2780;17781;2;"2022-12-08";;43576
"01635921W0014";"16359";"ZA";"107";6;1598;1928;2;"2022-04-26";;7229
"01635922W0007";"16359";"ZA";"66";3;4045;25343;5;"2022-12-29";"2023-06-19";317008
"01638422W0007";"16384";"A";"974P";8;2289;2513;5;"2022-11-22";"2023-01-24";11725
"01639322X0007";"16393";"ZN";"276";8;22238;44379;2;"2022-09-01";;151620
"01700821C0034";"17008";"ZB";"155";4;5748;7262;5;"2022-07-18";"2023-03-23";26140
"01700822C0008";"17008";"ZB";"31";4;1073;0;5;"2022-09-02";"2023-09-04";2440
"01707421H0014";"17074";"F";"149";8;1296;0;2;"2022-01-12";;769496
"0171422200050";"17142";"ZD";"148";8;1447;0;2;"2022-12-22";;2884
"01718622C0007";"17186";"ZB";"266";8;1026;0;2;"2022-06-02";;2103
"01721822C0017";"17218";"D";"672";6;1183;10513;5;"2022-07-22";"2022-10-26";25402
"01723622H0002";"17236";"ZL";"199";8;1440;0;5;"2022-05-16";"2023-05-17";11145
"01724022H0008";"17240";"AL";"11";4;1435;0;5;"2022-06-13";"2023-07-03";3674
"01724422S0003";"17244";"AL";"10";8;1502;0;5;"2022-06-20";"2024-05-29";18483
"0172742200017";"17274";"AD";"325";8;3035;264;5;"2022-09-13";"2022-12-19";2951
"0173002200057";"17300";"EY";"57";8;1187;3211;2;"2022-08-09";;4942
"0173002200126";"17300";"AZ";"448";3;2070;0;5;"2022-11-14";"2025-06-26";1962
"01730822R0002";"17308";"D";"1072";6;2412;0;5;"2022-06-30";"2023-06-21";895637
"0173152100020";"17315";"XA";"83";8;1350;0;2;"2022-04-04";;4910
"01733621P0023";"17336";"ZI";"181";4;2154;228;2;"2022-01-18";;9535
"01733621P0045";"17336";"ZH";"223";4;2216;0;5;"2022-06-24";"2024-06-03";21533
"01733621P0054";"17336";"ZH";"251";4;3425;0;5;"2022-04-20";"2023-02-13";11603
"01733621P0056";"17336";"ZH";"216";4;1283;0;2;"2022-03-24";;4941
"01733622P0008";"17336";"ZH";"221";4;1025;0;2;"2022-06-24";;15392
"01733922H0002";"17339";"ZB";"65";6;2772;0;5;"2022-03-30";"2022-04-01";0
"0173732200011";"17373";"ZP";"234";8;2132;0;5;"2022-12-27";"2023-06-15";8107
"01741522P0046";"17415";"C";"331";8;1811;9533;2;"2022-11-16";;27755
"01743421A0048";"17434";"ZR";"123";4;4316;0;5;"2022-01-21";"2022-09-05";39774
"01744922R0004";"17449";"ZD";"206";6;1250;0;5;"2022-04-05";"2022-04-19";3597
"01803322B0071";"18033";"ZN";"273";6;6223;28648;5;"2022-09-30";"2023-01-11";108896
"01814922A0004";"18149";"AX";"250";4;1251;0;2;"2022-08-10";;40123
"01815822T0006";"18158";"B";"253";8;2024;0;5;"2022-05-30";"2022-06-13";163049
"01816522V0001";"18165";"B";"1385";6;1313;4379;5;"2022-03-24";"2023-01-09";21575
"01819722M0013";"18197";"BT";"231";4;1343;1703;2;"2022-08-04";;10592
"01819722M0016";"18197";"BN";"104";8;1184;5060;2;"2022-08-22";;17319
"01820521B0038";"18205";"BW";"28";4;3148;0;5;"2022-01-06";"2022-03-28";12919
"01820521B0045";"18205";"BZ";"265";4;1263;0;5;"2022-02-17";"2022-11-21";6000
"01820722D0013";"18207";"AD";"26";8;6593;0;5;"2022-10-18";"2024-10-14";0
"01823321L0010";"18233";"AI";"384";4;1734;2534;2;"2022-03-21";;12256
"0182422100028";"18242";"A";"302";8;1992;0;2;"2022-04-12";;51777
"01827922V0025";"18279";"BT";"249";8;1270;0;2;"2022-06-13";;10001
"01903121A0127";"19031";"DY";"271";6;3110;3116;2;"2022-05-05";;14676
"01903122A0011";"19031";"EO";"182";6;2248;4669;5;"2022-06-14";"2022-07-13";53975
"01907222A0008";"19072";"ZC";"199";8;2389;0;5;"2022-06-30";"2022-08-29";11433
"01922922A0049";"19229";"ZA";"25";8;2007;0;2;"2022-12-08";;28080
"01924621A0031";"19246";"ZM";"491";6;4568;8092;2;"2022-03-15";;42000
"02103821S0026";"21038";"AX";"287";8;2890;9885;5;"2022-05-28";"2023-01-03";41164
"02105422B0014";"21054";"ED";"141";4;2339;0;2;"2022-11-08";;32075
"02105422B0056";"21054";"ED";"156";3;1306;0;2;"2022-12-05";;18758
"02113121S0002";"21131";"ZL";"35";8;2145;0;2;"2022-07-01";;59660
"02116622R0008";"21166";"AR";"132";6;1415;11480;2;"2022-07-25";;61987
"02117121R0021";"21171";"AL";"117";8;1159;0;2;"2022-04-12";;1879
"02117121R0027";"21171";"ZE";"244";8;1523;1491;5;"2022-07-13";"2022-11-14";5235
"02121022B0002";"21210";;;8;4102;0;2;"2022-06-17";;0
"02123122R0003";"21231";"AH";"1552";3;2696;0;2;"2022-08-05";;7831
"02123122R0052";"21231";"CZ";"356";6;1090;274;5;"2022-05-25";"2022-07-01";10331
"02129222D0010";"21292";"AI";"103";6;6793;0;5;"2022-10-11";"2023-02-09";15289
"02135521R0024";"21355";"BE";"89";8;3575;0;2;"2022-02-17";;8395
"02135522R0003";"21355";"BC";"15";8;1783;18066;2;"2022-09-06";;40170
"02135522R0013";"21355";"BY";"345";3;1281;0;5;"2022-11-02";"2023-05-30";9585
"02148521R0012";"21485";"AM";"225";4;1641;0;2;"2022-02-11";;6663
"02151422M0002";"21514";"ZW";"29";6;2607;0;2;"2022-08-26";;95580
"02154021R0004";"21540";"ZB";"366";3;3838;19995;2;"2022-01-17";;33226
"02154021R0016";"21540";"ZM";"255";6;1176;0;5;"2022-05-11";"2022-06-27";96091
"02154022R0015";"21540";"ZM";"255";6;3373;0;5;"2022-12-23";"2023-02-01";13081
"02204922C0004";"22049";"B";"1315";6;1547;49168;5;"2022-05-13";"2022-05-17";142947
"02207022X0011";"22070";"AL";"330";3;1258;0;5;"2022-08-11";"2023-02-13";0
"02208122Q0019";"22081";"ZW";"127";6;1200;5650;2;"2022-06-08";;16000
"02209322F0063";"22093";"BL";"205";3;6340;0;5;"2022-10-31";"2024-02-13";17926
"02210622Q0001";"22106";"AB";"10";4;2758;8253;5;"2022-04-07";"2022-06-08";12734
"02210722P0004";"22107";"ZX";"77";6;1951;2919;5;"2022-06-03";"2022-10-10";13921
"02211321C0089";"22113";"CH";"608";3;1170;0;5;"2022-02-02";"2022-04-11";9160
"02212121D0023";"22121";"A";"2459";4;2540;9195;5;"2022-02-24";"2023-05-15";45279
"02213622J0021";"22136";"AR";"1";6;2288;10455;5;"2022-10-06";"2023-05-30";37466
"02215222C0002";"22152";"ZE";"16";6;3326;0;5;"2022-07-06";"2022-10-17";0
"02218821D0038";"22188";"A";"2241";6;2753;0;2;"2022-06-07";;8581
"02222521P0048";"22225";"AM";"56";6;2439;3479;5;"2022-03-09";"2023-01-04";7710
"02222522P0035";"22225";"ZE";"245";8;8678;0;2;"2022-11-07";;2589
"02222822C0005";"22228";"ZO";"156";8;2020;0;2;"2022-06-02";;8000
"02224622Q0012";"22246";"ZB";"18";6;4258;670;2;"2022-09-09";;29120
"02225122Q0010";"22251";"ZR";"369";8;2165;3800;2;"2022-08-01";;26515
"02225122Q0033";"22251";"ZP";"543";4;1534;0;2;"2022-09-06";;1760
"02225122Q0048";"22251";"ZP";"563";4;1088;0;2;"2022-12-02";;1008
"02227221P0017";"22272";"AN";"46";6;2890;9348;5;"2022-05-13";"2022-09-13";2525
"02227321Q0057";"22273";"ZB";"413";4;1581;783;5;"2022-04-04";"2024-04-30";2110
"02227922J0006";"22279";"XI";"35";8;49697;0;5;"2022-09-16";"2023-02-13";96668
"02236022Q0018";"22360";"0A";"4585";8;9942;0;2;"2022-08-25";;26077
"02303222D0006";"23032";"BN";"86";6;1610;15180;5;"2022-10-01";"2023-01-23";100044
"02307122A0002";"23071";"AB";"260";4;1697;0;5;"2022-12-19";"2023-02-17";2859
"02308922X0005";"23089";"ZN";"24";8;1600;0;2;"2022-12-16";;13370
"02309621X0024";"23096";"AD";"205";8;2032;0;2;"2022-11-29";;121424
"02309622G0017";"23096";"AK";"43";6;1279;0;2;"2022-10-06";;14875
"02310021D0006";"23100";"ZB";"41";6;6230;0;2;"2022-04-19";;35922
"02318921A0017";"23189";"AR";"121";6;6395;0;2;"2022-04-14";;35643
"02403721D0160";"24037";"CE";"214";8;3071;679;5;"2022-04-19";"2023-09-04";75391
"02403722D0007";"24037";"CI";"277";4;2219;5833;5;"2022-05-20";"2022-09-05";25581
"02403722D0016";"24037";"BV";"282";8;1143;0;5;"2022-07-01";"2023-02-15";2588
"02404822A0002";"24048";"AC";"176";8;1008;0;2;"2022-11-08";;25760
"02405322D0029";"24053";"A";"44";4;1004;378;2;"2022-06-14";;3290
"02405322D0036";"24053";"AK";"32";4;1777;0;2;"2022-07-15";;2766
"02405322D0063";"24053";"AB";"50";4;2084;7189;5;"2022-08-30";"2022-12-05";24080
"02405322D0064";"24053";"AB";"305";8;1273;2585;5;"2022-07-15";"2025-06-10";8090
"02405322D0067";"24053";"A";"1440";4;1713;0;2;"2022-10-21";;3491
"02405722D0001";"24057";"B";"662";6;1424;2742;2;"2022-05-24";;1006
"02406422D0016";"24064";"B";"1";8;3300;0;2;"2022-09-12";;509760
"02409622D0006";"24096";"B";"1575";6;2192;19865;2;"2022-08-01";;73411
"02413821D0050";"24138";"AW";"579";4;1444;0;5;"2022-02-10";"2022-05-16";4388
"02422622S0005";"24226";"AD";"20";8;1624;0;5;"2022-06-14";"2022-09-16";13960
"02422922D0006";"24229";"A";"433";6;1012;0;5;"2022-11-18";"2023-01-03";151898
"02431222D0015";"24312";"BZ";"11";3;1963;0;5;"2022-09-20";"2025-02-01";4917
"02432222D0007";"24322";"AP";"17";6;1219;43857;5;"2022-04-22";"2023-06-01";94005
"02442822D0002";"24428";"AP";"396";8;2112;0;2;"2022-09-12";;62584
"02442822D0008";"24428";"ZV";"125";8;1300;0;5;"2022-12-02";"2024-04-29";11315
"02444922D0010";"24449";"ZY";"67";6;1750;0;2;"2022-10-28";;115741
"02448722D0009";"24487";"ZV";"211";8;1186;0;2;"2022-08-05";;40548
"02455122D0002";"24551";"AL";"239";6;3619;10629;2;"2022-06-21";;32988
"02455122D0014";"24551";"AM";"380";8;1537;4463;2;"2022-12-07";;19146
"02455722D0004";"24557";"AR";"47";8;2736;0;5;"2022-03-10";"2024-06-10";7615
"02455722D0019";"24557";"BT";"218";4;1603;0;5;"2022-10-24";"2023-06-07";7250
"02455722D0020";"24557";"AN";"156";8;2017;0;2;"2022-08-05";;11571
"02500622D0003";"25006";"ZH";"55";6;2527;0;5;"2022-12-30";"2023-10-03";214000
"02503222D0002";"25032";"AB";"309";6;2078;0;2;"2022-10-18";;14393
"02505621B0130";"25056";"HO";"104";3;1774;0;2;"2022-01-13";;3443
"02505622B0124";"25056";"HT";"176";6;3116;0;2;"2022-12-15";;13342
"02508421C0008";"25084";"ZB";"451";6;5037;6227;5;"2022-03-11";"2022-05-15";46770
"02515522N0001";"25155";"ZH";"36";8;1466;3096;5;"2022-05-05";"2022-07-20";34310
"02515622L0001";"25156";"ZC";"113";6;1537;12593;2;"2022-02-21";;96646
"02515722P0003";"25157";"A";"668";4;1353;0;2;"2022-06-22";;2955
"02520421P0034";"25204";"AE";"132";4;2631;22473;5;"2022-05-25";"2022-08-22";66443
"02521222C0003";"25212";"AL";"26";4;1627;2458;5;"2022-12-13";"2024-02-22";5305
"02522221V0029";"25222";"WK";"81";6;2762;1029;5;"2022-04-19";"2023-01-03";11000
"02522222V0017";"25222";"A";"1";8;1394;0;5;"2022-07-28";"2023-09-26";8459
"02524022R0008";"25240";"AL";"107";4;2540;2046;2;"2022-05-26";;6764
"02535621R0020";"25356";"ZI";"69";4;1593;1144;2;"2022-05-19";;6889
"02535621R0023";"25356";"AC";"279";3;1395;0;5;"2022-05-20";"2022-08-22";2616
"02535622R0008";"25356";"AM";"49";6;2337;6286;2;"2022-07-04";;28137
"02536022N0001";"25360";"ZA";"59";8;1394;3063;2;"2022-08-20";;139757
"02541822C0006";"25418";"ZH";"283";8;2603;7405;5;"2022-11-28";"2023-04-19";163895
"02543421N0029";"25434";"AP";"136";4;2200;0;2;"2022-01-13";;4965
"02546222P0016";"25462";"AW";"144";6;1645;0;5;"2022-06-16";"2022-07-06";84429
"02552722C0004";"25527";"AH";"190";8;1350;0;2;"2022-04-06";;4277
"02552922L0003";"25529";"F";"1048";8;1305;1067;2;"2022-04-22";;4445
"02553922A0006";"25539";"AT";"54";4;1575;4053;2;"2022-08-24";;13763
"0260342200001";"26034";"ZE";"104";8;2644;2611;2;"2022-06-07";;10238
"02605722V0010";"26057";"ZB";"801";8;2334;3483;2;"2022-09-20";;7755
"02605822V0023";"26058";"D";"3037";6;5789;0;2;"2022-12-26";;28113
"02606122T0005";"26061";"ZD";"305";4;1478;7828;2;"2022-05-20";;60308
"0260842200029";"26084";"ZN";"711";3;2023;0;5;"2022-12-11";"2024-02-16";8417
"0260962200003";"26096";"ZS";"114";4;2323;0;2;"2022-07-12";;5024
"02610622M0001";"26106";"AD";"255";8;13600;0;5;"2022-09-06";"2022-10-20";20761
"02611922T0001";"26119";;;6;3219;0;2;"2022-06-28";;0
"02612421V0022";"26124";"YC";"147";8;23468;0;5;"2022-02-24";"2022-06-13";48451
"0261242200026";"26124";"ZC";"193";8;1229;5160;5;"2022-11-15";"2023-04-17";874
"02612521D0022";"26125";"YE";"203";8;5107;0;5;"2022-01-11";"2022-03-28";35132
"02616921M0029";"26169";"AL";"47";6;9501;0;5;"2022-02-25";"2022-04-25";41445
"02616921M0033";"26169";;;6;1069;0;5;"2022-02-14";"2022-04-20";4116
"02616922M0005";"26169";"AM";"130";8;15553;175;2;"2022-05-17";;37562
"02616922M0014";"26169";"AL";"242";8;12586;3211;2;"2022-07-04";;15000
"02616922M0019";"26169";"AI";"115";8;9184;0;5;"2022-10-31";"2023-02-01";22664
"02617921T0031";"26179";"ZK";"375";6;1275;0;2;"2022-03-07";;17250
"02621821V0033";"26218";"AE";"113";6;1210;3455;2;"2022-02-25";;8677
"02621821V0034";"26218";"AE";"381";8;4320;3412;2;"2022-02-25";;14612
"02623522P0030";"26235";"0X";"1206";3;3158;0;2;"2022-11-25";;10665
"02623522P0056";"26235";"YH";"271";8;5207;0;2;"2022-11-07";;14796
"02625222V0004";"26252";"AB";"47";8;2112;7832;2;"2022-05-19";;19855
"02625222V0008";"26252";"AB";"76";4;6407;0;5;"2022-08-25";"2023-02-27";12911
"02625222V0011";"26252";"AE";"35";3;1553;0;5;"2022-06-15";"2022-10-10";14428
"02625222V0020";"26252";"AC";"30";8;1122;1398;2;"2022-07-27";;6982
"0262812200060";"26281";"BT";"449";8;2134;2858;2;"2022-10-20";;10084
"02632421S0062";"26324";"BA";"208";3;4536;0;2;"2022-06-23";;7522
"02632422S0022";"26324";"0Z";"467";6;14680;0;5;"2022-09-26";"2023-01-26";31149
"0263622200015";"26362";"ZN";"194";6;4717;0;5;"2022-05-11";"2022-07-18";819
"0263622200037";"26362";"DO";"648";6;2224;1490;2;"2022-09-07";;10772
"0263622200071";"26362";"DO";"667";3;1133;0;5;"2022-09-28";"2022-11-28";2046
"02700821A0015";"27008";"C";"1146";6;1820;16764;2;"2022-02-18";;172851
"02700822A0001";"27008";"C";"1526";6;2381;144502;2;"2022-10-19";;0
"02700822A0013";"27008";"B";"1526";6;11318;146883;2;"2022-12-23";;184589
"02702222A0006";"27022";"AK";"153";8;27330;30887;2;"2022-10-26";;73206
"02709522Z0004";"27095";"YC";"55";8;4208;0;5;"2022-04-29";"2023-01-09";35232
"02711222I0007";"27112";"AD";"244";8;1024;6657;5;"2022-10-24";"2023-09-30";28226
"02722922F0009";"27229";"AR";"726";3;1320;3172;5;"2022-07-19";"2023-04-15";22242
"02724621A0003";"27246";"B";"1504";6;1009;8526;2;"2022-02-04";;17590
"02727522A0007";"27275";"AS";"125";8;9367;11180;5;"2022-10-26";"2026-01-15";43274
"02728422G0012";"27284";"ZA";"64";4;1017;0;2;"2022-10-13";;1906
"02730622F0005";"27306";"ZA";"112";3;7195;0;2;"2022-08-05";;11741
"02733221A0018";"27332";"ZA";"584";6;1449;0;5;"2022-03-23";"2022-05-09";5173
"02733222A0001";"27332";"ZA";"427";8;17558;53001;5;"2022-05-03";"2022-05-03";276229
"02741022F0001";"27410";"C";"126";6;3508;20612;5;"2022-07-04";"2022-07-28";198160
"02741421Z0004";"27414";"ZH";"151";6;9480;11772;5;"2022-03-08";"2023-02-20";86281
"02756122S0008";"27561";"B";"265";6;3248;8713;2;"2022-12-12";;93394
"02759922A0002";"27599";"AB";"8";8;2148;2277;2;"2022-07-05";;14896
"02766122S0003";"27661";"B";"357";3;1370;0;5;"2022-10-10";"2023-08-30";11539
"0276812109247";"27681";"AZ";"410";4;23864;0;5;"2022-03-14";"2025-11-03";26950
"02768422F0001";"27684";"ZD";"83";3;7195;0;2;"2022-08-05";;136
"02770121H3127";"27701";"BZ";"308";4;8150;0;5;"2022-07-06";"2024-06-24";31238
"02770122H0010";"27701";"CL";"19";6;2416;4784;5;"2022-06-09";"2024-01-03";9325
"02770122H0017";"27701";"BE";"115";8;1187;0;2;"2022-07-20";;13412
"02770122H0036";"27701";"BI";"36";8;46244;0;5;"2022-12-02";"2023-04-03";4600
"0280062200008";"28006";;;8;2307;0;2;"2022-10-20";;0
"0280272200003";"28027";"ZK";"126";4;1300;0;2;"2022-07-07";;22653
"0281162200010";"28116";"ZD";"215";6;1394;1472;5;"2022-09-02";"2022-11-17";17121
"0281342200006";"28134";"CE";"548";8;18403;13435;2;"2022-05-03";;60258
"0281342200043";"28134";"CE";"648";6;2892;0;2;"2022-08-29";;3266
"0281772200015";"28177";"ZR";"98";6;12668;0;2;"2022-12-29";;46037
"0281782200001";"28178";"ZH";"21";8;78652;0;2;"2022-05-18";;78653
"0282292200007";"28229";"ZV";"102";4;2272;0;2;"2022-07-15";;7805
"0282792200012";"28279";"ZD";"44";8;2786;9854;5;"2022-10-27";"2023-02-13";20000
"0283482100018";"28348";"AH";"158";6;1267;2425;5;"2022-01-28";"2022-04-25";22043
"0283592100013";"28359";;;6;3592;15510;2;"2022-01-14";;0
"0283912100011";"28391";"ZM";"202";6;3680;3164;5;"2022-03-14";"2023-09-11";15983
"0290192100329";"29019";"KY";"60";6;4400;0;2;"2022-03-11";;6490
"0290192200001";"29019";"EX";"169";4;4757;0;5;"2022-08-12";"2024-08-02";22463
"0290192200017";"29019";"IK";"190";4;1910;770;2;"2022-09-07";;14095
"0290192200086";"29019";"DT";"145";6;2093;63060;2;"2022-08-12";;262815
"0290192200216";"29019";"HV";"209";3;4499;1550;5;"2022-12-16";"2024-01-24";8740
"0290242100045";"29024";"B";"1032";8;5396;0;5;"2022-02-08";"2022-03-09";28231
"0290242200020";"29024";"A";"1458";6;1100;0;5;"2022-09-28";"2023-02-01";23375
"0290262200021";"29026";"ZH";"102";6;3000;0;5;"2022-09-21";"2023-07-24";42200
"0290392200027";"29039";"ZK";"270";8;1236;0;2;"2022-09-22";;8614
"0290412200008";"29041";"F";"1253";6;3750;0;2;"2022-07-28";;24565
"0290512200016";"29051";"A";"2592";8;4632;0;2;"2022-08-23";;14430
"0290682200014";"29068";"ZC";"267";3;1882;0;5;"2022-10-11";"2023-01-09";8949
"0290752100080";"29075";"CE";"1";3;3600;1102;2;"2022-04-14";;3360
"0290752200053";"29075";"H";"2288";8;1985;0;2;"2022-10-10";;12255
"0291422200001";"29142";"ZA";"32";8;8011;0;5;"2022-12-07";"2023-03-27";102146
"0291472200006";"29147";"ZD";"216";6;1644;0;5;"2022-08-09";"2024-11-04";5728
"0291472200014";"29147";"ZC";"197";3;1213;0;5;"2022-09-08";"2023-08-28";2867
"0291512200049";"29151";"BL";"215";3;3056;8;2;"2022-11-28";;3150
"0291562200006";"29156";"AA";"131";6;2090;4353;2;"2022-08-08";;17482
"0291612200017";"29161";"AL";"134";4;1040;21368;2;"2022-10-15";;84401
"0291892100132";"29189";"BN";"206";4;1798;6725;2;"2022-09-07";;26386
"0292172100061";"29217";"B";"1493";6;2017;0;5;"2022-03-21";"2022-10-10";5940
"0292322100059";"29232";"ZL";"322";3;2243;0;5;"2022-02-16";"2023-12-01";29975
"0292322100189";"29232";"ZN";"130";3;1527;0;2;"2022-07-01";;6915
"0292322100223";"29232";"EW";"174";8;1436;0;5;"2022-01-27";"2025-01-01";4320
"0292322200017";"29232";"DK";"421";3;2093;1993;2;"2022-09-15";;9535
"0292322200042";"29232";"DI";"476";3;1528;12609;5;"2022-05-31";"2023-03-01";37950
"0292322200103";"29232";"I";"254";8;1012;0;5;"2022-10-26";"2023-12-01";9071
"0292332100079";"29233";"ZD";"155";6;1456;8959;5;"2022-02-17";"2022-05-09";81972
"0292542100027";"29254";"C";"490";8;1263;4612;5;"2022-06-14";"2022-06-20";0
"0292542200003";"29254";"C";"1415";8;1075;0;5;"2022-06-15";"2022-09-01";0
"0292592100046";"29259";"AR";"339";4;2144;51;5;"2022-03-02";"2022-06-09";9358
"0292602200022";"29260";"BR";"129";4;1036;0;5;"2022-08-23";"2024-02-21";1025
"0293022200012";"29302";"ZX";"92";6;2114;0;5;"2022-05-24";"2023-01-02";112980
"02A00422A0028";"2A004";"A";"1320";3;2060;0;2;"2022-09-14";;2874
"02A00422A0040";"2A004";"AP";"263";8;1462;0;2;"2022-11-30";;13037
"02A04121B0111";"2A041";"J";"1027";8;1509;0;2;"2022-01-25";;3260
"02A13921R0067";"2A139";"B";"746";4;3723;0;2;"2022-05-02";;14915
"02A27122A0010";"2A271";"C";"1787";8;1200;0;2;"2022-10-11";;64668
"02B03321A0084";"2B033";"BM";"1009";3;1541;0;5;"2022-03-16";"2023-04-01";5285
"02B03322A0005";"2B033";"BL";"363";3;8406;0;2;"2022-06-28";;0
"02B03322A0006";"2B033";"BL";"251";3;3330;0;2;"2022-04-26";;3935
"02B03721N0049";"2B037";"C0";"1973";8;3345;1284;5;"2022-02-07";"2022-10-03";21225
"02B03722N0005";"2B037";"B0";"1732";8;2100;0;5;"2022-06-14";"2023-01-01";8618
"02B03722N0010";"2B037";"D0";"1604";8;2092;0;2;"2022-10-20";;6001
"02B04222N0018";"2B042";"A0";"2060";8;5571;631;2;"2022-09-26";;29771
"02B12321S0070";"2B123";"BH";"17";8;2023;0;2;"2022-05-04";;642846
"02B18522N0005";"2B185";"A";"705";8;1025;0;5;"2022-05-05";"2025-04-25";4138
"03003221R0087";"30032";"BC";"114";8;3474;0;2;"2022-04-01";;16800
"0300472100031";"30047";"AA";"340";8;1150;0;2;"2022-01-17";;2913
"0300472100034";"30047";"AA";"253";3;3497;0;2;"2022-05-04";;8589
"03006021N0010";"30060";"AY";"84";8;1482;0;2;"2022-06-15";;4341
"03006121N0031";"30061";"AT";"261";3;1072;0;2;"2022-05-19";;2470
"03006222N0006";"30062";"B";"1361";4;1858;0;2;"2022-07-26";;8150
"03008122R0006";"30081";"B";"118";3;1160;0;2;"2022-09-20";;2700
"03009822N0003";"30098";"A";"56";8;2043;85;2;"2022-07-27";;6288
"03012522N0021";"30125";"ZB";"27";8;1934;1605;2;"2022-12-07";;28959
"0301512200001";"30151";"D";"183";8;3179;3530;5;"2022-04-25";"2022-07-22";12657
"0301522200003";"30152";"C";"1639";4;1144;0;5;"2022-09-09";"2025-09-15";4113
"0301562200016";"30156";"BP";"19";4;1240;0;5;"2022-09-05";"2023-04-10";4451
"03017422K0004";"30174";"AL";"172";8;1414;4601;5;"2022-12-01";"2023-03-06";31129
"03018921P0374";"30189";"HK";"281";3;2038;0;2;"2022-06-13";;2563
"0302272200012";"30227";"B";"2414";8;1572;2350;2;"2022-11-23";;10548
"03024921N0003";"30249";"AA";"116";4;1682;0;5;"2022-01-28";"2023-01-02";7219
"03025822T0045";"30258";"B0";"1059";6;3930;0;2;"2022-09-15";;0
"03026321A0039";"30263";"AH";"222";4;2129;0;5;"2022-01-21";"2024-10-16";10860
"03034121V0056";"30341";"AB";"142";6;2914;6453;5;"2022-03-09";"2022-06-01";0
"03034622R0003";"30346";"B";"3219";8;1682;0;5;"2022-09-29";"2022-11-29";5587
"03102221C0052";"31022";"AP";"1";4;3194;5320;5;"2022-07-29";"2024-05-01";13863
"03103222C0024";"31032";"ZE";"69";8;16968;0;2;"2022-09-28";;46740
"03103321G0050";"31033";"AA";"167";4;2862;2260;5;"2022-01-14";"2022-02-14";6144
"03103321G0083";"31033";"AA";"161";3;1102;0;2;"2022-04-06";;1883
"03103322G0004";"31033";"AE";"153";4;2010;0;2;"2022-08-17";;10543
"03103322G0031";"31033";"AE";"4";3;1042;0;5;"2022-11-16";"2023-11-15";2709
"0310352200025";"31035";"AK";"51";6;1714;0;2;"2022-12-12";;6056
"03104422A0031";"31044";"BS";"36";8;1920;2360;2;"2022-10-04";;258386
"03105721S0016";"31057";"A";"238";8;11377;0;5;"2022-04-09";"2022-09-02";13696
"03106922C0002";"31069";"AB";"166";3;15160;136715;5;"2022-06-24";"2022-07-04";221864
"03107822P0002";"31078";"AC";"123";8;1794;0;5;"2022-06-09";"2025-04-15";72544
"0311162200026";"31116";"BO";"43";8;1102;0;2;"2022-11-04";;8021
"03114922C0017";"31149";"BA";"33";8;5986;3515;5;"2022-09-08";"2023-05-09";12579
"03114922C0072";"31149";"CL";"248";8;3029;1773;5;"2022-12-27";"2025-01-20";9853
"03115022C0002";"31150";"AB";"166";3;15160;136715;2;"2022-06-24";;221864
"03115022C0004";"31150";"AB";"121";3;2990;0;2;"2022-03-29";;7201
"03116121S0015";"31161";"B";"270P";6;4065;0;5;"2022-02-15";"2022-05-30";7404
"0311692200001";"31169";"ZK";"363";8;1133;0;2;"2022-05-30";;3692
"03118221C0020";"31182";"AL";"56";6;16996;0;2;"2022-03-16";;114507
"03118421C0016";"31184";"ZK";"396";6;2620;2230;5;"2022-02-28";"2022-12-07";11548
"03118422C0007";"31184";"ZK";"222";3;1324;1823;2;"2022-08-11";;7078
"03123221W0057";"31232";"0F";"119";4;1817;0;5;"2022-04-22";"2023-06-01";5373
"03129322C0012";"31293";"AE";"232";6;1542;0;2;"2022-12-19";;19329
"03134522G0010";"31345";"0F";"467";8;1850;0;2;"2022-06-22";;6266
"03135222C0004";"31352";"A";"666";8;5780;0;2;"2022-07-09";;11518
"03139121P0004";"31391";;;4;1058;0;5;"2022-02-03";"2025-01-24";2980
"03143322M0006";"31433";"AA";"3";8;1289;0;5;"2022-10-11";"2022-11-02";851572
"03144522C0002";"31445";"ZA";"103";3;6110;682;5;"2022-10-03";"2024-06-30";5878
"03145822M0024";"31458";"AN";"442";8;7040;0;2;"2022-12-14";;14819
"03146721C0027";"31467";"AK";"141";4;1183;0;5;"2022-05-12";"2023-01-11";7215
"03150621C0049";"31506";"BZ";"10";4;2096;0;5;"2022-04-12";"2023-01-09";7494
"03154722U0005";"31547";"AE";"50";3;2450;0;5;"2022-05-06";"2023-06-01";0
"03154722U0043";"31547";"AE";"51";3;1971;0;2;"2022-10-27";;4363
"03155521C0670";"31555";"BI";"112";3;2937;0;2;"2022-02-02";;10476
"03155521C0689";"31555";"BL";"116";4;7180;1010;2;"2022-04-25";;7955
"03155521C0699";"31555";"AH";"127";3;11630;0;2;"2022-02-17";;12993
"03155521C0729";"31555";"AB";"143";4;5496;3267;2;"2022-07-11";;1510
"03155521C1084";"31555";"BC";"191";3;10599;0;2;"2022-06-08";;11115
"03155522C0010";"31555";"BY";"19";6;15243;0;2;"2022-08-24";;83909
"03155522C0067";"31555";"AD";"148";3;5525;0;5;"2022-08-01";"2023-08-28";33517
"03155522C0296";"31555";"BO";"16";3;4561;0;5;"2022-09-19";"2022-10-17";6735
"03155522C0298";"31555";"CB";"42";3;1933;135;5;"2022-07-27";"2023-03-27";55346
"03155522C0317";"31555";"AY";"111";8;3482;0;5;"2022-10-28";"2023-12-14";8822
"03155522C0389";"31555";"AH";"230";3;1147;0;2;"2022-09-28";;1466
"03155522C0415";"31555";"AX";"116";3;4575;0;5;"2022-09-28";"2024-09-02";1770
"03155522C0416";"31555";"AE";"70";3;7046;0;2;"2022-10-28";;83011
"03155522C0426";"31555";"AH";"186";3;2851;0;2;"2022-12-21";;10252
"03155522C0549";"31555";"AS";"40";3;4160;0;2;"2022-11-07";;30439
"03158722S0016";"31587";"AA";"46";8;1248;3158;2;"2022-10-25";;10000
"03207922A0010";"32079";"E";"389";6;1115;17232;2;"2022-10-21";;480391
"03209422A0004";"32094";"AI";"183";8;1392;0;5;"2022-09-15";"2025-10-16";4620
"03210722T1006";"32107";"AT";"275";4;1155;0;2;"2022-05-27";;4260
"03211922E1010";"32119";"AH";"168";4;7832;0;5;"2022-12-15";"2024-08-05";38
"03213222L0020";"32132";"AH";"214";6;1771;4702;5;"2022-10-21";"2022-12-21";17492
"03213222L0023";"32132";"AK";"315";8;1050;0;2;"2022-10-22";;7061
"03230722A0010";"32307";"BE";"1";4;1998;974;5;"2022-12-21";"2024-05-22";20027
"03300321X0128";"33003";"BW";"89";6;1324;0;2;"2022-01-03";;28518
"03300321Z0128";"33003";"BW";"89";6;1192;0;5;"2022-01-03";"2022-09-05";55423
"03301921K0187";"33019";"DM";"24";8;1836;0;2;"2022-03-24";;9154
"03301922K0032";"33019";"DM";"32";8;1053;163;2;"2022-06-09";;3606
"03302322P0006";"33023";"C";"470";4;2079;0;5;"2022-06-09";"2022-10-10";37496
"03303221X0029";"33032";"AN";"193";6;1076;716;5;"2022-01-14";"2023-02-22";6064
"03303222Z0007";"33032";"AO";"196";8;11662;18412;5;"2022-08-10";"2022-09-05";61561
"03303917Z0048";"33039";"AS";"37";4;13360;4002;2;"2022-07-12";;26551
"03304222K0006";"33042";"A";"1084";8;1399;968;5;"2022-04-08";"2022-08-16";22228
"03305622Z0039";"33056";"CM";"40";8;1050;0;5;"2022-11-09";"2022-11-09";135996
"03305622Z0056";"33056";"CB";"231";8;18977;0;5;"2022-11-23";"2023-03-09";274957
"03306319Z0520";"33063";"DL";"58";4;25643;9368;5;"2022-01-24";"2025-04-15";10829
"03306319Z0521";"33063";"DP";"2";4;11435;0;2;"2022-01-24";;4619
"03306319Z0522";"33063";"DL";"35";4;26914;12057;5;"2022-01-24";"2025-04-15";12487
"03306320Z0436";"33063";"BS";"11";3;14452;4319;2;"2022-05-18";;10898
"03306320Z0437";"33063";"BS";"11";3;16025;6420;2;"2022-05-18";;10898
"03306321Z0661";"33063";"BO";"196";3;7516;0;5;"2022-07-12";"2023-12-18";1983
"03306321Z0693";"33063";"AZ";"112";3;2361;0;2;"2022-04-05";;0
"03306321Z0798";"33063";"BW";"347A";3;13912;0;2;"2022-04-26";;13373
"03306321Z0800";"33063";"BN";"17";3;6048;0;5;"2022-09-13";"2023-05-22";2056
"03306321Z0819";"33063";"BW";"102";3;5614;2506;2;"2022-10-24";;2319
"03306321Z0821";"33063";"BX";"428P";3;4492;0;2;"2022-07-08";;1135
"03306322Z0014";"33063";"TC";"39";4;1400;541;2;"2022-05-10";;12563
"03306322Z0088";"33063";"BW";"418";3;15322;0;2;"2022-09-14";;3091
"03306322Z0257";"33063";"TR";"106";3;6806;0;2;"2022-12-02";;12724
"03306322Z0328";"33063";"BZ";"289";3;8319;0;5;"2022-11-08";"2024-12-31";2198
"03306322Z0408";"33063";"TC";"39";4;1400;541;5;"2022-11-23";"2023-03-17";12563
"03307522Z0017";"33075";"BC";"10";3;10897;0;5;"2022-09-22";"2023-07-15";10207
"03309622Z0013";"33096";"AI";"116";8;1535;1064;2;"2022-07-18";;13351
"03312221V1108";"33122";"D";"5007";8;11735;27607;5;"2022-02-11";"2022-05-02";89544
"03312222V1001";"33122";"D";"4651";6;9713;0;5;"2022-02-28";"2022-03-28";19374
"03316521X0028";"33165";"AD";"6";4;1957;5760;5;"2022-01-21";"2022-10-17";20678
"03320022Z0001";"33200";"BA";"57";8;2201;0;2;"2022-04-21";;3117
"03320022Z0008";"33200";"BA";"57";8;2019;0;5;"2022-04-21";"2022-10-11";18700
"03320721F0056";"33207";"AO";"117";4;1100;108;5;"2022-01-19";"2022-03-01";8409
"03320722F0008";"33207";"BD";"279";6;8367;0;2;"2022-06-23";;22572
"03323322J0035";"33233";"ZN";"49";8;1055;2077;2;"2022-12-14";;11415
"03323821R0123";"33238";"AD";"232";4;2747;0;5;"2022-04-12";"2022-04-25";8251
"03323822R0027";"33238";"BO";"142";6;2100;8050;5;"2022-12-13";"2023-01-13";30099
"03324921X0065";"33249";"AR";"142";3;1402;750;2;"2022-03-25";;5240
"0332742200003";"33274";"D";"549";6;4011;7641;5;"2022-04-28";"2022-09-19";41182
"0332742200024";"33274";"D";"1017";3;2369;5691;5;"2022-07-20";"2022-12-05";18196
"03327922P0006";"33279";"A";"1221";4;1939;0;2;"2022-10-31";;23827
"03328121Z0314";"33281";"AE";"529";3;11064;0;5;"2022-06-20";"2023-10-20";15704
"03328122Z0119";"33281";"AB";"32";6;1552;163405;2;"2022-11-15";;639921
"03328122Z0140";"33281";"AC";"584";3;2800;0;5;"2022-11-24";"2022-12-05";8029
"03331821Z1231";"33318";"HH";"27";3;2317;0;2;"2022-09-22";;3809
"03331822Z0050";"33318";"HB";"42";6;1662;2153;5;"2022-10-21";"2023-09-11";7956
"03339321F0072";"33393";"XA";"175";8;2200;3381;5;"2022-02-07";"2022-07-01";11460
"03342221Z0091";"33422";"BM";"30";4;1679;0;2;"2022-02-22";;0
"03342222Z0026";"33422";"BI";"18";8;1801;2600;2;"2022-07-27";;5817
"03343722F0013";"33437";"A";"1976";4;1403;0;2;"2022-10-06";;5492
"03347822F0004";"33478";"D";"248";8;1116;600;2;"2022-06-09";;26457
"03350822P0004";"33508";"0A";"747";6;8000;0;2;"2022-07-07";;63537
"03352922K0133";"33529";"HA";"653";3;1498;0;5;"2022-11-03";"2024-12-03";1403
"03353522X0002";"33535";"AO";"9";6;2445;2389;2;"2022-04-27";;11156
"03353922F0024";"33539";"AW";"34";6;1187;200;2;"2022-10-04";;1988
"03354021S0118";"33540";"AZ";"127";4;3440;2292;5;"2022-08-03";"2023-03-20";13834
"03355022Z0052";"33550";"BK";"331";8;6560;4950;5;"2022-10-13";"2024-01-01";25866
"03402221M0075";"34022";;;6;4005;45610;2;"2022-07-20";;0
"03403122K0024";"34031";"BV";"18";8;2142;0;5;"2022-12-27";"2023-04-11";9358
"03403221T0136";"34032";"AX";"48";8;24683;0;5;"2022-01-27";"2022-06-06";0
"03403222T0108";"34032";"MR";"311";4;3948;0;5;"2022-11-17";"2023-05-22";0
"03403222T0122";"34032";"OZ";"737";3;1847;2875;5;"2022-11-10";"2025-10-13";1670
"03403622C0008";"34036";"AD";"38";3;1420;0;2;"2022-08-02";;4583
"03405722M0041";"34057";"AT";"113";3;1313;352;5;"2022-09-23";"2022-12-05";1330
"03407922C0024";"34079";"BT";"128";3;1628;0;5;"2022-11-04";"2022-11-04";2346
"03408722M0002";"34087";"AN";"47";8;1079;0;2;"2022-06-22";;5306
"03409521M0025";"34095";"BA";"296";4;6249;0;5;"2022-04-07";"2022-09-12";12539
"03409522M0017";"34095";"BA";"290";8;2819;0;2;"2022-09-30";;11558
"03410822V0008";"34108";"CT";"305";4;1567;1302;5;"2022-08-19";"2023-01-16";5712
"03414521M0103";"34145";"CE";"44";4;1018;0;5;"2022-02-28";"2022-03-28";2658
"03414821Z0096";"34148";"BK";"131";3;1100;0;2;"2022-04-27";;1486
"03415421A0099";"34154";"DL";"368";3;6446;0;5;"2022-04-15";"2024-07-08";6955
"03415421A0116";"34154";"DL";"56P";3;3099;0;5;"2022-03-02";"2022-07-25";16205
"03417221M0223";"34172";"SA";"170";3;4139;0;5;"2022-03-02";"2023-03-01";0
"03417221M0271";"34172";"TX";"80";3;2097;0;5;"2022-05-17";"2022-09-05";1666
"03417222M0044";"34172";"SV";"2";3;15869;0;5;"2022-09-15";"2023-10-31";12126
"03417222M0132";"34172";"RV";"151";8;2935;0;5;"2022-12-02";"2023-07-17";4822
"03417222M0157";"34172";"RX";"46";3;4355;0;5;"2022-12-23";"2023-07-03";1072
"03417222M0158";"34172";"MV";"99";3;3088;0;2;"2022-11-29";;3001
"03417222M0159";"34172";"RR";"22";3;8691;74165;2;"2022-11-09";;273039
"03419421C0031";"34194";"AK";"895";4;1780;3284;2;"2022-03-14";;0
"03420921K0010";"34209";"AR";"238";4;1245;0;2;"2022-03-31";;3043
"03427021M0064";"34270";"AT";"185";4;2293;3771;5;"2022-04-22";"2022-09-05";25679
"03429822Z0026";"34298";"AP";"391";6;1313;0;2;"2022-12-13";;14998
"03430021Z0049";"34300";"BT";"32";8;1219;0;5;"2022-01-06";"2022-10-12";5000
"03430022Z0006";"34300";"BT";"463";8;1250;2477;2;"2022-05-24";;12646
"0343012170098";"34301";"AD";"341";4;1169;0;2;"2022-03-08";;4317
"0343012270056";"34301";"AE";"18";8;8848;0;2;"2022-12-09";;12615
"03432422Z0005";"34324";"BK";"22";4;2124;1431;2;"2022-08-29";;9026
"03433322V0027";"34333";"AK";"64";8;1350;2673;5;"2022-10-25";"2023-01-30";11509
"03433622Z0003";"34336";"AW";"439";3;2653;0;2;"2022-07-18";;2038
"03433722V0003";"34337";"AS";"459";8;2197;3199;2;"2022-08-10";;14512
"03500622V0003";"35006";"BM";"597";4;1500;0;2;"2022-06-02";;2000
"03501021B0064";"35010";"ZA";"127";6;6132;6556;5;"2022-03-04";"2022-09-19";29059
"03501222W0060";"35012";"ZD";"653";8;30791;30668;5;"2022-10-07";"2023-12-04";170256
"03501322F1017";"35013";"YC";"174";8;1840;0;2;"2022-06-09";;15001
"03502322B0010";"35023";"ZE";"459";8;1045;0;2;"2022-06-10";;9751
"03502322B0016";"35023";"ZE";"405";8;7447;0;5;"2022-08-30";"2024-05-29";46969
"03502421M0079";"35024";"AX";"233";4;2002;24871;5;"2022-03-16";"2022-03-17";111959
"03502421M0101";"35024";"AY";"275";4;1335;0;5;"2022-04-12";"2022-06-13";7235
"03505121A0120";"35051";"AY";"233";6;4215;0;5;"2022-04-07";"2022-07-18";11047
"03505122A0017";"35051";"BB";"177";3;4479;922;5;"2022-10-17";"2025-08-04";3461
"03505521M0026";"35055";"AS";"218";3;4432;0;2;"2022-08-09";;6927
"03505522M0013";"35055";"AE";"123";3;7480;0;2;"2022-12-27";;0
"03506622M0003";"35066";"AC";"682";8;12221;0;5;"2022-06-27";"2023-06-03";49384
"03509021W0077";"35090";"ZH";"412";8;1550;462;2;"2022-03-15";;7190
"03510922V0002";"35109";"ZA";"73";6;1123;3989;5;"2022-06-28";"2022-08-04";68531
"03510922V0004";"35109";"ZM";"226";4;3062;8339;5;"2022-03-17";"2022-10-24";59791
"03510922V0010";"35109";"YB";"74";6;1350;1583;5;"2022-07-29";"2024-01-01";11716
"03512522V0014";"35125";"AX";"165";8;2493;623;2;"2022-08-25";;9753
"03513622S0042";"35136";"ZC";"273";6;4463;0;2;"2022-10-28";;10888
"03515221U0138";"35152";"AY";"347";8;5157;0;2;"2022-02-22";;9890
"03515222U0036";"35152";"AX";"60";8;1207;0;2;"2022-11-14";;3000
"03517722U0014";"35177";"AM";"33";8;1927;0;5;"2022-09-01";"2025-06-02";4465
"03520722P0026";"35207";"F";"1438";6;1152;0;2;"2022-12-05";;6126
"03521021M0021";"35210";"BA";"17";8;2065;15146;5;"2022-02-24";"2022-03-14";67111
"03521022M0004";"35210";"BA";"26";6;3366;0;5;"2022-09-08";"2024-04-02";4011
"03521022M0028";"35210";"AX";"208";3;1641;0;5;"2022-09-01";"2022-10-31";4863
"03521022M0035";"35210";"AV";"67";3;1036;782;2;"2022-09-21";;4558
"03521022M0041";"35210";"AC";"208";4;2752;0;5;"2022-09-06";"2023-03-13";4744
"03521022M0051";"35210";"AX";"219";3;3000;0;5;"2022-09-21";"2023-09-04";4027
"03522121W0036";"35221";"ZT";"204";4;5080;0;2;"2022-02-03";;10800
"03522121W0040";"35221";"ZT";"194";8;2111;0;5;"2022-05-30";"2022-06-07";9257
"03522122W0003";"35221";"YD";"2";6;3839;11956;2;"2022-05-23";;68634
"03522722B0007";"35227";"ZB";"65";6;3501;9368;2;"2022-06-13";;27792
"03522722B0009";"35227";"ZA";"127";6;5534;0;5;"2022-07-07";"2023-01-02";19
"0352382110210";"35238";"BV";"334";3;10873;0;5;"2022-01-21";"2023-09-09";2067
"0352382110239";"35238";"ER";"183";3;8602;0;5;"2022-03-31";"2022-06-01";8345
"0352382210015";"35238";"DV";"159";3;4543;538;2;"2022-08-10";;1319
"0352382210026";"35238";"KL";"82";3;23306;9000;5;"2022-10-12";"2023-05-30";13450
"0352382210069";"35238";"DV";"214";4;4069;769;2;"2022-08-10";;1184
"0352382210157";"35238";"AM";"291";3;1926;6458;5;"2022-12-14";"2023-06-26";34383
"03527522M0011";"35275";"AC";"850";6;1434;0;2;"2022-09-21";;3580
"03527522M0012";"35275";"B";"821";6;2257;11251;5;"2022-09-29";"2023-01-04";21601
"03527522M0021";"35275";"B";"1100";8;1893;0;5;"2022-10-20";"2023-01-16";4002
"03527822U0015";"35278";"AX";"166";3;2978;0;2;"2022-11-21";;4052
"03527822U0016";"35278";"AX";"148";3;2929;0;2;"2022-11-21";;3578
"03527822U0017";"35278";"AY";"36";3;2995;1219;2;"2022-11-07";;6241
"03527822U0030";"35278";"BB";"35";4;3564;42686;5;"2022-11-07";"2023-05-17";94088
"03528122M0020";"35281";"AK";"474";6;1185;1690;2;"2022-11-09";;7649
"03528821A0264";"35288";"BN";"17";3;3711;5096;5;"2022-04-21";"2022-06-27";12875
"03528821A0281";"35288";"DM";"231";4;3955;0;5;"2022-09-22";"2023-07-10";2690
"03528822A0115";"35288";"AS";"526";4;10643;3560;2;"2022-12-23";;1777
"03529722B0022";"35297";"D";"1048";3;1796;0;5;"2022-10-20";"2023-10-15";9829
"03530222B0001";"35302";"D";"1001";8;1863;1345;2;"2022-03-21";;23940
"03534722V0014";"35347";"L";"419";6;3608;10074;2;"2022-11-24";;54661
"03535321M0010";"35353";"AN";"109";6;2376;15020;5;"2022-04-11";"2022-04-14";667
"03536021V0111";"35360";"DK";"73";4;3847;11120;5;"2022-05-30";"2024-09-16";31276
"03536022V0011";"35360";"BY";"162";8;2151;0;5;"2022-07-18";"2025-05-12";15091
"03536022V0046";"35360";"BY";"90";4;2507;0;5;"2022-08-23";"2023-06-26";6934
"03608821H0026";"36088";"K";"477";6;1864;1853;5;"2022-03-17";"2022-12-08";49743
"03609322N0009";"36093";"P0";"1488";8;1050;0;5;"2022-11-23";"2024-09-02";0
"03620222N0010";"36202";"BM";"248";4;2132;0;5;"2022-10-21";"2025-09-09";20356
"03700921R0004";"37009";"OA";"736";8;62438;0;2;"2022-07-18";;150705
"0370112120025";"37011";"ZC";"154";3;1970;3737;2;"2022-03-16";;22508
"0370502100065";"37050";"BE";"747";8;3456;0;5;"2022-04-15";"2022-05-16";6307
"0370502200012";"37050";"AW";"63";6;3021;5618;5;"2022-09-14";"2022-12-12";41508
"0371042240003";"37104";"ZO";"10";4;17380;0;2;"2022-06-30";;31798
"03713921U0014";"37139";"AS";"302";8;1663;0;2;"2022-02-07";;0
"03713922U0011";"37139";"AS";"318";6;2511;15348;2;"2022-11-19";;0
"03715322C0009";"37153";"YB";"219";8;2499;1581;5;"2022-06-10";"2023-02-01";13477
"0371672150032";"37167";"ZL";"26";8;135122;0;5;"2022-08-16";"2023-06-05";400000
"0371742240003";"37174";"ZL";"160";6;1173;4599;5;"2022-08-23";"2023-01-05";9144
"03717921N0021";"37179";"ZA";"132";6;11441;0;5;"2022-03-25";"2022-04-22";68720
"0372492250012";"37249";"0B";"304";6;1180;0;2;"2022-09-30";;79690
"0372502140072";"37250";"YK";"122";8;2592;2222;5;"2022-02-23";"2024-05-13";161471
"0372502240028";"37250";"YI";"93";6;15420;0;2;"2022-10-22";;61670
"0372502240040";"37250";"YI";"99";8;13098;0;5;"2022-10-28";"2026-01-15";61670
"03725321D0003";"37253";"ZR";"10";8;10764;1030;5;"2022-02-15";"2022-09-19";73337
"03726122T0152";"37261";"DS";"754";3;6112;19419;5;"2022-11-24";"2023-02-20";62478
"0372632140031";"37263";"ZI";"1110";3;1081;0;2;"2022-03-29";;2736
"03727322C0016";"37273";"ZD";"358";3;2051;0;2;"2022-12-12";;7555
"03727322C0017";"37273";"AL";"480";3;1563;0;2;"2022-11-28";;5366
"0380012210017";"38001";"AD";"922";6;5005;0;5;"2022-11-04";"2025-04-14";9640
"0380122210008";"38012";"Y";"330";8;33294;0;2;"2022-09-19";;145919
"0380132120025";"38013";"AO";"294";8;3378;0;2;"2022-04-05";;7452
"0380222210021";"38022";"0A";"1216";6;3994;4804;2;"2022-11-08";;8545
"0380262110010";"38026";"AB";"235";6;3178;21088;5;"2022-02-24";"2022-08-08";54565
"0380272220016";"38027";"ZA";"79";6;1002;0;2;"2022-11-24";;1507
"03805322B1043";"38053";"CI";"61";4;4456;0;2;"2022-12-27";;16271
"0380802220004";"38080";"AC";"120";4;1231;715;2;"2022-07-26";;6064
"0381302110034";"38130";"ZK";"435";4;1033;0;2;"2022-02-01";;3000
"0381402210012";"38140";"BA";"438";6;2249;12580;5;"2022-06-20";"2022-06-20";24105
"0381402210013";"38140";"AT";"25";6;5253;9259;5;"2022-07-19";"2023-07-17";31476
"0381402210026";"38140";"AT";"153";6;1426;0;5;"2022-12-06";"2023-05-31";3227
"0381482210016";"38148";"C";"955";6;4924;10091;2;"2022-11-08";;68405
"0381512210005";"38151";"AK";"97";4;4642;3666;5;"2022-07-26";"2022-11-23";30732
"0381512210015";"38151";"AX";"250";3;2206;1772;2;"2022-10-11";;2600
"0381702220002";"38170";"AL";"34";8;9991;2907;5;"2022-10-13";"2023-05-10";33808
"0381842200006";"38184";"ZA";"146";4;2065;0;5;"2022-09-23";"2023-03-06";5016
"03818521U1123";"38185";"CT";"44";3;2509;15666;2;"2022-03-14";;5827
"03818522U1036";"38185";"AI";"345";6;4236;0;5;"2022-07-07";"2022-10-28";1529
"03818522U1066";"38185";"AC";"73";3;4731;0;5;"2022-12-05";"2023-02-03";29009
"0381942120019";"38194";"AN";"13";6;3332;0;2;"2022-03-23";;6475
"0381972110026";"38197";"0A";"244";6;1001;0;2;"2022-03-30";;3796
"0381972210012";"38197";"0A";"244";6;1001;0;5;"2022-10-14";"2023-07-19";3791
"0382252210029";"38225";"AI";"144";6;1244;0;2;"2022-10-18";;3608
"0382492110032";"38249";"AL";"238";3;1950;0;2;"2022-05-24";;6260
"0382882120026";"38288";"AH";"303";8;13422;26399;2;"2022-04-21";;94254
"0383142110053";"38314";"01";"267";4;2632;1457;2;"2022-04-29";;5904
"0383312220006";"38331";"C";"988";8;1337;0;2;"2022-12-05";;6921
"0383362110014";"38336";"AW";"488";8;4665;3022;5;"2022-05-03";"2024-12-31";14569
"0383442210018";"38344";"BV";"12";6;1415;0;2;"2022-09-22";;97457
"0383472210004";"38347";"AO";"414";8;1043;2981;5;"2022-12-12";"2023-03-01";41157
"0383822110039";"38382";"BN";"12";8;1195;0;5;"2022-06-23";"2022-07-12";2460
"0383822210007";"38382";"AX";"76";6;3669;0;5;"2022-10-04";"2022-12-12";7368
"0383842210014";"38384";"ZE";"161";8;12701;0;2;"2022-11-28";;35040
"0383892220011";"38389";"AP";"40";8;1085;0;2;"2022-10-10";;17232
"0384162210002";"38416";"AN";"576";6;2970;0;5;"2022-06-22";"2023-03-14";0
"0384212210004";"38421";"AI";"445";3;4732;0;5;"2022-05-04";"2023-02-20";6519
"0384212210015";"38421";"AK";"181";3;2331;0;5;"2022-08-31";"2023-12-07";1082
"0384252220001";"38425";"A";"599";3;1155;0;2;"2022-11-08";;534985
"0384492110026";"38449";"CD";"95";8;2670;3355;5;"2022-03-10";"2022-09-05";16501
"0384492210003";"38449";"DB";"2";8;13362;0;2;"2022-06-03";;28149
"0384492210011";"38449";;;8;4198;5977;5;"2022-11-25";"2023-06-19";30338
"0384502220005";"38450";"AH";"221";8;2525;0;2;"2022-09-12";;20483
"0384542220001";"38454";"0C";"1234";4;4632;4805;2;"2022-09-05";;0
"0384682210014";"38468";"AD";"481";6;3668;0;2;"2022-09-27";;761728
"0384752110029";"38475";"D";"1140";8;5412;42590;2;"2022-01-27";;106174
"0385152210011";"38515";"0F";"62";6;1205;0;2;"2022-09-06";;88674
"0385162210001";"38516";"AR";"438";3;6304;0;5;"2022-07-04";"2023-01-03";4479
"0385382210015";"38538";"AA";"53";8;1040;0;2;"2022-12-22";;2078
"0385402220001";"38540";"AH";"198";6;16432;18274;5;"2022-05-10";"2022-12-08";0
"0385432110022";"38543";"0B";"7";4;1219;0;5;"2022-03-21";"2022-08-29";3528
"0385532110022";"38553";"AL";"206";4;1606;1392;2;"2022-08-16";;16632
"03856222U0003";"38562";"AL";"140";6;2010;2438;5;"2022-09-06";"2023-06-01";9833
"0385632111025";"38563";"BH";"134";4;2557;1781;2;"2022-04-05";;11014
"0385652210007";"38565";"BN";"270";6;18858;0;5;"2022-10-27";"2024-04-29";49366
"0385652210017";"38565";"AD";"146";6;13875;0;5;"2022-10-26";"2023-01-05";48491
"03900122D0009";"39001";"AL";"231";6;11666;0;5;"2022-06-16";"2022-11-07";25330
"03900122D0010";"39001";"AL";"365";6;1380;0;5;"2022-06-16";"2023-09-14";47222
"03900122D0017";"39001";"AL";"389";6;1295;0;5;"2022-11-23";"2023-01-13";13512
"03903022D0005";"39030";"ZD";"100";4;2547;0;5;"2022-07-26";"2023-12-04";9764
"03907821D0007";"39078";"ZB";"19";4;1865;0;5;"2022-03-28";"2023-03-13";18928
"03912822J0001";"39128";"ZK";"95";4;1426;0;2;"2022-05-12";;4941
"03915322C0002";"39153";"AD";"68";6;2405;2580;2;"2022-09-09";;8748
"03919822D0065";"39198";"CW";"510";8;1620;0;5;"2022-10-25";"2022-12-09";5890
"03919822D0100";"39198";"AH";"194";6;4214;11159;2;"2022-12-21";;28201
"03928622H0004";"39286";"AV";"288";6;11260;0;2;"2022-06-20";;52521
"03936822B0004";"39368";"AC";"12";4;2378;6750;5;"2022-11-08";"2024-03-04";0
"03937821P0013";"39378";"A";"726";6;2540;11152;2;"2022-04-11";;51842
"03939722T0008";"39397";"ZC";"240";6;9698;2117;5;"2022-10-13";"2024-06-03";22629
"03943921J0004";"39439";"AM";"323";8;4355;6270;2;"2022-03-18";;32390
"03947521P0023";"39475";"ZB";"158";6;5008;3764;5;"2022-04-05";"2022-04-05";18998
"03952621D0016";"39526";"ZE";"22";4;1706;3416;5;"2022-02-24";"2022-12-05";12004
"03952621D0017";"39526";"ZE";"234";8;3175;0;2;"2022-03-17";;22857
"0400352200004";"40035";"A";"1030";3;5380;0;2;"2022-12-15";;24929
"04003621D0057";"40036";"AB";"67";4;1277;0;2;"2022-06-13";;4705
"04003621D0060";"40036";"AS";"379";3;2244;0;5;"2022-04-21";"2022-09-23";26183
"04003621D0061";"40036";"AS";"109";3;2603;0;5;"2022-04-11";"2022-09-23";12585
"04007521X0057";"40075";"AL";"28";4;2372;689;5;"2022-02-26";"2023-09-01";12855
"04007522X0013";"40075";"AY";"11";8;13550;0;2;"2022-10-13";;60014
"0400942200012";"40094";"D";"294";8;4091;1286;2;"2022-12-22";;9456
"0400942200016";"40094";"L";"249";8;1635;0;2;"2022-12-16";;6841
"0401192200018";"40119";"AV";"79";6;1500;0;5;"2022-12-14";"2023-05-04";56562
"0401202100016";"40120";"ZH";"183";4;6446;0;5;"2022-01-06";"2022-01-21";129028
"0401222200002";"40122";"C";"546";3;1947;0;2;"2022-05-18";;24227
"0401222200006";"40122";"C";"355";3;1846;0;2;"2022-10-03";;19670
"04016821D0096";"40168";"AO";"77";6;1838;2755;2;"2022-02-07";;13262
"04018422M0093";"40184";"0S";"26";6;25677;73484;5;"2022-11-22";"2023-06-12";504752
"04019222B0062";"40192";"AB";"295";3;6287;3390;2;"2022-11-07";;2240
"0402272200006";"40227";"D";"319";3;1597;0;2;"2022-06-23";;8831
"0402272200015";"40227";"U";"1038";4;1035;605;2;"2022-11-08";;5436
"04024322T0015";"40243";"E";"550";6;4371;0;2;"2022-09-29";;0
"04026122D0004";"40261";"AH";"43";6;1196;0;2;"2022-04-14";;5875
"04026122D0005";"40261";"AP";"67";4;1443;0;2;"2022-06-14";;4616
"04026122D0009";"40261";"CA";"87";4;2285;0;2;"2022-07-01";;9210
"04026122D0021";"40261";"AH";"48";4;1174;0;5;"2022-10-27";"2023-06-07";9741
"04026122D0030";"40261";"AR";"75";8;9655;0;2;"2022-10-27";;40149
"04027322D0014";"40273";"L";"1918";6;4472;0;2;"2022-10-20";;14130
"0402792200036";"40279";"AS";"594";3;1450;0;5;"2022-11-07";"2025-07-16";6616
"04031321T0024";"40313";"AD";"32";8;1500;0;2;"2022-03-21";;7524
"0410182100101";"41018";"HN";"51";6;1609;5460;5;"2022-04-11";"2022-10-10";15919
"04104721A0010";"41047";"A";"1183";8;2966;0;5;"2022-01-24";"2023-03-06";24400
"04104721A0011";"41047";"C";"2180";3;5917;0;5;"2022-01-25";"2022-04-04";4816
"04104721A0015";"41047";"A";"1184";8;1876;0;5;"2022-03-23";"2022-09-05";0
"04104921U0008";"41049";"ZK";"1";8;1781;0;5;"2022-01-13";"2022-07-18";47511
"04105921U0083";"41059";"BR";"252";6;3437;0;2;"2022-03-30";;9999
"04105922U0028";"41059";"BP";"246";4;1620;0;2;"2022-09-01";;4927
"04105922U0059";"41059";"BT";"32";6;2890;3223;2;"2022-10-18";;13719
"04107521D0010";"41075";"AB";"27";6;6600;6121;5;"2022-03-21";"2022-03-24";1008
"04113622E0011";"41136";"YX";"97";8;26811;8984;2;"2022-09-26";;60000
"04113622E0012";"41136";"AT";"240";8;43148;36661;2;"2022-10-27";;85722
"04114921N0026";"41149";"ZL";"19";4;2144;889;2;"2022-02-15";;7900
"04118521M0024";"41185";"BB";"6";4;1408;4867;2;"2022-04-29";;78155
"04120921N0008";"41209";"ZC";"290";6;5387;0;2;"2022-01-19";;16582
"04121122U0010";"41211";"ZX";"113";8;1351;0;5;"2022-09-09";"2024-05-28";4285
"04122621N0013";"41226";"AI";"1";4;2293;0;5;"2022-10-05";"2024-05-13";12403
"04123222W0008";"41232";"BI";"271";6;2807;7737;5;"2022-10-28";"2023-05-01";0
"04200521A0087";"42005";"AK";"294";3;2189;0;2;"2022-02-03";;0
"04200521A0098";"42005";"AH";"256";6;5145;6005;2;"2022-03-31";;19413
"04201121A0028";"42011";;;6;7254;0;5;"2022-02-04";"2022-08-29";0
"04201521C0014";"42015";"F";"1578";8;1800;0;2;"2022-01-11";;32146
"04202222M0009";"42022";"AT";"61";6;1189;1158;5;"2022-09-13";"2023-03-07";4433
"04206622A0002";"42066";"ZB";"164";6;2691;0;5;"2022-04-12";"2022-12-05";20000
"04206622A0004";"42066";"0B";"705";6;13339;0;2;"2022-09-26";;124854
"04207122C0015";"42071";"AN";"273";6;1623;0;5;"2022-11-25";"2023-09-25";3076
"04209522L0001";"42095";"AV";"172";6;3214;3738;5;"2022-04-27";"2022-06-23";18997
"04209722A0007";"42097";"BY";"17";6;1231;13580;2;"2022-04-15";;116349
"04211022S0020";"42110";"H";"74";6;1411;0;2;"2022-12-23";;0
"04212722M0008";"42127";"AV";"17";3;5360;0;2;"2022-07-02";;54337
"04214721M0112";"42147";"AM";"593";8;3020;0;2;"2022-03-22";;13544
"04214722M0026";"42147";"AM";"590";6;1159;0;5;"2022-07-12";"2022-10-03";3559
"04215921M0017";"42159";"AD";"239";8;1705;8092;2;"2022-02-25";;0
"04216622R0001";"42166";"AC";"158";6;1206;3493;2;"2022-08-01";;0
"04218322S0007";"42183";"AT";"16";6;2690;0;5;"2022-09-12";"2023-02-15";10674
"04218421V0047";"42184";"AY";"285";6;1577;0;5;"2022-01-25";"2022-09-16";14211
"04218421V0048";"42184";"AY";"285";6;1577;0;5;"2022-01-25";"2022-09-16";14211
"04218421V0049";"42184";"AY";"285";3;1262;0;2;"2022-02-23";;14211
"04218622S0019";"42186";"AR";"168";6;1695;0;2;"2022-11-24";;0
"04218721R0112";"42187";"AL";"347";4;1122;0;5;"2022-05-18";"2022-12-15";5997
"04218721R0113";"42187";"AL";"538";4;1471;0;5;"2022-05-18";"2022-12-15";3926
"04220421M0005";"42204";"AB";"103";6;1905;0;2;"2022-03-10";;7951
"0422072200054";"42207";"AH";"139";6;3652;0;2;"2022-09-22";;11402
"04221121M0014";"42211";"AO";"306";4;1341;2619;2;"2022-02-04";;5973
"0422182100218";"42218";"CP";"178";3;1136;0;2;"2022-02-03";;844
"0422182100278";"42218";"PY";"23";8;1412;0;2;"2022-03-03";;2705
"0422182100286";"42218";"DT";"98";6;1241;435;2;"2022-03-31";;9430
"0422182100288";"42218";"DT";"2";6;2114;4401;5;"2022-03-17";"2023-10-01";16890
"0422182100317";"42218";"CS";"197";4;2445;2603;5;"2022-04-21";"2023-07-03";9696
"0422182200014";"42218";"HN";"231";4;1859;1510;5;"2022-07-21";"2023-09-01";8124
"0422182200026";"42218";"HN";"231";4;1200;2533;5;"2022-09-29";"2024-01-11";8257
"0422182200049";"42218";"DM";"23";4;3177;3800;5;"2022-11-24";"2024-04-30";10295
"0422182200071";"42218";"BN";"18";6;1048;0;5;"2022-07-21";"2023-05-05";5875
"0422182200099";"42218";"CO";"145";3;2504;3832;5;"2022-11-24";"2023-06-09";3329
"0422182200134";"42218";"DV";"141";8;1615;3092;2;"2022-10-06";;13580
"04222321S0033";"42223";"AK";"604";4;3661;0;2;"2022-05-02";;8465
"04227921M0188";"42279";"AR";"207";6;1398;6728;5;"2022-04-21";"2022-06-21";30034
"04228522M0026";"42285";"ZH";"217";4;2474;0;5;"2022-12-14";"2025-12-02";5977
"04229922M0015";"42299";"AS";"202";6;1147;0;2;"2022-12-01";;15690
"04230522S0019";"42305";"AH";"168";8;2588;237;2;"2022-11-24";;18824
"04232321A0058";"42323";"ZE";"551";6;2636;679;2;"2022-03-21";;18291
"04232321A0059";"42323";"ZE";"619";8;1576;1659;5;"2022-02-27";"2022-09-01";6996
"04300722Y0011";"43007";"B";"414";6;2493;0;2;"2022-10-27";;0
"04301222Y0006";"43012";"AI";"155";4;2136;0;5;"2022-05-30";"2025-11-03";0
"04301222Y0013";"43012";"AE";"119";8;3386;23366;2;"2022-11-28";;43901
"04302522Y0015";"43025";"AC";"56";8;1610;765;5;"2022-08-16";"2024-11-04";9059
"04303221P0012";"43032";"AM";"122";8;1910;974;2;"2022-03-21";;7883
"04304021B0029";"43040";"AT";"101";4;2170;0;2;"2022-06-07";;15688
"04304021B0030";"43040";"AT";"319";4;1683;0;5;"2022-02-21";"2022-09-19";12378
"04304622P0006";"43046";"AD";"49";6;1035;32531;5;"2022-12-01";"2023-02-02";90976
"04305822Y0007";"43058";"AB";"53";6;2011;3010;2;"2022-07-18";;0
"04306221P0037";"43062";"AC";"64";8;1270;4297;2;"2022-03-30";;16407
"04306222P0004";"43062";"AC";"275";8;6001;0;2;"2022-09-20";;24801
"04311222B0009";"43112";"AP";"204";6;1256;1444;2;"2022-10-19";;6202
"04312021B0011";"43120";"AK";"50";6;1196;6658;5;"2022-03-17";"2022-05-02";58842
"04313022Y0011";"43130";"C";"607";6;1326;1671;2;"2022-09-28";;4997
"04313722Y0018";"43137";"BN";"387";8;1004;3396;2;"2022-07-04";;20104
"04314822B0001";"43148";"AO";"288";8;1473;0;2;"2022-03-24";;0
"04315922Y0012";"43159";"D";"1390";8;1208;0;2;"2022-09-08";;4332
"04320722B0002";"43207";"0B";"88";6;1625;0;2;"2022-10-10";;16841
"04321622P0004";"43216";"BM";"608";6;4471;0;2;"2022-06-10";;19147
"04322421Y0060";"43224";"AL";"263";6;7455;0;2;"2022-06-24";;31751
"04323722B0001";"43237";"D";"1387";6;1417;0;5;"2022-03-24";"2022-03-25";10980
"04326821Y0067";"43268";"BB";"42";8;1772;8382;5;"2022-02-14";"2023-06-01";27623
"04400322W1039";"44003";"0H";"221";8;2700;17194;2;"2022-10-17";;42725
"04401421A1021";"44014";"ZC";"197";6;1539;4234;5;"2022-01-28";"2023-03-20";15000
"04402522E1009";"44025";"YH";"175";8;2077;307;2;"2022-03-11";;11810
"04402621Z1111";"44026";"AP";"133";3;1865;1653;5;"2022-04-22";"2022-09-05";12081
"04403022T0013";"44030";"AH";"194";4;2578;375;5;"2022-07-29";"2024-04-03";3468
"04403521Z1085";"44035";"BN";"759";3;1143;6840;2;"2022-01-23";;51788
"04403521Z1099";"44035";"BN";"626";4;3048;499;5;"2022-03-18";"2024-03-04";8965
"04403521Z1120";"44035";"BI";"303";3;1259;1195;5;"2022-05-10";"2022-09-05";3011
"04403522Z1021";"44035";"AR";"437";3;2072;0;5;"2022-07-15";"2024-10-28";0
"04404121B1118";"44041";"AZ";"19";6;1532;31319;5;"2022-01-21";"2022-02-28";140541
"04404121B1129";"44041";"BS";"114";8;3509;3363;5;"2022-02-01";"2022-04-22";47490
"04404122A0005";"44041";"AZ";"52";6;8032;0;5;"2022-05-20";"2022-12-02";27637
"04404522E1011";"44045";"AL";"380";8;1687;0;5;"2022-08-10";"2023-04-24";3430
"04404722Z1035";"44047";"AP";"1109";6;1884;2318;5;"2022-07-22";"2023-03-13";7370
"04404722Z1045";"44047";"AP";"1089";8;3424;0;5;"2022-07-22";"2023-12-04";6168
"04405122C1006";"44051";"XW";"152";8;37550;0;2;"2022-04-22";;95016
"04405122C1022";"44051";"XS";"5";8;66343;0;2;"2022-11-09";;142676
"04405221T1068";"44052";"YN";"525P";6;3361;0;5;"2022-02-01";"2023-09-11";8883
"04405521T0248";"44055";"AR";"440";8;1300;6964;5;"2022-03-24";"2022-05-25";673186
"04406319A1034";"44063";"AB";"602";4;3015;5020;2;"2022-07-23";;45782
"04406622E0035";"44066";"BT";"44";6;2056;0;5;"2022-08-16";"2025-01-06";6622
"04406921T1187";"44069";"BH";"234";3;3369;0;5;"2022-05-23";"2023-03-13";3022
"04406922T0025";"44069";"YP";"620";8;1696;0;2;"2022-06-10";;4249
"04407322E0002";"44073";"XN";"310";8;2517;0;5;"2022-04-08";"2023-09-13";6503
"04407422Z0001";"44074";"AH";"204";6;1887;124867;5;"2022-04-01";"2022-04-01";13150
"04408421A1090";"44084";"BR";"541";8;15932;0;5;"2022-01-20";"2023-02-13";45532
"04409922C1029";"44099";"ZT";"17";3;1734;1600;2;"2022-10-10";;0
"04410122Z0017";"44101";"AM";"300";4;1396;409;5;"2022-11-14";"2023-02-09";2376
"04410321T1033";"44103";"AD";"182";4;4545;0;2;"2022-04-06";;10769
"04410321T1046";"44103";"BC";"11";6;2905;54931;5;"2022-01-28";"2022-03-29";220579
"04410321T1054";"44103";"ZY";"234";8;1665;13638;2;"2022-03-08";;38033
"04410321T1058";"44103";"BE";"43";8;3000;0;2;"2022-03-10";;625386
"04410321T1064";"44103";"BC";"13";6;4635;0;2;"2022-08-24";;280201
"04410322T0016";"44103";"BH";"59";8;17100;0;2;"2022-09-03";;1007600
"04410322T0028";"44103";"BE";"55";8;2968;0;2;"2022-10-03";;11404
"04410322T0031";"44103";"ZI";"471";6;2171;427;2;"2022-11-22";;6235
"04410921A0462";"44109";"OY";"541";4;2554;0;5;"2022-02-22";"2023-03-13";746
"04410921A0565";"44109";"DX";"314";3;5429;0;5;"2022-04-01";"2022-04-01";0
"04410921A0601";"44109";"WZ";"153";3;13469;0;5;"2022-06-03";"2022-07-04";4087
"04410921A0673";"44109";"WZ";"234";3;5473;10337;5;"2022-06-25";"2023-09-11";132994
"04410922A0269";"44109";"IW";"26";3;1224;4419;5;"2022-12-20";"2024-09-15";32170
"04411422Z0007";"44114";"BN";"96";3;2050;0;5;"2022-06-28";"2025-02-03";9700
"04412022Z0002";"44120";"AH";"9";6;1416;973;5;"2022-03-11";"2022-06-27";5945
"04412921F1155";"44129";"ZX";"176";4;4127;0;2;"2022-03-25";;10032
"04413122D1047";"44131";"DZ";"140";6;4254;4446;5;"2022-07-27";"2024-01-15";26052
"04413122D1092";"44131";"BC";"318";4;2570;1125;5;"2022-10-11";"2025-09-22";3994
"04413822N0012";"44138";"ZA";"159";8;1654;0;5;"2022-08-12";"2023-01-02";16009
"04414322Y1041";"44143";"BS";"157";8;1062;0;5;"2022-09-09";"2023-08-28";0
"04415122T0009";"44151";"BS";"448";4;1060;118;5;"2022-08-12";"2024-12-16";1326
"04415422E1098";"44154";"YC";"25";8;1136;500;2;"2022-10-13";;6032
"04415822E1024";"44158";"ZH";"23";8;9089;0;5;"2022-08-05";"2023-07-10";34570
"04416121F1102";"44161";"ZC";"25";6;2508;14119;5;"2022-02-21";"2022-09-21";68439
"04416222Z1049";"44162";"BW";"839";3;3688;968;5;"2022-10-18";"2024-11-25";2373
"04416222Z1053";"44162";"BW";"949";3;5208;4496;2;"2022-10-11";;11908
"04416422D1037";"44164";"A";"988";6;1213;666;5;"2022-10-10";"2023-05-23";2527
"04416621Z0033";"44166";"XB";"258";6;3113;0;5;"2022-02-15";"2022-09-02";7565
"04416822T0018";"44168";"D";"1363";4;1072;0;5;"2022-11-08";"2023-07-01";4432
"04416922A0001";"44169";"YM";"296";8;1479;300;5;"2022-03-09";"2023-05-09";4216
"04417221Z0052";"44172";"AV";"53";4;1443;416;5;"2022-03-03";"2022-04-14";2602
"04418022W1031";"44180";"ZO";"126";6;2037;8505;2;"2022-08-26";;36519
"04418421T1253";"44184";"CE";"59";8;1575;4510;5;"2022-01-26";"2022-02-07";35272
"04418421T1263";"44184";;;4;1080;0;5;"2022-02-14";"2022-06-16";0
"04418421T1266";"44184";;;6;1151;0;5;"2022-02-10";"2022-03-02";0
"04418521F0060";"44185";"ZS";"313";6;1013;3120;5;"2022-06-13";"2024-11-18";21144
"04418721E1165";"44187";"YC";"91";8;2693;5413;2;"2022-02-10";;14465
"04418822B1028";"44188";"AE";"14";8;1767;985;5;"2022-09-13";"2024-08-27";7718
"04418822B1037";"44188";"YD";"478P";6;5874;0;5;"2022-11-15";"2023-03-06";15830
"04420922E0046";"44209";"AD";"247";3;3190;0;2;"2022-10-17";;4910
"04421522Y1011";"44215";"AS";"306";8;1020;0;2;"2022-04-13";;0
"04421522Y1060";"44215";"AI";"66";6;9178;351;2;"2022-12-22";;16866
"04502022Y0003";"45020";"C";"326";8;2791;698;2;"2022-07-20";;73086
"04502422Y0009";"45024";"ZC";"67";8;1791;16043;2;"2022-10-29";;0
"04505322B0014";"45053";"DY";"3";6;9693;140283;2;"2022-08-12";;1132474
"04513721N0004";"45137";"ZV";"40";8;61032;0;5;"2022-11-28";"2026-01-26";337612
"04514521A0021";"45145";"YE";"74";8;118123;0;5;"2022-07-06";"2023-01-16";242725
"04514622F0006";"45146";"BN";"680";6;1110;0;2;"2022-06-24";;32403
"0451472200006";"45147";"BM";"1078";8;2175;0;5;"2022-10-27";"2025-12-03";10220
"0451472200015";"45147";"AD";"1053";3;8172;0;2;"2022-11-07";;5668
"0451472280006";"45147";"BM";"1078";8;2175;0;2;"2022-08-02";;0
"0451472280015";"45147";"AD";"F4";3;8172;0;2;"2022-09-29";;0
"04515522Z0013";"45155";"CR";"826";4;1116;0;5;"2022-08-24";"2022-11-02";2741
"04515522Z0031";"45155";"DY";"3";6;9693;140283;5;"2022-12-09";"2022-12-15";1132474
"0452352200013";"45235";"AD";"21";8;62546;0;2;"2022-10-12";;123899
"04527221B0018";"45272";"AS";"272";8;5971;8834;5;"2022-01-18";"2022-01-31";45987
"04527221B0024";"45272";"AS";"303";8;31763;0;5;"2022-02-02";"2023-10-11";74943
"0452722200008";"45272";"AS";"264";6;2914;0;5;"2022-12-07";"2023-03-27";12108
"0452842200014";"45284";"BL";"100";3;1824;17378;5;"2022-11-21";"2022-11-21";43274
"0453022200030";"45302";"BE";"98";3;3630;0;5;"2022-07-05";"2022-09-12";20067
"0453022200039";"45302";"AH";"133";8;1616;23592;2;"2022-10-13";;116925
"04531022N0006";"45310";"0G";"618";8;23743;37391;2;"2022-11-25";;110787
"04602922S0006";"46029";"AR";"59";6;1100;5500;2;"2022-06-29";;66238
"04603822S0002";"46038";"0A";"83";4;1080;0;5;"2022-09-06";"2023-05-15";6880
"0460702290015";"46070";"AN";"368P";3;2250;0;2;"2022-12-20";;7529
"04611722S0006";"46117";"AB";"303";6;1100;5500;2;"2022-07-01";;2280
"04612821S0029";"46128";"0C";"1058";6;8371;10418;2;"2022-02-18";;108040
"0461972290016";"46197";"D";"745";6;1439;0;5;"2022-10-21";"2023-09-11";29938
"04700122A0040";"47001";"AI";"97";3;6382;5403;5;"2022-11-23";"2024-02-05";20248
"04700721J0008";"47007";"AH";"316";6;1400;0;2;"2022-05-01";;3063251
"04703122A0014";"47031";"AS";"21";8;12022;23499;2;"2022-09-20";;64178
"04709422F0003";"47094";"B";"1666";8;1572;0;2;"2022-11-25";;66990
"04710022A0004";"47100";"F";"1229";4;1373;0;5;"2022-06-23";"2022-10-24";4176
"04715722F0007";"47157";"IK";"50";4;3155;1780;5;"2022-09-30";"2023-09-18";7657
"04723322F0008";"47233";"AR";"650";4;2241;0;5;"2022-12-08";"2023-02-20";10859
"04724121B0005";"47241";"K";"949";8;1680;0;2;"2022-05-03";;13145
"04725222M0005";"47252";"BL";"23";4;1019;10369;5;"2022-05-12";"2022-09-06";24160
"04726421L0013";"47264";"A";"599";8;1709;0;5;"2022-03-08";"2022-03-22";45874
"04728522F0005";"47285";"ZD";"141";8;1035;802;5;"2022-12-23";"2022-12-23";7309
"04731522C0007";"47315";"B";"1297";8;1081;722;5;"2022-12-27";"2024-12-13";7136
"04732321M0130";"47323";"KX";"77";4;1198;0;5;"2022-01-17";"2022-04-22";12614
"04732322M0005";"47323";"KW";"27";4;4494;0;5;"2022-04-26";"2022-10-17";17071
"04807422B0001";"48074";"C";"178";6;1453;1357;5;"2022-10-15";"2023-02-20";12760
"04901522C0018";"49015";"AB";"6";8;1050;12992;5;"2022-12-09";"2023-01-07";101448
"04902021A0033";"49020";"AW";"158";8;1765;0;2;"2022-01-17";;0
"04902021A0045";"49020";"AM";"96";3;3351;0;2;"2022-04-14";;4939
"04902022A0012";"49020";"AN";"112";4;2473;0;5;"2022-11-24";"2023-11-01";2697
"04902022A0028";"49020";"AI";"113";8;3062;0;5;"2022-12-22";"2023-09-11";10094
"04902022A0037";"49020";"AK";"24";3;6180;0;2;"2022-12-22";;4657
"04902222A0005";"49022";"ZB";"79 P";6;6092;0;5;"2022-08-29";"2022-12-19";48010
"04902322H0042";"49023";"B";"1104";6;1362;2108;5;"2022-06-17";"2022-07-04";61548
"04906822A0005";"49068";"ZN";"167";6;2440;3440;5;"2022-07-22";"2022-12-05";19144
"04909222H0006";"49092";"AS";"172";8;1609;0;5;"2022-04-06";"2023-01-09";8335
"04909922C0032";"49099";"AW";"287";6;16723;42326;5;"2022-05-12";"2022-08-01";89283
"04909922C0046";"49099";"BH";"96";6;1902;59825;2;"2022-07-22";;60540
"04912322M0067";"49123";"ZM";"808";6;2056;0;2;"2022-12-02";;10647
"04918022M0024";"49180";"XA";"93";6;9580;0;5;"2022-09-29";"2023-09-12";30005
"04918322N0010";"49183";"0E";"939";8;1536;0;2;"2022-07-21";;65571
"04919222C0005";"49192";"AH";"329";6;4043;2060;2;"2022-11-12";;23013
"04921421A0027";"49214";"AL";"82";8;1114;1666;5;"2022-01-25";"2022-06-02";8570
"04922222A0012";"49222";"ZE";"87";8;2184;0;5;"2022-12-26";"2023-06-02";25146
"04924422H0069";"49244";"AM";"1151";6;1699;8642;2;"2022-09-20";;23467
"04924822N0028";"49248";"AC";"960";6;1712;1330;5;"2022-09-16";"2023-05-22";28784
"04926622N0012";"49266";"0C";"616";6;1072;2132;2;"2022-11-09";;36013
"04926721A0026";"49267";"AD";"498";6;3140;0;2;"2022-03-29";;0
"04929822A0006";"49298";"ZA";"83";8;28084;0;5;"2022-07-25";"2023-09-25";63818
"04930122H0040";"49301";"B";"2436";4;1449;6214;5;"2022-07-11";"2025-09-22";23577
"04930122H0074";"49301";"ZI";"139";8;3395;756;5;"2022-11-17";"2024-01-02";15226
"04930122H0146";"49301";"C";"1839";6;4728;14750;2;"2022-12-22";;61091
"04932322A0010";"49323";"ZH";"267";8;14310;0;5;"2022-06-09";"2022-09-01";39503
"0493282200057";"49328";"DI";"24";6;1373;678;5;"2022-11-07";"2023-04-10";8312
"04933122N0092";"49331";"0C";"1503";8;12780;0;2;"2022-12-29";;104190
"04937722A0013";"49377";"ZX";"103";8;5578;0;5;"2022-06-22";"2023-07-17";12417
"05000222W0018";"50002";"YC";"212";8;1116;0;5;"2022-09-28";"2022-11-14";9556
"0500762200004";"50076";"AL";"441";8;1439;3618;5;"2022-05-16";"2023-01-09";18574
"05012921G0205";"50129";"BC";"742";4;1107;248;2;"2022-04-04";;2000
"0501292200082";"50129";"BD";"434";4;1496;2603;2;"2022-10-04";;10902
"05013922W0019";"50139";"ZO";"15";6;2500;3000;2;"2022-05-24";;206504
"05021821Y0050";"50218";"AE";"254";6;4660;10184;5;"2022-01-11";"2022-03-12";19869
"05048322W0010";"50483";"C";"440";4;2545;193;5;"2022-09-19";"2025-05-05";14201
"05052321Q0031";"50523";"AC";"1";6;9301;11713;5;"2022-03-07";"2022-07-26";53189
"05063922J0002";"50639";"ZC";"199";6;3704;0;5;"2022-06-03";"2023-10-02";0
"05109922R0001";"51099";"XA";"204";8;14012;0;2;"2022-07-12";;31828
"05109922R0002";"51099";;;8;31387;0;2;"2022-06-02";;0
"05109922R0004";"51099";;;8;1124;2406;2;"2022-09-19";;175620
"05110522K0010";"51105";"ZW";"151";4;4062;0;2;"2022-10-04";;9947
"05110821A0059";"51108";"AC";"147";3;1402;0;5;"2022-03-24";"2023-06-04";25879
"05110922K0001";"51109";"Z";"45";3;1845;0;2;"2022-06-15";;7056
"05116522D0001";"51165";"YS";"212";8;36611;0;2;"2022-03-07";;79863
"05117122K0003";"51171";"X";"124";6;2676;13305;5;"2022-06-03";"2022-10-10";66228
"05117222J0001";"51172";"AT";"126";8;5528;0;5;"2022-03-24";"2023-02-21";0
"05128221K0014";"51282";"ZN";"189";8;14454;25211;5;"2022-01-06";"2022-05-18";100194
"05129922K0001";"51299";"ZL";"250";8;30229;0;2;"2022-04-28";;68546
"05138821R0032";"51388";"AI";"26";4;1600;5;2;"2022-03-04";;5791
"05144922K0006";"51449";"ZL";"121";4;3300;1548;5;"2022-10-20";"2023-04-03";16090
"05144922K0012";"51449";"ZL";"159";6;2104;0;5;"2022-12-20";"2023-03-13";67038
"05145422K0001";"51454";"ZN";"290";8;1270;2003;5;"2022-03-09";"2023-03-01";6707
"05145422K0018";"51454";"AZ";"144";6;2075;6150;2;"2022-04-09";;19062
"05145422K0053";"51454";"ZH";"90";4;4482;0;2;"2022-10-01";;19523
"05147422K0002";"51474";"AE";"19";8;1495;3224;5;"2022-09-23";"2023-03-13";6814
"05150422R0001";"51504";;;8;46106;75622;2;"2022-08-02";;0
"05150621R0018";"51506";"ZB";"269";8;1384;0;5;"2022-03-24";"2022-05-09";4895
"05150622R0001";"51506";"AE";"275";8;2016;1859;2;"2022-06-28";;0
"05153122B0001";"51531";"AH";"88";8;5974;18414;5;"2022-08-26";"2025-03-31";100933
"05157622S0008";"51576";"ZB";"88";6;5787;39188;2;"2022-11-02";;166286
"05161222R0009";"51612";"ZB";"140";6;5209;0;5;"2022-08-22";"2022-08-24";15267
"05161222R0014";"51612";"ZB";"99";8;1061;0;2;"2022-12-16";;9883
"05165721K0004";"51657";"ZI";"50";4;1169;0;5;"2022-02-03";"2023-03-09";1800
"05212122A0022";"52121";"YC";"32";6;1464;0;2;"2022-10-20";;20350
"05225022J0005";"52250";"AP";"375";4;2139;1272;2;"2022-11-29";;9041
"05238422S0001";"52384";"ZB";"50";8;17738;0;5;"2022-07-12";"2022-09-30";33975
"0524482100034";"52448";"ZD";"122";8;1797;0;5;"2022-04-01";"2022-04-01";9952
"0524482100039";"52448";"DO";"186";4;1770;4628;5;"2022-05-18";"2023-01-16";25194
"0524482200001";"52448";"DN";"52";8;1323;1858;5;"2022-03-31";"2022-09-12";59938
"0524482200015";"52448";"BZ";"124";4;1549;2638;2;"2022-08-02";;8052
"05300321M0014";"53003";"ZN";"159";6;1074;2291;2;"2022-02-11";;0
"05303422K1041";"53034";"AM";"177";8;2127;0;2;"2022-12-13";;6098
"05305422K1005";"53054";"YI";"495";6;25469;0;2;"2022-06-09";;22025
"05306222B1060";"53062";"AA";"27";6;13627;36304;5;"2022-09-28";"2023-04-27";84337
"05309621M1019";"53096";"AV";"151";4;2235;3056;5;"2022-03-17";"2022-06-27";13170
"05313021K1151";"53130";"BW";"200";8;1062;0;2;"2022-02-03";;33802
"05313022K1073";"53130";"AV";"642";3;2699;0;2;"2022-11-16";;9599
"05326722M1008";"53267";"YD";"37";8;1191;0;5;"2022-05-31";"2022-07-01";8085
"05409920B0020";"54099";"AI";"147";4;2207;785;2;"2022-02-21";;0
"05412322T0005";"54123";"A";"264";3;1328;0;5;"2022-07-07";"2023-10-09";14380
"05412322T0013";"54123";"A";"3B";3;1200;0;2;"2022-11-14";;2228
"05413522T0001";"54135";"ZP";"2";6;1814;12185;5;"2022-04-29";"2023-03-01";66653
"05415222L0012";"54152";"AE";"139";4;1270;846;5;"2022-11-16";"2023-06-20";0
"05419721N0011";"54197";;;3;1365;0;5;"2022-06-22";"2023-01-30";0
"05423221T0015";"54232";"AC";"165";4;1200;0;5;"2022-03-18";"2022-03-29";8120
"05425721N0026";"54257";"AS";"41";4;1004;0;2;"2022-04-05";;7384
"05425722N0006";"54257";"AS";"41";4;1239;0;2;"2022-08-23";;3692
"0542652200002";"54265";"AO";"12";4;1239;0;2;"2022-08-26";;954
"05430021N0015";"54300";"T";"16";6;7820;0;2;"2022-02-04";;413540
"05430422N0005";"54304";"AX";"77";4;1321;0;2;"2022-04-12";;2295
"05432221B0013";"54322";"AT";"38";4;1552;1540;2;"2022-01-11";;8001
"05432321B0020";"54323";"BD";"261";4;1310;0;5;"2022-05-13";"2023-03-01";3417
"0543282200010";"54328";"AL";"247";8;1122;0;5;"2022-11-02";"2023-02-01";30533
"05435721N0018";"54357";"AM";"170";8;3775;0;2;"2022-01-24";;17170
"0543572200011";"54357";"AP";"66";6;2561;0;5;"2022-12-01";"2023-12-04";49276
"05436621T0013";"54366";"AK";"240";6;1156;0;5;"2022-03-24";"2022-07-07";18469
"05439721T0024";"54397";"AO";"137";6;1156;0;5;"2022-03-22";"2022-07-07";2828
"05446222L0033";"54462";"AX";"271";8;25392;0;5;"2022-12-26";"2023-06-19";83627
"05448319L0002";"54483";"BD";"198";4;1279;0;2;"2022-03-25";;4220
"05448321L0008";"54483";"AZ";"388";4;1842;6844;5;"2022-02-03";"2022-02-03";17164
"05448322L0006";"54483";"0Z";"278";4;1876;0;2;"2022-06-17";;477
"05449521N0013";"54495";"AB";"184";4;1532;959;5;"2022-01-25";"2022-06-01";6117
"05449822N0002";"54498";"AT";"167";4;1059;0;5;"2022-06-13";"2023-09-01";2683
"0545252200004";"54525";"X";"510";8;1459;0;2;"2022-09-05";;3407
"05454721R0038";"54547";"BC";"1";3;3037;317;5;"2022-05-16";"2023-02-15";5577
"05457122L0004";"54571";"ZH";"477";4;1090;0;2;"2022-06-15";;2422
"05459621T0004";"54596";"AA";"2";6;3401;1329;2;"2022-03-25";;156865
"0550102200005";"55010";"ZL";"485";8;1366;0;2;"2022-08-03";;10090
"0550292200006";"55029";"AO";"436";3;1657;25;5;"2022-07-13";"2025-09-22";2570
"05515422A0003";"55154";"ZM";"72";6;8393;31099;5;"2022-07-06";"2022-10-10";192170
"0555192100005";"55519";"AL";"5";8;17126;0;5;"2022-03-25";"2023-04-12";46470
"05600222Y0012";"56002";"BR";"340";4;3168;10823;5;"2022-10-18";"2024-03-25";23139
"05600622K0003";"56006";"ZB";"136";8;2140;0;2;"2022-04-20";;9500
"05601322T0032";"56013";"F";"1116";4;1042;18;5;"2022-11-29";"2023-03-27";2541
"05602322T0014";"56023";"ZW";"448";8;1109;0;2;"2022-07-08";;3213
"05603421W0107";"56034";"AI";"26";4;2353;0;5;"2022-08-25";"2023-03-16";32528
"05603622L0051";"56036";"AE";"315";8;1224;360;2;"2022-12-09";;8300
"05606521K0012";"56065";"ZK";"500";8;6200;0;2;"2022-01-05";;18595
"05609122K0014";"56091";"AK";"1";6;14394;8455;5;"2022-10-31";"2025-05-15";73422
"05609822L0031";"56098";"AO";"34";8;2000;0;2;"2022-10-12";;865280
"05612121L0133";"56121";"DW";"539";3;5245;274;5;"2022-06-22";"2023-05-15";2024
"05612422K0006";"56124";"BA";"382";4;1014;1249;5;"2022-07-26";"2023-06-29";7694
"05614322Y0037";"56143";"BR";"340";4;3168;10823;5;"2022-12-16";"2024-03-25";28663
"05615521T0105";"56155";"ZI";"597";4;1666;800;5;"2022-04-19";"2024-01-01";2720
"05616222L0049";"56162";"BV";"1037";8;1120;0;2;"2022-07-08";;3263
"05616521K0177";"56165";"ZO";"210";8;1109;0;5;"2022-02-07";"2022-07-11";12296
"05616522K0064";"56165";"ZM";"527";3;1447;0;5;"2022-09-21";"2024-01-01";2011
"05617921L0039";"56179";"ZL";"85";4;1152;3701;2;"2022-04-28";;109645
"05622221B0045";"56222";"ZN";"170";4;1975;0;5;"2022-06-29";"2023-10-02";43257
"05624021Y0179";"56240";"XC";"15";4;1510;5826;5;"2022-02-01";"2022-09-12";38885
"05626022Y0077";"56260";"BI";"353";8;3490;0;5;"2022-06-25";"2022-10-13";11342
"05626022Y0127";"56260";"AC";"558";3;1764;0;5;"2022-12-29";"2023-09-01";3461
"05701922P0006";"57019";"10";"322";3;2511;0;2;"2022-11-14";;0
"05701922P0022";"57019";"D";"1689";6;3012;7717;2;"2022-09-01";;82251
"05705822O0003";"57058";"06";"517";6;1150;1750;2;"2022-08-03";;7845
"05707421B0006";"57074";"05";"113";8;2604;0;5;"2022-02-04";"2023-05-04";41107
"05708921B0012";"57089";"06";"342";4;2157;3385;2;"2022-07-26";;9241
"05711922V0011";"57119";"06";"124";6;2181;2420;5;"2022-12-29";"2023-09-01";12308
"05714322P0005";"57143";"04";"101";8;1072;0;2;"2022-09-01";;5167
"05716021C0030";"57160";"25";"517";4;1034;1029;2;"2022-04-08";;9744
"05716021C0031";"57160";"29";"119";8;2997;3159;5;"2022-11-04";"2022-11-14";13627
"05716022C0010";"57160";"15";"491";3;1699;0;5;"2022-07-25";"2023-01-09";24411
"05716022S0004";"57160";"24";"431";4;1587;500;5;"2022-10-04";"2023-02-06";6008
"05716221Y0015";"57162";"02";"160";6;1092;1000;2;"2022-01-27";;11671
"05719321M0015";"57193";"03";"146";8;2540;5000;2;"2022-03-31";;16367
"05719322M0010";"57193";"03";"480";8;25507;0;2;"2022-10-11";;63509
"05719322M0011";"57193";"03";"478";8;37423;0;2;"2022-11-24";;0
"05722722V0001";"57227";"24";"69";4;1920;0;2;"2022-06-17";;11606
"05724022V0006";"57240";"19";"1338";4;1545;7600;2;"2022-11-18";;27526
"05725121M0001";"57251";;;8;16780;0;2;"2022-02-08";;0
"05726021S0013";"57260";"11";"228";4;1665;2340;5;"2022-01-20";"2022-08-16";9440
"05730322M0006";"57303";"B";"2678";4;2880;2990;2;"2022-11-25";;24214
"05730622V0018";"57306";"08";"213";8;1674;0;5;"2022-09-08";"2023-06-21";6547
"05731622S0005";"57316";;;6;5293;27847;2;"2022-08-20";;0
"05739022B0003";"57390";"C";"1955";4;1587;0;2;"2022-12-16";;8097
"05746322X0078";"57463";"CI";"83";8;1595;3149;5;"2022-10-07";"2023-02-01";9467
"05746322X0082";"57463";"BN";"221";8;1048;420;5;"2022-10-28";"2024-10-07";7115
"05746522N0011";"57465";"37";"260";4;1587;0;5;"2022-12-20";"2023-06-26";46260
"0574822200001";"57482";"11";"153";4;1059;0;2;"2022-07-04";;2838
"05748322S0003";"57483";"6";"276";4;1142;0;5;"2022-09-06";"2023-03-06";4030
"05748422V0005";"57484";"20";"220";8;3692;0;5;"2022-10-27";"2025-01-27";8323
"05748521V0001";"57485";"33";"253";8;2074;0;5;"2022-02-21";"2022-05-09";17581
"05748521V0002";"57485";"33";"252";4;1321;0;2;"2022-02-08";;4338
"05748522V0001";"57485";"33";"251";4;2108;0;5;"2022-06-22";"2022-08-31";10946
"05749922S0003";"57499";"10";"36";4;1709;0;5;"2022-11-15";"2023-11-09";10787
"05751122M0005";"57511";"D";"899";3;1562;0;2;"2022-05-17";;4891
"05753222M0001";"57532";"07";"30";8;30573;0;2;"2022-09-10";;75091
"05754021P0025";"57540";"07";"468";6;1696;0;2;"2022-02-26";;9826
"05755022S0005";"57550";"29";"261";6;8746;0;2;"2022-07-04";;40941
"05759121P0023";"57591";"19";"464";8;10000;0;5;"2022-02-11";"2022-10-03";47111
"05760622S0010";"57606";"47";"2080";8;15028;0;2;"2022-05-13";;40055
"05760622S0016";"57606";"47";"1580";6;2206;0;5;"2022-08-02";"2025-05-19";0
"05763121S0082";"57631";"70";"120";8;2776;5244;2;"2022-05-31";;17735
"05764421V0018";"57644";"18";"438";8;1273;0;2;"2022-02-21";;3937
"05767222E0023";"57672";"BX";"50";3;1044;0;2;"2022-08-30";;3304
"05767222E0078";"57672";"55";"12";3;2484;0;5;"2022-10-31";"2024-11-21";8501
"05767721M0008";"57677";"06";"143";8;6060;0;5;"2022-06-30";"2023-06-08";66486
"05767722M0001";"57677";;;8;6801;0;2;"2022-05-17";;0
"05767722M0007";"57677";"06";"151";6;2517;399464;2;"2022-10-25";;0
"05771522M0004";"57715";"20";"160";8;4267;0;2;"2022-09-10";;14557
"05828022A0008";"58280";"0B";"933";6;2199;34205;2;"2022-02-24";;186074
"05830322N0005";"58303";"AX";"128";4;5323;0;2;"2022-08-08";;17959
"05830322N0013";"58303";"ZI";"372";6;1720;0;2;"2022-11-24";;18156
"0590092100094";"59009";"NX";"18";3;2370;4012;5;"2022-03-01";"2023-07-03";6730
"05900922O0034";"59009";"LV";"160";3;5419;1980;5;"2022-07-22";"2023-08-01";6056
"05900922O0035";"59009";"NW";"82";3;6930;19070;2;"2022-08-18";;20957
"05900922O0050";"59009";"PA";"171";3;4293;502;2;"2022-08-26";;2821
"05900922O0054";"59009";"PZ";"147";3;1997;0;5;"2022-09-22";"2024-09-30";3350
"0590342200001";"59034";"ZH";"473";8;2428;0;5;"2022-03-15";"2023-02-06";5863
"0590342200007";"59034";"ZB";"195";8;2133;0;2;"2022-08-12";;5641
"05903722O0001";"59037";"ZR";"50P";6;2158;0;2;"2022-07-26";;27816
"05904322O0021";"59043";"AP";"14";4;3046;14827;2;"2022-10-21";;54249
"05904422B0006";"59044";"ZD";"175";8;3074;3074;2;"2022-10-21";;7304
"05906421C0004";"59064";"ZB";"71";4;3734;1922;5;"2022-06-29";"2023-06-12";18773
"05908821S0002";"59088";"ZD";"133";8;19959;26291;5;"2022-05-03";"2022-10-17";98897
"05911222O0014";"59112";"AC";"233";6;1500;820;2;"2022-10-05";;11197
"05912221O0109";"59122";"AX";"851";4;1888;1234;5;"2022-08-11";"2023-03-20";6422
"0591312200023";"59131";"AC";"511";3;1011;0;2;"2022-09-01";;7125
"0591312200040";"59131";"AD";"179";8;1093;0;2;"2022-12-30";;2989
"05915521O0025";"59155";"AY";"571";4;2473;3689;5;"2022-06-23";"2022-12-19";17862
"05917021O0014";"59170";"AD";"79";6;1210;0;5;"2022-01-17";"2022-04-14";20459
"05917221C0032";"59172";"AE";"227";8;5948;1586;5;"2022-04-12";"2023-10-25";19728
"05917821O0050";"59178";"BO";"440";8;1740;0;2;"2022-03-04";;5000
"05917922C0013";"59179";"A";"1977";6;1508;6879;5;"2022-11-28";"2023-06-05";59646
"05918321A0081";"59183";"AC";"64";6;2404;2467;5;"2022-02-16";"2024-09-17";41543
"0591832200017";"59183";"AS";"212";3;1026;74273;2;"2022-06-18";;75113
"05919522S0002";"59195";;;8;2649;10800;5;"2022-09-30";"2022-10-25";0
"05920722C0002";"59207";"AM";"108";6;5567;7855;2;"2022-11-03";;153039
"05922122A0005";"59221";"AB";"315";3;2418;0;2;"2022-10-26";;3000
"05925622M0001";"59256";"AM";"172";3;2139;1025;5;"2022-10-14";"2023-10-03";45549
"0592582200003";"59258";"ZH";"251";6;1763;0;5;"2022-05-09";"2023-04-01";7376
"0592712100022";"59271";"AI";"319P";8;1314;0;2;"2022-03-04";;0
"0592712200007";"59271";"AL";"149";4;14338;8800;5;"2022-12-19";"2026-01-05";29193
"0592712200013";"59271";"AL";"110";8;5677;0;5;"2022-11-10";"2023-10-09";24914
"05927921O0039";"59279";"AD";"265";8;2300;0;5;"2022-04-04";"2024-06-24";3227
"05928222A0004";"59282";"ZA";"207";6;2588;3976;5;"2022-10-21";"2025-04-22";21664
"05929921V0037";"59299";"BA";"861";8;3534;0;2;"2022-08-12";;6560
"05930322S0010";"59303";"ZH";"41";3;1059;14;5;"2022-12-20";"2024-09-14";0
"05930922A0011";"59309";"A";"1061";8;1480;0;2;"2022-11-30";;0
"05931322C0001";"59313";"ZB";"96";6;3260;0;5;"2022-12-16";"2023-12-16";20415
"05932717O0020";"59327";"AN";"411";4;1494;0;2;"2022-06-08";;33949
"05932922O0005";"59329";"A";"889";6;91077;0;5;"2022-10-07";"2022-10-17";1128238
"05932922O0007";"59329";"ZE";"214";6;1089;0;5;"2022-06-14";"2022-06-27";3000
"05932922O0009";"59329";"A";"929";6;1429;0;5;"2022-06-22";"2022-11-02";100537
"05933921V0020";"59339";"AO";"258";8;21961;16387;5;"2022-04-12";"2023-06-16";0
"05933922V0007";"59339";"AP";"100";8;6315;0;5;"2022-11-08";"2024-03-11";12532
"05934622C0002";"59346";"AL";"32";3;6930;19070;5;"2022-08-19";"2024-01-03";54137
"05934622C0006";"59346";"AK";"133";3;1049;0;5;"2022-11-04";"2023-10-10";1921
"05935021O0264";"59350";"B";"6422";8;9745;0;2;"2022-02-08";;28611
"05935921A0021";"59359";"BA";"87";8;2995;6278;2;"2022-02-05";;27206
"0593592200001";"59359";"AD";"113";3;2440;605;2;"2022-04-21";;1196220
"05935922A0008";"59359";"AC";"57";8;4910;4920;2;"2022-08-17";;0
"0593602200025";"59360";"AZ";"186";3;3560;0;5;"2022-11-23";"2023-03-23";0
"0593602200026";"59360";"AO";"27P";3;1584;0;2;"2022-11-24";;1542
"05936521K0009";"59365";"AK";"183";4;1700;1752;2;"2022-06-24";;5858
"05936722V0011";"59367";;;8;6315;0;2;"2022-11-08";;12532
"0593682100034";"59368";"AB";"761";3;2452;0;2;"2022-07-25";;0
"05936822O0011";"59368";"BL";"132";3;7918;4436;5;"2022-09-21";"2025-01-02";0
"05937821O0090";"59378";"BE";"215";3;18967;402;5;"2022-06-07";"2024-05-15";20487
"05937821O0096";"59378";"AI";"769";4;1845;0;5;"2022-05-05";"2023-04-17";10386
"05938622S0009";"59386";"A";"5366";3;2256;0;5;"2022-11-21";"2024-12-30";9670
"0593902200009";"59390";"AL";"45";6;1800;3715;2;"2022-10-20";;17877
"05940022J0026";"59400";"ZO";"220";8;1728;1429;5;"2022-11-14";"2024-07-22";10224
"0594142100012";"59414";"A";"3571";6;2991;0;5;"2022-02-01";"2023-10-01";22858
"0594142200002";"59414";"A";"3595";6;1057;0;2;"2022-04-11";;2965
"05943122O0004";"59431";"AV";"157";8;1289;0;2;"2022-07-01";;2686
"05944721A0056";"59447";"ZD";"545";8;12614;0;2;"2022-05-17";;352725
"05945221B0028";"59452";"B";"106P";6;3842;0;5;"2022-01-07";"2023-01-23";61732
"0594522200010";"59452";"AB";"436";4;1924;0;2;"2022-09-08";;9935
"05945721S0026";"59457";"AK";"254";8;3196;1269;2;"2022-03-08";;9213
"05945921A0019";"59459";"AC";"739";4;1042;0;5;"2022-01-04";"2022-09-26";4688
"05945922A0001";"59459";"AD";"211";3;1373;110884;5;"2022-05-30";"2022-06-01";260716
"05947621O0009";"59476";"U";"602";4;1547;727;2;"2022-02-18";;11558
"05948422A0006";"59484";"AA";"47";8;2959;7017;2;"2022-08-23";;0
"05948622O0006";"59486";"A";"4070";4;2122;0;5;"2022-08-05";"2025-04-14";9815
"05950722O0008";"59507";"A";"5374";3;4345;1187;5;"2022-10-25";"2024-06-15";3848
"05951421K0010";"59514";"AK";"197";8;1255;630;2;"2022-02-01";;18967
"05951521A0005";"59515";"ZA";"177";8;7579;0;5;"2022-03-04";"2022-10-17";37198
"05952622E0040";"59526";"AI";"203";6;1503;1318;5;"2022-09-27";"2023-04-21";7372
"0595272200012";"59527";"BK";"12";3;1930;0;5;"2022-11-23";"2024-12-30";5100
"05953622A0005";"59536";"ZH";"158";6;4650;7450;5;"2022-11-04";"2022-11-20";79202
"05956021S0003";"59560";"AD";"29";8;8593;0;5;"2022-06-08";"2023-06-02";19380
"05956921O0018";"59569";"AW";"404P";4;1223;0;5;"2022-04-11";"2022-11-07";5468
"05956922O0008";"59569";"AW";"332";3;1630;0;2;"2022-10-24";;0
"05957022A0003";"59570";"A";"1290";3;1200;0;5;"2022-08-23";"2023-01-07";6167
"05958522C0002";"59585";"AD";"1";8;2067;9709;2;"2022-08-31";;73240
"05959922T0043";"59599";"BI";"618";3;8866;0;5;"2022-12-15";"2023-08-10";16701
"05960621O0070";"59606";"W";"359";4;1570;2236;5;"2022-04-01";"2023-12-18";6886
"05963622C0004";"59636";"D";"1752";3;5017;0;5;"2022-08-29";"2025-07-28";9035
"05964621O0042";"59646";"AS";"390";3;24848;10677;5;"2022-03-28";"2022-06-12";33327
"05964621O0048";"59646";"BD";"146";3;3992;3950;2;"2022-04-28";;12946
"05964622O0004";"59646";"AH";"420";3;5274;2047;5;"2022-08-03";"2022-11-15";5255
"0596502200039";"59650";;;3;5216;0;2;"2022-10-07";;19746
"0596502200043";"59650";"AM";"196";8;1287;0;2;"2022-11-04";;2870
"06000922T0005";"60009";"ZC";"432";8;21573;0;5;"2022-09-22";"2025-02-11";64044
"06001021T0015";"60010";"ZK";"53";8;31714;0;2;"2022-08-19";;55716
"06001022T0001";"60010";"ZK";"98";8;15475;0;5;"2022-05-12";"2022-11-18";70793
"06001022T0007";"60010";"ZL";"199";6;5064;0;5;"2022-10-13";"2023-06-29";14593
"06005722T0003";"60057";"ZD";"235";8;1063;0;5;"2022-04-08";"2022-11-01";4292
"06005722T0038";"60057";"ZE";"629";8;1005;1376;2;"2022-09-08";;7000
"06006020T0001";"60060";"ZA";"73";8;69374;0;2;"2022-11-21";;126186
"06006020T0002";"60060";"ZA";"73";8;7579;0;2;"2022-11-21";;272067
"06010122T0015";"60101";"ZB";"5";8;1887;22804;2;"2022-12-01";;79195
"06013920T0002";"60139";"ZA";"56";8;38048;0;2;"2022-11-21";;142163
"06015922T0030";"60159";"AA";"14";6;1990;0;2;"2022-10-21";;3000
"06023422T0003";"60234";"ZB";"46";4;1202;3851;5;"2022-08-17";"2023-01-12";20111
"06024522T0001";"60245";"B";"159";6;1990;6352;2;"2022-08-08";;60411
"06028222T0037";"60282";"AN";"50";8;9166;0;2;"2022-11-19";;143577
"06034622T0018";"60346";"BY";"76";4;2055;1167;2;"2022-11-02";;6262
"06039522T0009";"60395";"AR";"43";4;1922;1424;2;"2022-06-20";;6499
"06039821T0027";"60398";"ZE";"573";8;1259;0;5;"2022-01-14";"2026-01-05";3726
"06039822T0011";"60398";"AD";"72";4;2868;7497;2;"2022-09-30";;17013
"06040222T0005";"60402";"ZD";"816";6;5438;7957;5;"2022-12-07";"2023-04-11";36544
"06044122T0005";"60441";"AC";"1";3;1894;0;2;"2022-11-15";;96124
"06047122T0020";"60471";"ZC";"272";4;2307;0;2;"2022-11-24";;0
"06048522T0001";"60485";"AD";"42";8;39194;0;2;"2022-09-29";;72473
"06050021T0079";"60500";"AD";"48";4;1165;2393;5;"2022-07-22";"2022-10-03";122561
"06050022T0001";"60500";"Z";"404";8;4431;0;2;"2022-05-16";;10000
"06052421T0006";"60524";"AB";"12";8;17383;8200;2;"2022-03-21";;44744
"06053319T0011";"60533";"ZE";"27";8;111395;0;2;"2022-03-28";;210503
"06053319T0012";"60533";"ZE";"36PP";8;39418;0;2;"2022-03-28";;93782
"06056222T0008";"60562";"ZI";"349";6;3285;0;5;"2022-10-21";"2025-05-19";26508
"06061622T0004";"60616";"AD";"125";3;2794;0;2;"2022-07-04";;6644
"06066520T0001";"60665";"ZB";"97";6;43168;0;5;"2022-07-04";"2022-10-26";165730
"06070022T0003";"60700";"AA";"75";8;25430;0;2;"2022-09-01";;57816
"06111622P0008";"61116";"G";"147";3;1316;43270;5;"2022-08-25";"2025-01-02";95216
"06111622P0016";"61116";"G";"109";4;1786;0;2;"2022-11-28";;44763
"06114522D0003";"61145";"AO";"47";6;1211;42285;2;"2022-06-01";;148199
"06145621P0013";"61456";"ZT";"32";4;3117;0;5;"2022-04-15";"2022-11-28";13088
"06145622P0005";"61456";"AS";"101";4;6120;25107;5;"2022-11-10";"2025-04-28";96073
"06149122P0003";"61491";"ZE";"31";6;2554;6492;5;"2022-04-26";"2022-07-12";22365
"0620142200001";"62014";"ZL";"353";8;2142;12276;2;"2022-03-31";;26480
"0620192200001";"62019";"ZC";"274";6;2493;0;5;"2022-04-14";"2022-12-06";16470
"0620402100031";"62040";"E";"1071";6;1682;0;5;"2022-05-17";"2022-11-02";39620
"0620402200024";"62040";"ZB";"98";6;1668;0;5;"2022-08-04";"2022-09-12";54709
"0620732200007";"62073";;;8;7959;0;5;"2022-12-22";"2023-07-03";0
"0620812200001";"62081";"ZE";"129";4;1075;0;5;"2022-08-18";"2024-02-08";3118
"0621082200011";"62108";"AX";"292";4;1150;0;5;"2022-08-17";"2022-11-10";4348
"0621192200015";"62119";"AZ";"271";3;4059;0;5;"2022-08-23";"2024-09-18";17533
"0621322200007";"62132";"AE";"485";6;1200;0;5;"2022-10-14";"2023-01-28";5083
"0621322200008";"62132";"AT";"153";6;12710;0;5;"2022-12-20";"2023-07-03";35063
"0621392200013";"62139";"AK";"385";6;12707;55463;5;"2022-11-03";"2022-11-08";254834
"0621602200014";"62160";"BH";"264";6;1240;0;5;"2022-12-26";"2024-09-15";1889
"0621732100031";"62173";"AI";"50";8;37399;0;2;"2022-01-11";;0
"0621732100032";"62173";"AI";"50";8;56721;0;2;"2022-01-11";;0
"0621732200004";"62173";"ZC";"162";8;3172;6744;2;"2022-09-08";;26478
"0621732200006";"62173";"AI";"45";6;11524;0;2;"2022-11-18";;184021
"0621932200030";"62193";"AN";"356";8;1368;5643;2;"2022-06-28";;9632
"0622402200003";"62240";"K";"23";6;41649;0;2;"2022-10-28";;20574
"06224921O0015";"62249";"AH";"265";6;2661;0;2;"2022-01-31";;109798
"0622502100017";"62250";"AT";"395";6;1605;0;2;"2022-03-09";;0
"0622612100040";"62261";"AC";"308";4;2933;2900;5;"2022-03-22";"2022-07-11";6755
"0622632100018";"62263";"ZH";"390";8;1831;0;5;"2022-04-19";"2023-01-18";13286
"0622762100017";"62276";"AD";"632";6;2000;7722;5;"2022-01-13";"2022-01-31";30000
"0622882100038";"62288";"ZC";"174";6;2295;0;2;"2022-03-21";;0
"0622882200008";"62288";"ZC";"10";8;2279;0;2;"2022-08-23";;102903
"0623102100014";"62310";"AB";"165";4;1256;0;2;"2022-06-16";;1511
"0623182100025";"62318";"AK";"320";4;5616;5272;5;"2022-02-06";"2023-01-16";55905
"0623312100005";"62331";"AH";"11";6;2805;28993;2;"2022-01-13";;0
"0623312100006";"62331";"ZH";"126";6;1411;0;5;"2022-03-08";"2023-01-09";7811
"0623382200004";"62338";"AS";"125";6;1336;0;2;"2022-08-31";;0
"0623692200002";"62369";"ZR";"76";8;7959;0;5;"2022-09-22";"2023-07-03";27192
"0624002200006";"62400";"AB";"179";6;21544;0;2;"2022-10-21";;0
"0624271700080";"62427";"ZI";"41";8;83265;0;2;"2022-05-02";;217725
"0624362200001";"62436";;;4;1328;0;2;"2022-11-16";;0
"06250421L0005";"62504";"ZE";"99";8;6194;0;2;"2022-01-11";;17698
"06250421L0006";"62504";"ZE";"131";8;1870;0;5;"2022-05-03";"2022-06-17";6915
"06250421L0007";"62504";;;8;1008;3032;2;"2022-03-22";;14517
"06250422L0002";"62504";"ZD";"232";6;3139;0;2;"2022-10-07";;66015
"06250422L0004";"62504";"ZD";"232";6;2875;0;2;"2022-11-18";;114102
"06250422L0005";"62504";"ZD";"232";6;4370;0;2;"2022-11-25";;14759
"0625062200005";"62506";"F";"150";8;2000;0;2;"2022-05-13";;100640
"0625102200038";"62510";"BD";"711";4;1083;0;2;"2022-12-30";;2473
"0625232200007";"62523";"AH";"541";8;1306;0;2;"2022-11-24";;4716
"0626172100030";"62617";"AN";"147";4;3848;22518;2;"2022-09-05";;72323
"0626432100010";"62643";"AN";"106";3;1184;308;5;"2022-03-04";"2023-03-01";14804
"0626472100005";"62647";"ZD";"18";6;2664;8698;2;"2022-02-04";;12670
"0626672100011";"62667";"AB";"131";6;2784;0;5;"2022-03-21";"2023-12-18";0
"0626672100012";"62667";"AB";"119";6;1240;0;2;"2022-03-28";;0
"0626882200012";"62688";"ZA";"92";6;11477;0;2;"2022-10-13";;29116
"0627242100045";"62724";"ZA";"433";8;2550;0;2;"2022-01-28";;1000
"0627242100052";"62724";"AI";"304";8;5049;872;5;"2022-05-13";"2022-07-04";21921
"0627272200003";"62727";"AI";"559";6;1059;2799;2;"2022-09-12";;7177
"0627442100017";"62744";;;4;6332;3220;2;"2022-10-20";;0
"0627532100093";"62753";"ZB";"386";8;1353;0;2;"2022-06-14";;8000
"0627532200002";"62753";"ZB";"282";3;1622;121830;2;"2022-06-10";;247524
"0627532200009";"62753";"ZB";"374";6;4648;4700;2;"2022-09-12";;37962
"0627572100024";"62757";"ZK";"120";8;6891;0;2;"2022-02-24";;39249
"0627582100038";"62758";"AI";"10";4;2140;1200;2;"2022-04-12";;5081
"0627712200009";"62771";"AM";"659";8;2621;3054;2;"2022-10-21";;18137
"0628732100003";"62873";"ZN";"111";6;1042;0;5;"2022-03-11";"2023-03-01";3727
"0628732200002";"62873";"ZN";"226";3;1051;0;5;"2022-06-23";"2023-01-17";60723
"0628732200004";"62873";"ZN";"231";6;6392;0;2;"2022-09-16";;26210
"06300322A0024";"63003";"AD";"39";8;1162;0;5;"2022-10-04";"2023-09-01";4060
"06301421G0057";"63014";"BL";"2";3;1086;0;5;"2022-01-19";"2025-09-01";1573
"06301422G0016";"63014";"BW";"203";8;2821;3733;2;"2022-06-22";;6656
"06301422G0048";"63014";"BN";"2";6;1250;5396;2;"2022-10-25";;36136
"0630352200007";"63035";"ZI";"103";6;1680;360;2;"2022-07-16";;7605
"06305422V0001";"63054";"ZS";"170";8;1181;0;2;"2022-03-28";;2131
"06306322G0004";"63063";"AL";"28";8;2337;3230;5;"2022-04-01";"2023-04-01";14179
"06311321G0243";"63113";"DL";"469";3;1871;0;5;"2022-04-20";"2022-09-29";0
"06311321G0273";"63113";"DZ";"588";3;1714;2084;5;"2022-03-22";"2023-07-28";7795
"06311322G0070";"63113";"EK";"788";3;2292;0;2;"2022-12-06";;710
"06311322G0101";"63113";"BS";"129";6;23027;4406;2;"2022-10-25";;168674
"06311322G0109";"63113";"CL";"88";3;2303;10106;5;"2022-10-03";"2023-05-15";12989
"06311622C0003";"63116";"ZO";"349";8;1446;0;5;"2022-04-21";"2024-05-03";3289
"06317822V0010";"63178";"ZK";"125";6;1244;2413;5;"2022-03-15";"2023-03-17";11041
"06317822V0040";"63178";"BE";"625";6;2614;244983;5;"2022-07-05";"2023-01-23";824363
"06317822V0044";"63178";"AZ";"136";4;1746;0;2;"2022-09-09";;4360
"06326522L0012";"63265";"ZC";"227";6;4523;0;2;"2022-07-07";;68215
"06330021R0062";"63300";"BK";"382";6;1160;7171;5;"2022-01-05";"2022-07-18";23016
"06330021R0108";"63300";"YK";"271";6;1251;0;2;"2022-03-22";;9021
"0633042200014";"63304";"A";"540";8;1350;0;5;"2022-10-25";"2023-11-01";6720
"06335222V0021";"63352";"YC";"423";8;1706;0;5;"2022-12-02";"2024-01-02";6000
"0634542200005";"63454";"AI";"318";6;3139;29650;2;"2022-09-30";;88420
"06345521G0043";"63455";"ZB";"192";8;1660;460;5;"2022-04-11";"2023-05-07";22647
"06402421B0309";"64024";"AY";"320";4;1257;4429;2;"2022-08-29";;16083
"06406121X1024";"64061";"AL";"173";3;1540;975;2;"2022-04-19";;12621
"06406322P0005";"64063";"0B";"664";3;1215;1229;2;"2022-08-19";;3441
"06410221B0146";"64102";"BN";"14";3;9237;3217;5;"2022-04-05";"2022-12-05";9143
"06410222B0020";"64102";"CP";"782";3;1250;0;5;"2022-04-08";"2022-07-18";70362
"06410222B0073";"64102";"CP";"17";3;1005;341;2;"2022-11-21";;3962
"06410222B0096";"64102";"CM";"56";3;2831;649;2;"2022-11-30";;3190
"06410222B0116";"64102";"BL";"15";6;1752;0;2;"2022-11-13";;50032
"06411721X1003";"64117";;;8;33440;0;2;"2022-02-02";;0
"06412222B0006";"64122";"AM";"526";3;2580;1269;2;"2022-07-13";;3678
"06412522B0040";"64125";"BH";"221";3;1108;0;2;"2022-12-26";;2257
"06413122X1001";"64131";;;8;2036;0;5;"2022-07-28";"2022-10-06";0
"06433522P0027";"64335";"AN";"218";4;1494;0;5;"2022-12-16";"2023-04-11";6235
"06434822P0031";"64348";"AM";"590";4;2427;3620;2;"2022-11-29";;13755
"06438621N0009";"64386";"ZB";"63";4;3240;0;2;"2022-05-02";;4496
"06438722P0021";"64387";"0B";"1331";8;1663;0;2;"2022-11-24";;4204
"06442122L0001";"64421";"0B";"838";6;4313;0;2;"2022-05-13";;112418
"06444321X1009";"64443";"AB";"80";8;50160;0;2;"2022-02-02";;226651
"06444521P0131";"64445";"AT";"8";8;1477;0;5;"2022-02-22";"2024-04-05";22040
"06444522P0057";"64445";"EH";"30";4;2357;0;2;"2022-11-25";;2991
"06445222P0003";"64452";"AL";"226";8;1067;166;2;"2022-08-16";;0
"06451121P0042";"64511";"AM";"19";6;2214;0;5;"2022-01-04";"2022-01-24";558194
"06451122P0050";"64511";"AM";"19";8;1102;0;5;"2022-11-30";"2023-01-16";0
"06451321B0011";"64513";"ZC";"121";3;1760;0;5;"2022-01-19";"2022-09-15";5076
"06454922P0008";"64549";"ZE";"112";6;1290;1906;2;"2022-09-05";;20042
"06455822B0014";"64558";"AC";"745";8;1397;0;5;"2022-08-02";"2022-12-05";4016
"06455822B0016";"64558";"AC";"681";3;1031;0;2;"2022-10-28";;0
"0650692200008";"65069";"A";"398";6;2654;0;2;"2022-10-28";;16369
"0650722200014";"65072";"AE";"98";4;1395;0;5;"2022-06-07";"2023-04-15";11410
"0651272100012";"65127";;;8;1500;0;5;"2022-04-27";"2023-01-20";0
"0651312200004";"65131";"A";"327";8;1050;180;2;"2022-10-17";;6414
"0652262200010";"65226";"0I";"434";8;1042;0;2;"2022-07-26";;19863
"0652582200013";"65258";"G";"1322";6;6730;0;2;"2022-10-12";;74312
"0652582200020";"65258";"AE";"102";4;1235;0;5;"2022-12-08";"2023-06-01";1778
"06530421H0020";"65304";"D";"811";4;2144;0;5;"2022-07-11";"2024-04-02";4882
"06533122J0005";"65331";"AV";"180";4;1089;0;2;"2022-09-12";;2688
"0654332200006";"65433";"AA";"916";8;2255;0;2;"2022-10-26";;8367
"0654402100075";"65440";"CI";"1012";6;1075;6500;5;"2022-01-21";"2022-08-22";15694
"0654402200073";"65440";"CK";"656";6;5000;0;5;"2022-12-23";"2024-04-30";12969
"06601121K0015";"66011";"AN";"43";6;1891;7625;5;"2022-04-05";"2022-10-17";36057
"06602421B0093";"66024";"AD";"137";4;2931;0;5;"2022-11-07";"2022-11-07";3745
"06602422B0003";"66024";"AE";"18";4;1402;0;5;"2022-10-13";"2024-02-26";27292
"06602821F0083";"66028";"AZ";"368";4;3019;0;5;"2022-04-14";"2025-06-25";6672
"06611421A0002";"66114";"AO";"25";8;1178;3060;2;"2022-02-23";;0
"06613621P0282";"66136";"CY";"1131";4;1512;0;5;"2022-01-24";"2022-03-01";3992
"06613622P0027";"66136";"BM";"13";8;7082;0;2;"2022-04-07";;10258
"06613622P0040";"66136";"BN";"293";3;2918;0;5;"2022-11-15";"2025-06-01";3221
"06613622P0043";"66136";"HL";"674";8;3254;0;5;"2022-10-10";"2025-10-08";6704
"06613622P0083";"66136";"CT";"577";8;3812;3508;2;"2022-09-27";;8740
"06613622P0125";"66136";"CT";"582";4;1790;0;2;"2022-10-12";;5000
"06616421E0090";"66164";"F";"439";6;3922;3278;5;"2022-01-18";"2023-05-16";26932
"06616421E0111";"66164";"D";"2267";3;1891;0;2;"2022-06-20";;3434
"06617222F0012";"66172";"BB";"343";3;3952;0;2;"2022-09-30";;10474
"06618021E0024";"66180";"AC";"39";4;1833;0;5;"2022-06-14";"2025-06-02";19139
"06618022E0031";"66180";"AC";"39";4;1904;0;2;"2022-03-08";;19139
"06619021E0056";"66190";;;4;1842;0;5;"2022-03-25";"2022-10-03";0
"06619521C0024";"66195";"BH";"63A";3;1192;2771;2;"2022-01-17";;9788
"06619522C0003";"66195";"AB";"8";6;1193;0;2;"2022-08-22";;4913
"06622722A0013";"66227";;;4;1747;0;2;"2022-11-18";;0
"06705122R0001";"67051";"06";"123";8;1696;0;2;"2022-05-20";;1696
"06706121R0019";"67061";"20";"369";8;1453;0;2;"2022-05-30";;3349
"06710622R0014";"67106";"25";"112";6;1548;0;2;"2022-09-20";;304239
"06710822R0002";"67108";"09";"658";8;3157;0;5;"2022-05-06";"2022-12-09";7358
"06713020R0044";"67130";"AC";"66";6;11552;39766;5;"2022-02-11";"2022-02-11";102477
"06713022R0018";"67130";"07";"632";6;1651;2716;5;"2022-08-11";"2025-06-18";15882
"06715221V0046";"67152";"25";"394";8;1049;6228;5;"2022-04-28";"2023-01-23";32051
"06715222V0003";"67152";"37";"319";8;2637;0;5;"2022-05-20";"2025-05-01";79868
"06716421R0004";"67164";"07";"637";8;1641;0;2;"2022-01-13";;10140
"06716421R0007";"67164";"07";"627";6;1196;0;2;"2022-05-05";;3470
"06716422R0004";"67164";"07";"674";8;3351;0;2;"2022-08-30";;6819
"06717621R0026";"67176";"36";"442";4;1510;1242;2;"2022-03-01";;5911
"0671802200002";"67180";"CN";"102";8;1603;1352;2;"2022-10-06";;6409
"0671802200027";"67180";"CP";"350";8;1728;1011;5;"2022-05-10";"2022-09-12";5577
"06719421R0013";"67194";"26";"32";8;132729;0;5;"2022-07-15";"2023-10-09";438941
"06720222R0005";"67202";"58";"1";4;2261;0;5;"2022-09-14";"2024-03-11";10663
"06722622R0003";"67226";"34";"1400";6;5386;0;5;"2022-09-05";"2022-12-01";11000
"06722622R0004";"67226";"34";"1305";8;6700;0;2;"2022-08-16";;28707
"06723722R0001";"67237";"10";"28";8;1418;0;5;"2022-01-21";"2022-03-22";8500
"06723722R0008";"67237";"13";"32";8;1786;612;2;"2022-10-05";;12230
"06724622R0001";"67246";"37";"394";8;1035;0;2;"2022-05-06";;11558
"06726121R0009";"67261";"17";"117";6;4889;0;5;"2022-02-03";"2022-11-28";25600
"06730021R0050";"67300";"50";"242";8;6940;0;2;"2022-08-31";;18101
"06730022R0020";"67300";"37";"156";6;1996;8461;2;"2022-11-16";;29424
"06730222R0002";"67302";"11";"242";8;6302;0;5;"2022-07-11";"2022-11-21";19030
"06733022R0001";"67330";"11";"167";8;1491;344;5;"2022-06-28";"2022-07-05";13189
"06734822M0011";"67348";"BV";"311";8;2572;151986;5;"2022-07-01";"2022-09-16";547576
"06734822M0018";"67348";"BV";"223";6;3742;34380;5;"2022-12-02";"2024-03-01";112684
"06738921V0009";"67389";"09";"296";6;4160;15100;2;"2022-01-31";;55224
"06740822R0001";"67408";"D";"351";8;2481;3670;5;"2022-06-13";"2023-01-26";32853
"06743722R0023";"67437";"18";"289";3;1088;0;5;"2022-08-23";"2023-03-20";2997
"06744721M0044";"67447";"69";"250";8;1045;843;5;"2022-05-31";"2022-06-07";2356
"06744722M0005";"67447";"69";"128";8;1809;3363;2;"2022-09-06";;6957
"06745822R0032";"67458";"29";"160";4;5048;2210;2;"2022-11-21";;13371
"06746221M0068";"67462";"21";"332";4;1886;0;5;"2022-03-17";"2023-06-05";4792
"06746221M0071";"67462";"38";"179";8;5687;17609;5;"2022-03-17";"2025-04-28";80030
"06746222M0029";"67462";"18";"455";3;1145;0;2;"2022-09-28";;1226
"06746522R0009";"67465";"07";"197";4;1821;0;5;"2022-09-02";"2022-11-28";6954
"06747121V0024";"67471";"12";"394";4;2744;0;2;"2022-05-25";;3040
"06747221R0020";"67472";"24";"200";4;1105;7817;2;"2022-02-23";;52802
"06748221V0196";"67482";"DP";"550";3;5093;0;5;"2022-03-22";"2023-06-01";859
"06748221V0297";"67482";"KT";"941";6;1003;6442;2;"2022-05-10";;16525
"06748222V0009";"67482";"LV";"426";8;1230;0;2;"2022-07-11";;4789
"06748222V0060";"67482";"BR";"148";6;1104;0;2;"2022-07-19";;3334
"06748222V0073";"67482";"BZ";"430";3;10014;0;5;"2022-06-22";"2024-06-17";2142
"06748222V0087";"67482";"58";"10";3;4240;351;2;"2022-12-21";;980
"06748222V0134";"67482";"ET";"314";4;4265;1796;5;"2022-11-09";"2023-03-20";7813
"06748222V0198";"67482";"IZ";"122";8;2354;2085;5;"2022-10-24";"2024-06-21";10033
"06800421E0027";"68004";"27";"196";8;1450;10178;2;"2022-01-10";;61969
"06800622E0004";"68006";"01";"311";8;1100;0;2;"2022-07-18";;1476
"0680122100009";"68012";"27";"220";6;1674;8491;5;"2022-03-30";"2022-05-10";35851
"0680122100024";"68012";"27";"338";6;1308;0;2;"2022-01-25";;8506
"0680122100025";"68012";"27";"486";4;2032;2295;5;"2022-02-07";"2022-07-18";11946
"0680122100029";"68012";"27";"332P";4;1073;0;5;"2022-01-20";"2022-04-04";6235
"06801222O0007";"68012";"27";"366";6;1596;0;5;"2022-09-09";"2022-12-07";8000
"06802621C0020";"68026";"AA";"69";8;2295;4837;2;"2022-01-13";;13454
"06804022F0002";"68040";"05";"133";4;1769;1221;5;"2022-09-20";"2024-01-19";11684
"06804222F0011";"68042";"29";"191";6;1711;0;2;"2022-10-20";;6290
"06805621D0099";"68056";"22";"25";8;1249;0;2;"2022-07-07";;3130
"06805622D0010";"68056";"22";"434";6;1200;0;2;"2022-08-08";;3542
"06805622D0037";"68056";"22";"461";8;1639;0;5;"2022-11-28";"2025-12-17";0
"0680632100066";"68063";"73";"7";4;4873;0;2;"2022-04-05";;16818
"0680632200011";"68063";"55";"127";8;7393;0;5;"2022-06-24";"2023-08-29";57299
"06806621R0207";"68066";"IC";"278";6;1551;18159;2;"2022-06-27";;99735
"06806621R0221";"68066";"LD";"720";4;1102;0;2;"2022-04-21";;3096
"06808222B0009";"68082";"48";"292";6;1848;22640;2;"2022-06-27";;67266
"06808222B0051";"68082";"48";"318";6;7696;0;2;"2022-09-14";;17103
"06811321C0042";"68113";"23";"168";4;1096;0;2;"2022-02-22";;3438
"06813522F0007";"68135";;;3;5015;54255;5;"2022-10-10";"2025-03-04";240488
"06814922F0001";"68149";"12";"328";4;2073;0;2;"2022-10-07";;6427
"06815422D0013";"68154";"16";"416";6;5485;0;5;"2022-08-11";"2023-09-01";13779
"06815522R0007";"68155";;;6;1067;4361;2;"2022-09-22";;0
"06816321F0035";"68163";"33";"84";4;1624;2024;5;"2022-05-16";"2022-09-06";13235
"06816622D0002";"68166";"22";"224";4;2016;2000;5;"2022-04-05";"2022-09-23";4370
"06818522R0001";"68185";"21";"227";6;8249;1016;5;"2022-09-09";"2022-10-28";19778
"06822422S0030";"68224";"IM";"89";8;1328;8538;5;"2022-06-23";"2022-07-04";23540
"06825822P0009";"68258";"34";"164";8;6042;0;2;"2022-10-28";;42638
"06830021D0026";"68300";"09";"318";8;1838;0;5;"2022-05-12";"2022-10-10";5424
"06830021D0036";"68300";"06";"287";3;1528;0;5;"2022-07-27";"2022-11-14";2358
"06830022D0004";"68300";"09";"321";8;1168;0;5;"2022-05-05";"2022-07-04";3019
"06830022D0009";"68300";"12";"309";4;2140;5882;5;"2022-09-27";"2023-01-30";16000
"06830022D0016";"68300";"11";"480";8;1161;0;5;"2022-11-23";"2023-03-15";2801
"06831522B0022";"68315";"26";"233";6;2251;0;2;"2022-09-27";;8886
"06834222F0004";"68342";"41";"146";8;1666;0;2;"2022-09-23";;4000
"06834822F0002";"68348";"14";"131";4;2505;0;5;"2022-08-01";"2025-04-23";9958
"06836521A0007";"68365";"03";"349";3;1145;0;5;"2022-04-13";"2022-04-27";3064
"06836522R0004";"68365";;;8;1791;0;5;"2022-09-26";"2024-09-09";0
"06836821A0008";"68368";;;6;1498;0;2;"2022-02-17";;0
"06837422R0006";"68374";"22";"18";4;2449;22613;2;"2022-07-13";;66224
"06837522N0021";"68375";"26";"231";8;1123;0;2;"2022-07-23";;2475
"06837522N0035";"68375";"26";"233";4;1021;0;2;"2022-09-23";;2475
"0690132200001";"69013";"AD";"137";6;1316;1117;2;"2022-06-14";;0
"0690192100078";"69019";"AK";"782";6;1236;18145;5;"2022-02-22";"2022-06-07";0
"0690192200023";"69019";"AK";"395";6;1010;3283;5;"2022-06-13";"2022-11-21";9147
"0690292100030";"69029";"A";"1151";3;9902;0;2;"2022-01-30";;5810
"0690292100034";"69029";"B";"2806";4;4471;26624;2;"2022-01-20";;253748
"0690292200026";"69029";"B";"1652";3;5177;0;2;"2022-12-23";;6303
"0690292200032";"69029";"B";"1694";3;2012;5100;2;"2022-12-06";;9645
"0690432100037";"69043";"AD";"805";6;1426;0;5;"2022-03-23";"2022-06-14";4230
"0690432200020";"69043";"AD";"439";6;1412;1339;5;"2022-08-05";"2022-11-21";4034
"0690432200031";"69043";"AR";"661";6;2432;989;5;"2022-08-02";"2022-11-14";0
"0690722200002";"69072";"AW";"67";3;2937;0;5;"2022-04-08";"2023-07-07";2713
"0690722200024";"69072";"AO";"75";3;1372;0;5;"2022-12-08";"2023-10-09";39753
"0690912100055";"69091";"AN";"323";6;1652;0;5;"2022-03-21";"2023-10-13";3906
"0690922100027";"69092";;;3;1841;0;5;"2022-01-10";"2024-12-02";0
"0690962100015";"69096";"AL";"509";8;1652;3087;2;"2022-02-03";;14792
"0690962200017";"69096";"AD";"31";8;40161;25588;2;"2022-10-20";;114325
"0693832100100";"69123";"BM";"41";3;1069;1287;2;"2022-02-08";;871
"0693832100105";"69123";"AR";"4";3;22697;20943;5;"2022-01-26";"2022-10-17";3796
"0693832100275";"69123";"AR";"79";3;4397;10732;5;"2022-04-20";"2022-12-12";5522
"0693832100364";"69123";"BE";"47";3;13204;4550;2;"2022-09-06";;5779
"0693832200039";"69123";"AC";"10";3;2315;1133;5;"2022-07-08";"2022-10-10";1549
"0693842200133";"69123";"AP";"119";3;2566;4343;2;"2022-10-18";;3247
"0693872201548";"69123";"BP";"1";3;1363;0;2;"2022-09-29";;0
"0693892200033";"69123";"BV";"121";3;3043;0;5;"2022-09-23";"2025-01-24";1099
"0691412200020";"69141";"AE";"235";8;3588;2436;2;"2022-12-27";;12500
"0691522200014";"69152";"AI";"78";6;1745;1442;5;"2022-09-12";"2022-09-15";21846
"0691792100054";"69179";"0D";"442";6;2073;0;5;"2022-01-25";"2022-07-11";17001
"0692002100018";"69200";"AE";"170";6;1398;1782;5;"2022-03-17";"2023-02-01";6000
"0692022200017";"69202";"AP";"364";3;1523;0;2;"2022-10-17";;1524
"0692352210004";"69235";"AM";"436";8;2493;113;5;"2022-07-21";"2024-08-26";29100
"0692502100056";"69250";"AB";"49";8;2124;0;2;"2022-02-11";;15946
"0692502100057";"69250";"AB";"49";8;2854;0;2;"2022-02-11";;15946
"0692502200010";"69250";"AM";"242";3;1249;2397;2;"2022-06-28";;9348
"0692562100077";"69256";"AY";"264";8;3185;17021;5;"2022-04-27";"2023-05-15";23413
"0692592100048";"69259";"AV";"2";6;10440;0;5;"2022-01-27";"2022-09-21";105350
"0692592200031";"69259";"AZ";"84";4;16877;11314;2;"2022-12-15";;20259
"0692642200010";"69264";"BD";"118";3;1593;1060;5;"2022-05-09";"2022-12-09";2600
"0692662100066";"69266";"AX";"175";4;1333;0;2;"2022-03-30";;726
"0692662200054";"69266";"BN";"214";3;4950;1911;2;"2022-09-06";;2915
"0692662200059";"69266";"CH";"68";8;2780;1460;5;"2022-11-16";"2023-01-27";4021
"0692682100016";"69268";"AW";"80";6;3200;2642;5;"2022-04-07";"2022-07-27";12985
"0692712100025";"69271";"CD";"12";4;4470;26624;2;"2022-01-18";;902004
"0692712100038";"69271";"BY";"128";6;1179;1071;5;"2022-02-15";"2022-07-19";4803
"0692712100040";"69271";"CA";"418";4;5105;3402;5;"2022-06-22";"2022-11-14";17934
"0692732200016";"69273";"AP";"30";6;7000;0;5;"2022-09-05";"2023-11-20";17842
"0692732200017";"69273";"AS";"26";6;4275;2050;2;"2022-11-30";;8486
"0692752100090";"69275";"CA";"161";8;1151;5163;5;"2022-05-09";"2022-06-16";14000
"0692772100073";"69277";"BC";"20";6;1158;3718;5;"2022-03-11";"2024-02-01";9218
"0692772200029";"69277";"AW";"220";3;1214;0;5;"2022-07-27";"2023-01-05";900
"0692772200034";"69277";"ZO";"27";3;1738;0;5;"2022-09-19";"2023-05-15";5291
"0692772200035";"69277";"ZO";"7";3;2612;0;5;"2022-10-24";"2023-06-26";33107
"0692772200038";"69277";"ZO";"78";3;16484;0;5;"2022-12-27";"2023-08-21";21678
"0692772200051";"69277";"ZO";"78";6;3990;0;5;"2022-10-24";"2023-04-24";10000
"0692792200003";"69279";"ZL";"208";6;9353;0;5;"2022-05-27";"2022-11-21";18764
"0692812100017";"69281";"0A";"492";6;2175;4740;2;"2022-02-10";;9368
"0692822100077";"69282";"CO";"185";8;1340;1731;2;"2022-02-16";;4776
"0692862100051";"69286";"BE";"109";3;16463;0;5;"2022-04-14";"2023-11-29";250020
"0692862200028";"69286";"BR";"326";3;1003;0;2;"2022-12-27";;1110
"0692862200042";"69286";"BR";"181";6;5893;0;5;"2022-12-14";"2024-04-10";14773
"0692902100072";"69290";"DV";"79";3;1069;0;2;"2022-01-06";;58443
"0692902100092";"69290";"EH";"338";8;1032;0;5;"2022-02-07";"2022-05-24";8520
"0692902100098";"69290";"BL";"62";4;4813;0;5;"2022-07-07";"2024-01-04";64686
"0692902100112";"69290";"EH";"126";3;1698;0;2;"2022-06-17";;5889
"0692902100119";"69290";"DL";"31";6;3643;11674;2;"2022-06-14";;33868
"0692902200011";"69290";"AZ";"135";3;1620;4692;5;"2022-09-02";"2022-09-19";33762
"0692902200025";"69290";"EH";"320";8;2023;0;2;"2022-07-11";;21481
"0692902200029";"69290";"EH";"114";3;1950;0;2;"2022-09-09";;23027
"0692902200032";"69290";"EH";"38";8;1963;2563;2;"2022-12-02";;5584
"0692902200045";"69290";"EH";"114";3;1955;0;5;"2022-11-25";"2025-05-26";23027
"0692902200071";"69290";"DR";"17";6;12347;0;5;"2022-12-30";"2023-09-04";61180
"0692902200078";"69290";"DW";"1";6;1462;129804;5;"2022-12-10";"2023-10-02";258349
"0692972100028";"69297";"AZ";"123";6;1581;1340;2;"2022-04-25";;195002
"07028521D0035";"70285";"YA";"94";8;2153;0;2;"2022-01-14";;10478
"07028521D0056";"70285";"AM";"394";4;1084;1056;5;"2022-04-04";"2024-01-17";8640
"07038822C0002";"70388";"BE";"18";4;2545;6850;2;"2022-07-01";;31285
"07047722E0002";"70477";"ZD";"262";4;1145;644;5;"2022-10-18";"2022-10-18";12131
"07104722P0016";"71047";"AM";"1";6;1650;110000;2;"2022-12-16";;391732
"07105621E0032";"71056";"0C";"792";6;1901;0;2;"2022-03-25";;8761
"07110521S0065";"71105";"BA";"3";6;5509;0;2;"2022-03-15";;40536
"07112021P0023";"71120";"A";"731P";6;4781;0;5;"2022-01-27";"2022-03-01";13941
"07112022P0014";"71120";"A";"696";6;1801;6851;2;"2022-10-10";;18266
"07115322M0019";"71153";"BH";"396";6;2125;11142;5;"2022-11-29";"2023-01-09";45204
"07124822S0004";"71248";"AE";"103";8;1306;0;2;"2022-08-01";;0
"07127021J0122";"71270";"DR";"81";8;32907;0;5;"2022-07-04";"2023-10-16";71002
"07127022J0010";"71270";"CN";"114";3;2818;7288;5;"2022-05-13";"2023-11-25";3259
"07127022J0032";"71270";"AO";"7";4;1492;10868;2;"2022-07-29";;25954
"07127022J0072";"71270";"DX";"65";8;4280;21590;2;"2022-12-08";;80938
"07131021M0023";"71310";"G";"444";4;1490;980;2;"2022-04-27";;7941
"07134522S0002";"71345";"ZD";"168";4;1161;0;5;"2022-06-27";"2022-12-09";5696
"07135121E0021";"71351";"AT";"77";8;2140;4750;5;"2022-01-15";"2022-02-28";39880
"07144421E0012";"71444";"ZB";"64";8;6694;0;2;"2022-01-10";;0
"07144422E0003";"71444";"ZB";"64";8;18814;0;5;"2022-07-18";"2024-02-12";46113
"07154022M0004";"71540";"AK";"189";8;1217;14705;5;"2022-08-05";"2023-02-20";100075
"07158822P0002";"71588";"AI";"159P";8;1600;0;2;"2022-06-10";;24652
"07200322Z0011";"72003";"ZI";"73";8;6356;0;2;"2022-09-06";;48134
"07200822Z0010";"72008";"AL";"165";6;13360;12360;5;"2022-06-30";"2023-05-02";25924
"07203521Z0014";"72035";"AI";"124";6;5999;31524;5;"2022-02-02";"2022-03-07";45440
"07205822Z0010";"72058";"AW";"437";6;1508;0;2;"2022-06-01";;11974
"07213222Z0030";"72132";"BP";"210";8;1181;1105;5;"2022-10-22";"2025-01-06";0
"07215422Z0053";"72154";"ZM";"246";8;4804;4108;5;"2022-10-20";"2023-02-13";38624
"07218122Z0066";"72181";"KR";"103";6;13360;12360;2;"2022-07-08";;11059
"07218422Z0001";"72184";"ZI";"110";4;2259;1330;5;"2022-10-25";"2024-02-19";31098
"07219822Z0008";"72198";"ZV";"118";8;1200;0;5;"2022-10-18";"2023-04-14";4289
"07225222Z0009";"72252";"A";"1125";4;1273;0;2;"2022-09-29";;29314
"07226022Z0012";"72260";"AP";"251";3;2525;0;5;"2022-09-15";"2023-09-01";14379
"07226422Z0007";"72264";"BW";"101";3;1102;1115;2;"2022-06-01";;47846
"07235022Z0004";"72350";"AC";"89";8;1227;0;5;"2022-03-31";"2022-11-07";6272
"07300322M1010";"73003";"CA";"155";8;1231;0;5;"2022-10-26";"2023-05-29";2156
"07300822C1039";"73008";"AH";"396";3;1775;0;2;"2022-10-03";;4433
"07303222D1005";"73032";"0F";"892";3;1975;0;2;"2022-08-10";;16204
"07303922N1003";"73039";"A";"2096";8;5670;0;2;"2022-11-23";;27147
"07305122C1007";"73051";;;3;2300;0;2;"2022-07-02";;0
"07305122C1024";"73051";"AZ";"142";6;2079;0;2;"2022-12-10";;4268
"07305421M1044";"73054";"AR";"299";8;2651;0;2;"2022-08-24";;7540
"07306422G1005";"73064";"O";"334";3;6498;0;5;"2022-09-12";"2023-09-25";5019
"07306521G1117";"73065";"AH";"103";3;1573;0;2;"2022-06-16";;3124
"07306522G1048";"73065";"HD";"658";3;1079;766;2;"2022-09-01";;6148
"07306522G1050";"73065";"AH";"149";6;1998;0;2;"2022-09-22";;3534
"07306522G1051";"73065";"BD";"82";6;5555;0;2;"2022-10-25";;11763
"07306522G1068";"73065";"KI";"30";8;1860;3507;2;"2022-12-08";;7926
"07312121D1014";"73121";"0A";"1638";8;8352;0;2;"2022-03-11";;12201
"07317121G1010";"73171";"AC";"108";6;1309;0;2;"2022-03-21";;15143
"07317122G1009";"73171";"AC";"109";3;1143;0;5;"2022-10-06";"2023-06-05";13143
"07318321G1020";"73183";"AK";"175";8;2307;794;2;"2022-04-29";;5999
"07321322G1026";"73213";"E";"108";4;1479;9757;2;"2022-12-13";;25095
"07321522G1001";"73215";"AA";"154";6;6250;14261;2;"2022-07-11";;34897
"07324021G1006";"73240";"0A";"2016";8;1037;3642;2;"2022-03-03";;0
"07324021G1013";"73240";"0A";"1649";6;4017;10822;2;"2022-03-18";;28754
"07324122D1001";"73241";"0B";"2476";8;1280;90;2;"2022-06-10";;3625
"07330422M1015";"73304";"B";"2767";4;1307;314;2;"2022-12-16";;0
"07332922C1020";"73329";"AB";"74";3;1270;2900;2;"2022-11-28";;4063
"07400621A0018";"74006";"0B";"2414";6;2613;0;5;"2022-03-31";"2025-03-12";0
"07400621A0019";"74006";"0B";"2413";6;2227;0;5;"2022-03-31";"2023-01-03";0
"07400622A0008";"74006";"0B";"2376";3;1212;692;2;"2022-09-23";;2500
"07400622A0009";"74006";"0B";"2412";8;1811;0;5;"2022-12-29";"2023-06-15";2652
"0740102100250";"74010";"AC";"241";3;1527;0;2;"2022-07-19";;10957
"0740102200085";"74010";"BP";"27";6;2834;5207;5;"2022-09-21";"2025-04-07";17348
"0740102200122";"74010";"AD";"13";6;2348;3840;2;"2022-11-24";;24874
"07401921X0012";"74019";"AE";"976";3;5654;0;5;"2022-01-28";"2022-11-30";7294
"07406721A0019";"74067";;;6;4687;6717;2;"2022-01-27";;14516
"07408121A0032";"74081";"0A";"5221";4;2684;0;2;"2022-02-28";;3800
"07408721A2008";"74087";;;6;5526;0;2;"2022-01-07";;0
"07408722A2006";"74087";"0B";"1804";8;1878;0;2;"2022-12-20";;0
"07409421H0064";"74094";"0E";"2302";8;2142;0;5;"2022-03-15";"2022-04-08";4658
"07409422H0003";"74094";"A";"2992";4;1153;0;5;"2022-06-24";"2025-08-04";2941
"07411221X0038";"74112";"AL";"194";3;5012;0;5;"2022-01-21";"2022-07-18";123
"07411621A0024";"74116";"AA";"77";6;1486;10893;2;"2022-02-11";;26564
"07412321X0041";"74123";"0D";"4133";6;2430;58467;2;"2022-01-21";;15570
"07412322X0009";"74123";"0D";"1450";6;6725;0;2;"2022-07-22";;12830
"07414122X0013";"74141";"B";"1332";6;1323;1699;2;"2022-10-17";;13177
"07415921C0015";"74159";"0C";"919";6;4710;0;5;"2022-04-19";"2023-04-01";11450
"07415922C0011";"74159";"0A";"1487";6;1383;1494;2;"2022-09-08";;3921
"07418821B0027";"74188";"AD";"494";8;1089;1829;5;"2022-02-28";"2022-07-15";17150
"07421321X0028";"74213";"BA";"204";3;5202;0;5;"2022-03-09";"2024-09-10";3952
"07421522A0003";"74215";"0A";"929";4;1277;0;2;"2022-05-18";;2560
"07422422A0015";"74224";"BH";"53";6;1486;10893;2;"2022-08-25";;4456
"07422422A0045";"74224";"AS";"374";6;1486;10893;2;"2022-12-27";;1098
"07422522A0013";"74225";"C";"2434";6;2199;12495;5;"2022-07-19";"2022-08-03";30913
"07427822C0019";"74278";"AO";"29";6;3614;8395;2;"2022-11-08";;40845
"0742812220028";"74281";"BH";"329";3;3090;0;2;"2022-10-27";;3205
"0742812220033";"74281";"AJ";"467";8;1688;3159;2;"2022-11-15";;4338
"0742812220040";"74281";"BH";"343";3;1256;0;2;"2022-11-02";;1600
"07430522H0004";"74305";;;6;1153;4358;5;"2022-06-27";"2025-08-04";0
"07430522H0014";"74305";"B";"1771";8;2629;3443;5;"2022-11-25";"2023-03-06";19210
"07430821B0017";"74308";"A";"1094";6;1001;1780;5;"2022-02-14";"2025-02-10";7953
"07510121V0027";"75056";"BC";"94";3;8828;31199;2;"2022-06-17";;4953
"07510122V0002";"75056";"AY";"26";4;2138;5856;5;"2022-05-27";"2023-01-02";1760
"07510422V0016";"75056";;;8;2035;2425;2;"2022-11-18";;0
"07510720V0034";"75056";"CR";"1";3;1514;3984;2;"2022-04-07";;1318
"07510721V0025";"75056";"AQ";"53";3;8362;27641;5;"2022-11-30";"2023-06-15";11929
"07510722V0017";"75056";"CR";"1";3;2311;0;2;"2022-12-16";;1318
"07510821V0033";"75056";"AQ";"5";3;4520;12804;5;"2022-10-26";"2023-03-06";2415
"07510821V0035";"75056";"AS";"67";3;1604;13919;5;"2022-07-25";"2022-08-29";3083
"07510821V0050";"75056";"CL";"100";3;2045;50170;5;"2022-09-06";"2023-01-02";10423
"07510822V0018";"75056";"BQ";"48";4;1042;2599;5;"2022-12-16";"2023-03-06";607
"07510822V0026";"75056";"BC";"8";3;1692;3240;5;"2022-10-11";"2023-03-06";589
"07510922V0032";"75056";"AW";"88";3;1808;8945;5;"2022-12-20";"2025-05-13";2036
"07511120V0038";"75056";"AY";"52";3;2025;2842;5;"2022-04-25";"2022-08-22";1286
"07511121V0042";"75056";"CK";"155";3;1097;2077;2;"2022-05-15";;829
"07511121V0069";"75056";"AZ";"83";3;2398;3281;5;"2022-10-31";"2025-07-24";1584
"07511221V0035";"75056";"EW";"62";3;1030;849;2;"2022-02-15";;456
"07511221V0055";"75056";"CW";"62";3;10612;0;2;"2022-09-29";;2512
"07511321V0045";"75056";"BW";"7";8;1011;0;5;"2022-04-06";"2025-01-20";5111
"07511521V0049";"75056";"CN";"36";3;6616;16948;5;"2022-07-13";"2023-01-02";3230
"07511522V0034";"75056";"GI";"3";3;1129;27376;2;"2022-11-03";;4283
"07511621V0020";"75056";"FA";"89";3;3423;7426;5;"2022-07-07";"2023-03-06";1980
"07511621V0029";"75056";"EZ";"2";3;1863;13999;5;"2022-05-15";"2023-09-04";5693
"07511721V0024";"75056";"CD";"8";3;2347;8691;5;"2022-01-10";"2022-04-01";2668
"07511721V0033";"75056";"AL";"83";3;5632;18320;5;"2022-04-04";"2024-07-05";5132
"07511821V0008";"75056";"BD";"17";3;1153;340;2;"2022-10-05";;411
"07511822V0012";"75056";"BR";"10";4;2290;5356;2;"2022-11-22";;1039
"07511922V0005";"75056";"DX";"17";3;1028;1564;2;"2022-12-07";;9285
"07610822O0002";"76108";"AC";"374";3;1534;7483;5;"2022-02-18";"2022-12-22";24484
"07614122G0006";"76141";"E";"490";8;1871;1565;5;"2022-08-12";"2023-02-13";8697
"07616522E0005";"76165";"AC";"283";8;2454;0;5;"2022-11-24";"2024-12-04";7497
"0762172200014";"76217";"ZB";"81";4;1790;340;5;"2022-09-02";"2023-03-10";6205
"0762402100019";"76240";"ZA";"56";3;1894;850;5;"2022-02-11";"2022-02-20";6700
"07624522B0006";"76245";"ZI";"71";8;2507;0;5;"2022-08-01";"2023-03-06";6331
"07632221G0059";"76322";"BC";"170";3;2014;0;2;"2022-04-14";;1395
"07632821R0006";"76328";"AK";"155";8;1303;644;5;"2022-01-07";"2022-02-24";22048
"07635121H0146";"76351";"TD";"33";4;2053;2655;5;"2022-05-06";"2024-03-04";9845
"07635121H0169";"76351";"DA";"43";4;1438;0;5;"2022-06-10";"2022-11-24";471
"07635121H0211";"76351";"M";"3811";6;7864;0;5;"2022-03-16";"2022-09-12";15742
"07635122H0105";"76351";"NC";"49";3;3338;0;5;"2022-10-19";"2022-10-25";149269
"07636622M0007";"76366";"AL";"98";8;1439;828;5;"2022-10-28";"2023-06-01";10436
"07644722C0028";"76447";"ZE";"102";8;4450;0;5;"2022-10-28";"2024-02-19";9442
"0764512100038";"76451";"BD";"432";3;2170;784;5;"2022-01-21";"2024-01-29";2734
"07646422M0001";"76464";"A";"493";8;3057;3131;5;"2022-12-02";"2023-01-22";0
"07647522M0004";"76475";"AE";"256";6;1046;897;5;"2022-06-13";"2022-11-07";4416
"07648422O0010";"76484";;;3;1341;0;5;"2022-07-04";"2023-01-09";0
"07648922C0002";"76489";"AB";"3";6;1752;0;5;"2022-05-04";"2023-05-01";0
"07649821R0062";"76498";"AE";"40";6;2409;46982;2;"2022-06-29";;26357
"07649822R0010";"76498";"AX";"667";4;1896;1896;5;"2022-10-31";"2023-09-01";0
"0765402150140";"76540";"AE";"40";6;2418;46982;5;"2022-06-29";"2022-09-01";142009
"07654522D0001";"76545";"AE";"95";4;1214;836;2;"2022-06-20";;0
"07656122M0013";"76561";"AB";"49";8;1884;731;2;"2022-10-17";;62373
"07657521O0079";"76575";"BL";"470";3;1352;0;5;"2022-03-16";"2022-09-12";4263
"07657522O0029";"76575";"BP";"56";8;1244;3622;2;"2022-08-22";;9454
"07657522O0038";"76575";"BO";"74";3;1068;0;2;"2022-09-27";;5447
"07664021U0022";"76640";"ZA";"565";4;2293;2646;5;"2022-03-04";"2022-09-12";18638
"07670521M0031";"76705";"BH";"74";4;1300;395;2;"2022-06-29";;3274
"07672821B0019";"76728";"AH";"506";6;1228;6241;2;"2022-02-10";;116096
"07675021M0004";"76750";"AB";"162";8;3122;0;2;"2022-04-05";;23049
"0770182100015";"77018";"B";"544";6;10960;18478;5;"2022-03-08";"2022-07-04";74966
"0770182200012";"77018";"B";"542";8;10966;0;2;"2022-12-05";;20892
"0770672200007";"77067";"X";"752";4;2254;12560;2;"2022-10-26";;0
"07706922C0010";"77069";"0X";"158";8;3163;0;2;"2022-09-20";;11381
"0770832100040";"77083";"AM";"186";3;2025;11321;2;"2022-06-23";;5486
"0770852200006";"77085";"YA";"375";4;2709;0;5;"2022-12-20";"2023-08-01";6000
"0771082100048";"77108";"BS";"595";6;1605;0;5;"2022-01-24";"2023-01-09";4246
"0771212200002";"77121";"AD";"56";4;2185;0;2;"2022-09-20";;4003
"0771322200005";"77132";"AB";"141";3;7888;7623;2;"2022-05-10";;117063
"0771322200006";"77132";;;3;7888;7623;2;"2022-06-30";;0
"0771462100013";"77146";"AE";"71";8;1921;5395;5;"2022-01-24";"2022-03-21";14814
"0771462200001";"77146";"AM";"50";3;3515;20962;2;"2022-05-16";;49984
"0771462200005";"77146";"AM";"52P";3;5150;0;2;"2022-06-17";;11834
"0771462200006";"77146";"AM";"46";6;3597;0;2;"2022-06-17";;7849
"0771812200005";"77181";"ZA";"305";3;4396;0;5;"2022-10-12";"2024-09-01";47186
"0772522200008";"77252";"B";"473";6;2834;0;2;"2022-09-29";;0
"0772592200015";"77259";"ZD";"151";8;3690;0;2;"2022-07-29";;7433
"0772762200013";"77276";"ZA";"568";4;1032;0;2;"2022-11-25";;7000
"0772772200009";"77277";"ZH";"378";8;3372;0;2;"2022-12-16";;14630
"0772911900003";"77291";;;8;49109;0;2;"2022-06-24";;103061
"0772911900004";"77291";;;8;98108;0;2;"2022-06-24";;177830
"0772911900005";"77291";;;8;43113;0;2;"2022-06-24";;90036
"0772912200001";"77291";"A";"293";8;1009;0;2;"2022-04-29";;2219
"0772912200004";"77291";"AB";"291";3;1265;0;5;"2022-06-27";"2023-01-30";2188
"0772962200012";"77296";"AD";"98";6;5045;4830;5;"2022-08-06";"2022-12-12";0
"0772962200015";"77296";"A";"1948";6;3522;0;5;"2022-08-10";"2023-03-01";9430
"0773221900003";"77322";"ZK";"134";8;61873;0;2;"2022-05-25";;141296
"0773222000003";"77322";"ZL";"84";8;40325;53009;5;"2022-08-26";"2023-01-23";232718
"0773732200037";"77373";"D";"148";3;3582;0;5;"2022-12-06";"2023-11-30";3619
"0773792200011";"77379";"BE";"11";4;1565;1934;2;"2022-12-15";;7124
"0774202200011";"77420";;;6;1716;692;5;"2022-10-28";"2024-03-29";0
"0774312120011";"77431";"AL";"452";4;1128;1434;2;"2022-02-16";;11390
"0774312220002";"77431";"AD";"260";8;2218;0;2;"2022-05-25";;4768
"0774382100011";"77438";"AB";"52";6;1836;23483;5;"2022-02-10";"2022-08-16";33867
"0774382200002";"77438";"AK";"12";3;2328;4451;5;"2022-04-07";"2022-12-16";6235
"0774392100011";"77439";"AB";"52";6;1880;23483;2;"2022-07-10";;33867
"0774452100031";"77445";"BI";"72";3;1650;0;5;"2022-05-05";"2022-06-06";11356
"0774492200002";"77449";"YB";"130";6;1912;2600;2;"2022-05-31";;5220
"0774492200004";"77449";"YB";"169P";3;2496;0;2;"2022-08-10";;3997
"0774492200005";"77449";"AI";"32";3;17200;0;5;"2022-11-24";"2023-09-22";31230
"0774492200007";"77449";"YB";"87";6;4246;0;5;"2022-11-18";"2023-05-09";9033
"0774582100019";"77458";"ZI";"10";4;4403;0;2;"2022-04-08";;27556
"0774682200012";"77468";"AK";"33";6;1937;2003;5;"2022-12-19";"2022-12-19";0
"0774792100022";"77479";"AD";"63";8;14492;0;5;"2022-06-18";"2023-12-28";51988
"0775112100003";"77511";"C";"172";3;1853;0;5;"2022-02-23";"2023-09-06";6215
"0775132200007";"77513";"A";"1223";8;9415;0;5;"2022-07-20";"2022-11-02";35501
"0775132200012";"77513";"A";"1332";8;3973;11854;2;"2022-11-07";;19000
"0775332200001";"77533";"AM";"24";6;2699;0;2;"2022-05-24";;7658
"0775342200012";"77534";"ZD";"181";8;2924;0;2;"2022-10-13";;6349
"07811721K0017";"78117";"AE";"18";6;3611;0;5;"2022-06-07";"2024-09-16";6183
"07811722K0008";"78117";"AH";"34";6;2321;4287;5;"2022-11-15";"2023-07-04";4374
"07811822Y0005";"78118";"ZD";"451";8;7384;1600;5;"2022-12-07";"2023-09-04";3000
"07814621G1063";"78146";"AE";"18";8;1208;2922;2;"2022-06-27";;11475
"0781722200040";"78172";"AD";"414";8;6760;0;5;"2022-12-06";"2025-11-05";5133
"0781722200065";"78172";"AD";"794";8;3202;246;5;"2022-10-20";"2023-03-17";6741
"07819622G0003";"78196";"ZB";"121";6;4099;0;2;"2022-05-14";;10608
"07820822E0009";"78208";"AC";"277";4;5433;0;5;"2022-12-27";"2024-07-29";5909
"0782382200006";"78238";"D";"2186";3;6044;0;5;"2022-10-24";"2023-04-20";37380
"07823822Y0006";"78238";"D";"2186";3;6044;0;2;"2022-10-20";;37380
"0782912100019";"78291";"ZA";"137";8;1921;2987;2;"2022-04-25";;9488
"07829121Y0019";"78291";"ZA";"137";8;2064;2987;2;"2022-04-28";;9488
"07829722E0003";"78297";"ZD";"168";3;2450;0;5;"2022-09-15";"2023-12-04";7199
"07829722E0007";"78297";"AK";"75";3;5873;824;2;"2022-12-22";;32500
"07833522L0018";"78335";"BK";"131";8;61132;0;5;"2022-12-12";"2024-10-15";159470
"07834622M0011";"78346";"0C";"1396";4;1208;0;2;"2022-11-25";;6500
"07835621E0023";"78356";"D";"510";8;1563;0;5;"2022-01-06";"2023-09-01";22225
"07841819G1013";"78418";"AC";"178";4;53433;55842;2;"2022-03-02";;125813
"07842321E0012";"78423";"BL";"13";6;8128;0;2;"2022-03-10";;12944
"07842322E0002";"78423";"AC";"32";3;14656;3970;5;"2022-06-30";"2025-12-18";10076
"07842322E0005";"78423";"BL";"1";3;32930;8942;2;"2022-07-20";;11844
"07846621G0065";"78466";"A";"1653";6;1274;0;2;"2022-02-07";;0
"07849021E0025";"78490";"AE";"11";4;2130;2669;2;"2022-03-30";;0
"07849021E0039";"78490";"AE";"51";3;3203;0;5;"2022-05-20";"2022-08-08";2160
"07849022E0011";"78490";"BL";"12";6;15782;0;5;"2022-08-17";"2023-10-09";37233
"07849821Y0038";"78498";"BK";"172";4;8220;0;5;"2022-03-18";"2022-10-30";10920
"07862022K0003";"78620";"AB";"1";3;1159;625;2;"2022-10-19";;82179
"07864022V1002";"78640";"AE";"418";4;2857;147485;5;"2022-06-16";"2023-06-29";185552
"07864022V1004";"78640";"AE";"418";4;13819;147485;5;"2022-10-27";"2023-02-01";185552
"07864022V1005";"78640";"AE";"418";4;1887;150342;5;"2022-07-25";"2024-10-01";185552
"07864022V1010";"78640";"AH";"185";3;4439;202380;2;"2022-12-27";;265928
"07864022V1011";"78640";"AH";"185";6;2945;202380;2;"2022-12-27";;265928
"07864622V0039";"78646";"BS";"160";4;1594;472;5;"2022-07-04";"2023-01-16";6007
"07903422X0006";"79034";"AP";"162";8;2307;0;2;"2022-09-01";;10404
"07904822H0021";"79048";"XT";"191";6;1934;0;5;"2022-05-24";"2022-11-09";21584
"07906221E0027";"79062";"BT";"121";6;9951;10464;2;"2022-01-04";;0
"07907922E0011";"79079";"AS";"144";4;2301;0;2;"2022-05-09";;13763
"07908022P0008";"79080";"AN";"74";6;3649;14895;5;"2022-10-20";"2025-02-17";52353
"07910922X0028";"79109";"N";"221";8;5767;0;5;"2022-10-18";"2023-07-17";37188
"07916222X0007";"79162";"AH";"175";8;2100;0;2;"2022-08-02";;60507
"07917421S0030";"79174";"AH";"331";4;1020;0;2;"2022-05-13";;4020
"07919119X0181";"79191";"IK";"21";4;5415;0;2;"2022-11-16";;39088
"07919122X0207";"79191";"DO";"76";3;3882;16512;5;"2022-12-23";"2023-05-15";111552
"07920222P0012";"79202";"AZ";"182";4;1247;18477;5;"2022-06-24";"2023-05-02";56946
"07924922X0009";"79249";"N";"221";8;5767;0;2;"2022-09-26";;32001
"07929822X0008";"79298";"ZX";"93";8;2780;0;2;"2022-11-17";;7481
"07930021K0012";"79300";"ZA";"534";4;2010;23957;5;"2022-02-16";"2024-01-30";94087
"07932922K0027";"79329";"AP";"115";4;4761;251;2;"2022-12-05";;19591
"07932922K0042";"79329";"ZA";"51";6;6131;0;5;"2022-10-18";"2022-11-07";43871
"08000122S0007";"80001";"BS";"121";4;2271;4209;5;"2022-08-03";"2022-11-24";18665
"0800162200007";"80016";"AK";"136";4;1070;1838;2;"2022-09-02";;5041
"0800162200008";"80016";"ZI";"71";4;1199;0;2;"2022-10-12";;3427
"08002122A0035";"80021";"KX";"824";8;2076;0;2;"2022-09-26";;9950
"08002122A0071";"80021";"VP";"240";4;1853;0;5;"2022-10-10";"2022-12-13";5560
"08002122A0085";"80021";"KR";"847";6;12682;26659;5;"2022-10-28";"2023-01-02";57334
"08002421P0003";"80024";"ZO";"18";3;1390;0;2;"2022-01-12";;7500
"08012022M0003";"80120";"ZR";"49";6;4068;4564;5;"2022-08-25";"2023-04-17";21583
"0801362200001";"80136";"ZC";"84";8;50366;0;5;"2022-05-20";"2023-09-01";102834
"08019022V0001";"80190";"AL";"17";6;2887;9496;5;"2022-09-15";"2023-01-23";32725
"08022721P0009";"80227";"ZM";"12";3;2415;0;5;"2022-01-10";"2024-06-01";342391
"08025322P0010";"80253";"AB";"832";4;1787;4263;2;"2022-11-07";;13885
"08036022V0005";"80360";"0C";"76";6;1392;4093;2;"2022-09-27";;12250
"08037921M0004";"80379";"ZD";"208";3;1327;0;5;"2022-03-03";"2022-11-14";3280
"08037921M0005";"80379";"ZD";"243";8;1758;0;2;"2022-02-22";;0
"0805232200001";"80523";"ZP";"14";8;11751;0;5;"2022-05-20";"2023-09-01";40214
"08062022F0008";"80620";"AN";"94";4;2600;1965;5;"2022-12-30";"2025-12-09";12528
"08063221M0012";"80632";"AD";"74";4;1395;1440;2;"2022-04-19";;0
"08068522R0002";"80685";"ZB";"255";4;1059;0;5;"2022-04-28";"2022-09-30";3269
"08071821P0009";"80718";"ZO";"89";8;2965;0;5;"2022-03-15";"2025-03-10";8571
"08079522P0001";"80795";"ZN";"27";4;2182;378;2;"2022-11-02";;76283
"08079822P0003";"80798";"ZL";"124";8;1369;791;2;"2022-05-04";;18794
"08079822P0006";"80798";"ZL";"238";8;3981;0;2;"2022-07-20";;9775
"0807992100033";"80799";"AC";"89";3;1195;0;2;"2022-02-08";;3751
"0807992200003";"80799";"ZK";"90";8;7681;19671;2;"2022-10-20";;33000
"0807992200011";"80799";"AC";"106";8;37558;0;2;"2022-12-15";;101889
"08080221M0003";"80802";"0S";"263";6;2615;0;5;"2022-04-05";"2022-04-07";80185
"08100422X0041";"81004";"EX";"289";3;7191;0;5;"2022-07-01";"2024-06-04";12443
"08100422X0092";"81004";"HP";"82";8;6150;64838;2;"2022-09-30";;211751
"08100422X0093";"81004";"HP";"82";8;6150;64838;2;"2022-11-21";;214906
"08102122B0013";"81021";"AH";"27";6;2098;1733;5;"2022-12-13";"2024-06-01";0
"08110522T0045";"81105";"BK";"279";6;1294;5037;2;"2022-09-08";;1500
"08113122T0006";"81131";"ZI";"142";8;1506;1208;5;"2022-05-31";"2022-06-06";8514
"08114422A0008";"81144";"BE";"42";4;2184;1216;2;"2022-10-03";;6599
"08114722A0005";"81147";"C";"910";6;2290;0;2;"2022-11-18";;5182
"08129722A0006";"81297";"AM";"174";8;3000;0;2;"2022-08-17";;17638
"08130521B0010";"81305";"AD";"74";6;1853;0;5;"2022-09-09";"2023-10-01";23159
"08202522T0005";"82025";"ZN";"181";8;1080;1655;5;"2022-04-20";"2022-06-27";9526
"08203722N0011";"82037";"BW";"11";6;2623;0;2;"2022-10-21";;17148
"08206521DR005";"82065";"A";"580";8;1620;0;2;"2022-02-11";;23340
"08208522T0004";"82085";"A";"532";8;1634;0;5;"2022-08-03";"2024-09-23";8856
"08212121M0302";"82121";"DH";"97";4;1619;0;2;"2022-02-18";;7417
"08212121M0337";"82121";"DN";"264";8;4702;0;2;"2022-01-26";;24036
"08212122M0002";"82121";"DN";"107";8;3577;0;2;"2022-04-22";;32118
"08212122M0104";"82121";"HO";"67";6;2210;0;2;"2022-09-23";;10297
"08212122M0120";"82121";"HR";"863";8;4641;0;2;"2022-09-09";;10607
"08212521S0039";"82125";"ZB";"255";4;2244;6868;5;"2022-03-22";"2026-01-12";44739
"08300922T0006";"83009";"AM";"1";4;4463;11450;5;"2022-09-14";"2023-04-20";54727
"08302321O0115";"83023";"BS";"279";8;1770;0;5;"2022-03-21";"2023-02-28";4575
"08302321O0121";"83023";"BS";"300";6;4524;0;5;"2022-02-16";"2022-11-02";8415
"08302322O0043";"83023";"BW";"229";6;1292;0;5;"2022-10-06";"2024-02-22";9657
"08302922D0001";"83029";"I";"266";4;3025;0;5;"2022-10-07";"2024-08-12";8189
"08303021B0016";"83030";"A";"1665";4;1190;0;2;"2022-08-31";;1832
"0830422200016";"83042";"AT";"283";4;2314;20773;5;"2022-10-27";"2023-01-02";36550
"08304721H0081";"83047";"AP";"40";3;2555;0;5;"2022-06-10";"2024-06-10";3435
"08304921C0075";"83049";"AX";"85";4;2502;1145;5;"2022-05-04";"2022-10-24";8015
"08304921C0096";"83049";"BA";"73";8;1608;0;5;"2022-08-01";"2023-12-01";0
"08304922C0030";"83049";"AY";"147";4;3644;47;2;"2022-11-16";;11589
"0830572100059";"83057";"E";"1297";4;1332;0;5;"2022-01-04";"2024-09-02";19720
"08306122F0034";"83061";"AI";"375";3;2513;0;5;"2022-06-30";"2023-03-20";1967
"0830622110056";"83062";"AM";"595";8;1103;0;5;"2022-01-14";"2023-01-01";14415
"0830682100110";"83068";"AW";"2";4;1404;1453;2;"2022-04-11";;5868
"0830682200018";"83068";"AV";"4";8;2384;1060;5;"2022-04-05";"2022-05-04";12876
"0830682200029";"83068";"AV";"31";8;1525;0;2;"2022-06-07";;4251
"0830692200040";"83069";"CI";"3";4;11460;222;5;"2022-07-26";"2024-04-01";29893
"0830692200105";"83069";"CH";"60";4;3119;0;5;"2022-10-22";"2023-10-02";7890
"08307122O0037";"83071";"AB";"178";8;3950;6146;2;"2022-10-03";;16000
"08307321L0035";"83073";"E";"1781";4;1679;0;5;"2022-05-13";"2023-03-17";2206
"08307321L0043";"83073";"G";"2748";4;2642;4551;5;"2022-03-30";"2024-03-18";9896
"08308122D0020";"83081";"G";"2524";4;1263;74;5;"2022-11-08";"2023-04-19";0
"08308621K0047";"83086";"AC";"327";6;6442;5627;5;"2022-01-20";"2022-06-20";34095
"08308622K0001";"83086";"AA";"189";6;6781;0;5;"2022-03-10";"2023-01-06";10187
"08309021OC064";"83090";"BN";"172";3;2431;0;2;"2022-01-11";;2649
"08309921O0063";"83099";"AX";"153";6;1024;305;2;"2022-02-21";;2563
"08309922O0003";"83099";"AZ";"167";8;2640;0;5;"2022-03-31";"2022-10-26";6009
"08309922O0009";"83099";"AZ";"128";4;3869;0;2;"2022-05-12";;40302
"08309922O0014";"83099";"AV";"192";8;2558;22302;2;"2022-09-15";;54263
"08309922O0027";"83099";"AX";"11";8;1706;0;5;"2022-06-28";"2022-11-21";2156
"08309922O0055";"83099";"AW";"268";8;1610;0;5;"2022-11-30";"2023-09-20";3400
"08310622B0030";"83106";"AL";"53";4;2389;0;2;"2022-11-08";;5292
"08310722S0024";"83107";"AL";"338";6;1697;99;5;"2022-08-12";"2023-02-24";5045
"08311221O0079";"83112";"CK";"12";4;1532;0;5;"2022-03-04";"2026-01-05";5030
"08312621C0040";"83126";"AB";"1027";4;3083;2483;5;"2022-02-28";"2022-05-23";11256
"08312621C0136";"83126";"AC";"672";3;1450;800;5;"2022-06-02";"2023-04-03";2640
"08312622C0032";"83126";"AB";"1292";4;1300;639;2;"2022-09-22";;9209
"0831272200007";"83127";"I";"398";8;1065;0;5;"2022-09-20";"2023-09-20";9532
"0831272200012";"83127";"I";"254";3;1258;0;2;"2022-09-30";;9978
"0831272200016";"83127";"I";"1136";8;6453;0;2;"2022-12-07";;20468
"0831272200025";"83127";"I";"529";8;2209;2183;5;"2022-12-15";"2023-04-24";11830
"08313822D0003";"83138";"K";"686";4;3347;0;5;"2022-05-02";"2022-08-10";9089
"08314422C0037";"83144";"AR";"94";3;2277;0;5;"2022-10-19";"2024-05-17";3414
"08314822K0018";"83148";"BL";"279";4;1044;0;5;"2022-06-02";"2023-02-01";2230
"08314822K0047";"83148";"BL";"279";4;1160;0;5;"2022-09-27";"2023-04-15";2308
"08400322A0040";"84003";"CL";"493";3;1515;18107;2;"2022-10-14";;65305
"08400322A0044";"84003";"AK";"288";8;1020;0;2;"2022-11-30";;5768
"0840072200078";"84007";"BP";"522";3;1708;0;5;"2022-12-14";"2023-04-24";3343
"0840072200096";"84007";"BO";"305";6;1244;1201;5;"2022-09-28";"2023-01-16";2185
"0840072200099";"84007";"BP";"417";3;3507;590;5;"2022-11-29";"2023-11-01";9518
"08402521S0019";"84025";"0C";"458";6;3587;5385;5;"2022-05-10";"2024-06-18";28584
"08403521E0063";"84035";"AZ";"1129";4;1281;1206;2;"2022-04-20";;1526
"08403521E0065";"84035";"BN";"839";8;3442;0;2;"2022-02-23";;10029
"08403522E0014";"84035";"AP";"381";6;1482;0;5;"2022-07-27";"2024-06-01";8339
"08403522E0063";"84035";"AT";"584";8;3503;0;5;"2022-12-01";"2023-06-01";60681
"08404221S0019";"84042";"0A";"1038";3;1017;0;5;"2022-02-24";"2023-08-28";1086
"08404722S0010";"84047";"0C";"1233";6;1118;3701;5;"2022-07-19";"2023-03-22";6250
"08407121S0028";"84071";"0A";"944";4;1117;0;5;"2022-05-17";"2025-01-01";0
"0840872100105";"84087";"I";"1579";4;1565;0;5;"2022-07-19";"2022-09-23";35554
"0840872200047";"84087";"BY";"31";3;1190;1185;5;"2022-08-03";"2022-11-01";5000
"08409122N0027";"84091";"AB";"333";8;1514;0;2;"2022-07-08";;8637
"08409222B0021";"84092";"AR";"146";3;1982;114;2;"2022-09-01";;1552
"08410622N0018";"84106";"0E";"100";8;1344;722;5;"2022-10-14";"2022-11-21";11587
"08412922A0025";"84129";"CR";"100";4;1710;52842;5;"2022-10-20";"2023-06-21";6905
"08412922A0033";"84129";"AY";"91";8;1236;14546;2;"2022-07-28";;13227
"08413122S0005";"84131";"AB";"97";3;1647;0;2;"2022-09-30";;5914
"08413221S0043";"84132";"BT";"265";4;1201;0;5;"2022-01-07";"2023-03-23";7831
"08413221S0058";"84132";"BP";"146";8;1268;0;2;"2022-02-18";;1941
"08413222S0014";"84132";"BP";"24";6;1684;0;2;"2022-08-01";;1963
"08413222S0024";"84132";"BP";"161";6;1779;0;2;"2022-09-22";;4478
"08413222S0037";"84132";"BP";"159";6;6150;0;2;"2022-12-23";;9140
"08413322S0012";"84133";"0G";"1802";6;1650;0;2;"2022-12-02";;4242
"08414122S0028";"84141";"AS";"301";6;1267;0;5;"2022-08-29";"2023-03-31";6309
"08414122S0030";"84141";"BI";"115";8;1283;0;2;"2022-09-27";;4524
"08500321V0083";"85003";"BL";"308";3;1532;0;5;"2022-01-26";"2023-07-17";2892
"08500321V0140";"85003";"YA";"159";6;3125;0;5;"2022-03-02";"2022-10-06";7566
"08501722H0016";"85017";"ZL";"175";6;5680;27100;2;"2022-07-07";;78744
"08502422C0027";"85024";"AK";"11";4;1440;0;5;"2022-11-21";"2023-04-17";2798
"08503421C0088";"85034";"XS";"116";6;1323;0;5;"2022-06-30";"2022-11-23";5719
"08504722C0084";"85047";"BL";"250";6;1777;7892;5;"2022-08-30";"2022-11-02";20750
"08505122C0014";"85051";"XE";"149P";6;1176;0;2;"2022-06-10";;16459
"08505122C0021";"85051";"AI";"145P";4;2016;0;5;"2022-06-21";"2022-10-25";3202
"08505122C0025";"85051";"AH";"29";6;2006;10938;5;"2022-07-08";"2023-05-02";21801
"08507822F0004";"85078";"AM";"349";6;2111;9936;2;"2022-10-04";;20051
"08508922Y0013";"85089";"AR";"129";8;1908;0;5;"2022-08-11";"2022-09-13";8207
"08509222F0027";"85092";"BW";"87";6;1075;0;2;"2022-06-29";;7198
"08509222F0064";"85092";"YP";"141";6;1662;0;5;"2022-12-23";"2023-11-06";11282
"08509222F0072";"85092";"ZA";"107";8;1575;0;2;"2022-11-29";;4975
"08510021C0039";"85100";"AM";"17";3;1473;1537;5;"2022-04-12";"2023-02-01";11345
"08510622C0018";"85106";"0M";"812";8;1016;1723;2;"2022-07-28";;67752
"08510922H0054";"85109";"XR";"114";6;4354;10262;2;"2022-09-08";;54283
"08510922H0066";"85109";"C";"2937";6;2341;21697;2;"2022-11-28";;51556
"08511321C0117";"85113";"AP";"736";4;1079;0;5;"2022-04-22";"2022-09-19";2024
"08514622H0091";"85146";"ZH";"77";8;46299;0;5;"2022-09-16";"2024-01-22";93498
"08519121Y0259";"85191";"AB";"320";3;1587;0;2;"2022-01-14";;1801
"08519122Y0104";"85191";"YA";"151";6;15206;0;5;"2022-10-20";"2023-01-20";49068
"08519421P0544";"85194";"ZM";"53";8;1159;0;2;"2022-03-03";;5444
"08519922F0002";"85199";"ZS";"38";6;1715;17987;5;"2022-09-09";"2022-11-02";69131
"08521022V0004";"85210";"AD";"125";8;2570;0;2;"2022-04-14";;18552
"08522322F0012";"85223";"YW";"145";6;1715;17987;5;"2022-09-09";"2022-11-02";6164
"08522322F0025";"85223";"YW";"249";6;10583;0;5;"2022-05-16";"2023-09-01";76052
"08523422C0103";"85234";"F";"3035";4;1890;0;2;"2022-10-20";;4868
"08524622C0006";"85246";"ZM";"115";8;5994;7358;5;"2022-05-25";"2023-03-15";52293
"08530222H0027";"85302";"B";"1480";6;5587;2730;5;"2022-11-18";"2023-08-24";37427
"08530222H0037";"85302";"ZH";"130";6;1710;5386;5;"2022-09-21";"2022-12-12";112131
"08605222A0008";"86052";"AC";"228";3;1263;4580;2;"2022-10-27";;16838
"08606222X0015";"86062";"AB";"794";6;3879;0;5;"2022-11-14";"2025-12-10";7984
"08606622H1054";"86066";"AX";"565";6;2633;0;2;"2022-10-25";;6865
"08609221A0026";"86092";"ZO";"37";8;1713;2210;5;"2022-03-11";"2022-03-15";0
"08611122A0001";"86111";"ZA";"121";6;1435;0;5;"2022-05-04";"2022-05-09";64554
"08611421X0020";"86114";"AA";"200";4;1366;0;5;"2022-04-11";"2024-02-01";4291
"08615722X0010";"86157";"0F";"2363";3;1072;0;5;"2022-11-10";"2023-05-04";10546
"08616522S0005";"86165";"0C";"167";8;1131;0;2;"2022-06-18";;0
"08617422H1010";"86174";"AZ";"1047";8;1424;0;2;"2022-08-23";;8101
"08619421X0202";"86194";"ZL";"287";8;2431;0;2;"2022-04-27";;14945
"08619422X0100";"86194";"AE";"1026";6;1338;0;5;"2022-09-19";"2023-04-11";13086
"08700221J0022";"87002";"AE";"457";4;2142;2189;2;"2022-04-02";;22798
"08708522C0056";"87085";"LL";"54";6;2359;0;5;"2022-07-29";"2022-10-03";49962
"08708522C0108";"87085";"AZ";"46";4;4892;10075;2;"2022-08-04";;0
"08708522C0132";"87085";"OI";"177";3;1160;11420;5;"2022-10-14";"2023-09-13";20449
"08708522C0150";"87085";"MT";"23";8;5448;0;2;"2022-12-28";;16404
"08708522C0162";"87085";"LL";"114";8;1078;0;5;"2022-12-01";"2023-01-23";5757
"08718722M0023";"87187";;;4;1543;0;2;"2022-11-28";;0
"08802221D0001";"88022";"C";"566";6;1792;0;5;"2022-02-11";"2022-02-24";19980
"08809922A0004";"88099";"AN";"10";6;12891;0;5;"2022-09-15";"2022-11-07";105913
"08809922A0005";"88099";"AN";"4";6;6108;0;2;"2022-11-30";;0
"08815821P0024";"88158";"AO";"165";8;4791;0;2;"2022-01-10";;12478
"08816021A0077";"88160";"AM";"770";3;1863;1453;5;"2022-03-30";"2023-05-01";1453
"08816022A0010";"88160";"AY";"5";4;1104;640;2;"2022-06-03";;2450
"08816122D0002";"88161";"ZE";"65";6;3982;6909;2;"2022-09-14";;0
"08820922E0018";"88209";"AI";"144";6;1277;0;2;"2022-10-04";;4804
"08829922V0003";"88299";"ZC";"128";4;1036;3831;5;"2022-06-09";"2023-01-30";12751
"08834922H0009";"88349";"E";"3316";4;1973;2037;5;"2022-09-27";"2023-02-01";1726
"08841522P0009";"88415";"AB";"415";8;1674;314;2;"2022-06-23";;4888
"08846522E0007";"88465";"AO";"431";8;3866;8898;2;"2022-07-27";;34507
"08846821P0016";"88468";"A";"1931";4;1736;3931;2;"2022-02-14";;11722
"08848321A0012";"88483";"AM";"33";3;1405;0;5;"2022-03-03";"2022-09-05";15323
"08848722P0024";"88487";"AI";"301";8;2397;0;2;"2022-10-27";;23257
"08853021A0037";"88530";"BT";"437";6;1352;0;2;"2022-02-10";;5832
"0890252200007";"89025";"AD";"160";6;1212;6530;2;"2022-09-08";;4844
"08928722Z0003";"89287";"AM";"131";4;1818;0;2;"2022-06-21";;49261
"08934522W0001";"89345";"BE";"686";4;5453;4180;2;"2022-04-15";;44658
"08938722S0004";"89387";"ZL";"506";8;2543;0;2;"2022-05-10";;0
"08938722S0008";"89387";"ZL";"533";6;2090;0;5;"2022-06-14";"2023-03-20";0
"08941922I0006";"89419";"E";"673";4;2206;2015;2;"2022-09-30";;10176
"0910862120014";"91086";"AI";"254";6;1196;0;5;"2022-04-06";"2023-09-07";2414
"0910972210019";"91097";"AN";"278";4;1580;1372;5;"2022-11-23";"2023-03-13";4140
"0911032210010";"91103";"BC";"10";8;4718;0;2;"2022-09-14";;10628
"0911362210003";"91136";"AE";"202";6;3925;21264;5;"2022-11-09";"2023-04-11";23905
"0911612110022";"91161";;;6;2245;0;2;"2022-01-24";;0
"0911792130007";"91179";"C";"494";8;25258;0;2;"2022-09-30";;72174
"0912002110021";"91200";"AE";"292";8;10943;0;5;"2022-05-04";"2022-09-05";36443
"0912232110053";"91223";"AC";"711";4;1200;0;2;"2022-05-13";;3761
"0912282120027";"91228";"AI";"93";3;6447;3346;2;"2022-04-27";;5419
"0912282200015";"91228";"AB";"215";4;2075;0;2;"2022-08-18";;12643
"0912351910007";"91235";"AA";"92";8;17399;0;5;"2022-09-17";"2025-11-22";85252
"0913632210003";"91363";"B";"66";3;1147;102109;5;"2022-04-26";"2022-05-09";1361878
"0914212110049";"91421";"AY";"13";6;4961;0;5;"2022-06-27";"2025-03-10";14331
"0914212210038";"91421";"AW";"244";4;6896;3532;5;"2022-10-28";"2023-03-17";11255
"0915212210009";"91521";"AN";"63";4;1337;1742;5;"2022-11-02";"2023-06-19";8758
"0915522110078";"91552";"BA";"45";6;6930;0;5;"2022-06-30";"2025-05-05";32536
"0915532210003";"91553";"AK";"18";4;2143;0;5;"2022-08-11";"2023-05-30";7177
"0915702210024";"91570";"AV";"321";6;3198;6691;5;"2022-12-12";"2023-05-22";22401
"0915732210011";"91573";"ZC";"475";3;2494;0;2;"2022-10-28";;5005
"0916172200005";"91617";"B";"1577";8;1107;3682;5;"2022-04-27";"2023-03-01";10947
"0916612140015";"91661";"AS";"14";6;25996;2211;5;"2022-08-30";"2023-02-28";59694
"0916612210001";"91661";"AK";"966";4;2276;1242;2;"2022-07-12";;0
"0916612240004";"91661";"AS";"76";8;3290;4287;2;"2022-07-28";;19256
"0916612240013";"91661";"AP";"63";6;2583;5030;5;"2022-06-27";"2022-12-05";0
"0916672110013";"91667";"AE";"864";6;1670;637;2;"2022-07-20";;3868
"0916892110024";"91689";"Y";"500";3;2915;0;2;"2022-04-06";;0
"0916892110027";"91689";"Y";"236";6;16269;0;2;"2022-01-19";;0
"0916922140001";"91692";"BO";"46";8;57471;0;5;"2022-07-08";"2022-07-08";156798
"09200721A0039";"92007";"AN";"59";3;50589;17093;2;"2022-06-24";;46139
"0920122100050";"92012";"BP";"130";6;1337;30292;5;"2022-04-01";"2022-10-04";11410
"0920122100051";"92012";"BC";"43";3;60567;0;5;"2022-04-06";"2023-10-01";12431
"0920122100052";"92012";"BC";"44";3;41727;0;5;"2022-04-06";"2023-10-01";12737
"0920242200002";"92024";"E";"57";3;8851;3239;2;"2022-07-21";;3791
"0920242200003";"92024";"AD";"102";3;1295;16671;5;"2022-09-05";"2022-12-01";6017
"09203621E0058";"92036";"AM";"470";8;2310;0;2;"2022-04-22";;2483
"0920402100023";"92040";"O";"4";3;2280;2694;5;"2022-05-09";"2023-03-30";1764
"0920462101700";"92046";"M";"62";3;4455;1747;2;"2022-01-14";;1547
"09205021T0073";"92050";"AN";"401";3;6407;2846;5;"2022-04-14";"2023-09-25";1735
"09205021T0111";"92050";"AJ";"367";3;30477;0;5;"2022-05-13";"2022-07-20";9606
"09205022T0017";"92050";"M";"249";6;5330;38854;5;"2022-07-08";"2023-01-19";5820
"0920602200030";"92060";"Y";"5";6;1301;99883;5;"2022-11-14";"2023-03-27";79964
"0920632200043";"92063";"AV";"461";3;1116;5162;2;"2022-07-20";;13893
"0920752200001";"92075";"P";"52";8;2430;17344;5;"2022-12-05";"2023-09-05";64705
"09207822E0001";"92078";"0I";"217";4;1310;0;2;"2022-07-05";;11280
"09207822E0004";"92078";"0B";"72";6;6102;0;2;"2022-08-29";;40435
"09300121A0073";"93001";"B";"103";8;3321;3467;2;"2022-01-12";;4383
"09300522C0055";"93005";"DW";"37";4;3845;898;2;"2022-07-13";;7855
"09300622B0021";"93006";"AC";"68";6;35099;0;2;"2022-11-23";;9335
"09300722C0113";"93007";"BK";"14";8;5909;0;5;"2022-11-23";"2024-01-15";10434
"09300822A0020";"93008";"AB";"62";8;5062;0;5;"2022-12-16";"2023-05-15";3366
"09302722A0004";"93027";"O";"381";8;2824;2222;2;"2022-04-15";;6014
"09304822B0107";"93048";"AJ";"310";3;7900;10454;2;"2022-10-25";;3740
"09305121C0057";"93051";;;4;8545;1772;5;"2022-03-17";"2024-02-15";0
"09305121C0071";"93051";"CM";"24";4;1899;4103;2;"2022-09-28";;7737
"09305122C0066";"93051";"CH";"42";3;4437;0;5;"2022-10-28";"2024-01-25";5109
"09305322B0002";"93053";"L";"14";8;5748;0;2;"2022-06-23";;1805
"09305322B0010";"93053";"M";"92";6;26386;0;2;"2022-10-03";;21171
"09307021A0033";"93070";"H";"114";3;24942;0;2;"2022-05-04";;8152
"09307221A0025";"93072";"K";"283";6;9050;0;5;"2022-03-31";"2023-04-20";1431
"09307222A0002";"93072";"S";"531";6;3696;0;5;"2022-07-21";"2025-06-16";5945
"09307321C0111";"93073";"BE";"37";8;12869;0;5;"2022-04-27";"2022-08-08";500353
"09307321C0117";"93073";"B";"769P";8;5650;0;5;"2022-04-05";"2022-06-20";20720
"09307322C0022";"93073";"C";"1065";6;20912;0;5;"2022-08-08";"2023-01-02";22159
"09402822C1022";"94028";"AZ";"410";3;1681;0;2;"2022-09-29";;1168
"09403721W1021";"94037";"I";"106";3;6620;4354;5;"2022-05-24";"2022-08-01";1512
"09403722W1009";"94037";"G";"82";3;17245;9756;5;"2022-11-09";"2023-09-11";5060
"0940412101065";"94041";"AY";"146";3;18958;0;5;"2022-08-01";"2022-12-22";9284
"0940412201028";"94041";"E";"14";3;20805;0;2;"2022-08-19";;8273
"09404322W1006";"94043";"M";"199";3;2675;1135;2;"2022-09-16";;1595
"09404421C1045";"94044";"AB";"1";3;1774;0;2;"2022-04-19";;3347
"09404421C1046";"94044";;;6;4000;0;2;"2022-04-01";;9461
"09407121C0036";"94071";"AZ";"623";6;4581;0;5;"2022-01-17";"2024-02-05";10444
"09407122C0029";"94071";"AZ";"424";3;6318;0;2;"2022-12-29";;3541
"09407122C0039";"94071";"AZ";"679";3;1280;0;5;"2022-11-07";"2023-04-17";10440
"09407421C1019";"94074";"A";"855";8;18936;0;5;"2022-06-02";"2023-11-15";21037
"09407422C1005";"94074";"A";"703";8;2145;1319;2;"2022-05-10";;6025
"09407422C1009";"94074";"AD";"711";3;1230;0;5;"2022-08-18";"2025-03-01";2327
"09407722W0048";"94077";"AS";"556";3;1455;892;2;"2022-12-16";;1999
"0940782100034";"94078";"AO";"53";3;4302;0;2;"2022-05-10";;3402
"0940812100027";"94081";"DJ";"161";3;34275;0;2;"2022-07-28";;8062
"0940812100062";"94081";"AT";"9";3;8298;809;5;"2022-04-15";"2025-01-15";4861
"0940812100123";"94081";"CG";"419";3;8024;0;2;"2022-11-23";;1845
"09501821O0093";"95018";"CI";"1107";8;15094;9926;5;"2022-11-09";"2022-12-05";17116
"0950191900006";"95019";"AB";"216";3;1423;0;2;"2022-05-11";;0
"09505621B0026";"95056";;;8;7345;0;2;"2022-06-13";;0
"09505622B0004";"95056";"A";"179";8;1131;4900;2;"2022-06-13";;21780
"09512721U0021";"95127";;;4;1947;1101;2;"2022-03-10";;0
"09519922D0020";"95199";"C";"265";8;2684;0;5;"2022-06-30";"2022-09-12";21979
"09521821U0039";"95218";"AY";"78";4;3539;0;5;"2022-01-05";"2022-01-10";12298
"09521822U0015";"95218";"AY";"15";6;4389;22734;2;"2022-12-26";;72212
"0952882180042";"95288";"AE";"586";8;2242;0;2;"2022-02-21";;2508
"0952882180051";"95288";"AE";"574";8;1040;0;2;"2022-03-14";;1656
"0952882280018";"95288";"AE";"628";8;5593;0;2;"2022-11-23";;6102
"09532322O0006";"95323";"ZI";"696";6;1217;0;5;"2022-10-21";"2023-05-30";12564
"0953512200001";"95351";"AK";"231";8;1619;0;2;"2022-07-29";;6701
"0953512200004";"95351";"E";"875";3;9326;0;5;"2022-11-02";"2023-04-06";17704
"09548721H0035";"95487";"ZA";"144";4;4594;0;2;"2022-06-07";;9736
"09548722H0014";"95487";"AD";"72";4;2868;7497;2;"2022-10-07";;2523
"09548722H0027";"95487";"AC";"287";8;2439;0;5;"2022-12-19";"2023-06-12";26135
"0955272100020";"95527";;;6;9157;0;5;"2022-04-11";"2022-10-24";0
"0955272200011";"95527";;;8;1020;0;2;"2022-08-03";;0
"09557221U0024";"95572";"BB";"1";8;2324;29679;5;"2022-02-11";"2022-12-05";64221
"09557222U0009";"95572";"AB";"1";6;3977;14498;5;"2022-06-28";"2022-10-10";51213
"09558522O0026";"95585";"AS";"85";8;1784;3671;5;"2022-12-09";"2024-01-12";13206
"0956122200008";"95612";"AB";"408";8;3510;0;2;"2022-10-18";;8109
"09565221C0026";"95652";"C";"1584";8;1190;0;2;"2022-05-24";;2550
"9711012131105";"97101";"BW";"443";3;1240;0;2;"2022-04-21";;935
"97110322R1002";"97103";"AO";"150";3;2062;0;2;"2022-05-12";;3282
"9711092110018";"97109";"AR";"519";8;2642;2531;2;"2022-10-11";;7669
"97111321G0066";"97113";"AC";"189";4;1162;11155;2;"2022-04-29";;40400
"97111322G0060";"97113";"BX";"1632";4;1639;0;2;"2022-08-11";;30971
"9711202131009";"97120";"AK";"193";4;1242;0;2;"2022-08-04";;613
"97112521SF281";"97125";"BC";"486";3;2103;0;5;"2022-05-11";"2022-10-17";2986
"9711282121102";"97128";"AI";"2467";4;1635;0;2;"2022-02-11";;3054
"97220721BR027";"97207";"C";"789";3;13392;0;2;"2022-11-04";;41063
"97220721BR094";"97207";"C";"514";8;6089;69089;5;"2022-03-23";"2022-11-28";6089
"97221321BR091";"97213";"K";"337";4;1187;600;2;"2022-02-01";;5419
"97221322BR003";"97213";"T";"71";8;2969;0;2;"2022-07-05";;7910
"97221322BR056";"97213";"AX";"707";4;1843;0;2;"2022-09-27";;38041
"97221322BR099";"97213";"AX";"974";8;3069;0;5;"2022-10-11";"2024-06-03";7352
"97222121BR124";"97221";"N";"851";4;4896;0;5;"2022-07-28";"2023-04-11";19996
"97222222BR031";"97222";"C";"1628";4;2534;2270;5;"2022-07-28";"2023-02-10";12331
"9733022110123";"97302";"RP";"13";8;1050;993;5;"2022-02-23";"2025-01-15";2999
"9733042210008";"97304";"AL";"55";8;1442;0;2;"2022-04-22";;3824
"9733062120001";"97306";"AI";"38";8;1868;0;2;"2022-01-11";;49998
"9733072110190";"97307";"AH";"1851";4;2866;30337;5;"2022-07-19";"2024-01-15";65450
"9733072210013";"97307";"AB";"1701";3;8277;0;2;"2022-06-02";;38340
"9733072210065";"97307";"AL";"2650";3;1135;0;2;"2022-09-13";;2790
"9733072210125";"97307";"BZ";"11";8;1072;0;5;"2022-09-30";"2023-09-01";17500
"9733092110152";"97309";"BH";"117";4;3000;0;5;"2022-07-06";"2023-07-01";16773
"9733112120043";"97311";"AI";"1348";4;9943;0;2;"2022-05-18";;42750
"9733112120066";"97311";"AL";"548";4;16857;0;2;"2022-10-24";;151070
"9733112220007";"97311";"AH";"188";3;9472;0;2;"2022-08-01";;19689
"9733112220026";"97311";"AL";"930";3;1451;0;2;"2022-08-01";;23747
"9733112220032";"97311";"AL";"1061";3;1014;0;2;"2022-08-12";;2537
"97440422A0083";"97404";"AM";"1091";8;1087;0;5;"2022-11-24";"2026-01-23";2139
"97440721A0102";"97407";"AY";"47";4;1572;2757;5;"2022-06-11";"2022-06-14";27652
"97440722A0013";"97407";"AV";"68";3;1687;0;2;"2022-05-03";;8860
"97440821A0204";"97408";"AP";"1207";3;1123;0;5;"2022-03-10";"2023-07-17";6567
"97440921A0232";"97409";"AB";"662";6;3863;25765;2;"2022-04-05";;0
"97441121A0398";"97411";"BL";"8";4;17274;7480;2;"2022-12-15";;14238
"97441121A0409";"97411";"BP";"921";3;1460;0;5;"2022-04-12";"2023-10-30";1439
"97441122A0135";"97411";;;3;2343;0;5;"2022-11-15";"2023-11-17";2872
"9744122200066";"97412";"BZ";"157";6;2835;0;2;"2022-11-23";;10944
"9744122200157";"97412";"BK";"119";8;1018;0;2;"2022-10-20";;1961
"97441322A0130";"97413";"DB";"430";8;1060;0;5;"2022-11-29";"2024-05-06";1550
"97441421A0248";"97414";"DH";"1344";4;2442;0;5;"2022-03-11";"2025-01-21";3831
"97441421A0386";"97414";"DH";"1334";3;3824;0;2;"2022-07-01";;2700
"97441422A0202";"97414";"DH";"1355";3;3001;0;2;"2022-12-01";;1964
"97441621A0576";"97416";"CR";"705";3;3695;0;2;"2022-04-29";;1404
"97441622A0102";"97416";"CR";"805";6;4250;0;5;"2022-08-25";"2026-01-19";19188
"97441622A0236";"97416";"CS";"1243";8;1576;0;5;"2022-12-26";"2023-12-11";2796
"97441622A0271";"97416";"CR";"1192";6;2600;0;2;"2022-12-01";;14033
"97441622A0377";"97416";"CR";"926";8;2576;0;2;"2022-12-23";;3630
"97441722A0030";"97417";"BC";"988";6;1314;2205;2;"2022-08-26";;8318
"97441821A0189";"97418";"BD";"424";4;5824;0;2;"2022-01-27";;0
"97441822A0087";"97418";"BD";"392";8;3199;0;2;"2022-08-22";;7335
"9766102200007";"97610";"AO";"213";6;2338;1390;2;"2022-05-14";;11608
"97661121A0171";"97611";"AP";"196";8;1205;0;2;"2022-03-07";;1729
"97661121A0185";"97611";"AT";"1014";8;1050;0;2;"2022-02-21";;3357
"97661122A0034";"97611";"AM";"271";8;3444;0;5;"2022-06-23";"2023-10-02";0
"97661122A0047";"97611";"AS";"135";3;3054;943;2;"2022-07-25";;11425
"97661122A0073";"97611";"BL";"258";3;1093;0;2;"2022-09-12";;612
"9766172200033";"97617";"AW";"40 P";3;2180;0;2;"2022-12-02";;3520
