"NUM_DAU";"COMM";"SEC_CADASTRE1";"NUM_CADASTRE1";"DESTINATION_PRINCIPALE";"SURF_LOC_CREEE";"SURF_LOC_AVANT";"ETAT_DAU";"DATE_REELLE_AUTORISATION";"DATE_REELLE_DOC";"SUPERFICIE_TERRAIN"
"00100419A1059";"01004";"AB";"575";4;1750;466;5;"2020-03-04";"2021-05-03";5259
"00103119H0008";"01031";"AE";"171";8;7773;6756;5;"2020-02-07";"2020-09-02";50134
"00103120H0005";"01031";"AH";"173";6;1046;7728;2;"2020-10-12";;15779
"00103420C0022";"01034";"0A";"1299";8;1087;1525;2;"2020-08-19";;8527
"00103420C0027";"01034";"AK";"529";3;2769;0;2;"2020-11-09";;3020
"00105320O0009";"01053";"AD";"773";3;4110;0;5;"2020-05-11";"2020-07-27";0
"00107220D0011";"01072";"ZA";"113";6;8812;0;5;"2020-09-05";"2020-11-16";44585
"00111420B0001";"01114";"ZC";"225";6;1911;1470;5;"2020-07-10";"2020-04-30";12363
"0011422000012";"01142";"AH";"1045";6;3363;0;5;"2020-11-16";"2021-03-01";6650
"00115919D0039";"01159";"ZH";"441";6;4380;0;2;"2020-03-30";;0
"00116019J0005";"01160";"AN";"259";4;63878;0;2;"2020-07-17";;29755
"00116019J0021";"01160";"AN";"35";4;1070;0;2;"2020-03-10";;0
"00117319J1038";"01173";"AI";"339";4;1148;31;5;"2020-07-15";"2020-12-14";3658
"00117319J1044";"01173";"AI";"753";3;1500;0;5;"2020-07-15";"2022-11-14";0
"00119619D0008";"01196";"0C";"2761";4;2288;4514;2;"2020-01-24";;32642
"00123220D0017";"01232";"WR";"153";6;1875;1531;2;"2020-07-31";;8775
"00124919A0056";"01249";"ZA";"261";8;2806;8340;5;"2020-01-09";"2021-08-27";22900
"00128819B0038";"01288";"ZC";"125";8;1822;0;2;"2020-02-18";;63759
"00135420J0014";"01354";"BK";"3";3;3209;0;2;"2020-09-25";;12379
"00137619A0017";"01376";"AI";"588";3;19740;10551;5;"2020-03-09";"2021-02-01";35000
"00145119D0078";"01451";"BK";"116";3;1486;0;5;"2020-02-27";"2021-12-20";1307
"00145719D0029";"01457";"0A";"3461";6;1325;0;2;"2020-02-25";;53650
"00202819A0013";"02028";"ZM";"403";6;7714;24679;2;"2020-07-02";;103353
"00215720A0002";"02157";"ZA";"72";6;1614;0;2;"2020-09-24";;5156
"00269120W0011";"02691";"ZR";"160";6;6510;0;5;"2020-05-04";"2020-06-10";0
"00281519Q0005";"02815";"ZB";"47";3;1062;2354;5;"2020-02-11";"2021-04-21";19208
"00306020A0005";"03060";"AB";"12";8;5332;10544;5;"2020-12-15";"2021-04-14";41487
"00309320A0005";"03093";"ZE";"9";6;1495;1016;5;"2020-06-05";"2021-07-01";25362
"00309520A0003";"03095";"CL";"57";8;1695;0;5;"2020-04-30";"2021-04-12";8867
"00310120A0015";"03101";"AI";"476";8;1003;0;5;"2020-07-31";"2021-06-01";0
"00311820A0025";"03118";"XE";"88";3;1368;75;2;"2020-09-02";;13539
"00322020A0005";"03220";"YL";"86";6;1508;0;5;"2020-08-18";"2020-10-12";9183
"00322020A0008";"03220";"YM";"155";6;1031;6078;5;"2020-10-19";"2021-05-21";15307
"00324219A0006";"03242";"ZB";"70";6;2702;995;5;"2020-02-18";"2021-01-04";33686
"00326420A0008";"03264";"BE";"7";6;7930;64016;5;"2020-10-08";"2020-10-09";245931
"0032861900015";"03286";"YN";"14";3;4877;0;2;"2020-02-14";;0
"0040941900031";"04094";"ZC";"665";4;1036;0;5;"2020-05-14";"2022-07-25";3438
"00411120S0006";"04111";"D";"1145";6;1283;2053;2;"2020-09-21";;4338
"00513619H0006";"05136";"F";"965";4;1762;1337;5;"2020-03-20";"2020-03-20";12108
"00602920D0005";"06029";"BY";"14";4;5580;14155;5;"2020-10-23";"2021-01-15";16990
"00606920E0028";"06069";"BZ";"158";6;3233;13274;2;"2020-06-30";;31286
"00608520D0058";"06085";"AY";"330";3;2003;0;2;"2020-11-12";;1982
"00608819S0197";"06088";"OH";"18";3;2551;0;5;"2020-04-21";"2023-04-17";957
"00608819S0323";"06088";"NX";"183";3;4100;0;2;"2020-09-30";;1072
"00615219T0045";"06152";"AN";"36";3;5922;973;5;"2020-01-30";"2020-02-24";7840
"00615219T0062";"06152";"AE";"167";3;2210;0;5;"2020-10-08";"2021-12-13";16830
"00701020A0031";"07010";"BD";"137";6;1257;5819;5;"2020-11-03";"2020-11-06";9483
"00701319A0024";"07013";"D";"1279";6;1941;0;5;"2020-06-26";"2020-07-01";44875
"00701920D0017";"07019";"0D";"4472";8;1715;13532;2;"2020-08-06";;36287
"00704220C0009";"07042";"AK";"243";8;1200;0;5;"2020-05-28";"2021-01-07";6310
"00713819D0029";"07138";"AS";"297";8;1103;1308;5;"2020-02-24";"2020-07-20";6779
"00718120C0010";"07181";"AC";"335";8;2476;5323;5;"2020-10-31";"2024-11-05";0
"00722519A0021";"07225";"A";"992";4;2817;0;2;"2020-06-09";;12090
"00731620A0002";"07316";"ZE";"473";8;4845;1269;2;"2020-03-31";;8880
"00734920A0011";"07349";"AD";"127";6;1755;4050;5;"2020-12-09";"2021-01-04";18003
"00807620U0009";"08076";"C";"203";8;2062;0;5;"2020-09-22";"2022-05-01";4191
"00810519X0021";"08105";"BW";"390";4;1702;1100;2;"2020-07-03";;889
"00824419E0001";"08244";"C";"314";4;1609;2336;5;"2020-03-04";"2020-08-19";16930
"00828420A0007";"08284";"C";"2055";6;2607;0;2;"2020-12-29";;0
"00848018A0015";"08480";"X";"440";4;2923;35441;5;"2020-01-21";"2021-10-18";118108
"00919420A0003";"09194";"0E";"1232";3;2102;0;5;"2020-04-23";"2021-02-01";4117
"00922519K0077";"09225";"YB";"98";6;2000;0;5;"2020-02-24";"2020-04-14";152634
"00922520K0001";"09225";"YB";"10";6;7161;0;2;"2020-07-31";;30000
"00926420A0004";"09264";"0C";"621";3;1868;0;5;"2020-09-29";"2021-01-25";21611
"01008120I1006";"10081";"AL";"62";8;2100;0;2;"2020-11-24";;6070
"0101911900003";"10191";"ZM";"134";6;1075;1333;2;"2020-04-27";;5051
"01026819D0009";"10268";"F";"807";8;2759;683;2;"2020-01-17";;6023
"01028719C0006";"10287";"ZK";"113";8;1088;0;2;"2020-02-07";;21177
"01038019W0002";"10380";"ZK";"28";8;9832;0;2;"2020-05-25";;219222
"0103872000041";"10387";"AK";"613";4;1316;0;5;"2020-08-11";"2020-09-14";25871
"01106919R0144";"11069";"CW";"126";6;1040;12055;2;"2020-02-06";;43312
"01106920R0023";"11069";"PX";"2";4;1387;705;5;"2020-05-28";"2020-11-01";4074
"01120320S0001";"11203";"E";"965";8;3025;0;2;"2020-03-03";;33103
"01120320S0028";"11203";"E";"2042";8;1147;0;2;"2020-11-04";;2400
"01126219N0151";"11262";"DH";"161";4;1039;0;5;"2020-01-24";"2021-09-01";6558
"01126219N0203";"11262";"DK";"402";3;2237;0;2;"2020-01-13";;1789
"01126219N0235";"11262";"CX";"3";8;1423;0;5;"2020-02-03";"2020-05-25";3305
"01126219N0277";"11262";"DS";"260";3;4552;0;5;"2020-06-29";"2021-02-15";6411
"01135319L0005";"11353";"AR";"155";4;1779;1298;5;"2020-01-02";"2021-10-12";5885
"01139720D0004";"11397";"AP";"8P";6;5712;0;5;"2020-07-21";"2021-06-01";23510
"01203320G0024";"12033";"F";"432";6;1980;7049;5;"2020-11-05";"2020-11-06";6207
"01204720A1001";"12047";"ZH";"20";6;2482;448;5;"2020-04-20";"2020-06-15";24381
"01219820G0007";"12198";"BY";"185";6;1600;6150;2;"2020-09-15";;8036
"01224120A1024";"12241";"AC";"279";6;1866;7560;5;"2020-12-24";"2021-03-22";0
"01224419G0006";"12244";"C";"452";6;5845;0;5;"2020-03-16";"2022-01-04";102090
"01230519A1003";"12305";"AK";"234";6;22985;0;5;"2020-02-17";"2022-09-07";0
"01300119J0406";"13001";"HP";"822";3;6764;0;5;"2020-08-31";"2022-06-26";3680
"01300119J0413";"13001";"IZ";"34";3;1193;424;5;"2020-08-26";"2021-06-28";3128
"01300120J0029";"13001";"ID";"11";3;1990;377;5;"2020-11-23";"2021-02-09";10982
"01300120J0156";"13001";"KR";"42";3;4818;1670;2;"2020-12-18";;17320
"0130051900094";"13005";"CS";"465";8;1094;554;5;"2020-01-16";"2021-04-19";7512
"0130051900139";"13005";"DX";"95";8;2019;1268;5;"2020-02-27";"2020-07-02";4976
"0130051900145";"13005";"DW";"30";4;1548;0;5;"2020-01-30";"2020-05-26";1287
"01301020N0004";"13010";"BL";"58";6;1329;1507;2;"2020-12-16";;3517
"01301420F0026";"13014";"CX";"258";6;4500;0;5;"2020-10-14";"2020-11-16";19214
"0130151900043";"13015";"BS";"303";8;1094;0;5;"2020-01-24";"2020-12-07";2973
"0130152000041";"13015";"CM";"94";3;2778;403;2;"2020-12-22";;4793
"0130271900092";"13027";"AP";"156";8;1047;8889;5;"2020-01-20";"2021-04-05";16770
"01304519N0029";"13045";"AB";"236P";8;18827;0;2;"2020-06-17";;57453
"01304719G0081";"13047";"K";"1099";6;2500;4554;5;"2020-12-10";"2022-11-28";19500
"01305020M0010";"13050";"AE";"632";6;1414;4157;5;"2020-07-31";"2023-03-06";0
"0130511900057";"13051";"AC";"174";3;1034;0;5;"2020-02-10";"2021-01-01";0
"0130512000005";"13051";"AL";"484";3;1798;0;5;"2020-07-09";"2021-01-20";0
"01305420F0006";"13054";"AD";"12";3;1108;0;5;"2020-09-17";"2021-02-15";2388
"01305420F0013";"13054";"AA";"26";6;1123;12947;5;"2020-05-27";"2020-07-01";74437
"01305420F0014";"13054";"AA";"28";3;1352;133764;2;"2020-05-25";;0
"0132111900635";"13055";"C";"49";8;4939;250;5;"2020-01-24";"2022-02-01";2279
"0132141901004";"13055";"E";"101";4;1012;0;5;"2020-07-28";"2022-03-22";2000
"0132142000305";"13055";"A";"103";8;2412;3225;5;"2020-09-23";"2021-03-24";12904
"0132151900499";"13055";"H";"28";3;8729;0;5;"2020-02-14";"2021-04-09";2062
"01306220K0010";"13062";"AA";"5";8;1148;100;2;"2020-08-04";;347
"01307119C0123";"13071";"AM";"152";4;3190;0;2;"2020-10-30";;5776
"01307119C0133";"13071";"AL";"164";4;3683;622;2;"2020-09-22";;16489
"01307120C0034";"13071";"AL";"318";4;1470;1195;2;"2020-07-24";;7087
"01308719L0032";"13087";"AW";"111";8;5566;0;5;"2020-07-22";"2021-05-17";30602
"01308720L0020";"13087";"AX";"109P";8;32939;0;2;"2020-12-23";;81650
"01308720L0023";"13087";"AX";"233P";6;11947;0;5;"2020-12-14";"2022-10-17";31470
"01309119M0028";"13091";"BS";"16";4;2300;0;2;"2020-03-13";;6113
"01309720S0001";"13097";"AX";"156";4;1485;0;5;"2020-07-06";"2023-06-19";8907
"01310020P0050";"13100";"CT";"188";8;1603;0;5;"2020-11-30";"2021-06-28";4392
"01310319E0060";"13103";"CN";"631";8;1457;0;2;"2020-01-07";;14341
"01310319E0087";"13103";"CV";"269";4;5400;0;2;"2020-07-06";;12747
"01310319E0124";"13103";"CZ";"140";8;1110;17;5;"2020-03-19";"2021-01-04";3120
"01310820S0009";"13108";"F";"2059";8;3000;2278;5;"2020-08-21";"2021-04-26";26700
"01311019L0026";"13110";"CH";"339";8;1471;0;5;"2020-01-13";"2021-07-31";3617
"01311019L0038";"13110";"CH";"378";6;1119;0;5;"2020-07-23";"2021-04-01";3355
"01311019L0042";"13110";"CH";"300";4;4269;0;2;"2020-03-20";;12723
"01311019L0043";"13110";"CH";"344";4;7766;0;2;"2020-09-08";;0
"0131131900039";"13113";"BO";"109";3;1110;0;2;"2020-06-16";;7589
"01311719F0037";"13117";"AT";"600";8;1260;1910;2;"2020-03-06";;7655
"01411819R0137";"14118";"NC";"72";3;2429;0;2;"2020-02-13";;2575
"01416719P0023";"14167";"BI";"319";3;1844;0;2;"2020-03-13";;9163
"0141932000005";"14193";"A";"600";8;7735;0;5;"2020-12-21";"2021-02-01";29563
"01422820R0036";"14228";"ZE";"114";6;4411;6256;5;"2020-12-11";"2020-12-11";21527
"01424220P0002";"14242";"AD";"425";3;1278;0;5;"2020-11-30";"2021-09-06";3030
"01424220R0002";"14242";"AD";"425";3;1278;0;2;"2020-11-30";;3030
"01427120R0004";"14271";"AS";"19";4;2100;0;5;"2020-10-19";"2022-06-13";15223
"01431919P0005";"14319";;;8;2877;0;2;"2020-09-19";;8676
"01433319R0007";"14333";"AO";"94";8;18066;7607;5;"2020-02-28";"2021-12-09";77078
"01434120R0002";"14341";"BK";"230";3;1664;0;5;"2020-10-01";"2022-09-30";9214
"01434120R0003";"14341";"BK";"320";3;3530;0;2;"2020-09-24";;18601
"01443720R0024";"14437";"BP";"51";8;1491;0;5;"2020-12-15";"2021-03-31";8249
"01451419R0037";"14514";"ZB";"360";8;1003;2030;2;"2020-01-13";;5066
"01453820P0013";"14538";"Z";"255";8;3173;0;2;"2020-09-14";;162604
"01501420A0005";"15014";"C";"91";4;2361;333;2;"2020-09-21";;0
"01503320S0003";"15033";"F";"460";6;2826;0;2;"2020-10-27";;0
"01517520A0006";"15175";"BL";"107";6;2826;0;2;"2020-08-26";;18884
"01518719S0024";"15187";"AD";"207";6;2443;0;5;"2020-06-15";"2020-09-07";8177
"01526719A0057";"15267";"BB";"52";6;13027;0;2;"2020-03-18";;79851
"01602820W0015";"16028";"0F";"1164";6;1580;0;2;"2020-10-09";;4090
"01602820W0016";"16028";"AB";"340";8;1581;15227;5;"2020-11-06";"2021-03-29";49889
"01610219T0056";"16102";"BN";"22";4;1204;927;5;"2020-05-07";"2020-09-15";10794
"01613420N0001";"16134";"0B";"1173";6;1939;21704;5;"2020-07-20";"2020-09-01";0
"01613820C0020";"16138";"AH";"304";6;1141;2367;5;"2020-09-24";"2021-03-15";13474
"01615420C0016";"16154";"B";"262";6;1156;0;5;"2020-12-21";"2021-03-01";18181
"01617520W0004";"16175";"0A";"776";6;3090;0;5;"2020-09-10";"2020-12-03";28914
"01624420C0009";"16244";"AE";"450";6;2761;3713;5;"2020-10-21";"2020-10-22";37517
"01635920W0003";"16359";"ZA";"189";6;1331;0;5;"2020-10-30";"2020-11-16";20353
"01636620W0007";"16366";"AE";"17";6;1201;0;5;"2020-11-19";"2021-01-18";4817
"0170281900058";"17028";"AD";"587";8;2300;120170;2;"2020-03-17";;222650
"01704820V0002";"17048";"ZE";"81";6;6803;0;2;"2020-11-03";;112456
"01719220H0001";"17192";"AY";"81";6;1430;0;5;"2020-10-22";"2020-10-23";40079
"01722720H0002";"17227";"ZC";"10";8;4665;0;5;"2020-07-30";"2021-12-08";10380
"0172911900034";"17291";"ZH";"748";4;1570;820;2;"2020-03-24";;1506
"0172991900079";"17299";"CB";"140";6;3365;0;2;"2020-08-13";;40559
"0173002000078";"17300";"HL";"42";6;2550;0;5;"2020-08-07";"2022-03-01";2671
"01733120H0003";"17331";"ZD";"116";6;2078;0;5;"2020-07-23";"2023-07-17";25975
"01740920N0035";"17409";"D";"3173";3;1104;0;5;"2020-09-23";"2022-02-15";2237
"01741519P0102";"17415";"DT";"382";8;1539;2338;5;"2020-03-25";"2021-03-10";10224
"01741820H0001";"17418";"E";"803";8;1700;0;5;"2020-07-15";"2021-09-30";26980
"01744720A0021";"17447";"X";"335";8;2001;0;5;"2020-11-03";"2021-02-15";8904
"01746120N0038";"17461";"A";"2801";4;1199;0;2;"2020-09-26";;0
"01802320M0009";"18023";"ZC";"122";8;2540;2210;2;"2020-10-22";;18932
"01803320B0003";"18033";"ZM";"208";8;1275;0;2;"2020-03-03";;2971
"01803320B0049";"18033";"EK";"236";6;1576;5041;5;"2020-09-16";"2020-10-12";41160
"01803320B0093";"18033";"BN";"187";4;1285;0;2;"2020-11-18";;4217
"01813320D0003";"18133";"AD";"29";6;2515;66685;5;"2020-09-10";"2021-01-05";0
"01821120T0004";"18211";"AA";"159";6;1565;9000;5;"2020-10-02";"2020-11-16";15653
"0182702000001";"18270";"A";"16";8;3260;33480;2;"2020-07-21";;84105
"0182811900024";"18281";"AE";"226";8;1640;0;5;"2020-01-14";"2020-01-20";0
"01927519U0033";"19275";"BD";"120";8;1461;0;2;"2020-01-24";;5023
"02105419B0054";"21054";"AE";"362";4;1725;0;5;"2020-01-28";"2020-08-24";7107
"02105420B0041";"21054";"EK";"266";8;1144;0;5;"2020-10-07";"2021-03-24";2799
"02117119R0026";"21171";"ZB";"259";3;1384;0;5;"2020-06-11";"2020-10-09";3937
"02118520B0001";"21185";"ZA";"180";8;1155;0;5;"2020-04-09";"2020-06-01";13148
"02123119R0203";"21231";"HW";"2";3;9177;0;5;"2020-08-25";"2023-10-02";219300
"02123120R0041";"21231";"AE";"140";3;4800;0;5;"2020-09-29";"2022-01-03";12994
"02123120R0051";"21231";"AK";"297";3;8244;0;5;"2020-12-22";"2025-11-14";3832
"02127819R0032";"21278";"B";"181";3;2004;0;5;"2020-07-24";"2020-12-07";23722
"02129219D0021";"21292";"AK";"20";6;12243;26009;5;"2020-06-02";"2021-09-20";90370
"02135519R0081";"21355";"BY";"164";8;4108;0;5;"2020-06-15";"2020-09-28";74501
"02139019R0019";"21390";"BM";"585";8;1498;1519;2;"2020-04-22";;1526
"02144219B0009";"21442";"AO";"2";6;1690;960;5;"2020-03-11";"2020-04-22";6361
"02147420B0002";"21474";"ZC";"394";8;1984;0;5;"2020-07-02";"2020-12-07";86140
"02151519R0015";"21515";"ZL";"42";8;1562;0;5;"2020-05-26";"2021-11-08";71000
"02154020R0006";"21540";"ZM";"1";3;3738;0;5;"2020-10-28";"2020-10-30";173446
"02160619B0028";"21606";"ZI";"121";8;1445;155;2;"2020-03-09";;15127
"02203420C0006";"22034";"ZR";"105";8;1463;0;2;"2020-03-27";;6011
"02204419Q0026";"22044";"ZD";"232";8;1253;778;5;"2020-03-27";"2020-06-22";6757
"02205519Q0045";"22055";"AD";"1395";4;3532;8825;5;"2020-06-08";"2021-01-18";33794
"02209320F0063";"22093";"BE";"72";8;1240;6949;5;"2020-09-10";"2020-09-28";17650
"02209320F0111";"22093";"AN";"165";8;1368;86;5;"2020-10-12";"2021-06-16";5681
"02213519P0031";"22135";"ZR";"158";8;1991;450;5;"2020-03-09";"2020-06-15";0
"02219620C0004";"22196";"ZC";"226";3;1829;0;5;"2020-07-17";"2020-09-14";6535
"02220619D0004";"22206";"F";"91";8;58223;0;5;"2020-07-22";"2021-03-19";167036
"02221319C0026";"22213";"AL";"107";8;1247;11587;5;"2020-06-19";"2022-09-19";44007
"02221519Q0072";"22215";"BI";"253";8;1055;0;2;"2020-01-17";;29450
"02222519P0030";"22225";"AS";"25";4;2309;0;2;"2020-01-14";;11000
"02222520P0027";"22225";"ZE";"247";8;1110;1260;2;"2020-12-09";;7817
"02225820Q0012";"22258";"ZK";"165";6;1414;2060;5;"2020-08-20";"2020-10-20";8636
"02227819V0051";"22278";"CK";"397";3;1332;0;5;"2020-02-21";"2022-03-02";11250
"02227819V0075";"22278";"CK";"397";3;1698;0;2;"2020-03-06";;11250
"02227820V0023";"22278";"CM";"88";4;3232;5270;5;"2020-09-28";"2021-06-14";11360
"02227820V0050";"22278";"CI";"451";3;1027;0;5;"2020-11-13";"2021-03-29";3020
"02233919C0010";"22339";"D";"3104";4;1484;0;2;"2020-05-15";;343
"02236020Q0005";"22360";"AS";"64";4;3000;0;5;"2020-09-03";"2021-03-29";13252
"02237220Q0010";"22372";"ZB";"532";8;1400;0;2;"2020-06-12";;3246
"02238920Q0035";"22389";"AO";"7";6;1176;3627;2;"2020-11-10";;11759
"02309620G0004";"23096";"ZB";"152";4;1124;0;5;"2020-06-18";"2022-02-07";16430
"02318520A0005";"23185";"BL";"7";6;2068;400;5;"2020-10-19";"2020-10-20";34179
"02318920A0004";"23189";"AR";"125";8;1786;5566;2;"2020-07-17";;81934
"02403719C0119";"24037";"BE";"142";6;7652;0;2;"2020-02-27";;49062
"02429420R0035";"24294";"AE";"319";8;1349;0;5;"2020-04-28";"2022-04-29";53373
"02501120A0003";"25011";"ZA";"175";6;19013;0;2;"2020-09-07";;76919
"02505619B0187";"25056";"HS";"301";6;4501;1000;5;"2020-03-16";"2021-01-07";10729
"02505619B0188";"25056";"HS";"426";6;1150;0;5;"2020-03-16";"2021-01-07";0
"02505620B0060";"25056";"EN";"539";3;6572;0;2;"2020-11-12";;0
"02509720M0001";"25097";"ZA";"P1";3;1506;0;2;"2020-05-14";;11915
"02511219C0012";"25112";"AO";"54";4;5945;0;5;"2020-08-13";"2024-05-15";17900
"02514719C0011";"25147";"ZE";"140";6;2336;0;5;"2020-02-21";"2020-04-08";14500
"02524120N0002";"25241";"ZD";"97";6;2917;2251;2;"2020-11-18";;63934
"02527820V0007";"25278";"ZE";"66";8;1463;0;5;"2020-09-08";"2022-01-31";4198
"02538819K0035";"25388";"AM";"291";4;2310;3260;5;"2020-02-26";"2021-02-01";9688
"02546220P0025";"25462";"AX";"14";4;1531;0;5;"2020-11-04";"2021-01-06";16769
"02554720M0001";"25547";"AB";"174";4;1467;0;5;"2020-05-19";"2020-11-09";7352
"02557820V0015";"25578";"AP";"113";4;1480;0;2;"2020-10-01";;7349
"02557820V0021";"25578";"AP";"106";4;2121;0;5;"2020-09-10";"2021-07-05";15156
"0260022000011";"26002";"ZA";"483";6;2309;3321;2;"2020-05-29";;46280
"02600420V0004";"26004";"YC";"1095";3;4378;0;5;"2020-07-09";"2022-01-03";3505
"02600420V0015";"26004";"YC";"925";3;1118;0;2;"2020-09-29";;3992
"0260092000006";"26009";"A";"1788";6;1291;1368;5;"2020-07-02";"2021-01-12";32090
"02603420C0002";"26034";"ZE";"131";8;1135;0;2;"2020-06-16";;1733
"02603720V0006";"26037";"ZS";"158";6;1385;4437;2;"2020-06-08";;10620
"02605720V0020";"26057";"ZB";"678";6;1205;1093;5;"2020-11-18";"2021-03-01";10356
"02609619V0008";"26096";"ZS";"113";6;1794;0;5;"2020-02-27";"2020-06-01";6807
"02611619D0026";"26116";"0C";"1918";8;68671;0;5;"2020-02-17";"2020-07-15";361894
"02612419V0021";"26124";"ZC";"79";3;3987;3997;2;"2020-01-08";;5513
"02612419V0031";"26124";"ZC";"327";6;1392;0;2;"2020-02-13";;6925
"02612419V0034";"26124";"YC";"151";8;3740;0;5;"2020-03-23";"2020-09-20";0
"02612520D0001";"26125";"YE";"377";6;1491;0;2;"2020-03-30";;3405
"02617320V0005";"26173";"ZM";"74";8;3091;0;5;"2020-08-28";"2020-11-30";57231
"02619720V0012";"26197";;;6;1608;454;2;"2020-09-02";;0
"02623520P0037";"26235";"0T";"389";6;5939;0;2;"2020-12-30";;386605
"02623520P0041";"26235";"YD";"85";8;1242;378;2;"2020-12-07";;5391
"02625219V0039";"26252";"AB";"39";8;5336;5613;2;"2020-04-03";;46649
"0263251900061";"26325";"H";"495";8;9950;0;5;"2020-01-24";"2020-02-24";46115
"0263621900250";"26362";"CL";"102";4;1443;2780;5;"2020-03-06";"2020-11-01";9039
"0263622000011";"26362";"DO";"605";3;8218;0;5;"2020-09-02";"2021-06-01";6365
"0263622000103";"26362";"DO";"445";3;1459;1617;5;"2020-12-30";"2022-04-08";5352
"0271051900026";"27105";;;8;1049;4266;2;"2020-01-24";;10183
"02710820I0001";"27108";"AB";"110";6;1350;0;5;"2020-04-17";"2020-06-01";61108
"02711720Z0001";"27117";"ZD";"204";8;1213;0;2;"2020-10-08";;10366
"02720320F0004";"27203";"ZB";"429";8;2323;0;5;"2020-12-11";"2022-02-01";6397
"02722919O0088";"27229";"AR";"652";8;2335;0;5;"2020-03-16";"2020-07-02";24399
"02726320S0007";"27263";"ZB";"167";6;1135;0;5;"2020-11-02";"2021-05-01";4136
"0273781900005";"27378";"ZH";"37";8;8122;0;2;"2020-05-19";;96801
"0273782000002";"27378";"AW";"83";4;2145;5437;5;"2020-11-09";"2022-01-10";20429
"02748720A0001";"27487";"AE";"126";6;1572;3920;5;"2020-09-11";"2025-09-02";15070
"02756220X0018";"27562";"AO";"164";6;1267;0;2;"2020-10-12";;94377
"0275802000003";"27580";"ZA";"175";8;1144;288;2;"2020-09-10";;6767
"02768419F0014";"27684";"C";"430";8;9900;0;5;"2020-03-06";"2020-07-06";23000
"02770120H3053";"27701";"CV";"239";6;1376;2010;5;"2020-04-16";"2022-01-17";8633
"0280122010002";"28012";"XO";"48";6;1341;2079;2;"2020-03-06";;13001
"0280152000011";"28015";"AT";"13";6;1809;3231;2;"2020-08-24";;52399
"02805620B0006";"28056";"D";"592";6;1450;0;2;"2020-07-09";;1514
"0280851900076";"28085";"ZO";"251";8;3970;2528;5;"2020-02-11";"2020-09-24";17959
"0280982000005";"28098";"ZN";"121";8;1604;0;2;"2020-07-09";;5000
"02816820PC013";"28168";"ZI";"462";8;1770;0;2;"2020-11-03";;5831
"0281692000002";"28169";"A";"128";8;2000;47467;2;"2020-12-03";;293826
"0290191900165";"29019";"DY";"194";8;1028;0;5;"2020-01-07";"2021-02-16";1797
"0290191900185";"29019";;;4;1073;0;2;"2020-07-31";;0
"0290191900214";"29019";"IL";"442";3;1220;0;5;"2020-02-24";"2020-03-11";18862
"0290191900221";"29019";"KY";"44";6;1315;0;2;"2020-01-17";;415148
"0290192000015";"29019";"BN";"206";3;4027;1178;5;"2020-08-12";"2021-01-05";1958
"0290192000098";"29019";"DS";"249";4;3999;4067;5;"2020-10-14";"2021-02-15";17775
"0290192000116";"29019";"HZ";"141";3;6757;0;5;"2020-10-23";"2022-06-04";29520
"0290192000166";"29019";"IL";"440";3;1135;0;5;"2020-11-23";"2022-03-07";3147
"0290202000005";"29020";"YH";"31";8;16574;4470;5;"2020-08-18";"2021-03-31";67046
"0290242000018";"29024";"A";"1007";8;3213;8273;5;"2020-09-11";"2020-11-16";32501
"0290391900098";"29039";"ZN";"233";8;1798;0;2;"2020-05-28";;4901
"0290582000047";"29058";"DB";"35";6;1115;543;2;"2020-09-04";;2637
"0290582000066";"29058";"BR";"113";8;1190;450;5;"2020-09-29";"2021-08-12";3010
"0290682000024";"29068";;;6;1501;0;2;"2020-12-28";;0
"0290752000028";"29075";"H";"1951";3;1412;0;2;"2020-07-15";;12644
"0290752000088";"29075";"G";"2791";6;2327;0;5;"2020-12-10";"2021-03-08";15255
"0291051900045";"29105";"ZC";"280";6;9462;0;5;"2020-01-06";"2020-01-08";0
"0291052000008";"29105";"ZB";"390";6;2302;1680;5;"2020-07-17";"2020-09-21";0
"0291192000007";"29119";"AK";"29";8;2041;1955;2;"2020-09-25";;17405
"0291511900041";"29151";"AI";"342";6;10792;19300;2;"2020-01-07";;45195
"0291812000005";"29181";"ZR";"264";6;1683;0;5;"2020-04-20";"2020-06-22";0
"0292171900016";"29217";"B";"1435";6;2112;0;2;"2020-02-14";;14427
"0292321900185";"29232";"IP";"190";8;1910;3055;2;"2020-05-05";;21638
"0292472000017";"29247";"ZC";"13P";6;3895;0;5;"2020-07-24";"2020-08-24";18675
"0292541900014";"29254";"AO";"24";4;2174;339;5;"2020-05-26";"2020-12-01";0
"0292592000005";"29259";"BH";"630";8;1961;3229;5;"2020-04-23";"2021-09-13";10455
"02A00119D0029";"2A001";"0C";"494";8;1752;0;5;"2020-01-10";"2020-12-12";0
"02A00420A0027";"2A004";"BP";"386";3;1635;783;5;"2020-08-25";"2021-05-15";522
"02A13920R0037";"2A139";"AH";"338";8;1005;0;2;"2020-09-10";;0
"02A24720R0062";"2A247";"AK";"592";8;1050;0;5;"2020-04-27";"2020-08-24";9976
"02A24920N0001";"2A249";"B";"241";8;1200;0;2;"2020-03-03";;3000
"02A27119A0025";"2A271";"C";"2016";8;1940;0;2;"2020-01-08";;3545
"02A27120A0014";"2A271";"C";"2016";8;2320;0;5;"2020-08-13";"2023-06-12";3545
"02B03320A0003";"2B033";"BM";"963";3;1475;0;5;"2020-05-04";"2023-05-03";511
"02B03720N0002";"2B037";"C0";"1764";8;3000;0;5;"2020-09-20";"2022-04-20";0
"02B04220N0001";"2B042";"A0";"1265";8;1750;0;5;"2020-02-18";"2022-05-12";10000
"02B04220N0018";"2B042";"E0";"597";8;1069;2522;2;"2020-06-22";;19894
"02B09319B0051";"2B093";;;8;1384;0;5;"2020-04-22";"2021-10-11";4616
"02B09320B0024";"2B093";"A";"996";4;1554;0;2;"2020-10-02";;3656
"02B09619S0033";"2B096";"AR";"54";3;1070;0;5;"2020-02-14";"2020-05-11";5619
"02B12020N0015";"2B120";"B0";"2974";8;2032;0;2;"2020-09-15";;2794
"02B14820N0034";"2B148";"BH";"74";8;1011;1105;2;"2020-09-14";;0
"02B20720N0014";"2B207";"A";"2128";8;1390;2507;2;"2020-07-27";;0
"02B34119S0005";"2B341";"AB";"86";8;1858;30;2;"2020-02-19";;8730
"03000620V0004";"30006";"AH";"1";3;1414;1749;2;"2020-07-06";;0
"03000711C0118";"30007";"BW";"436";4;4679;0;2;"2020-04-27";;10543
"03000719C0157";"30007";"AS";"563";8;1300;1060;2;"2020-02-21";;4250
"03003219R0004";"30032";"BS";"1";8;41527;0;5;"2020-06-08";"2021-02-16";118391
"03012320P0001";"30123";"AR";"24";3;6225;0;5;"2020-03-12";"2021-02-15";22179
"03012520N0040";"30125";"AK";"247";8;9794;19575;2;"2020-12-11";;65561
"03018920P0039";"30189";"KL";"122";4;2221;0;2;"2020-09-09";;28959
"03025520N0014";"30255";"B";"43";4;1891;0;2;"2020-11-17";;11320
"03025819T0094";"30258";"B0";"1048";8;20118;0;5;"2020-02-07";"2020-11-23";55000
"03025819T0109";"30258";"B0";"847";6;14409;0;2;"2020-03-12";;47195
"03028420C0010";"30284";"AN";"534";6;1199;4502;5;"2020-09-03";"2021-02-18";408586
"03030519C0029";"30305";"AN";"9998";8;1255;0;2;"2020-02-03";;0
"03033420Z0040";"30334";"AN";"204";4;1601;221;2;"2020-10-31";;834
"03103220C0013";"31032";"ZK";"378";3;24965;0;5;"2020-09-03";"2022-06-01";44322
"03103319G0064";"31033";"AD";"102";8;1190;0;2;"2020-05-14";;50127
"03103520S0015";"31035";"AK";"52";6;1196;0;5;"2020-12-14";"2021-10-05";4590
"03104419C0066";"31044";"CH";"266";3;4428;0;5;"2020-07-30";"2022-01-10";4850
"03104420C0031";"31044";"CI";"41";3;4919;2580;2;"2020-10-31";;5783
"03105620C0017";"31056";"AH";"94";8;1339;3437;2;"2020-08-19";;21268
"03106919C0052";"31069";"BW";"129";3;6787;0;2;"2020-02-05";;0
"03106919C0058";"31069";"BW";"87";3;8438;0;2;"2020-06-23";;3638
"03106920C0020";"31069";"BN";"503";3;1224;2212;5;"2020-08-17";"2021-04-12";4592
"03110420G0002";"31104";"OA";"633";4;2116;0;2;"2020-11-05";;10138
"03110719G0061";"31107";"G";"2121";4;1270;0;2;"2020-01-14";;10989
"03110719G0077";"31107";"H";"1365";6;1177;0;5;"2020-05-12";"2021-02-08";8146
"03110719G0078";"31107";;;6;1220;0;2;"2020-03-09";;17724
"03111320C0008";"31113";"BK";"76";8;1200;0;5;"2020-06-30";"2021-02-10";8850
"03115020P0081";"31150";"AX";"1521";4;1330;0;2;"2020-11-10";;9919
"03116120S0004";"31161";"B";"235";8;7616;0;2;"2020-09-30";;20970
"03116919S0028";"31169";"ZK";"319";6;1527;1207;5;"2020-02-18";"2021-09-01";5570
"03118419C0022";"31184";"ZK";"115";6;2086;8529;2;"2020-07-20";;28022
"03122419P0005";"31224";"A";"698";4;3073;0;5;"2020-04-03";"2021-01-05";9405
"03124819Z0023";"31248";"AI";"244";4;1563;4645;2;"2020-02-24";;22574
"0312822000010";"31282";"AN";"640";3;2417;0;2;"2020-08-12";;3237
"03132420G0007";"31324";"AN";"40";6;1664;0;5;"2020-05-28";"2020-10-13";525534
"03138919C0013";"31389";"BA";"176";8;1843;470;5;"2020-01-13";"2020-11-09";2283
"03139519M0079";"31395";"EO";"70";4;3071;388;2;"2020-02-24";;6624
"03139520M0084";"31395";"AH";"38";8;1270;0;5;"2020-12-29";"2021-09-20";6691
"03142119Z0008";"31421";"AI";"50";8;1073;5480;5;"2020-01-20";"2021-08-30";12660
"03155519C0627";"31555";"AI";"60";3;14231;0;2;"2020-02-05";;20333
"03155519C0775";"31555";"AB";"100";6;13470;578100;2;"2020-01-28";;869817
"03155519C0805";"31555";"AH";"130";3;5137;0;2;"2020-03-16";;199403
"03155519C0810";"31555";"BC";"133";3;9885;0;5;"2020-02-12";"2025-02-11";28811
"03155519C0973";"31555";"BO";"106";3;5010;0;5;"2020-09-17";"2023-05-30";5713
"03155519C0981";"31555";"AD";"2";3;9485;0;5;"2020-06-04";"2020-09-16";29197
"03155519C0984";"31555";"AH";"144";6;1075;0;5;"2020-03-16";"2022-01-05";3447
"03155519C1010";"31555";"BI";"3";4;2137;0;5;"2020-07-02";"2020-09-09";225003
"03155520C0002";"31555";"BI";"3";8;2137;0;5;"2020-03-03";"2021-02-28";225003
"03155520C0010";"31555";"AX";"110";3;4200;0;2;"2020-04-27";;7318
"03155520C0214";"31555";"AC";"10";3;2799;0;2;"2020-07-02";;1450
"03155520C0294";"31555";"AX";"192";6;7003;3440;2;"2020-08-03";;12365
"03155520C0460";"31555";"BR";"62";3;1855;594;2;"2020-10-12";;4052
"03155520C0527";"31555";"AD";"276";3;2521;153;2;"2020-11-05";;1558
"03155719C0125";"31557";"AW";"22";3;9875;0;2;"2020-11-24";;4680
"03158219T0087";"31582";"B";"548";8;1025;0;2;"2020-03-10";;3225
"03213219L1042";"32132";"AI";"577";6;1152;0;5;"2020-04-28";"2020-10-19";13894
"03223319G1011";"32233";"C";"1444";6;1564;0;2;"2020-02-17";;7751
"03241220A1002";"32412";"AD";"120";6;1255;4584;5;"2020-09-23";"2022-08-16";31537
"03246220A1002";"32462";"AR";"19";8;1093;0;2;"2020-02-20";;7615
"03301519F0030";"33015";"ZD";"70";4;1911;0;5;"2020-07-10";"2021-05-31";7203
"03302319P0022";"33023";"C";"301";4;2820;0;5;"2020-02-07";"2020-02-12";8711
"03303220X0019";"33032";"AD";"2378";6;2274;0;2;"2020-10-22";;5886
"03305119K0150";"33051";"BO";"15";8;1504;0;2;"2020-03-16";;10770
"03305120K0049";"33051";"BO";"278";4;1688;1678;5;"2020-09-29";"2021-03-10";21407
"03306319Z0583";"33063";"SA";"43";3;1544;1342;2;"2020-03-17";;2036
"03306320Z0192";"33063";"RX";"57";3;1139;865;5;"2020-12-03";"2021-05-06";556
"03306320Z0214";"33063";"BZ";"216";4;1439;1593;5;"2020-09-10";"2021-03-31";58522
"03306320Z0381";"33063";"BS";"122";3;7419;2166;2;"2020-12-22";;9080
"03307320J0006";"33073";"Y";"2";6;4475;0;2;"2020-08-25";;706949
"03307519Z1109";"33075";"AO";"39";3;4210;0;5;"2020-09-10";"2021-11-15";2742
"03307520Z1059";"33075";"AB";"78";8;3786;0;2;"2020-11-12";;15126
"03309019Z0004";"33090";"B";"282";6;12313;0;5;"2020-03-23";"2020-07-01";152018
"03312220V1092";"33122";"D";"4650";8;2922;0;5;"2020-12-11";"2021-04-01";90924
"03316520X0032";"33165";"AD";"202";3;3120;0;5;"2020-12-30";"2021-09-27";6438
"03320019V0063";"33200";"AY";"366";8;2534;0;2;"2020-02-25";;0
"03320019V0066";"33200";"AY";"378";8;3339;0;5;"2020-02-13";"2021-03-15";0
"03320320S0060";"33203";"AX";"384";4;1740;2365;5;"2020-11-23";"2022-03-30";13518
"03320720F0016";"33207";"BD";"123";8;13132;0;5;"2020-09-16";"2023-12-11";61468
"03323320J0005";"33233";"ZN";"23";8;1463;0;2;"2020-11-05";;21895
"03323819R0117";"33238";"BO";"142";8;1160;6890;5;"2020-01-20";"2020-05-11";21532
"03327319Z0075";"33273";"AM";"174";3;1423;0;5;"2020-07-27";"2021-01-20";5562
"03327420P0016";"33274";"D";"1013";6;2747;4894;5;"2020-10-07";"2020-10-22";46673
"03327720W0006";"33277";"ZI";"5";8;1370;0;5;"2020-11-30";"2021-06-30";157650
"03328119Z0257";"33281";"AH";"935";3;4410;0;5;"2020-02-13";"2021-06-30";6022
"03328119Z0300";"33281";"HE";"22";3;2010;384;5;"2020-04-17";"2020-07-20";2384
"03328119Z0302";"33281";"AC";"254";8;4119;3748;2;"2020-04-17";;23756
"03328420K0145";"33284";"CT";"1296";3;1446;0;5;"2020-12-14";"2021-12-08";5185
"03330720P0012";"33307";"A";"1350";8;1400;560;5;"2020-11-05";"2021-02-01";0
"03331819Z1231";"33318";"BN";"213";8;1170;10108;5;"2020-02-18";"2020-11-02";21093
"03333020Z0025";"33330";"ZB";"196";6;4535;0;2;"2020-11-24";;12397
"03335120J0004";"33351";"YM";"369";8;1743;0;5;"2020-08-24";"2021-09-08";3845
"03335219P0011";"33352";"AV";"712";4;2122;0;5;"2020-06-09";"2020-09-16";0
"03336620J0008";"33366";"A";"1070";6;17189;0;5;"2020-06-09";"2020-10-05";68611
"03336620J0046";"33366";"A";"1040";8;5123;0;5;"2020-10-09";"2021-08-09";81458
"03339319F0070";"33393";"XA";"282";6;1074;0;5;"2020-03-10";"2020-04-13";8174
"03339720X0002";"33397";"BA";"43";4;1363;0;5;"2020-06-10";"2020-11-23";1948
"03344820P0003";"33448";"B";"1658";8;2285;0;5;"2020-06-09";"2020-09-21";5790
"03349620Z0003";"33496";"AL";"288";8;9542;0;5;"2020-07-31";"2021-04-20";36868
"03350619X0011";"33506";"ZI";"118";8;1477;0;5;"2020-01-09";"2020-03-09";3230
"03352920K0040";"33529";"HA";"14";8;1948;3423;5;"2020-05-12";"2020-09-10";8603
"03353520X0022";"33535";"AO";"3";8;1246;0;5;"2020-09-16";"2021-01-11";25735
"03353520X0023";"33535";"AO";"21";4;1771;0;2;"2020-11-12";;0
"03355019Z0166";"33550";"AS";"131";3;4181;0;5;"2020-12-04";"2023-05-15";165000
"03355019Z0167";"33550";;;3;2434;0;5;"2020-12-04";"2022-09-15";0
"03355019Z0168";"33550";;;4;2556;0;5;"2020-12-02";"2022-07-15";0
"03355019Z0191";"33550";"AS";"202";4;2577;3528;5;"2020-09-15";"2020-10-06";14500
"0340102000016";"34010";"AV";"63";8;1006;0;5;"2020-10-19";"2021-04-01";11500
"03402317V1052";"34023";"AP";"699";3;1420;0;2;"2020-03-12";;3286
"03403219T0199";"34032";"AH";"266";8;5000;0;5;"2020-03-26";"2021-05-17";25327
"03405720M0033";"34057";"AN";"102";3;2393;0;5;"2020-09-03";"2020-12-04";2900
"03409519M0029";"34095";"BA";"185";8;1850;0;5;"2020-03-05";"2020-11-12";5012
"03410820V0001";"34108";"AB";"130";8;1610;7990;5;"2020-07-22";"2021-10-13";32462
"03411619M0029";"34116";"BA";"6";3;1221;0;5;"2020-03-13";"2022-12-31";1608
"03412019M0016";"34120";"AK";"10";3;6712;3960;5;"2020-01-30";"2020-06-17";6399
"03412019M0026";"34120";"AK";"1";3;1521;1677;2;"2020-01-10";;5265
"03413420M0015";"34134";"BX";"79";3;1304;0;2;"2020-12-22";;0
"03415419A0113";"34154";"DL";"137";3;6266;0;5;"2020-10-09";"2021-04-15";9754
"03415720V0052";"34157";"BP";"53";8;3967;0;5;"2020-09-17";"2020-11-05";6858
"03419419C0020";"34194";"AK";"248";4;3284;0;5;"2020-01-10";"2021-01-04";5450
"03419819M0037";"34198";"AE";"59";3;9800;0;5;"2020-01-16";"2021-05-12";5901
"0342391900027";"34239";"AL";"204";4;2656;0;5;"2020-03-12";"2020-06-01";18967
"03427420M0006";"34274";"P";"130";6;2008;0;5;"2020-06-08";"2020-10-22";7592
"0343012070027";"34301";"AD";"326";8;2994;0;5;"2020-09-04";"2021-09-06";6257
"03431020H0007";"34310";"AW";"189";8;1107;0;2;"2020-09-30";;11
"03432020M0017";"34320";"AX";"91";8;1201;0;2;"2020-12-24";;3415
"03432119A0028";"34321";"C";"829";8;1469;0;2;"2020-01-21";;3116
"03432719M0030";"34327";"BB";"152";8;1848;0;2;"2020-01-07";;4515
"03432720M0025";"34327";"BB";"293";8;1101;13599;5;"2020-07-17";"2020-11-17";33843
"03433619Z0017";"34336";"AS";"284";6;1367;0;5;"2020-08-18";"2021-06-14";6500
"03433619Z0018";"34336";"AS";"278";4;2845;0;5;"2020-09-18";"2021-08-31";10357
"03501219W0040";"35012";"WD";"256";3;1996;0;5;"2020-01-23";"2021-11-15";2539
"0350211900009";"35021";"AB";"75";4;2045;0;2;"2020-03-17";;15818
"03505120A0031";"35051";"BB";"5";3;6097;3352;5;"2020-11-10";"2021-04-12";9625
"03512718W0069";"35127";"ZP";"491";4;6662;0;5;"2020-07-31";"2025-09-08";19995
"03515520W0004";"35155";"ZB";"102";8;1360;2591;2;"2020-10-16";;8913
"03520719P0027";"35207";"F1";"469";8;3558;0;2;"2020-02-25";;7044
"03521019M0044";"35210";"BI";"232";3;1251;4898;5;"2020-09-28";"2021-06-29";0
"03521020M0013";"35210";"E";"155";8;5944;0;5;"2020-11-02";"2021-05-03";13022
"0352302000001";"35230";"0C";"772";6;1623;9017;5;"2020-05-25";"2020-06-15";25206
"0352382010222";"35238";"KP";"279";8;1496;0;5;"2020-11-04";"2021-03-22";3614
"03527020B0002";"35270";"ZD";"130";6;5395;11990;5;"2020-09-18";"2020-12-01";5440
"03527820U0004";"35278";"AM";"22";3;1352;445;2;"2020-07-06";;1420
"03528820A0068";"35288";"YA";"149";8;2901;0;5;"2020-08-10";"2020-12-05";7609
"03529720B0013";"35297";"ZV";"8605";4;1340;1128;5;"2020-10-16";"2021-02-17";16077
"03611620N0001";"36116";;;8;1590;0;5;"2020-01-30";"2020-10-10";0
"03612719S0009";"36127";"ZK";"178";8;1076;0;5;"2020-07-03";"2020-09-03";8295
"0370111920010";"37011";"AB";"1388";6;1049;0;2;"2020-06-26";;0
"03702720D0005";"37027";"ZM";"206";4;1780;3719;2;"2020-06-04";;13875
"0370532030001";"37053";"C";"2845";6;1111;2197;5;"2020-05-05";"2020-05-25";289835
"03715619C0076";"37156";"AP";"126";4;1969;1119;5;"2020-03-18";"2020-07-06";9212
"03717219N0026";"37172";"AW";"186";6;2256;0;2;"2020-01-29";;6595
"0372141900083";"37214";"BP";"273";4;1203;0;5;"2020-03-02";"2020-07-30";9524
"0372261940015";"37226";"ZY";"314";4;1756;0;2;"2020-08-19";;12035
"0372331900021";"37233";"AX";"136";4;7740;0;2;"2020-03-16";;23021
"03725420H0008";"37254";"0A";"1230";6;10364;0;5;"2020-08-21";"2021-01-10";365337
"03726119T0101";"37261";"BI";"100";3;5206;0;5;"2020-01-27";"2020-07-04";19639
"0380132020020";"38013";"AO";"269";3;1707;1318;2;"2020-12-14";;6803
"0380852010023";"38085";"AM";"677";4;1930;0;2;"2020-10-31";;0
"0381282020004";"38128";"0F";"229";6;1395;3082;5;"2020-07-13";"2020-11-16";4163
"0381382010007";"38138";"AB";"723";6;1208;2535;2;"2020-11-26";;7615
"0381402010025";"38140";"AZ";"71";6;9935;29624;5;"2020-10-09";"2021-07-15";200000
"0381572010016";"38157";"AB";"409";6;2959;0;2;"2020-12-30";;14820
"0381972010014";"38197";"0A";"57";8;9997;0;2;"2020-10-08";;0
"0381982010007";"38198";"ZE";"184";8;1249;899;5;"2020-07-28";"2021-01-04";18495
"0382182010002";"38218";"ZE";"397";8;2671;0;5;"2020-04-27";"2023-02-20";4839
"0382391910028";"38239";"AI";"288";4;1920;0;5;"2020-02-26";"2021-01-08";31127
"0383171910011";"38317";"AP";"68";6;2313;0;5;"2020-02-04";"2021-05-01";5130
"0383171910012";"38317";"AB";"226";6;1918;51640;2;"2020-01-30";;63647
"0383171910015";"38317";"AN";"139";8;2035;1877;5;"2020-01-23";"2020-07-15";9765
"0383171910017";"38317";"AB";"226";3;1177;51640;2;"2020-02-25";;113509
"0383481910038";"38348";"AN";"202";8;1931;2300;2;"2020-08-13";;6905
"0383822010026";"38382";"AX";"76";8;1946;0;5;"2020-12-29";"2022-02-01";12959
"0383842010005";"38384";"ZE";"173";8;2359;2598;2;"2020-06-18";;10909
"0384491910010";"38449";"A";"1612";6;3614;0;2;"2020-01-20";;30021
"0384682010007";"38468";"AP";"828";8;1113;0;5;"2020-07-22";"2021-03-01";11397
"0384682010013";"38468";"AS";"1117";6;1152;550;2;"2020-09-21";;16812
"0384862010007";"38486";"C";"476";3;2144;450;2;"2020-10-05";;2200
"0385302010006";"38530";"B";"1570";8;1732;1318;5;"2020-07-30";"2020-10-12";7218
"0385602010001";"38560";"AD";"248";8;1240;0;2;"2020-07-31";;5925
"03900119D0008";"39001";"AK";"87";6;12600;0;5;"2020-01-16";"2021-06-01";274091
"03905620P0001";"39056";"ZD";"145";8;1521;4333;2;"2020-06-09";;14295
"03936220P0008";"39362";"AV";"469";4;1530;0;2;"2020-10-07";;0
"03946219D0001";"39462";"ZL";"10";8;68555;0;2;"2020-03-10";;424328
"03947520P0004";"39475";"AC";"30";6;1172;0;2;"2020-06-08";;45502
"03947820H0010";"39478";"AE";"177";4;1401;2058;2;"2020-11-25";;2716
"04000119S0026";"40001";"ZL";"77";4;2868;0;5;"2020-04-01";"2020-09-15";16512
"04013420C0013";"40134";"F";"210";6;3750;0;5;"2020-09-04";"2023-11-20";53772
"04018420M0048";"40184";"0N";"772";8;1090;0;5;"2020-09-03";"2021-03-15";8188
"04021720M0034";"40217";"AX";"1067";8;1718;2846;5;"2020-05-07";"2020-07-08";9809
"04021720M0096";"40217";"AB";"1246";3;1630;0;5;"2020-12-04";"2021-08-30";793
"04026120D0040";"40261";"AH";"14";6;1283;0;5;"2020-10-29";"2021-02-17";5000
"04028120F0022";"40281";"AI";"151";8;2395;0;5;"2020-06-17";"2020-10-12";8173
"04028819F0018";"40288";"AW";"118";6;1031;13690;2;"2020-05-18";;138710
"04031019X0130";"40310";"CR";"279";4;1155;2203;5;"2020-03-16";"2020-11-12";23061
"04101019N0008";"41010";"YD";"38";6;6061;0;2;"2020-03-12";;200370
"04104720A0005";"41047";"A";"1010";8;1110;7398;5;"2020-08-03";"2020-08-10";48062
"04110620W0009";"41106";"AN";"337";4;2103;0;5;"2020-10-22";"2020-10-28";6079
"04113619E0027";"41136";"AR";"522";4;2144;2687;5;"2020-11-30";"2021-05-31";11075
"04115420D0005";"41154";"ZS";"139";6;9994;0;5;"2020-12-29";"2021-04-19";82315
"04115819N0011";"41158";"ZM";"589";8;2418;0;5;"2020-03-17";"2020-04-08";41228
"04126919V0041";"41269";"CL";"51";3;1212;0;5;"2020-01-23";"2020-06-03";15914
"04200519A0073";"42005";"AE";"287";6;1719;0;2;"2020-03-16";;5939
"04200520A0035";"42005";"AH";"357";6;1650;0;2;"2020-09-17";;0
"0421031700024";"42103";"A";"287";3;1575;0;2;"2020-05-14";;8975
"04212319S0023";"42123";"E";"499";6;1586;0;2;"2020-01-14";;4894
"04212719M0010";"42127";"AE";"130";8;48828;0;5;"2020-03-03";"2022-03-24";0
"04216620R0004";"42166";"AC";"125";8;1064;1247;5;"2020-10-20";"2021-02-01";20158
"04218920L0006";"42189";"BH";"71";8;1202;0;2;"2020-07-01";;2458
"04220719S0088";"42207";"BN";"115";4;1595;530;5;"2020-10-27";"2023-02-20";0
"04221520C0005";"42215";"A";"1224";8;1694;0;2;"2020-09-14";;11299
"0422181900195";"42218";"CS";"195";3;2600;0;2;"2020-03-05";;2885
"0422181900217";"42218";"CP";"187";3;1742;60;2;"2020-04-16";;3504
"0422182000020";"42218";"CP";"172";8;2568;0;5;"2020-06-04";"2020-11-09";5270
"04230520S0003";"42305";"AO";"124";3;1028;0;2;"2020-04-15";;697
"04232319A0048";"42323";"ZI";"30";6;5703;7176;5;"2020-01-06";"2020-10-05";17010
"04233019S0023";"42330";"AD";"522";6;1923;0;5;"2020-01-24";"2021-04-19";9336
"04304619P0008";"43046";"AO";"333";4;2526;1075;5;"2020-05-20";"2021-03-15";7702
"04306220P0014";"43062";"AC";"343";6;12004;0;5;"2020-10-30";"2021-02-15";50187
"04315720P0006";"43157";"AK";"122";3;3202;0;5;"2020-10-05";"2024-11-26";6043
"04402020Y1098";"44020";"BS";"6";8;2603;0;2;"2020-11-19";;7802
"04402620Z1086";"44026";"BB";"104";8;1880;5342;5;"2020-11-30";"2021-03-05";11096
"04405120C1005";"44051";"XX";"53";8;3496;0;5;"2020-03-19";"2020-07-06";20000
"04406620E0039";"44066";"CD";"23";6;2655;0;2;"2020-08-13";;5858
"04406720F0041";"44067";"ZY";"134";8;1076;0;2;"2020-11-17";;22202
"04406920R1106";"44069";"YP";"439";6;2076;2819;2;"2020-10-22";;24251
"04407220S1081";"44072";"YR";"100";6;8135;28584;5;"2020-12-22";"2022-05-02";334325
"04407320E0054";"44073";"XN";"292";8;37741;37741;2;"2020-11-23";;88465
"04408119B1039";"44081";"AH";"20";4;1962;0;2;"2020-09-03";;22201
"04409820F1022";"44098";"YO";"77";8;1336;0;5;"2020-06-22";"2020-12-02";11407
"04410319T1048";"44103";"ZY";"234";8;1627;13638;2;"2020-01-16";;37980
"04410320T1012";"44103";"AT";"136";6;2200;3825;2;"2020-04-02";;13110
"04410320T1023";"44103";"BH";"58";8;1184;0;2;"2020-08-31";;137707
"04410320T1039";"44103";"BH";"58";6;10232;19557;5;"2020-09-14";"2020-11-23";137866
"04410320T1047";"44103";"AI";"344";8;1829;723;2;"2020-11-13";;7389
"04411419Z0119";"44114";"AX";"255";6;1403;1403;5;"2020-01-20";"2020-09-02";5026
"04413820N0001";"44138";"ZV";"136";8;2049;6247;5;"2020-04-28";"2020-05-05";30978
"04416219Z1077";"44162";"CV";"29";6;3182;3435;5;"2020-06-05";"2022-01-31";10712
"04416219Z1086";"44162";"CV";"29";6;2878;0;5;"2020-06-05";"2022-01-31";10712
"04417219Z0057";"44172";"AE";"112";4;1742;5696;5;"2020-07-22";"2021-05-03";17377
"04418419T1173";"44184";"HM";"896";8;3169;0;5;"2020-04-02";"2020-09-14";10089
"04418419T1206";"44184";"HO";"809";6;3295;26280;5;"2020-01-06";"2020-01-14";115401
"04418420T1018";"44184";"HO";"1081";4;2844;2778;5;"2020-06-17";"2021-06-28";9798
"04418720E1009";"44187";"YA";"33";6;2212;35146;5;"2020-03-17";"2020-12-07";181947
"04418820B1056";"44188";"AE";"138";8;1399;5195;2;"2020-10-08";;9454
"04419019Y1079";"44190";"CW";"5";3;6127;653;2;"2020-02-13";;6293
"04419020Y1038";"44190";"CX";"51";4;22539;0;5;"2020-12-08";"2025-05-19";6735
"04421319W1062";"44213";"AC";"28";6;1540;0;5;"2020-03-02";"2020-11-23";8491
"04500820Y0006";"45008";"YA";"76";8;1898;0;2;"2020-12-18";;13293
"04505019N0004";"45050";"AH";"346";6;1992;9182;5;"2020-05-14";"2021-04-14";31760
"04506219Y0008";"45062";"ZC";"17";6;2550;0;5;"2020-01-30";"2020-09-28";19298
"04509820Y0004";"45098";"AE";"63";6;1718;3501;2;"2020-05-07";;11530
"0451222000003";"45122";"I";"688";6;1278;0;2;"2020-09-08";;0
"04513719N0010";"45137";"ZV";"17";8;29610;0;5;"2020-03-16";"2021-12-08";69490
"0451471900055";"45147";"BL";"28";6;1303;8377;5;"2020-03-10";"2021-10-25";28698
"0451471900057";"45147";"BM";"552";6;3308;25064;5;"2020-02-20";"2020-02-20";100281
"0451471900064";"45147";"BM";"107";4;2871;5947;5;"2020-07-24";"2023-02-20";25565
"04517520F0006";"45175";"AH";"231";4;1122;0;5;"2020-11-20";"2021-04-19";16330
"04520319Y0011";"45203";"ZK";"162";4;1541;0;2;"2020-01-31";;4520
"04522919L0006";"45229";"AL";"111";6;1510;0;5;"2020-01-14";"2020-01-21";49409
"0452321920097";"45232";"BC";"370";4;7773;21408;5;"2020-04-17";"2022-01-31";60955
"04523419D0183";"45234";"CM";"499";4;2854;0;5;"2020-05-19";"2023-12-07";1725
"04524820Y0022";"45248";"AE";"65";6;1931;10144;5;"2020-10-01";"2020-11-06";31073
"04527219B0011";"45272";"AS";"171";3;2045;0;5;"2020-02-13";"2020-08-17";13636
"04527320J0013";"45273";"ZB";"102";6;9980;0;5;"2020-07-01";"2021-03-15";169661
"04528420E0014";"45284";"BL";"100";3;14037;13857;5;"2020-09-14";"2021-06-21";43274
"0461092090004";"46109";"A";"2314";8;1470;0;2;"2020-08-18";;5579
"0461972090001";"46197";"D";"781";6;1600;0;2;"2020-07-03";;17816
"04629720G0015";"46297";"OD";"2223";4;1462;0;5;"2020-07-03";"2021-03-23";9867
"04630119X0012";"46301";"B";"889";6;1642;1854;5;"2020-02-19";"2020-10-26";3728
"04705119A0022";"47051";"AL";"67";4;1045;1792;5;"2020-10-20";"2021-12-23";8631
"04705220G0025";"47052";"A";"133";6;4393;25073;5;"2020-12-10";"2021-03-08";336546
"04708320B0001";"47083";"B";"799";6;1074;3740;5;"2020-09-25";"2021-04-22";0
"04709119A0052";"47091";"AC";"188";4;4968;0;5;"2020-01-09";"2020-07-06";9718
"04711120K0005";"47111";"ZC";"88";8;5023;7395;2;"2020-12-17";;44060
"04718520C0017";"47185";"BH";"58";8;1683;2540;5;"2020-11-19";"2021-12-13";8958
"04722819M0006";"47228";;;6;2275;3470;2;"2020-02-14";;0
"04723820A0014";"47238";"ZE";"56";6;3050;0;5;"2020-09-25";"2020-11-04";0
"04901819M0046";"49018";"ZN";"37";3;6410;0;2;"2020-01-06";;7960
"04902019A0032";"49020";"ZC";"273";4;1730;89027;2;"2020-10-15";;223103
"0490212000014";"49021";"ZS";"191";6;6432;472;5;"2020-05-25";"2020-07-20";42000
"04902319H0156";"49023";"AV";"429";4;2572;0;5;"2020-01-13";"2024-12-18";26025
"04902320H0002";"49023";"B";"1362";6;19492;0;5;"2020-03-16";"2020-07-28";67019
"04902320H0058";"49023";"B";"1055";6;1123;1027;5;"2020-06-25";"2021-03-01";6015
"04909919C0133";"49099";"ET";"17";4;1076;1717;2;"2020-01-30";;333037
"04909920C0099";"49099";"AI";"274";6;1064;0;5;"2020-08-13";"2021-04-19";5500
"04912320M0051";"49123";"ZM";"716";4;1181;539;5;"2020-11-03";"2021-08-30";17175
"04921119C0013";"49211";"A";"515";6;2530;15314;5;"2020-05-29";"2021-10-04";3066
"04924620C0025";"49246";"AT";"896";4;1048;6282;5;"2020-12-16";"2022-01-31";0
"0493281900075";"49328";"CT";"142";4;1497;5220;5;"2020-03-16";"2024-01-08";25761
"04933120N0040";"49331";"A";"1016";6;1569;1993;2;"2020-09-21";;40314
"05000220W0002";"50002";"AR";"112";4;2393;1083;2;"2020-09-03";;5850
"05008720Q0007";"50087";"C";"1257";8;3102;0;2;"2020-09-14";;13014
"05013720J0001";"50137";"ZP";"160";6;3287;0;5;"2020-03-31";"2020-06-15";0
"05014520W0002";"50145";"A";"236";8;1564;0;5;"2020-06-29";"2020-08-31";39031
"05041120J0002";"50411";"ZI";"387";4;1324;0;5;"2020-07-02";"2020-12-01";8290
"05044419W0022";"50444";"AC";"208";4;2131;3913;5;"2020-04-02";"2020-06-22";11007
"05047420J0002";"50474";"C";"684";8;1810;0;5;"2020-05-07";"2020-07-07";0
"05053720W0002";"50537";"YA";"121";8;1455;0;5;"2020-11-17";"2021-01-25";4136
"05058220J0011";"50582";"F";"1221";6;1428;1150;5;"2020-11-30";"2021-03-19";12280
"05105519K0020";"51055";"ZR";"21";8;8706;31086;2;"2020-02-06";;94020
"05109919R0003";"51099";"YB";"29";8;1956;0;2;"2020-01-23";;240000
"05110519K0019";"51105";"ZW";"153";3;1592;0;5;"2020-01-23";"2020-01-27";13990
"05110519K0046";"51105";"ZW";"162";6;4427;0;5;"2020-03-12";"2020-08-27";15433
"05110519K0051";"51105";"ZW";"155";8;3283;0;2;"2020-08-18";;17803
"05110520K0010";"51105";"ZW";"6PP";8;1169;1553;5;"2020-03-12";"2020-05-18";10966
"05110520K0018";"51105";"ZO";"75";8;1261;0;2;"2020-08-20";;2768
"05110820A0013";"51108";"ZM";"440";6;10164;0;5;"2020-08-18";"2021-08-01";77875
"05117219J0024";"51172";"AM";"110";4;8369;3407;2;"2020-03-05";;15213
"05117219J0029";"51172";"AL";"211";4;1902;0;5;"2020-01-22";"2020-01-27";5758
"05117220J0015";"51172";"AH";"92";4;1606;0;5;"2020-09-21";"2021-02-15";8000
"05141319S0004";"51413";"Y";"440";8;2377;4666;2;"2020-01-07";;13237
"05141319S0005";"51413";"Y";"907";8;1080;0;5;"2020-01-23";"2021-03-31";10110
"05143119S0017";"51431";"B";"683";8;2017;21615;5;"2020-01-24";"2020-03-02";0
"05145419K0223";"51454";"BM";"113";8;1450;0;5;"2020-01-29";"2020-07-08";247137
"05145419K0241";"51454";"ZN";"295";4;1793;0;2;"2020-10-16";;4394
"05145419K0294";"51454";"T";"559";8;6000;9850;5;"2020-03-13";"2020-04-20";41956
"05149319K0004";"51493";"W";"39";3;5019;0;2;"2020-01-10";;10000
"05150619R0007";"51506";"ZB";"280";6;1795;0;2;"2020-02-18";;17145
"05150820B0001";"51508";"ZT";"16";8;6019;5180;2;"2020-10-02";;34050
"05153520D0006";"51535";"V";"262";8;1060;1266;5;"2020-10-09";"2020-11-16";53363
"05212120A0013";"52121";"AT";"474";4;2374;4156;5;"2020-12-15";"2021-01-05";33917
"0521232000003";"52123";"AI";"55";6;2048;0;5;"2020-09-10";"2020-10-19";6249
"05235320C0003";"52353";"ZI";"104";6;1492;13145;5;"2020-09-16";"2020-10-19";42464
"05301520M1003";"53015";"ZK";"21";8;1483;0;5;"2020-05-14";"2020-10-01";0
"05303420K1011";"53034";"AM";"177";8;1151;0;5;"2020-07-23";"2021-01-09";6200
"05303920K1012";"53039";"A";"2231";6;1099;644;5;"2020-11-09";"2021-02-15";5034
"05305420K1003";"53054";"AO";"44";8;1821;0;5;"2020-03-15";"2020-06-15";1544
"05305420K1015";"53054";"YI";"387";4;1121;0;2;"2020-08-07";;62456
"05305420K1048";"53054";"YI";"235";3;3607;1388;2;"2020-12-15";;0
"05306220B1013";"53062";"AD";"83";8;1145;2500;2;"2020-05-20";;7561
"05313020K1001";"53130";"AP";"262";8;1821;0;5;"2020-05-06";"2020-06-15";3272
"05313020K1027";"53130";"CX";"20";4;2802;0;5;"2020-06-03";"2024-01-01";0
"05314619M0015";"53146";"D";"2132";8;2808;0;5;"2020-06-15";"2020-09-02";30268
"05314720M0002";"53147";"YK";"2";6;2914;23623;5;"2020-02-26";"2020-10-15";0
"05320120K1035";"53201";"AT";"445";8;1108;0;5;"2020-09-02";"2021-01-22";4712
"05325320B1001";"53253";"ZL";"44";6;2280;11245;5;"2020-04-23";"2021-07-26";49417
"05405120B0002";"54051";"ZB";"154";6;15100;205112;2;"2020-07-30";;522701
"05406920E0005";"54069";"B";"359";4;1593;0;5;"2020-10-27";"2021-09-20";13958
"05408620T0001";"54086";;;6;1481;0;2;"2020-06-19";;0
"05415920L0022";"54159";"0F";"246";6;6276;0;2;"2020-12-23";;30825
"05423220T0015";"54232";"AC";"81";6;2116;1483;5;"2020-12-17";"2021-03-26";7243
"05430319L0004";"54303";"0C";"680";8;31273;0;5;"2020-02-24";"2020-10-14";109394
"0543041800019";"54304";"AO";"174";4;1460;1492;2;"2020-07-30";;10880
"05430420N0010";"54304";"AP";"94";4;3530;0;5;"2020-12-23";"2021-12-01";3702
"05432920L0029";"54329";"AH";"496";4;1092;0;2;"2020-05-15";;4359
"05439520R0026";"54395";;;3;6688;0;5;"2020-08-05";"2021-07-05";0
"05440020N0002";"54400";"X";"403";6;1125;365;5;"2020-08-10";"2021-02-18";9220
"05449820N0002";"54498";"AB";"141";8;1976;0;5;"2020-06-11";"2020-09-29";8326
"05452819T0033";"54528";"AH";"282";6;6704;524;2;"2020-01-03";;8325
"0554761900002";"55476";"AM";"30";4;2197;2353;2;"2020-08-01";;5670
"05549720A0002";"55497";"ZE";"77";6;4361;0;5;"2020-12-22";"2020-12-23";32562
"0555451900050";"55545";"BR";"183";4;2367;0;5;"2020-03-25";"2021-09-22";11949
"05603120T0027";"56031";"ZO";"258";8;1226;0;5;"2020-12-14";"2021-10-25";3028
"05603320K0007";"56033";"YL";"306";6;2125;5030;5;"2020-08-13";"2021-11-09";16862
"05603620L0016";"56036";"AH";"602";8;1473;0;5;"2020-06-17";"2021-04-01";2512
"05603620L0023";"56036";"YM";"219";4;1989;0;5;"2020-07-17";"2020-11-26";10596
"05607819L0144";"56078";"BC";"55";8;1383;0;2;"2020-09-03";;0
"05608320C0019";"56083";"BD";"183";6;6197;0;5;"2020-10-02";"2020-10-13";22178
"05609120K0006";"56091";"AE";"412";8;1069;1084;5;"2020-05-27";"2021-03-16";6339
"05610119L0045";"56101";"ZB";"319";8;2618;0;5;"2020-01-31";"2020-04-02";6002
"05610119L0064";"56101";"ZB";"380";8;1074;0;5;"2020-03-24";"2020-09-01";1075
"05615320Y0017";"56153";"YP";"89";8;2002;0;5;"2020-08-05";"2020-11-10";5878
"05616419Y0097";"56164";"B";"628";8;1355;0;2;"2020-02-05";;7130
"0561651900107";"56165";"AB";"326";4;2964;0;5;"2020-07-22";"2020-10-12";4726
"05617719T0049";"56177";"YE";"103";4;11678;0;5;"2020-06-15";"2024-05-14";95850
"05617719T0050";"56177";"YE";"103";4;5068;0;5;"2020-02-03";"2025-01-24";95850
"05617720T0052";"56177";"YV";"31";8;3324;3030;2;"2020-10-22";;27240
"05618620T0013";"56186";"AY";"875";4;2037;2439;5;"2020-12-17";"2023-02-06";8107
"05620619Y0106";"56206";"BA";"393";8;1751;1510;5;"2020-03-20";"2020-05-02";5785
"05622520K0003";"56225";"ZB";"240";6;11304;8460;5;"2020-11-12";"2021-03-26";119957
"05624619X0012";"56246";"AA";"36";6;1257;27775;2;"2020-02-12";;72749
"05625920Y0005";"56259";"A";"2144";8;1287;380;2;"2020-09-10";;3126
"05626019Y0246";"56260";"CD";"626";3;2443;0;5;"2020-02-07";"2020-08-01";3964
"05626020Y0109";"56260";"BI";"282";8;1373;0;5;"2020-12-14";"2021-08-06";3670
"05702820M0005";"57028";"05";"152";8;1055;0;2;"2020-12-11";;7512
"05703819N0016";"57038";"10";"911P";4;5782;0;5;"2020-02-27";"2025-01-14";14954
"05711920V0002";"57119";"8";"313";6;1012;0;2;"2020-07-30";;3607
"05712420N0011";"57124";"23";"128";6;1626;0;5;"2020-11-17";"2021-04-12";426876
"05717720V0004";"57177";"01";"239";6;5806;0;5;"2020-07-29";"2021-05-04";43069
"05721920M0004";"57219";"02";"253";8;3361;8814;5;"2020-10-23";"2020-11-02";15205
"05722120V0006";"57221";"29";"290";6;1174;0;2;"2020-09-09";;8435
"05722420S0001";"57224";"08";"10";6;2959;15980;5;"2020-11-13";"2022-06-01";40697
"05722720V0011";"57227";"47";"81";6;1270;2142;2;"2020-07-29";;12995
"05728720E0041";"57287";"25";"93";8;1345;4884;5;"2020-06-15";"2020-07-22";21171
"05728919S0010";"57289";"16";"76";8;21756;21796;5;"2020-03-03";"2020-03-30";95461
"05730319M0002";"57303";"A";"1959";8;3325;188;5;"2020-01-30";"2020-06-24";10674
"05730320M0001";"57303";"A";"1551";3;1192;0;5;"2020-07-29";"2020-11-30";7496
"05730320M0003";"57303";"A";"2400";4;1050;12464;2;"2020-08-21";;44583
"05747419N0011";"57474";"12";"638";4;2107;0;5;"2020-03-02";"2020-06-08";3776
"05751120M0010";"57511";"D";"1007";3;1634;0;5;"2020-08-22";"2022-06-27";4757
"05758919B0021";"57589";;;4;2113;0;2;"2020-08-21";;7485
"05760319N0003";"57603";"07";"7330";4;2117;0;5;"2020-02-27";"2025-01-14";5120
"05760620S0014";"57606";"47";"1580";6;1235;0;2;"2020-07-23";;0
"05760620S0015";"57606";"47";"1580";6;1344;0;5;"2020-07-23";"2020-12-15";0
"05760620S0024";"57606";"32";"326";3;2367;0;2;"2020-11-06";;16203
"05763019V0037";"57630";;;4;1507;0;5;"2020-02-27";"2021-05-10";0
"05766620E0003";"57666";"05";"601";3;1200;0;5;"2020-07-08";"2020-10-08";2647
"05767219E0128";"57672";"82";"182";4;1425;0;5;"2020-03-05";"2021-05-15";8202
"05767220E0140";"57672";"BY";"183";8;20386;0;5;"2020-10-27";"2021-03-08";0
"05767719M0006";"57677";"13";"42";8;1054;0;5;"2020-04-01";"2020-06-22";6631
"05773220B0001";"57732";"46";"43";8;2100;0;5;"2020-02-25";"2022-12-01";15350
"05809520H0005";"58095";"BN";"109";8;1488;435;5;"2020-08-28";"2022-03-01";2952
"05830319N0034";"58303";"AR";"127";4;1147;8517;2;"2020-09-07";;30060
"05830320N0008";"58303";"ZI";"189";6;1336;2822;5;"2020-07-20";"2020-09-10";10791
"05830320N0014";"58303";"AR";"165";4;1571;1467;2;"2020-10-26";;5631
"0590091900086";"59009";"NX";"11";3;7657;4391;2;"2020-02-25";;19135
"0590091900108";"59009";"NL";"344";3;1177;7232;5;"2020-05-19";"2021-03-10";5889
"0590092000052";"59009";"PA";"110";3;1040;44463;5;"2020-11-30";"2022-09-05";156000
"05908620A0008";"59086";"ZA";"238";6;1840;0;5;"2020-09-22";"2022-12-05";13870
"0590901900032";"59090";;;4;6873;3814;5;"2020-02-20";"2020-12-03";0
"05909419O0007";"59094";"AA";"16";8;95493;0;5;"2020-08-20";"2022-07-01";99664
"05909720O0003";"59097";"ZE";"70";3;1608;0;2;"2020-10-23";;38436
"05911219O0017";"59112";"AC";"331";3;4052;0;5;"2020-01-28";"2020-03-31";10407
"05911219O0018";"59112";"AC";"300";4;1371;980;5;"2020-02-06";"2021-06-01";3754
"05911220O0011";"59112";"AB";"344";6;1754;0;2;"2020-07-21";;9307
"05913919O0016";"59139";"BE";"1025";8;3085;4611;5;"2020-01-10";"2020-05-11";30087
"05913920O0032";"59139";"A";"161";6;5778;0;2;"2020-11-25";;146505
"05915220O0011";"59152";"AW";"21";6;9655;0;5;"2020-08-27";"2025-01-13";50158
"05917019O0020";"59170";"AD";"67";4;3290;0;5;"2020-04-29";"2020-04-29";18513
"05917219C0048";"59172";"AY";"252";4;1816;645;5;"2020-09-21";"2022-01-24";8531
"05917920C0005";"59179";"A";"1688";6;1262;5779;5;"2020-12-24";"2021-01-11";36050
"05918320A0035";"59183";"AB";"77";8;1073;0;2;"2020-11-16";;67745
"05922519K0038";"59225";"BC";"106";6;3426;39186;2;"2020-01-27";;88450
"05922520K0015";"59225";"BI";"105P";6;13539;0;5;"2020-12-24";"2021-10-18";30441
"05923319Z0004";"59233";"B";"130";8;1492;341;2;"2020-03-23";;12973
"05923420O0001";"59234";"B";"7455P";8;1191;0;2;"2020-07-09";;5514
"05925619M0010";"59256";"AB";"174";6;2224;0;5;"2020-03-19";"2020-09-01";12887
"05925619M0017";"59256";"AB";"176";8;3276;4765;5;"2020-03-19";"2021-06-01";16534
"05926220O0004";"59262";"ZA";"542";8;2130;0;5;"2020-12-02";"2021-01-25";5105
"05926819J0010";"59268";"A";"5851";4;1690;9759;5;"2020-07-20";"2022-09-20";38563
"05926919O0007";"59269";"ZO";"25";6;4006;17031;2;"2020-05-14";;52594
"05926920O0001";"59269";"ZO";"131";4;1515;0;2;"2020-10-08";;16097
"0592712000008";"59271";"AI";"319";8;4427;0;5;"2020-09-11";"2020-10-19";0
"05927320O0017";"59273";"AA";"46";6;6745;6745;5;"2020-10-12";"2020-10-19";21539
"05932419O0006";"59324";"A";"156";4;10892;0;2;"2020-01-24";;41012
"05932919O0015";"59329";"A";"933";8;45952;0;2;"2020-08-06";;455633
"05932919O0018";"59329";"ZE";"54";8;28697;0;5;"2020-06-18";"2024-01-15";57697
"05934320L0013";"59343";"AP";"55";8;2306;0;5;"2020-10-14";"2021-03-08";7481
"05935019O0189";"59350";"TN";"11";3;16617;0;5;"2020-11-19";"2022-06-20";5291
"05935019O0215";"59350";"C";"2618";4;2342;0;5;"2020-01-17";"2020-06-23";10498
"05935019O0368";"59350";"NW";"298";3;1851;8470;5;"2020-07-02";"2020-12-17";2548
"05935019O0379";"59350";"TD";"25";3;24147;0;2;"2020-08-26";;12993
"0593602000008";"59360";;;8;1673;4224;2;"2020-09-23";;0
"05936120C0002";"59361";"AL";"681";4;2300;1900;5;"2020-08-05";"2022-08-03";9357
"05937819O0052";"59378";"AH";"7";3;6873;12663;5;"2020-02-27";"2020-12-03";175593
"05937820O0012";"59378";"BL";"7";8;17303;71731;5;"2020-05-28";"2022-07-07";75348
"05938020A0035";"59380";"AB";"77";6;1073;0;2;"2020-10-15";;67745
"05939920O0014";"59399";"ZB";"102";8;1088;0;5;"2020-11-27";"2021-11-14";15258
"05941120B0002";"59411";"B";"107";8;2494;8822;2;"2020-08-11";;29093
"05941420O0002";"59414";"A";"3634";4;1677;0;2;"2020-07-02";;9500
"05944719A0032";"59447";"B";"8047";4;1931;1565;5;"2020-07-22";"2021-01-18";10221
"05947619O0007";"59476";"U";"602";4;3664;1109;2;"2020-08-20";;11558
"05948119Z0017";"59481";"AA";"106";8;2359;10615;2;"2020-07-13";;106366
"05948819O0011";"59488";"ZH";"249";8;1140;0;5;"2020-07-29";"2021-01-04";16812
"05949120C0006";"59491";"B";"377";3;1441;508;5;"2020-06-15";"2021-03-12";7781
"05950819A0041";"59508";"AT";"31";4;1174;0;5;"2020-06-15";"2020-10-19";2684
"0595121900093";"59512";"BE";"102";8;1371;0;2;"2020-02-18";;8778
"05952320L0013";"59523";"ZK";"245";3;1040;44463;5;"2020-12-03";"2022-03-01";53600
"05956919O0008";"59569";"BL";"114";4;6172;650;2;"2020-02-12";;27222
"05958120O0002";"59581";"YP";"46";6;2845;3933;5;"2020-07-15";"2020-10-13";32276
"05961619O5002";"59616";"BE";"103";4;2277;0;2;"2020-01-20";;11845
"0596502000027";"59650";"AO";"68";8;2419;0;2;"2020-08-27";;7043
"0596502000028";"59650";"AO";"68";8;2352;0;2;"2020-08-27";;6324
"0596502000029";"59650";"AO";"82";8;2753;0;2;"2020-08-27";;10244
"0596502000048";"59650";"AM";"445";3;1443;3086;5;"2020-12-16";"2021-06-15";6768
"05965620M0005";"59656";"A";"3167";8;1152;0;2;"2020-08-17";;16817
"05966320A0004";"59663";"ZH";"81";8;1500;0;2;"2020-05-11";;61052
"06001520T0001";"60015";"C";"1599";4;1521;1066;2;"2020-12-10";;9360
"06002919T0014";"60029";"AO";"6";8;1650;50187;2;"2020-03-05";;187502
"06002920T0005";"60029";"AO";"27";8;20986;0;2;"2020-12-08";;40490
"06006019T0003";"60060";"C";"689";8;1021;1499;5;"2020-10-21";"2021-03-20";27162
"06015919T0024";"60159";"E";"379";3;2360;0;2;"2020-01-30";;3450
"06017519T0023";"60175";"AT";"483";4;3093;0;5;"2020-04-07";"2021-09-01";4422
"06026520T0002";"60265";"ZE";"3";6;5635;4593;2;"2020-12-11";;52835
"06029520T0002";"60295";"A";"817";4;1544;1841;2;"2020-09-07";;9950
"06032519T0014";"60325";"AB";"6";4;1383;1368;5;"2020-01-07";"2020-06-29";2914
"06039819T0052";"60398";"ZB";"167";8;1576;680;5;"2020-02-25";"2020-06-10";5161
"06041419T0029";"60414";"AS";"85";6;1763;0;5;"2020-04-30";"2020-06-02";154117
"06043320T0002";"60433";"C";"755";8;2067;0;2;"2020-08-06";;5150
"06049419T0014";"60494";"AA";"13";8;1465;70695;2;"2020-01-10";;1602727
"06050020T0035";"60500";"Z";"395";8;3166;0;5;"2020-12-02";"2021-03-08";1429
"06058119T0014";"60581";"AE";"465";8;1489;0;2;"2020-03-05";;9084
"06066519T0007";"60665";"AL";"98";4;1383;1368;2;"2020-01-07";;2913
"06066520T0006";"60665";"ZI";"4";8;6061;0;2;"2020-12-07";;56193
"06116520A0003";"61165";"ZD";"27";6;5568;23764;5;"2020-05-29";"2020-09-14";191548
"06123419A0006";"61234";"AP";"226";6;1796;0;2;"2020-06-26";;39790
"06149020B0002";"61490";"ZH";"6";6;1301;0;2;"2020-08-18";;0
"06150520B0004";"61505";"ZA";"12";6;1301;0;2;"2020-08-18";;53240
"06150820B0003";"61508";"AO";"470";4;1572;1022;5;"2020-10-08";"2021-06-09";6326
"0620142000015";"62014";"ZA";"1";6;5247;4190;2;"2020-10-12";;1992
"0620402000006";"62040";"ZC";"225";8;14762;0;2;"2020-06-24";;32600
"0620591900001";"62059";"A";"503";4;1521;1350;5;"2020-01-27";"2020-07-27";6788
"0620592000002";"62059";"ZA";"66";8;2015;1264;2;"2020-10-16";;12335
"0621731900015";"62173";"ZC";"127";8;18781;0;2;"2020-03-18";;50755
"0621782000007";"62178";"AH";"806";6;1386;9603;2;"2020-12-02";;52614
"0621861900024";"62186";"AO";"107";8;1075;0;5;"2020-05-05";"2020-08-24";0
"0621932000006";"62193";"AE";"53";6;3740;74478;2;"2020-03-31";;187712
"0622042000007";"62204";"OD";"705";6;3446;6864;2;"2020-10-06";;30538
"0622402000002";"62240";"M";"122";8;5151;0;2;"2020-09-03";;2202
"0622791900020";"62279";"Y";"206";8;6940;19313;2;"2020-01-15";;71279
"0622882000001";"62288";"ZC";"10";8;2919;0;2;"2020-07-08";;135492
"0623502000003";"62350";"AC";"262";3;2455;0;2;"2020-08-27";;8693
"0624132000013";"62413";"AP";"930";8;20230;18214;5;"2020-11-05";"2021-04-01";0
"0624482000002";"62448";"B";"685";4;1635;0;2;"2020-07-24";;0
"0624572000005";"62457";"AC";"204";8;2000;3760;5;"2020-10-29";"2021-05-15";53455
"0624732000004";"62473";"AC";"391";8;1136;0;5;"2020-07-29";"2021-03-08";3329
"0624981900236";"62498";"AB";"686";6;1872;237;2;"2020-01-30";;264
"06250420L0003";"62504";"ZE";"103";8;1388;0;5;"2020-05-14";"2020-08-31";54864
"0626281900011";"62628";"AM";"636";8;3818;0;5;"2020-07-23";"2020-11-09";2912
"0627442000002";"62744";"AD";"472";8;1787;4135;5;"2020-06-19";"2021-02-01";23625
"0627532000006";"62753";"ZB";"387";8;1424;0;5;"2020-08-03";"2020-11-06";16923
"0627532000040";"62753";"AM";"127P";6;4169;0;2;"2020-11-17";;56826
"0627672000006";"62767";"AC";"449";4;2123;1048;5;"2020-09-12";"2021-04-12";11851
"0628201900011";"62820";"ZH";"106";6;15739;7997;5;"2020-11-24";"2021-02-09";22945
"0628652000010";"62865";"AL";"24P";6;4594;0;2;"2020-10-06";;16924
"0628732000002";"62873";"ZN";"92";6;6030;0;5;"2020-11-10";"2020-11-30";25460
"0628932000010";"62893";"AS";"80";4;1684;1954;5;"2020-11-12";"2021-09-06";6573
"0629071900021";"62907";"AI";"100";8;12638;32862;5;"2020-05-14";"2020-12-07";0
"06301419G0028";"63014";"BV";"32";4;1989;1634;2;"2020-02-17";;6060
"06305220V0006";"63052";"ZD";"124";8;1081;714;2;"2020-08-21";;10774
"06311319G0068";"63113";"DS";"481";8;1189;0;2;"2020-01-13";;3165
"06311320G0031";"63113";"BX";"144";8;1046;1925;2;"2020-11-25";;0
"06312420G0023";"63124";"CR";"18";8;1094;1025;5;"2020-07-30";"2020-10-12";5412
"06317820V0072";"63178";"AZ";"173";4;1477;0;2;"2020-12-23";;1837
"06322419R0014";"63224";"ZA";"297";4;1557;1105;5;"2020-03-17";"2022-05-02";8712
"06324519R0022";"63245";"AO";"210";4;4110;2911;2;"2020-11-26";;7602
"06326720T0006";"63267";"ZI";"410";8;1995;1800;2;"2020-09-21";;13076
"06330020R0040";"63300";"BN";"533";6;2038;65036;5;"2020-09-11";"2021-01-04";301421
"06330220G0004";"63302";"BB";"57";4;1472;406;5;"2020-12-29";"2021-05-06";5178
"06330220G0009";"63302";"BC";"75";8;3701;0;5;"2020-11-16";"2022-02-01";19453
"06332220R0010";"63322";"YN";"253";6;5616;0;5;"2020-09-24";"2021-01-11";69165
"06333520V0010";"63335";"ZL";"114";6;1340;0;5;"2020-12-08";"2021-03-12";5518
"06343019T0038";"63430";"BE";"60";4;6405;5410;2;"2020-01-23";;15159
"06406220L0063";"64062";"AN";"124";6;1509;0;2;"2020-10-01";;3479
"06409420B0014";"64094";"YL";"9";6;2610;200;5;"2020-12-18";"2021-01-04";9641
"06412519B0078";"64125";"BD";"129";3;3826;0;2;"2020-03-17";;22114
"06413219P0023";"64132";"AD";"203";3;3816;915;2;"2020-02-28";;5905
"06430020X1005";"64300";"AC";"419";6;3083;0;5;"2020-10-14";"2021-07-19";32671
"06434820P0024";"64348";"AK";"303";6;1691;0;5;"2020-12-17";"2021-02-01";6648
"06441019X1009";"64410";"AI";"40";6;1796;0;5;"2020-02-28";"2021-03-01";76330
"06441019X1010";"64410";"AC";"378";4;1050;1767;5;"2020-06-15";"2020-07-06";20972
"06443120X1001";"64431";"AC";"378";4;1050;1767;2;"2020-08-20";;110
"06451919P0061";"64519";"AT";"133";6;9721;4557;5;"2020-02-03";"2020-02-03";34722
"06455819B0054";"64558";"AC";"57";8;1014;0;5;"2020-05-05";"2020-10-05";0
"0652261900016";"65226";"0I";"1519";8;2410;0;2;"2020-01-21";;19863
"0652261900023";"65226";"0K";"1050";4;1296;906;5;"2020-05-18";"2021-03-01";2944
"0652262000010";"65226";"ZC";"136";4;1062;0;2;"2020-10-23";;10678
"0652262000021";"65226";"0I";"1597";8;3517;0;5;"2020-12-21";"2021-09-01";20041
"0652572000001";"65257";"0A";"1259";6;2985;0;5;"2020-07-27";"2022-07-01";0
"0652581900030";"65258";"BH";"151";4;1371;1000;5;"2020-02-21";"2021-02-28";17149
"0652842000004";"65284";"0A";"1259";6;2985;0;2;"2020-08-27";;8015
"0654401900073";"65440";"CL";"77";4;1100;4133;2;"2020-02-25";;23013
"06603719F0050";"66037";"BR";"222";4;1405;0;5;"2020-12-17";"2024-07-01";0
"06604919B0042";"66049";"AR";"163";8;1002;267;5;"2020-02-13";"2021-03-15";1268
"06613619P0258";"66136";"CW";"214";6;3746;4931;2;"2020-04-01";;37136
"06613620P0031";"66136";"HY";"951 P";8;1090;0;5;"2020-08-10";"2021-01-15";3374
"06613620P0117";"66136";"HX";"12";8;11270;0;2;"2020-09-23";;42920
"06613620P0127";"66136";"DH";"719";3;1936;0;5;"2020-10-02";"2022-09-09";4947
"06614120E0092";"66141";"AP";"487";3;2168;0;2;"2020-11-18";;3306
"06616420E0035";"66164";"F";"232";6;1912;0;5;"2020-09-02";"2021-06-28";11200
"06619619A0022";"66196";"AM";"242";8;1263;0;2;"2020-01-06";;13164
"06621019K0001";"66210";"A";"1757";4;1845;0;2;"2020-08-20";;5848
"06702820R0046";"67028";"01";"177";6;1189;0;5;"2020-12-04";"2021-05-20";7937
"06703319R0008";"67033";"17";"630";8;4024;0;5;"2020-03-16";"2021-04-06";27482
"06711220R0010";"67112";"57";"20";4;1125;0;5;"2020-12-04";"2021-04-06";103117
"06712419V0014";"67124";"10";"251";3;1527;11740;5;"2020-03-16";"2021-01-11";185038
"06712719R0010";"67127";"12";"100";6;3027;11403;5;"2020-03-12";"2021-02-15";39158
"06713720V0016";"67137";"19";"615";6;7166;95458;5;"2020-10-02";"2021-01-12";313810
"06718020M0080";"67180";;;8;1058;912;5;"2020-10-29";"2020-12-11";0
"06718420R0005";"67184";"15";"12";8;1545;0;5;"2020-09-07";"2021-02-11";458554
"06721219V0017";"67212";"31";"292";8;2108;0;2;"2020-02-12";;13989
"06721220V0012";"67212";"31";"289";8;2943;0;2;"2020-11-13";;6023
"06721620R0001";"67216";"19";"517";8;1038;0;2;"2020-05-26";;9000
"06728119R0041";"67281";"62";"82";6;1449;4886;2;"2020-03-25";;299985
"06728120R0037";"67281";"52";"289";4;1012;0;5;"2020-10-06";"2021-07-15";5494
"06730019R0033";"67300";"50";"452";8;11849;0;5;"2020-03-31";"2021-04-12";24750
"06730020R0002";"67300";"37";"236";6;3420;52115;5;"2020-02-11";"2020-02-13";100979
"06731120R0010";"67311";"45";"241";6;1826;0;2;"2020-09-01";;9388
"06732219R0005";"67322";"B";"901";8;2952;0;5;"2020-05-14";"2021-09-02";7173
"06732419R0017";"67324";"20";"20";6;2436;2509;5;"2020-01-10";"2020-06-05";26212
"06741119R0038";"67411";"06";"157";3;3820;3100;5;"2020-02-26";"2021-03-01";17750
"06744520R0004";"67445";"36";"247";6;2161;0;2;"2020-06-22";;8798
"06744520R0008";"67445";"36";"195";6;1920;4577;5;"2020-10-19";"2021-12-13";26436
"06744719M0014";"67447";"63";"151";3;7524;0;2;"2020-01-06";;5891
"06745819R0017";"67458";"29";"56";4;1138;718;5;"2020-02-12";"2020-10-05";2909
"06747420R0011";"67474";"37";"522";8;1154;1275;5;"2020-09-17";"2021-02-10";6300
"06748219V0175";"67482";"HZ";"193";6;1713;5289;5;"2020-04-22";"2020-05-12";40789
"06748219V0179";"67482";"KA";"213";3;7813;0;2;"2020-02-20";;15895
"06748219V0278";"67482";"KA";"64";6;7237;28328;5;"2020-05-15";"2022-10-15";69650
"06748219V0299";"67482";"IC";"148";8;1411;0;2;"2020-02-04";;0
"06748220V0085";"67482";"HZ";"199";3;2306;0;5;"2020-11-23";"2023-11-13";5004
"06748220V0090";"67482";"LD";"280";4;1185;0;5;"2020-12-17";"2021-04-22";113189
"06750620V0025";"67506";"55";"338";6;1826;0;5;"2020-11-25";"2021-06-01";5330
"06751919V0023";"67519";"47";"95";4;1182;5417;2;"2020-06-11";;14857
"06752019R0022";"67520";"05";"100";8;2158;522;5;"2020-11-26";"2022-11-14";12721
"06754819R0016";"67548";"19";"304";4;1532;0;5;"2020-03-02";"2021-03-22";13390
"06800420E0007";"68004";"27";"94";6;1151;5600;5;"2020-11-30";"2020-12-16";160700
"06802020D0010";"68020";"31";"180";6;1108;0;5;"2020-11-30";"2021-08-02";290105
"06805620D0004";"68056";"15";"471";8;1180;0;5;"2020-08-03";"2021-03-26";2611
"06805620D0031";"68056";"15";"455";8;1014;0;5;"2020-11-05";"2021-11-02";4335
"06805919F0010";"68059";"59";"288";8;5934;4760;5;"2020-01-30";"2020-04-06";52846
"06806619R0118";"68066";"ID";"168";6;1618;3690;5;"2020-06-26";"2021-02-22";12000
"06806619R0161";"68066";;;6;1242;795;5;"2020-06-29";"2021-02-08";0
"06806620R0026";"68066";"LI";"194";8;1604;0;2;"2020-06-30";;3068
"06806620R0041";"68066";"IL";"226";6;1020;0;5;"2020-08-11";"2021-03-05";5754
"06806620R0081";"68066";"MB";"1";6;1306;19495;5;"2020-12-23";"2021-04-16";35389
"06806620R0093";"68066";"IC";"278";6;4141;14018;5;"2020-10-06";"2021-03-01";99735
"06808219B0022";"68082";"48";"50";8;189081;0;2;"2020-07-21";;0
"06822419S0097";"68224";"HK";"4";4;2257;2184;2;"2020-10-05";;128257
"06822420S0018";"68224";"IL";"37";8;5982;0;5;"2020-07-15";"2020-09-01";40984
"06823520B0002";"68235";"50";"630";6;1027;0;5;"2020-10-21";"2021-09-20";2573
"06825320U0006";"68253";"11";"96";8;1275;0;5;"2020-11-13";"2022-09-19";118386
"06825320U0007";"68253";"19";"354";6;6599;0;2;"2020-11-02";;24000
"06825620D0015";"68256";"24";"107";4;1554;0;5;"2020-11-30";"2021-04-13";0
"06826920C0015";"68269";"09";"555";8;1250;12895;2;"2020-08-24";;22013
"06829520R0016";"68295";;;3;5314;0;2;"2020-11-23";;0
"06830019D0028";"68300";"13";"373";4;1397;0;5;"2020-07-17";"2021-05-03";4000
"06834720E0001";"68347";"07";"117";8;2317;0;2;"2020-07-23";;10000
"06836519A0011";"68365";;;3;1231;0;2;"2020-07-06";;0
"0690191900143";"69019";"AN";"218";8;1099;0;5;"2020-04-28";"2020-09-10";0
"0690271900017";"69027";"AY";"45";8;1811;17785;5;"2020-03-11";"2020-11-30";0
"0690291900042";"69029";"A";"1071";3;2774;0;2;"2020-02-04";;3278
"0690342000017";"69034";"AV";"170";3;1249;1146;2;"2020-12-14";;2495
"0690432000013";"69043";"AD";"430";6;2237;0;5;"2020-11-16";"2021-01-21";9579
"0690432000020";"69043";"AC";"618";8;1600;0;2;"2020-11-23";;6143
"0690591900013";"69059";"0A";"1710";4;1480;1086;2;"2020-09-03";;5572
"0690701900013";"69070";"A";"614";6;3366;1897;2;"2020-01-02";;13214
"0690722000009";"69072";"AV";"39";3;2808;0;5;"2020-09-09";"2022-01-27";2381
"0690722000011";"69072";"AO";"75";6;2242;0;5;"2020-08-24";"2022-03-21";39753
"0690722000012";"69072";"AO";"75";6;1980;0;5;"2020-08-24";"2022-03-21";39753
"0690762000030";"69076";"BB";"59";8;2207;0;5;"2020-10-27";"2021-02-08";3974
"0690852000001";"69085";"AM";"11";6;1281;9107;5;"2020-10-29";"2020-10-30";33040
"0690962000016";"69096";"AS";"107";8;23322;18233;5;"2020-10-02";"2022-05-24";51783
"0691162000015";"69116";"H";"742";4;2091;0;5;"2020-12-28";"2021-10-04";5723
"0691172000012";"69117";"B";"2076";6;1299;0;5;"2020-09-24";"2021-03-23";1769
"0693831900105";"69123";"AS";"13";3;2460;1007;5;"2020-02-27";"2021-08-02";1264
"0693831900317";"69123";"DR";"177";3;4765;14007;5;"2020-03-11";"2020-09-21";3290
"0693831900404";"69123";"AR";"17";3;27361;0;5;"2020-12-22";"2024-01-03";9562
"0693831900416";"69123";"DO";"75";3;2633;0;5;"2020-06-25";"2022-08-22";1036
"0693841900330";"69123";"AP";"119";3;2913;4343;2;"2020-07-20";;3247
"0693861900332";"69123";"AX";"119";3;4445;1895;5;"2020-06-12";"2021-09-01";874
"0693862000225";"69123";"AI";"46";3;1079;5387;2;"2020-12-22";;1768
"0693871900301";"69123";"BK";"202";3;6453;803;5;"2020-05-15";"2020-08-24";5016
"0693872000109";"69123";"BN";"94";3;1047;6797;2;"2020-11-23";;1947
"0691272000015";"69127";"AO";"100";6;1450;206398;2;"2020-11-30";;168380
"0691311900033";"69131";"0B";"2612";6;2181;0;2;"2020-04-24";;0
"0691791900030";"69179";"0D";"3";8;11658;0;5;"2020-08-03";"2021-04-01";66468
"0692041900067";"69204";"AM";"64";3;1122;3789;5;"2020-06-09";"2021-03-01";9209
"0692042000016";"69204";"BB";"77";3;1714;3272;5;"2020-08-21";"2021-01-18";9854
"0692382000013";"69238";"AH";"624";8;2597;237;5;"2020-12-02";"2023-03-01";8674
"0692432000006";"69243";"AX";"61";6;2231;5503;5;"2020-07-15";"2020-07-16";11214
"0692482000001";"69248";"AN";"348";4;1458;0;2;"2020-07-30";;8990
"0692502000030";"69250";"AT";"48";4;1567;5975;5;"2020-12-21";"2022-02-16";10630
"0692562000049";"69256";"BO";"114";6;2846;0;5;"2020-12-31";"2021-06-01";16258
"0692592000001";"69259";"AK";"77";3;5354;0;5;"2020-06-19";"2020-10-19";0
"0692592000002";"69259";"AH";"27";3;6400;0;5;"2020-07-24";"2020-11-02";13654
"0692592000008";"69259";"CP";"67";6;3253;7020;5;"2020-08-06";"2020-09-07";18107
"0692592000020";"69259";"CS";"30";6;2402;897;5;"2020-11-23";"2021-01-11";5928
"0692661900114";"69266";"BN";"233";3;4495;1895;5;"2020-06-25";"2021-09-01";853
"0692661900136";"69266";"CA";"110";3;6072;0;5;"2020-06-25";"2023-01-06";3124
"0692661900137";"69266";"CA";"110";3;2814;0;5;"2020-06-25";"2023-01-06";3124
"0692662000017";"69266";"BR";"141";3;5427;8595;2;"2020-06-22";;4400
"0692662000023";"69266";"BB";"21";3;4630;2010;5;"2020-10-22";"2023-06-01";2740
"0692702000001";"69270";"0A";"1717";8;1937;14806;2;"2020-05-27";;37278
"0692722000011";"69272";"AN";"93";6;3501;0;2;"2020-12-07";;0
"0692731900029";"69273";"AX";"10";8;7638;31416;2;"2020-02-19";;94974
"0692731900034";"69273";"AO";"18";6;3400;0;5;"2020-04-22";"2020-08-24";11432
"0692772000001";"69277";"AB";"293";3;3429;0;2;"2020-07-08";;4677
"0692782000007";"69278";"AO";"1100";3;2266;0;5;"2020-10-02";"2021-09-22";915
"0692792000005";"69279";"ZL";"206";6;2728;0;5;"2020-05-20";"2020-06-22";5990
"0692792000021";"69279";"AZ";"61";8;4969;8762;2;"2020-10-28";;29926
"0692792000034";"69279";"AY";"110";6;4230;0;5;"2020-12-23";"2022-06-15";10013
"0692821900046";"69282";"BO";"124";6;1039;0;5;"2020-01-14";"2021-06-01";13311
"0692822000010";"69282";"BO";"135";6;3377;0;5;"2020-07-23";"2020-11-02";10807
"0692831900034";"69283";"AB";"241";8;5736;18342;5;"2020-01-21";"2022-04-13";71750
"0692862000025";"69286";"B";"237";8;1777;4058;2;"2020-09-14";;10533
"0692862000034";"69286";"CD";"12";6;4735;0;5;"2020-10-19";"2021-05-06";0
"0692901900064";"69290";"AT";"98";4;2322;2381;5;"2020-02-21";"2020-06-11";7306
"0692901900103";"69290";"BL";"84";8;4531;6051;5;"2020-06-03";"2020-09-03";16616
"0692992000004";"69299";"E";"1005";8;3197;0;5;"2020-07-29";"2020-10-13";622343
"07012020E0001";"70120";"ZE";"69";6;4625;13290;5;"2020-04-23";"2020-08-24";54234
"07015420C0002";"70154";"ZY";"71";8;2560;0;2;"2020-06-12";;12271
"07024019E0006";"70240";"B";"462";8;1549;15075;2;"2020-01-02";;109534
"07025819E0011";"70258";"A";"606";6;1980;24525;2;"2020-04-08";;78396
"07031119E0023";"70311";"AN";"166";4;1833;970;2;"2020-03-11";;8430
"07055019C0016";"70550";"BX";"89";4;1567;0;2;"2020-01-03";;4637
"07101419A0023";"71014";"A";"445";6;5900;0;2;"2020-07-13";;27038
"07107620E0027";"71076";"AE";"141";8;1053;0;5;"2020-08-11";"2020-11-15";2232
"07107620E0037";"71076";"BR";"171";6;1099;6802;5;"2020-12-24";"2021-01-04";45859
"07120419E0013";"71204";"AD";"172";6;8517;11232;5;"2020-06-05";"2021-06-21";51485
"07126720S0004";"71267";"AB";"483";4;1121;680;5;"2020-11-13";"2021-08-30";2762
"07130620M0030";"71306";"CI";"361P";3;1180;0;5;"2020-12-28";"2021-04-12";15766
"07151320S0003";"71513";"ZB";"200";8;6220;18570;5;"2020-08-03";"2020-10-07";45747
"07158519E0015";"71585";"AI";"77";6;8517;11232;5;"2020-06-05";"2021-06-21";51485
"07158520E0003";"71585";"AI";"59";6;3026;0;2;"2020-05-15";;13328
"07205820Z0044";"72058";"AA";"269";4;1388;1172;2;"2020-11-13";;5676
"07208020Z0002";"72080";"AD";"28";6;2611;2944;5;"2020-06-26";"2020-06-29";23635
"07208020Z0009";"72080";"ZH";"86";8;1118;9480;5;"2020-09-16";"2020-11-09";39495
"07209020Z0004";"72090";"AH";"3";6;1893;8877;5;"2020-08-03";"2021-04-09";39521
"07217320Z0003";"72173";"AB";"31";6;2959;6600;5;"2020-08-31";"2020-09-21";13133
"07218120Z0117";"72181";"MW";"121";6;3162;1130;5;"2020-11-26";"2021-02-05";19769
"07221720Z0001";"72217";"ZM";"117";8;1966;0;2;"2020-04-29";;4550
"07226419Z0021";"72264";"BY";"12";4;3057;2498;5;"2020-01-28";"2020-10-19";13280
"07229519Z0005";"72295";"ZN";"78";4;2154;1280;2;"2020-03-24";;13531
"07232920Z0002";"72329";"AN";"18";8;1464;0;5;"2020-02-21";"2020-06-15";9191
"07234420Z0009";"72344";"AE";"76";8;1964;208;2;"2020-07-09";;23761
"07234619Z0048";"72346";"AM";"240";4;1604;7828;5;"2020-03-19";"2021-03-08";34653
"07300819C1056";"73008";"AX";"137";6;4023;45400;2;"2020-02-27";;133968
"07305419M1047";"73054";"AH";"15";3;1612;0;5;"2020-10-05";"2023-05-01";299586
"07306519G1064";"73065";"AH";"92";6;1347;0;2;"2020-05-18";;0
"07310020N1007";"73100";"C";"94";8;1052;0;5;"2020-05-25";"2020-09-01";2715
"07312419D1057";"73124";"0C";"184";6;1623;0;5;"2020-03-18";"2020-06-24";3450
"07312820C1006";"73128";"AL";"124";4;1887;0;5;"2020-09-01";"2021-03-18";3787
"07313520R1005";"73135";;;8;1438;4204;2;"2020-09-15";;0
"07317120G1006";"73171";"AD";"153";6;1211;961;5;"2020-09-15";"2021-07-15";6294
"07318119M1003";"73181";"0A";"2153";4;1583;11020;2;"2020-06-19";;16286
"07323220M1003";"73232";"0A";"289";3;1035;0;2;"2020-07-16";;1594
"07329719D1005";"73297";"0B";"1772";4;1317;2735;2;"2020-03-18";;12668
"07329720D1002";"73297";"0B";"2119";6;2148;0;2;"2020-03-19";;4722
"07400220X0004";"74002";"0C";"2000";6;1007;1140;2;"2020-06-19";;0
"07400319X0009";"74003";"B";"1360";6;24607;11935;5;"2020-07-28";"2021-10-04";40750
"07400320X0001";"74003";"B";"14";6;7032;0;5;"2020-11-20";"2022-02-11";23761
"07400620A0001";"74006";"0B";"2184";6;2753;5869;5;"2020-05-12";"2021-12-08";4530
"0740101900177";"74010";"AL";"147";3;12377;208;5;"2020-02-18";"2021-10-13";9384
"0740101900191";"74010";"E";"1575";8;19184;0;5;"2020-02-13";"2021-03-01";51740
"0740101900231";"74010";"BT";"164";3;11378;3020;5;"2020-02-10";"2021-02-15";7230
"0740102000092";"74010";"AC";"241";6;4881;0;2;"2020-07-30";;11304
"07401920X0006";"74019";"AH";"1427";8;1186;0;5;"2020-06-05";"2021-05-21";3405
"07402619X0015";"74026";"0C";"3501";4;2826;480;2;"2020-01-28";;14930
"07404220A1036";"74042";"AT";"290";8;1230;6686;2;"2020-12-09";;21942
"07406720A0016";"74067";"AH";"58";6;2258;0;2;"2020-11-16";;5804
"07411219X0030";"74112";"AL";"172";8;11871;0;5;"2020-01-16";"2021-01-05";70144
"07411220X0014";"74112";"AI";"82";3;3292;0;5;"2020-10-12";"2020-10-19";2365
"07416919C0027";"74169";"0A";"9768";3;1170;0;2;"2020-01-31";;2397
"07416919C0036";"74169";"0A";"5739";6;1277;3983;2;"2020-01-28";;16105
"07416920C0002";"74169";"0A";"9465";6;1617;0;5;"2020-05-19";"2020-11-16";5280
"07416920C0004";"74169";"0A";"7305";8;4577;2550;5;"2020-06-26";"2021-01-07";12034
"07421320X0020";"74213";"BA";"156";3;2553;0;2;"2020-11-17";;31
"07424120C0014";"74241";"0C";"3664";6;1132;475;2;"2020-12-21";;37522
"07424319A0037";"74243";;;3;2356;0;2;"2020-02-03";;0
"07425020A0014";"74250";"AH";"92";8;1881;0;5;"2020-06-06";"2021-07-21";11049
"07425619A0061";"74256";"A";"4368";6;1877;224;5;"2020-02-25";"2021-02-01";8761
"0742641900033";"74264";"C";"108";4;1702;9739;2;"2020-03-12";;710
"0742642000026";"74264";"C";"23";6;1298;5574;2;"2020-10-06";;15820
"07427219X0029";"74272";"AB";"134";3;1118;225;2;"2020-01-16";;0
"07427620C0031";"74276";"0G";"3813";6;1014;846;5;"2020-12-28";"2020-12-29";0
"0742811920108";"74281";"BH";"357";4;3678;730;5;"2020-06-09";"2020-11-10";11514
"07428220A0027";"74282";"BD";"199";4;1086;625;2;"2020-06-18";;3000
"07428920X0007";"74289";"C";"662";6;1197;20377;5;"2020-05-20";"2020-06-15";44083
"07430519H0023";"74305";"B";"966";8;2690;16760;5;"2020-03-09";"2021-02-01";0
"07510820V0001";"75056";"CJ";"1";3;2048;9384;5;"2020-08-21";"2021-01-04";1587
"07510820V0008";"75056";"AS";"1";3;11287;21465;5;"2020-11-24";"2021-01-29";3259
"07510820V0010";"75056";"BK";"23";3;2730;10420;5;"2020-12-04";"2021-03-30";1582
"07511019V0027";"75056";"BS";"13";4;4982;5503;5;"2020-03-03";"2022-01-01";1984
"07511019V0049";"75056";"BX";"13";3;4930;5990;5;"2020-07-29";"2021-04-06";3124
"07511119V0057";"75056";"CM";"59";3;6168;6091;5;"2020-09-15";"2023-08-11";3510
"07511219V0040";"75056";"CD";"10";3;4316;15604;5;"2020-05-28";"2020-06-10";2949
"07511319P0020";"75056";"AB";"1";3;86892;32820;5;"2020-12-14";"2022-12-21";63522
"07511319V0035";"75056";"EA";"82";3;3091;16803;5;"2020-12-15";"2021-01-27";33048
"07511520V0029";"75056";"AB";"68";3;1153;14100;2;"2020-10-16";;3826
"07511619V0034";"75056";"EA";"13";3;1044;11927;5;"2020-05-05";"2020-09-01";2218
"07511620V0015";"75056";"DZ";"7";3;1150;990;5;"2020-10-23";"2021-03-01";871
"07511719V0037";"75056";"BG";"45";3;12304;28098;5;"2020-02-11";"2022-01-03";5752
"07511719V0066";"75056";"AY";"30";8;1369;537;5;"2020-10-21";"2021-02-15";0
"07511819V0016";"75056";"CV";"40";3;6376;2720;5;"2020-09-28";"2025-09-15";1537
"07511820V0014";"75056";"AM";"10";3;1240;1216;5;"2020-12-07";"2025-01-28";454
"07511919V0043";"75056";"ED";"3";3;1950;896;5;"2020-06-15";"2020-12-18";1416
"07603520B0004";"76035";"AN";"32";6;11892;12447;5;"2020-12-11";"2021-05-21";70437
"07610119B0011";"76101";"AN";"447";4;2103;0;5;"2020-04-06";"2020-06-08";9930
"07610820O0016";"76108";;;3;1660;0;5;"2020-05-30";"2020-10-19";0
"07614119G0004";"76141";"ZB";"11";6;3840;0;5;"2020-02-20";"2021-06-01";133415
"07621219M0023";"76212";"AK";"72";4;1882;0;2;"2020-03-05";;22000
"0762591900023";"76259";"BE";"145";4;2220;3086;2;"2020-06-19";;0
"07633020B0003";"76330";"ZA";"12";8;1104;720;5;"2020-06-19";"2020-10-05";0
"07635120H0071";"76351";"OB";"798";4;1108;0;5;"2020-11-19";"2021-02-15";5949
"07637720M0004";"76377";;;3;1603;0;5;"2020-09-24";"2021-01-13";4080
"07638420L0006";"76384";"BT";"97";3;1176;771;5;"2020-09-03";"2021-05-10";8632
"07639419L0006";"76394";"AC";"96";8;5136;4785;5;"2020-02-05";"2020-05-29";0
"07640219M0014";"76402";"AD";"177";6;1226;9774;2;"2020-01-14";;33799
"07647519M0050";"76475";"AD";"299";3;1198;0;5;"2020-01-28";"2020-06-29";4293
"07649720O0003";"76497";"AM";"100";8;160961;0;2;"2020-11-12";;161670
"0765402050020";"76540";"KR";"3";4;1865;4745;5;"2020-10-07";"2021-06-03";8038
"07654519D0010";"76545";"AE";"164";6;1840;3815;5;"2020-01-07";"2020-08-24";28549
"07655819M0004";"76558";"D";"194";4;7550;826;5;"2020-03-02";"2021-01-11";59565
"07659220L0003";"76592";"0D";"889";8;18364;18365;5;"2020-10-07";"2022-08-15";0
"07659320L0005";"76593";"ZO";"98";8;2080;0;5;"2020-07-24";"2020-08-31";13276
"07659420B0003";"76594";"AE";"88";8;1422;0;5;"2020-06-19";"2021-12-01";2936
"07659420B0004";"76594";"AH";"626";8;1710;3890;5;"2020-08-13";"2020-12-21";23203
"07670019B0005";"76700";"ZK";"10";6;1347;913;5;"2020-01-16";"2020-06-24";7804
"07670519M0027";"76705";"BH";"144";4;5403;5000;2;"2020-06-25";;10283
"0770132000002";"77013";"B";"155";6;2098;0;5;"2020-06-24";"2020-08-31";25871
"0770142000008";"77014";"B";"205";4;1443;0;2;"2020-11-13";;0
"0770181900013";"77018";"B";"646";6;5468;0;5;"2020-04-25";"2020-11-18";11531
"0770182000003";"77018";"B";"648";6;2480;0;5;"2020-07-06";"2021-03-15";6400
"0770672000006";"77067";"ZB";"267P";6;8442;0;2;"2020-09-17";;25283
"0770751900022";"77075";"ZI";"3";3;2189;0;5;"2020-08-17";"2023-12-01";84428
"0770752000001";"77075";"ZI";"3";8;4114;0;2;"2020-07-10";;114097
"0770831900024";"77083";"AM";"295";6;2436;0;2;"2020-01-28";;7156
"0771221900036";"77122";"ZH";"63P";8;1491;0;5;"2020-06-04";"2020-08-14";5764
"0771391900031";"77139";"BD";"133";8;1240;0;2;"2020-05-27";;2510
"0771461900007";"77146";"AE";"17";8;8134;39675;5;"2020-01-09";"2020-01-09";81250
"0771461900008";"77146";"AD";"8";8;7209;20465;5;"2020-07-08";"2020-04-08";46497
"0771522000009";"77152";"AL";"103";8;1750;0;5;"2020-09-30";"2021-03-15";43256
"0771532000016";"77153";"ZD";"153";6;2641;0;5;"2020-07-17";"2020-09-14";6837
"0771721900005";"77172";"YC";"120P";4;2291;0;2;"2020-03-25";;0
"07719220O0002";"77192";"A";"486";4;1078;0;5;"2020-05-15";"2020-09-01";3400
"0772432000010";"77243";"AD";"74";6;2600;3654;2;"2020-05-29";;7703
"0772582000004";"77258";"AJ";"175";8;16627;38660;5;"2020-02-09";"2022-12-09";92229
"0772791900004";"77279";"ZN";"228";8;37295;0;5;"2020-03-03";"2021-08-24";75238
"0772791900006";"77279";"ZN";"347";6;1232;0;2;"2020-02-26";;2608
"0772842000002";"77284";"AI";"89";8;1938;13787;2;"2020-07-27";;26162
"0772911900011";"77291";;;8;10999;0;5;"2020-05-11";"2025-04-17";20748
"0773181900004";"77318";"B";"1430";8;2631;4063;2;"2020-06-06";;17567
"0773302000051";"77330";"ZA";"663";4;2070;0;2;"2020-10-16";;20449
"0773442000005";"77344";"A";"100";6;2154;0;5;"2020-10-01";"2021-06-14";49040
"0773682000001";"77368";"YB";"63";6;1137;1973;5;"2020-12-15";"2022-03-07";6866
"0773692000003";"77369";"C";"1245";6;1468;0;2;"2020-08-12";;15500
"0773732000025";"77373";"D";"2458";8;1506;0;5;"2020-07-27";"2023-07-17";5226
"0773732000237";"77373";"B";"2582";4;1404;9921;2;"2020-12-14";;62849
"0773842000005";"77384";"Z";"513P";4;1246;0;5;"2020-11-03";"2021-02-10";7596
"0773842000006";"77384";"Z";"513P";8;13600;0;5;"2020-09-22";"2021-01-04";54886
"0774371900016";"77437";"ZA";"18";6;1055;6678;2;"2020-03-11";;20023
"0774382000006";"77438";"AD";"75";6;2600;3654;2;"2020-06-18";;0
"0774452000002";"77445";"ZE";"321P";6;13194;0;2;"2020-09-17";;28112
"0774492000002";"77449";"YB";"133";8;5258;0;5;"2020-03-11";"2020-09-21";10733
"0774641900009";"77464";"Z";"241";4;12368;6175;5;"2020-02-04";"2021-08-02";48470
"0775131900014";"77513";"A";"17";8;1322;0;5;"2020-03-10";"2021-01-04";13170
"07800320C0009";"78003";"ZB";"133";4;5408;0;2;"2020-12-31";;5358
"07802920Y0020";"78029";"AR";"483";4;1463;40597;2;"2020-10-02";;191435
"07804820M0013";"78048";"G";"681";6;1366;0;2;"2020-10-01";;3558
"07804820M0014";"78048";"G";"679";6;1118;0;2;"2020-11-03";;2887
"07805019Y0010";"78050";"ZB";"68";8;1794;0;2;"2020-03-12";;31970
"07807320B1004";"78073";;;8;3726;9330;5;"2020-07-07";"2020-08-10";25200
"07807320B1006";"78073";"BK";"67";6;2943;0;5;"2020-09-15";"2020-10-12";6115
"07811720K0002";"78117";"AH";"33";6;1407;2808;5;"2020-04-17";"2021-04-01";6650
"07816819E0014";"78168";"AH";"58";8;1056;0;2;"2020-01-24";;4797
"07831020M0004";"78310";"AK";"123";6;1028;0;5;"2020-08-28";"2021-09-01";1666
"07838919Y0022";"78389";"A";"799";4;1950;751;5;"2020-06-12";"2021-08-01";8297
"07849019E0031";"78490";"BV";"56";6;6158;0;5;"2020-02-11";"2025-01-09";0
"07864020V1013";"78640";"AE";"104";3;6210;0;2;"2020-11-12";;2924
"07864020V1014";"78640";"AE";"104";3;21105;0;2;"2020-11-16";;9876
"07864619V0101";"78646";"CB";"7";8;1628;0;5;"2020-05-18";"2020-11-16";131861
"07900320X0035";"79003";"ZX";"173";8;2485;0;2;"2020-09-25";;7944
"07903820E0002";"79038";"AE";"198";6;4960;5385;2;"2020-03-10";;570
"07904920E0015";"79049";"ZK";"142";8;1038;0;2;"2020-05-14";;2790
"07908120R0022";"79081";"AM";"99";6;2335;0;5;"2020-08-12";"2020-11-02";8660
"07919119X0172";"79191";"HW";"24";3;2938;0;5;"2020-02-25";"2021-09-01";8484
"07919119X0227";"79191";"HX";"145";4;1006;1574;2;"2020-08-14";;6058
"07919120X0020";"79191";"BR";"435";3;2183;3447;5;"2020-12-30";"2022-12-19";3342
"07919120X0171";"79191";"IA";"111";6;1272;848;5;"2020-12-21";"2022-03-11";4915
"07920120H0005";"79201";"YA";"180";6;1400;3350;2;"2020-08-31";;112127
"07921619X0038";"79216";"AB";"3";6;2770;33751;5;"2020-01-28";"2020-07-01";150618
"07930720S0002";"79307";"AK";"84";8;2099;3548;5;"2020-07-24";"2021-06-16";17903
"08000820V0001";"80008";"ZM";"75";6;1424;4913;2;"2020-09-25";;117870
"0800162000003";"80016";"ZK";"79";6;1847;0;2;"2020-04-23";;10164
"08013120A0003";"80131";"ZC";"56";3;4512;0;5;"2020-07-03";"2020-11-02";21124
"08021119P0007";"80211";"AK";"646";8;1067;0;2;"2020-05-25";;3572
"08026119M0009";"80261";"ZB";"1";4;2625;718;5;"2020-06-22";"2021-04-20";14539
"08041020S0001";"80410";"ZB";"23";8;1808;1906;2;"2020-07-30";;106869
"08057020S0011";"80570";"AB";"132";4;1660;7550;2;"2020-12-18";;10503
"08057919S0008";"80579";"AD";"149";4;2129;0;5;"2020-05-20";"2021-07-28";8662
"08062120S0003";"80621";"0X";"12";8;2062;2384;5;"2020-08-07";"2020-11-01";0
"0807661900002";"80766";"ZD";"1";4;1100;0;5;"2020-01-20";"2020-04-06";30950
"0807992000001";"80799";"0ZK";"95";8;13871;5446;2;"2020-07-24";;56471
"08100419X1204";"81004";"AN";"79";3;2103;7009;5;"2020-03-05";"2021-03-15";21751
"08102120B0004";"81021";"AM";"730";4;3092;805;5;"2020-12-03";"2023-04-15";0
"08104220B0009";"81042";"BO";"100";6;4537;4380;5;"2020-08-25";"2020-10-28";271599
"08106520B1105";"81065";"BT";"112";6;1081;17278;5;"2020-12-17";"2021-06-07";76802
"08107020T0024";"81070";"ZT";"97";6;2354;7104;2;"2020-10-08";;16588
"08110120A0008";"81101";"ZM";"51";8;3000;0;2;"2020-09-01";;591979
"08114019A1062";"81140";"A";"1357";4;1232;1706;2;"2020-08-03";;10354
"08123520C0006";"81235";"A";"162";8;2640;0;2;"2020-09-03";;14160
"08127117A0121";"81271";"ZA";"185";8;69703;0;2;"2020-03-05";;276912
"08127119A0101";"81271";"B";"1025";4;2996;1305;5;"2020-03-12";"2020-09-14";15933
"08129720A0004";"81297";"AK";"100";6;5980;1313;2;"2020-08-06";;44134
"08207520S0013";"82075";"AM";"35";6;3075;0;5;"2020-10-12";"2021-09-01";65437
"08211220C0005";"82112";"CN";"1117";6;2478;37277;5;"2020-06-18";"2020-08-24";114259
"08212119M0263";"82121";"HP";"938";3;1300;0;2;"2020-03-12";;8137
"08212120M0023";"82121";"BC";"395";3;2800;0;5;"2020-05-14";"2020-09-07";4441
"08212120M0133";"82121";"HP";"542";3;1153;2083;5;"2020-10-12";"2024-01-30";9036
"08212319S0050";"82123";"0A";"121";8;6835;0;5;"2020-01-27";"2020-03-11";60180
"08300419K0004";"83004";"G";"12";4;2638;0;5;"2020-02-18";"2020-10-29";18169
"08302319O0106";"83023";"BS";"307";8;1587;0;5;"2020-02-20";"2020-11-02";6318
"08302319O0130";"83023";"BS";"312";6;1291;0;5;"2020-01-28";"2020-05-12";7469
"08302320O0040";"83023";"BS";"269";6;1052;0;5;"2020-08-12";"2023-11-14";8931
"08302919D0035";"83029";"I";"1177";4;2534;0;5;"2020-10-06";"2021-06-24";12986
"08303120B0021";"83031";"F";"1774";8;2777;0;2;"2020-09-10";;6905
"08303320T0011";"83033";"AN";"96";4;1153;352;5;"2020-06-18";"2021-03-08";17753
"08303619O0050";"83036";"BX";"27";4;1084;1865;5;"2020-03-05";"2020-05-15";3998
"08304219C0066";"83042";"BB";"159";4;2866;400;2;"2020-09-21";;9358
"08305019K0094";"83050";"BK";"21";4;4392;0;2;"2020-02-07";;18200
"08305019K0097";"83050";"BI";"195";3;1243;0;5;"2020-01-24";"2021-02-10";2250
"08306119F0133";"83061";"AI";"480";8;3296;0;5;"2020-01-30";"2021-09-01";4900
"08306120F0003";"83061";"AD";"261";8;1913;0;2;"2020-05-05";;3801
"08306120F0057";"83061";"AI";"613";8;3995;0;5;"2020-09-17";"2021-05-10";8399
"0830681900079";"83068";"AV";"11";8;1800;297;2;"2020-03-02";;8042
"08306920Y0139";"83069";"CI";"163";8;1013;0;5;"2020-12-14";"2021-07-15";1656
"08308819N0041";"83088";;;8;1689;853;5;"2020-06-22";"2023-04-24";0
"08309219B0040";"83092";"D";"1237";4;2042;0;5;"2020-03-10";"2020-07-29";11580
"08309919O0074";"83099";"AZ";"131";4;2852;4914;5;"2020-01-20";"2020-05-11";28388
"08309919O0109";"83099";"AY";"2";4;2143;27197;5;"2020-06-25";"2021-10-04";110897
"08309920O0081";"83099";"AW";"226P";4;2158;0;2;"2020-10-06";;3234
"08309920O0086";"83099";"AY";"5";8;1014;0;5;"2020-10-29";"2021-09-01";1297
"08310720S0105";"83107";"CS";"680";8;1899;0;2;"2020-11-04";;3911
"08312419D0009";"83124";"K";"1002";8;1697;0;2;"2020-04-27";;3716
"08312620C0031";"83126";"AB";"1108";3;1843;1299;2;"2020-07-16";;4249
"0831271900048";"83127";"I";"1125";3;3387;0;2;"2020-08-26";;13570
"08312720M0012";"83127";"I";"297";8;1849;0;2;"2020-10-30";;81900
"0831301900018";"83130";"AE";"137";8;2960;9351;5;"2020-03-25";"2024-03-11";34620
"08314819K0047";"83148";"BL";"120";4;5483;1951;5;"2020-07-08";"2021-01-27";19138
"0840072000001";"84007";"BN";"477";6;1577;0;5;"2020-07-24";"2020-12-04";29459
"0840072000097";"84007";"EN";"205";4;1135;709;2;"2020-11-18";;2141
"08401619N0048";"84016";"AZ";"69";8;31423;0;2;"2020-01-06";;78318
"08401919G0085";"84019";"0M";"821";8;73511;0;2;"2020-02-18";;277980
"08403119C0186";"84031";"BN";"350";6;2021;41150;5;"2020-03-03";"2020-04-27";103715
"08403120C0168";"84031";"BK";"310";8;1718;0;2;"2020-12-29";;3980
"08403519E0070";"84035";"AO";"29";8;2238;0;5;"2020-06-24";"2021-06-23";20630
"08403520E0040";"84035";"BK";"15";6;1500;5249;2;"2020-09-12";;67141
"08403620S0036";"84036";"AR";"111";6;2716;25835;2;"2020-10-14";;84399
"08404320S0022";"84043";"BC";"146";8;1296;0;5;"2020-12-18";"2021-12-23";5615
"08408020A0012";"84080";"D";"1012";4;1529;0;5;"2020-06-26";"2020-11-23";9057
"0840872000062";"84087";"BY";"19";8;1178;0;5;"2020-10-27";"2024-09-20";5200
"08411520C0003";"84115";"C";"806";8;2920;4041;5;"2020-12-17";"2021-07-01";21188
"08412919B0086";"84129";"CK";"10";8;1181;9586;5;"2020-03-16";"2020-08-17";56218
"08414320C0013";"84143";"A";"854";8;1035;0;5;"2020-11-26";"2021-10-29";3619
"08502020F0020";"85020";"ZS";"159";6;2855;0;5;"2020-11-03";"2020-11-23";40006
"08502219S0003";"85022";"ZV";"25";4;2434;0;2;"2020-09-14";;137977
"08502520H0004";"85025";"C";"726";6;1758;3051;5;"2020-06-09";"2020-06-15";36339
"08503420C0012";"85034";"XR";"54";6;1366;0;5;"2020-08-11";"2021-11-15";34290
"08504620Y0029";"85046";"AM";"530";8;1196;0;5;"2020-11-09";"2021-05-17";4912
"08504720C0039";"85047";"ZK";"183";6;2145;0;5;"2020-07-21";"2021-01-19";6000
"08505119C0065";"85051";"AO";"1";3;2083;7879;2;"2020-07-07";;27233
"08508120Y0034";"85081";"ZB";"216";6;7168;0;5;"2020-12-09";"2020-12-10";0
"08508120Y0039";"85081";"ZB";"237";6;1398;0;5;"2020-12-24";"2021-01-11";4540
"08508420U0002";"85084";"XB";"217";6;1586;2856;2;"2020-02-21";;14871
"08512819F0049";"85128";"AD";"243";4;1467;2302;5;"2020-07-03";"2020-11-06";6364
"08514620H0101";"85146";"ZI";"116";3;1881;0;5;"2020-09-28";"2020-12-07";12493
"08514620H0129";"85146";"ZH";"79";6;2109;0;5;"2020-11-02";"2020-11-26";4744
"08515219A0091";"85152";"ZA";"64";6;1564;3992;5;"2020-02-11";"2020-07-27";21513
"08515220A0006";"85152";"ZB";"55";6;1998;4365;2;"2020-02-20";;23993
"08515320H0015";"85153";"ZR";"146";4;1434;0;2;"2020-09-11";;25478
"08517820V0007";"85178";"YS";"230";4;1957;10922;5;"2020-04-20";"2020-07-15";58159
"08519119Y0133";"85191";"ZK";"82";6;1796;3094;2;"2020-10-16";;15887
"08519119Y0145";"85191";"BR";"136";4;3352;1992;5;"2020-07-01";"2020-09-21";8011
"08519119Y0262";"85191";"DZ";"1";3;1487;13611;2;"2020-03-10";;61856
"08519420P0273";"85194";"AP";"179";8;1134;698;5;"2020-11-12";"2021-01-04";5637
"08519420P0304";"85194";"C";"2673";8;1507;0;5;"2020-10-15";"2021-03-23";10308
"08519620U0018";"85196";"YD";"57";6;4210;0;5;"2020-11-10";"2021-01-16";33649
"08522220C0033";"85222";"BK";"81";4;1020;2071;5;"2020-11-06";"2021-06-30";7488
"08523619A0039";"85236";"A";"2236";4;1041;0;2;"2020-01-31";;11577
"08524420F0005";"85244";"YB";"57";8;5097;0;2;"2020-09-21";;30000
"08530220H0022";"85302";"B";"1611";8;5760;3770;5;"2020-09-14";"2020-09-21";26000
"08606219X0023";"86062";"ZP";"220";4;9882;772;5;"2020-01-09";"2021-09-01";32648
"08610420A0002";"86104";"ZK";"8";6;3419;0;5;"2020-10-16";"2021-06-03";23145
"08613720A0009";"86137";"ZO";"21";6;2744;57906;2;"2020-08-05";;0
"08614419E0003";"86144";"ZM";"99";6;1516;2030;5;"2020-03-23";"2020-11-15";28844
"08615819X0029";"86158";"ZV";"634";8;1884;0;5;"2020-01-28";"2020-11-10";4844
"08617720N0037";"86177";"ZR";"337";6;1063;494;5;"2020-12-31";"2021-02-25";9241
"08617820A0004";"86178";"A";"281";6;2705;622;2;"2020-09-28";;0
"08704019J5443";"87040";"F";"1805";4;1234;2983;2;"2020-07-09";;10704
"08708519C0242";"87085";"EL";"840";3;13065;0;2;"2020-03-12";;11737
"08714020H0012";"87140";"AA";"36";6;1447;13024;2;"2020-10-26";;27810
"08716920M5498";"87169";"AH";"5";8;3000;0;2;"2020-02-18";;9297
"08716920M5507";"87169";"AH";"42";8;3200;0;5;"2020-09-17";"2021-04-01";8804
"08718719M0038";"87187";;;4;1141;0;2;"2020-03-13";;0
"08808620H0002";"88086";"AC";"90";6;3935;0;5;"2020-09-11";"2021-03-01";0
"08811419E0005";"88114";"AL";"134";6;2272;10976;2;"2020-01-20";;73197
"08812419D0003";"88124";"A";"505";4;3686;1938;2;"2020-01-08";;17795
"08816020A0029";"88160";"AD";"457";3;2801;0;5;"2020-07-03";"2020-10-19";112956
"08816020A0076";"88160";"AH";"478";3;1537;837;5;"2020-12-17";"2022-02-08";7349
"08820919E0032";"88209";"AV";"475P";4;1704;0;2;"2020-03-16";;3364
"08820920E0027";"88209";"AB";"81";6;7977;37886;5;"2020-12-03";"2021-03-08";106001
"08837220H0004";"88372";"D";"1644";6;1200;0;2;"2020-07-28";;0
"08841320H0001";"88413";"CY";"55";8;1257;0;5;"2020-02-07";"2020-09-04";5263
"08842320H0003";"88423";"AN";"653";6;1395;0;5;"2020-07-06";"2021-09-14";3841
"08844519H0020";"88445";"AO";"96";8;1204;0;5;"2020-01-10";"2020-08-24";0
"08844520H0007";"88445";"AO";"97";8;1216;0;5;"2020-07-10";"2020-12-24";6629
"08851620E0017";"88516";"AI";"103";6;1166;125547;5;"2020-09-01";"2020-09-16";344199
"08912520T0001";"89125";"D";"550";6;2655;0;5;"2020-06-23";"2023-04-13";48941
"08926320M0005";"89263";"AL";"252";8;1240;3682;5;"2020-04-21";"2020-07-06";15328
"08926320M0011";"89263";"AR";"25";8;4372;11635;5;"2020-09-25";"2020-11-03";59637
"08932820T0003";"89328";"B";"413";4;1043;1616;5;"2020-08-07";"2021-04-15";29000
"08934420I0003";"89344";"AC";"565";3;1366;0;2;"2020-07-09";;2846
"08934420I0004";"89344";"A";"361";6;1291;11826;2;"2020-08-04";;52422
"08934819T0005";"89348";"ZC";"690";3;1643;22880;5;"2020-02-10";"2021-02-06";148524
"08938019T0012";"89380";"ZD";"200";8;4000;13480;5;"2020-02-13";"2020-02-24";0
"08939920Z0007";"89399";"ZY";"205";8;1306;3737;5;"2020-07-23";"2021-02-15";28583
"09001020Z0044";"90010";"AK";"242";6;2400;1050;5;"2020-12-18";"2021-01-04";5424
"09004719A0005";"90047";"CB";"76";8;76198;0;2;"2020-05-20";;184118
"09004720A0004";"90047";"CB";"66";6;2137;0;5;"2020-10-27";"2021-02-26";53160
"0911031910043";"91103";"E";"260";8;1701;150611;5;"2020-01-06";"2021-10-25";0
"0911051910024";"91105";"B";"2389";8;2588;12025;5;"2020-02-27";"2020-05-04";3635
"0911611910025";"91161";"AC";"266";6;2000;4692;2;"2020-02-17";;25445
"0911741911073";"91174";"AX";"257";3;1013;285;5;"2020-03-11";"2020-12-02";2516
"0911742011008";"91174";"BS";"567";6;4311;0;5;"2020-04-10";"2021-05-02";13624
"0912282020002";"91228";"AI";"238";3;2823;3031;2;"2020-07-16";;6426
"0912351910009";"91235";"AN";"102";4;1445;5335;5;"2020-07-10";"2021-02-07";0
"0912491910030";"91249";"H";"304";8;2938;0;2;"2020-06-11";;7758
"0912491910031";"91249";"H";"843";6;1685;0;2;"2020-10-30";;7712
"09128619C0015";"91286";"AN";"246";4;12373;0;2;"2020-06-09";;10922
"0913862010004";"91386";"ZB";"589";8;1352;0;5;"2020-04-30";"2020-08-27";2377
"0914052010021";"91405";"N";"366";8;1328;0;2;"2020-10-01";;1871
"0914582010014";"91458";"AI";"47";8;1380;5518;5;"2020-11-13";"2022-10-06";12182
"0914772020022";"91477";"BD";"57";8;1097;42;2;"2020-09-10";;163482
"0915212010008";"91521";"AM";"49";3;1965;0;2;"2020-07-23";;3354
"0915491910056";"91549";"AX";"293";4;2848;1176;5;"2020-06-30";"2022-04-04";23116
"0916651910016";"91665";"AH";"625";4;1163;0;2;"2020-01-10";;0
"0916662040001";"91666";;;6;8394;0;5;"2020-08-05";"2021-02-15";18437
"0916662040005";"91666";"AI";"210";6;3300;0;5;"2020-11-13";"2021-04-23";7200
"0916922010002";"91692";"BM";"46";4;3954;0;5;"2020-10-06";"2022-09-01";21765
"09200220A0064";"92002";"AT";"161";8;2742;0;5;"2020-09-10";"2020-09-24";26647
"0920121900053";"92012";"BD";"106";3;40544;0;5;"2020-10-15";"2023-03-31";8866
"0920122000015";"92012";"BC";"19";3;55438;0;2;"2020-11-05";;11184
"0920122000016";"92012";"BC";"19";3;74562;0;2;"2020-11-05";;13741
"09202620D0028";"92026";"A";"626";3;7956;56008;5;"2020-11-04";"2022-07-06";0
"09203519E0027";"92035";"D";"204";3;41615;0;5;"2020-05-06";"2021-09-20";0
"0920492000010";"92049";"E";"60";3;8693;2830;2;"2020-10-20";;1862
"09205020D0077";"92050";"AF";"717";3;21757;41274;2;"2020-12-25";;0
"0920732010021";"92073";"A";"52";3;2030;0;2;"2020-06-10";;232452
"09207819E0009";"92078";"A";"114";4;2512;0;2;"2020-09-04";;9604
"09300119A0039";"93001";"Q";"10";3;19811;0;2;"2020-02-07";;207922
"09300619B0043";"93006";"AD";"8";3;4272;4286;5;"2020-02-26";"2022-04-11";8366
"09300820A0027";"93008";"B";"61";4;2869;2285;5;"2020-12-18";"2021-05-17";4471
"09302719A0036";"93027";"O";"236";6;1519;0;2;"2020-06-18";;5315
"09302719A0040";"93027";"P";"138";8;1878;6550;5;"2020-06-30";"2022-06-16";8972
"09302720A0001";"93027";"S";"147";8;1358;0;5;"2020-06-30";"2021-03-01";5324
"09303020A0001";"93030";"J";"43";8;3000;0;2;"2020-11-20";;86205
"09303920J0010";"93039";"M";"108";3;4760;4762;5;"2020-11-14";"2021-04-15";0
"09305319B0145";"93053";"A";"79";4;1228;0;2;"2020-03-03";;5176
"09306419B0037";"93064";"P";"141";4;3360;17631;5;"2020-08-31";"2021-06-28";0
"09306619A0110";"93066";"CD";"65";3;23386;10859;5;"2020-06-19";"2025-03-24";5360
"09306619A0113";"93066";"BZ";"114";4;1189;14806;5;"2020-07-30";"2020-09-07";6506
"09307018A0044";"93070";"X";"17";3;4926;6204;2;"2020-06-26";;3283
"09307020J0004";"93070";"C";"188";3;9204;0;5;"2020-11-20";"2021-11-29";2283
"09307319C0016";"93073";"C";"659P";8;1643;1938;5;"2020-06-30";"2021-10-01";41252
"09400319W1033";"94003";"0A";"10";3;6230;87375;5;"2020-07-09";"2020-07-10";206936
"09402819C1024";"94028";"BC";"255";3;20878;0;5;"2020-01-23";"2021-01-23";5825
"09404619C1046";"94046";"0C";"65";3;7756;155;5;"2020-01-23";"2020-02-07";96762
"09407119C0055";"94071";"AZ";"638";6;2059;0;5;"2020-02-18";"2021-03-05";4893
"09407119C0056";"94071";"AZ";"636";6;2660;0;5;"2020-02-18";"2020-06-22";4534
"09407120C0018";"94071";"AZ";"602";6;3765;372;5;"2020-06-18";"2021-04-21";7700
"09407619W1088";"94076";"AH";"400";3;25276;0;5;"2020-10-09";"2023-06-15";5998
"09407920N0035";"94079";"AW";"61";3;1540;1554;5;"2020-11-24";"2022-03-10";3673
"09501819O0081";"95018";"BH";"99";3;7838;0;2;"2020-03-12";;2550
"09501819O0082";"95018";"BH";"158";3;8005;715;2;"2020-03-12";;44046
"09505619B0018";"95056";"A";"173";8;1095;0;2;"2020-02-27";;2204
"09512719U0040";"95127";"ZC";"24";4;1855;0;2;"2020-09-23";;28413
"0951762000037";"95176";"AN";"362";6;1155;0;5;"2020-11-20";"2022-07-04";0
"09517720B0001";"95177";"C";"422";8;1644;924;5;"2020-11-12";"2020-12-17";507663
"0952411800010";"95241";"ZI";"18";6;13747;0;2;"2020-07-01";;114700
"09525619B0018";"95256";"B";"1074";3;6178;0;2;"2020-02-01";;16000
"09525620B0016";"95256";"B";"1117";8;3338;0;5;"2020-12-05";"2021-04-09";38642
"09527720G0007";"95277";"AL";"67";8;4769;2800;2;"2020-07-10";;14311
"09530619H0060";"95306";"AV";"952";4;3098;1024;5;"2020-07-30";"2021-03-01";8894
"0953511900024";"95351";"E";"890";8;1909;0;5;"2020-01-24";"2020-11-26";5970
"09537020B0017";"95370";"ZD";"246";8;2000;0;2;"2020-10-15";;2350
"09545020U0002";"95450";"AL";"422";3;5960;0;5;"2020-07-07";"2020-11-06";9046
"09548718H0026";"95487";"ZA";"26";8;43551;0;2;"2020-01-13";;118299
"09551019U0007";"95510";"B";"756";8;19586;57515;2;"2020-03-10";;0
"0955271900018";"95527";;;6;4939;0;2;"2020-06-26";;0
"0955272000003";"95527";"C";"1176";4;5130;0;2;"2020-09-02";;13402
"09558520O0019";"95585";"BD";"826";4;1749;0;2;"2020-11-25";;2215
"0956042000004";"95604";;;6;5058;0;2;"2020-07-02";;0
"0956042000005";"95604";"C";"1219";6;8285;0;2;"2020-09-02";;83079
"0956071900034";"95607";"BS";"130";6;2337;0;5;"2020-02-14";"2020-10-27";6891
"0956071900046";"95607";"BT";"247P";8;2814;0;5;"2020-01-24";"2020-07-01";5315
"09565220C0002";"95652";"C";"594";6;1735;0;2;"2020-09-10";;4580
"9711011931064";"97101";"AD";"384";3;1800;0;5;"2020-02-17";"2021-04-26";4000
"97110319R1147";"97103";"AT";"262";3;1449;0;5;"2020-03-12";"2021-06-01";1875
"9711152041066";"97115";"BD";"568";8;1280;0;2;"2020-09-30";;0
"9711172021015";"97117";"AM";"347";3;3262;0;2;"2020-11-12";;12320
"97112520SF205";"97125";"BC";"1173";4;1314;0;2;"2020-12-15";;2462
"97220719BR096";"97207";"M";"166";8;2245;0;5;"2020-02-19";"2020-09-21";5722
"97220719BR122";"97207";"AE";"5";3;1168;664;5;"2020-03-20";"2024-01-01";1168
"97221319BR183";"97213";"AX";"200";8;1175;4330;5;"2020-07-07";"2024-06-27";6085
"97221719BR086";"97217";"H";"435";4;9568;0;5;"2020-04-17";"2020-07-01";13532
"97222220BR017";"97222";"A";"750";3;2442;1399;5;"2020-09-25";"2021-01-04";6047
"9733021910181";"97302";"BM";"722";3;6820;0;5;"2020-01-30";"2020-01-31";86667
"9733052010078";"97305";"AN";"241";8;1252;0;5;"2020-12-01";"2023-04-17";3014
"9733072010030";"97307";"AM";"516";8;1552;0;5;"2020-10-27";"2021-01-18";9159
"9733091910123";"97309";"BM";"1438";4;1537;0;2;"2020-01-31";;2080
"9733092010035";"97309";"AR";"284";8;1083;0;5;"2020-07-23";"2023-02-01";4984
"9733111920135";"97311";"AI";"1692";8;1314;4871;5;"2020-05-26";"2020-09-16";17491
"9733111920146";"97311";"AL";"983";8;2245;0;5;"2020-05-26";"2020-07-27";7426
"97440419A0124";"97404";"AM";"652";3;1596;0;5;"2020-03-09";"2023-02-21";1128
"97440720A0032";"97407";"AW";"13";8;9218;0;5;"2020-12-08";"2020-12-08";46737
"97440720A0046";"97407";"BM";"15";8;4186;0;5;"2020-10-14";"2021-02-01";0
"97440919A0287";"97409";"AB";"329";6;2091;23674;5;"2020-06-26";"2021-04-01";22000
"97440920A0068";"97409";"AX";"427";6;1336;2041;2;"2020-08-27";;3971
"97441119A0283";"97411";"BL";"49";4;1452;1339;5;"2020-01-20";"2021-03-01";2538
"9744121910208";"97412";"BK";"798";4;2070;0;2;"2020-05-29";;7955
"97441420A0022";"97414";"EV";"383";3;1118;0;5;"2020-06-19";"2021-03-01";1328
"97441519A0535";"97415";"EX";"136";3;1065;0;2;"2020-03-02";;630
"97441619A0493";"97416";"DI";"354";4;3110;0;2;"2020-01-23";;12807
"97441619A0544";"97416";"CS";"45";8;2557;0;5;"2020-01-14";"2022-10-24";4003
"97441620A0452";"97416";;;6;1820;0;5;"2020-12-28";"2021-04-15";10330
"97441819A0240";"97418";"BD";"360";8;2103;0;5;"2020-05-15";"2021-04-19";4845
"97441820A0088";"97418";"AC";"1332";3;3110;0;5;"2020-12-10";"2021-06-14";2330
"97442219A0714";"97422";"EM";"165";3;1150;0;5;"2020-04-21";"2021-03-03";710
"9766101900039";"97610";"AR";"167";6;1534;1600;5;"2020-05-26";"2021-04-02";50079
"9766102000007";"97610";"AR";"167";3;2363;0;2;"2020-09-22";;50079
"97661119A0145";"97611";"AH";"149";8;4442;0;5;"2020-04-06";"2022-01-24";289
"97661120A0100";"97611";"BC";"1";4;1039;0;2;"2020-12-22";;688
