"NUM_DAU";"COMM";"SEC_CADASTRE1";"NUM_CADASTRE1";"DESTINATION_PRINCIPALE";"SURF_LOC_CREEE";"SURF_LOC_AVANT";"ETAT_DAU";"DATE_REELLE_AUTORISATION";"DATE_REELLE_DOC";"SUPERFICIE_TERRAIN"
"00100424A1002";"01004";"AL";"457";3;1928;0;2;"2024-07-12";;22849
"00102424D0016";"01024";"AL";"61";8;2302;0;5;"2024-10-14";"2025-06-17";42010
"00102924C0001";"01029";"ZO";"113";6;3208;0;2;"2024-02-02";;25305
"00103123H0008";"01031";"AH";"198";6;1387;5918;2;"2024-02-14";;0
"00104323A0032";"01043";"AM";"1166";8;1185;0;2;"2024-02-29";;3500
"00104323A0033";"01043";"AM";"1033";3;1412;12825;2;"2024-05-15";;26382
"00104324A0018";"01043";"AM";"1246";3;2274;0;2;"2024-07-11";;7901
"0010492400014";"01049";"AH";"700";8;7660;9352;2;"2024-09-17";;31723
"00105323A0075";"01053";"AB";"57";4;1890;0;5;"2024-03-12";"2024-07-15";2957
"00107524V0002";"01075";"WI";"280";6;1251;9267;2;"2024-07-09";;24508
"00108923A0014";"01089";"ZR";"115";8;1841;0;5;"2024-01-12";"2024-03-05";15046
"00108924A0005";"01089";"ZR";"245";8;3402;7372;5;"2024-07-17";"2025-10-13";18603
"00109524C0005";"01095";"ZH";"141";8;3340;7439;2;"2024-09-23";;44266
"00110323B0018";"01103";"0B";"1535";4;1579;0;5;"2024-01-09";"2025-09-01";1494
"00110324B0002";"01103";"0B";"1668";4;1215;0;2;"2024-07-29";;1138
"00110324B0010";"01103";"0B";"1673";8;1313;0;2;"2024-08-23";;3859
"00115724V0011";"01157";"ZC";"104";6;1345;0;5;"2024-07-22";"2024-11-18";47200
"00115724V0013";"01157";"ZC";"104";8;1995;0;2;"2024-08-02";;61520
"00115924D0008";"01159";"ZH";"441";6;1491;4471;2;"2024-07-16";;7360
"00116023J0014";"01160";"AB";"101";4;2095;0;2;"2024-01-15";;16978
"00117524D0002";"01175";"WE";"126";6;1001;138;2;"2024-04-11";;6122
"00118324V0003";"01183";"0C";"323";8;1097;1715;2;"2024-04-18";;12624
"00123224C0009";"01232";"WP";"333";8;1260;0;2;"2024-12-09";;4184
"00126524H0009";"01265";"AA";"10";4;2685;0;2;"2024-11-26";;10151
"00126524H0011";"01265";"AK";"153";8;3260;3170;2;"2024-11-29";;15518
"00128323H0025";"01283";"AP";"697";4;3079;4131;5;"2024-03-22";"2025-03-03";7209
"00128324H0003";"01283";"AP";"232";3;1439;0;5;"2024-05-17";"2024-09-03";5923
"00128324H0011";"01283";"AP";"698";3;1916;1103;2;"2024-09-13";;4355
"00128324H0020";"01283";"0C";"1173";8;1924;0;2;"2024-12-10";;3806
"00132023D0030";"01320";"ZM";"176";6;3397;8644;5;"2024-01-10";"2025-11-17";22412
"00133224D0001";"01332";"0A";"196";4;2762;0;2;"2024-05-16";;5220
"00134424A0008";"01344";"0C";"921";8;3283;0;2;"2024-09-26";;52320
"00134824V0023";"01348";"0B";"449";4;1118;0;5;"2024-10-07";"2025-02-17";1830
"00135424J0030";"01354";"BK";"21";8;3998;0;2;"2024-11-28";;2479
"00137624A0011";"01376";"AI";"552";4;12435;0;5;"2024-12-16";"2024-12-16";0
"00138024D0006";"01380";"ZH";"28";8;1663;0;2;"2024-10-10";;55220
"00139023A0009";"01390";"AA";"17";8;10799;52433;2;"2024-04-16";;147654
"00139024A0008";"01390";"AH";"44";6;1712;0;5;"2024-11-06";"2025-05-19";4339
"00142124A0002";"01421";"AB";"277";6;3785;0;5;"2024-07-05";"2024-11-02";8940
"00142723V0029";"01427";"AB";"1103";6;1712;5466;5;"2024-02-21";"2024-11-04";19345
"00143123A0018";"01431";"0B";"2053";6;1271;8004;2;"2024-01-06";;29997
"00143124A0005";"01431";"0A";"1513";8;1960;0;5;"2024-09-07";"2025-01-27";6331
"00143124A0008";"01431";"0B";"1097";6;2303;8004;2;"2024-11-21";;29997
"00145123A0047";"01451";"BN";"119";4;1081;4363;2;"2024-07-08";;20331
"00204623SE001";"02046";"ZI";"89";8;74898;0;2;"2024-02-13";;211405
"00208523M0003";"02085";"ZD";"255";6;1032;0;2;"2024-01-16";;3033
"00217324J0002";"02173";"AO";"347";8;1186;0;2;"2024-03-14";;3880
"00225724W0001";"02257";"A";"482";8;1219;1040;5;"2024-06-28";"2025-08-04";22010
"00229722M0001";"02297";"ZI";"25";8;79964;0;2;"2024-08-26";;191391
"00234023W0017";"02340";"AH";"37";6;8568;17518;5;"2024-03-06";"2024-04-29";3718
"00238723VO054";"02387";"ZH";"181";8;3656;4223;2;"2024-02-13";;25368
"00238724VO021";"02387";"AC";"339";8;1556;0;2;"2024-11-14";;4594
"00240823A0015";"02408";"ZX";"35";8;20740;0;2;"2024-02-13";;149908
"00240824A0001";"02408";"ZX";"35";8;3853;0;2;"2024-04-26";;166559
"00246424P0001";"02464";"ZH";"88";8;1008;0;2;"2024-07-05";;0
"00247723AS006";"02477";"AA";"51";8;1855;2728;5;"2024-03-22";"2024-06-01";20504
"00268424R0004";"02684";"AD";"625";8;1462;11215;2;"2024-07-15";;70710
"00280524AS010";"02805";"ZD";"487";8;1160;0;5;"2024-10-17";"2024-12-05";2332
"00281024Z0001";"02810";"2";"242";4;3565;13485;2;"2024-06-06";;58216
"00281024Z0006";"02810";"BN";"165";6;1176;0;2;"2024-06-06";;6900
"00281024Z0008";"02810";"BN";"62";8;6094;25079;2;"2024-09-10";;87389
"00301223M0003";"03012";"A";"236";4;1029;0;5;"2024-01-20";"2025-02-03";20281
"00303224M0005";"03032";"ZI";"22";4;1655;1614;2;"2024-12-27";;26368
"00303623A0012";"03036";"H";"1788";4;1611;1104;5;"2024-03-28";"2025-04-07";7834
"00307623M0002";"03076";"G";"238";6;2627;0;5;"2024-04-24";"2025-09-15";32251
"00309524A0010";"03095";"AC";"173";8;1001;0;2;"2024-05-13";;10146
"00309524A0015";"03095";"CM";"212";8;5764;0;5;"2024-08-26";"2024-09-23";11456
"00310124A0011";"03101";"YL";"71";8;1328;0;5;"2024-08-23";"2025-03-10";7609
"00311823A0037";"03118";"ZM";"152";6;5630;18819;5;"2024-03-25";"2024-07-15";117282
"00311824A0018";"03118";"ZM";"218";6;2325;13977;5;"2024-09-13";"2024-09-23";54944
"00315524M0007";"03155";"AK";"51";8;2329;0;5;"2024-10-22";"2026-01-19";5382
"00325423A0034";"03254";"ZI";"138";6;2890;0;2;"2024-03-14";;207692
"00325424A0006";"03254";"ZK";"120";8;1800;3900;2;"2024-04-30";;19732
"00326424A0005";"03264";"BA";"1";6;4895;18915;2;"2024-08-05";;272727
"0032752400001";"03275";"F";"267";8;1146;0;2;"2024-07-16";;2017
"00329824A0014";"03298";"ZE";"52";6;1835;5363;5;"2024-12-02";"2025-01-31";43900
"00331424A0005";"03314";"AK";"51";8;1584;0;2;"2024-07-23";;6250
"00331524A0005";"03315";"AA";"175";6;1740;10343;2;"2024-10-03";;32347
"0041122400019";"04112";"AS";"193";4;1167;8711;2;"2024-11-28";;36803
"0041122400049";"04112";"CB";"57";8;1285;4536;2;"2024-10-22";;18189
"00420924C0016";"04209";"AD";"504";4;6100;7862;2;"2024-09-23";;68915
"0042402400003";"04240";"B";"1764";8;1049;0;2;"2024-07-25";;5156
"00501724H0005";"05017";"AB";"426";4;1732;0;2;"2024-11-14";;7534
"00506124P0022";"05061";"AM";"318";4;1273;0;5;"2024-09-13";"2024-12-02";5209
"00509824H0003";"05098";"E";"1496";8;1450;0;2;"2024-08-23";;461700
"00601824B0018";"06018";"BR";"110";3;4990;712;2;"2024-04-25";;11626
"00602524R0008";"06025";"0B";"1232";8;7070;750;2;"2024-11-13";;10224
"0060292300019";"06029";"DM";"10";3;3220;945;5;"2024-12-20";"2025-01-06";228368
"00603323R0056";"06033";"AH";"13";8;4888;4150;2;"2024-04-17";;14538
"00603324R0012";"06033";"AR";"57";6;12707;0;2;"2024-09-04";;18724
"00603324R0020";"06033";"AI";"1";6;3200;26596;2;"2024-10-24";;40523
"00606923E0123";"06069";"DT";"478";8;1289;1228;2;"2024-05-17";;4797
"00606923E0128";"06069";"DE";"799";6;2644;0;5;"2024-04-11";"2025-02-24";7942
"00606924E0032";"06069";"DE";"94";6;2052;0;2;"2024-06-14";;3342
"00606924E0069";"06069";"EI";"501";6;7787;0;2;"2024-08-23";;5
"00606924E0085";"06069";"DE";"830";6;5459;0;2;"2024-12-24";;9181
"00606924E0086";"06069";"DE";"796";8;3323;0;2;"2024-11-18";;14858
"00606924E0087";"06069";"DE";"85";6;3089;0;2;"2024-10-31";;1965
"00608423D0040";"06084";"BM";"21";6;6230;0;2;"2024-04-26";;28820
"00608524D0014";"06085";"CL";"261";4;3521;2851;2;"2024-07-30";;9893
"00608824S0027";"06088";"CM";;8;59976;10069;2;"2024-09-26";;46210
"00608824S0149";"06088";"KL";"227";8;1100;0;2;"2024-05-31";;27111
"00608824S0225";"06088";"BX";"159";8;5642;0;2;"2024-12-27";;13023
"00611424S0001";"06114";"AI";"128";8;2634;5955;2;"2024-04-25";;6355
"00612323C0051";"06123";"BK";"87";3;2023;0;5;"2024-05-29";"2025-05-23";2719
"00612823C0027";"06128";"AO";"153";3;1916;0;2;"2024-05-06";;8799
"00615224T0007";"06152";"AP";"16";6;1496;4239;2;"2024-08-07";;123285
"00701924D0018";"07019";"0D";"5193";8;2587;686;2;"2024-09-16";;3625
"00707823A0029";"07078";"AA";"247";4;1090;0;5;"2024-05-21";"2025-10-20";2007
"00707824A0023";"07078";"AD";"224";4;1429;1559;5;"2024-12-16";"2025-06-28";6917
"00707824A0025";"07078";"AC";"354";4;1818;0;5;"2024-11-19";"2025-03-24";4672
"00707924B0006";"07079";"OA";"773";8;1710;0;5;"2024-11-26";"2025-11-24";0
"00708924A0020";"07089";"D";"2229";8;1459;0;5;"2024-12-24";"2025-07-07";3356
"00718123C0010";"07181";"ZB";"307";6;1472;1857;2;"2024-01-19";;8294
"00718224D0002";"07182";"A";"1390";4;1137;1565;2;"2024-10-07";;9298
"0071862400001";"07186";"AX";"932";3;2395;970;5;"2024-05-31";"2024-09-26";4811
"00721224B0003";"07212";"AX";"41";4;4539;4539;2;"2024-09-18";;0
"00723024D0003";"07230";"0B";"877";8;1624;0;2;"2024-09-06";;5367
"00724724C0006";"07247";"AP";"231A";6;1078;39;5;"2024-08-06";"2025-07-21";2503
"00808124A0003";"08081";"B";"739";6;2832;0;2;"2024-06-25";;17392
"00810524X0012";"08105";"CY";"602";8;1822;914;2;"2024-07-09";;4914
"00810524X0020";"08105";"DT";"498";4;1220;0;5;"2024-06-13";"2024-11-08";3285
"00810524X0024";"08105";"A0";"110";4;5890;0;5;"2024-06-21";"2025-01-24";39830
"00810924E0003";"08109";"AN";"174";4;1239;1370;2;"2024-10-15";;0
"00819024A0003";"08190";"AW";"306";8;1690;0;2;"2024-08-21";;21001
"00922524K0005";"09225";"H";"2645";6;5248;66237;5;"2024-05-02";"2024-11-04";228703
"00926123A0028";"09261";"0B";"3239";8;1291;1194;2;"2024-09-12";;12401
"00926124A0009";"09261";"0A";"3692";8;2664;0;2;"2024-11-20";;22165
"00926824A0008";"09268";"0C";"820";4;1350;353;2;"2024-09-23";;1871
"01000623W0009";"10006";"ZC";"135";6;1632;1946;2;"2024-01-16";;15159
"0100302400004";"10030";"C";"495";4;1427;1106;2;"2024-12-18";;5854
"0100672400008";"10067";"ZE";"53";8;26253;0;2;"2024-09-23";;107844
"01010324E0001";"10103";"ZI";"89";8;1718;0;5;"2024-09-03";"2024-09-23";0
"01011523C0027";"10115";"ZX";"98";8;2033;0;5;"2024-02-26";"2024-06-03";5484
"01013923E0004";"10139";"ZC";"34";6;1706;5276;2;"2024-02-01";;0
"0102092400016";"10209";"AH";"40";6;2218;9269;2;"2024-12-02";;35707
"01023224D0002";"10232";"AC";"157";8;1965;7368;5;"2024-05-24";"2024-09-09";0
"01032324R0018";"10323";"BO";"303";8;2042;0;2;"2024-10-01";;41315
"0103252300026";"10325";"A0";"20";3;1266;0;5;"2024-03-18";"2024-10-14";7575
"0103572300008";"10357";"AH";"116";4;3383;0;2;"2024-02-01";;0
"0103622400001";"10362";"ZK";"123";8;1415;6444;2;"2024-04-18";;28536
"01100924D0004";"11009";"ZB";"126";8;23325;0;5;"2024-10-28";"2025-02-07";90229
"01100924D0005";"11009";"WA";"359";8;1352;0;2;"2024-10-28";;9566
"0110692300080";"11069";"KS";"33";4;3489;0;2;"2024-02-06";;21805
"0110692300167";"11069";"HR";"1139";3;1624;0;2;"2024-05-22";;3476
"0110692400097";"11069";"HR";"1228";8;8973;0;5;"2024-12-23";"2025-02-17";8144
"0110692400103";"11069";"HR";"455";6;1183;11901;2;"2024-10-31";;44533
"0110762400023";"11076";"ZH";"58";6;6868;0;5;"2024-09-11";"2024-09-23";29338
"0110762400034";"11076";"ZH";"33";8;1398;0;2;"2024-12-04";;3246
"0112062400003";"11206";"AO";"163";8;1207;3777;2;"2024-03-19";;0
"0112252400006";"11225";"ZR";"43";8;4824;0;5;"2024-08-27";"2024-10-07";25229
"0112552400008";"11255";"AW";"44";8;1025;0;5;"2024-10-30";"2025-03-03";8463
"0112622300106";"11262";"CY";"196";8;1226;0;2;"2024-05-12";;3175
"0112622300184";"11262";"DE";"188";8;1468;0;2;"2024-04-28";;2095
"0112622300245";"11262";"CX";"10";3;4374;0;2;"2024-06-21";;5730
"0112802400008";"11280";"A0";"2764";8;1012;0;2;"2024-08-07";;2883
"01128624D0008";"11286";"A";"1966";4;1397;0;5;"2024-11-29";"2025-05-05";8339
"01131524D0001";"11315";"BH";"149";8;1322;0;5;"2024-07-22";"2025-05-06";4269
"01204324G0016";"12043";"ZB";"24";8;1776;0;2;"2024-10-11";;6755
"01204324G0019";"12043";"ZB";"175";8;1592;0;5;"2024-11-15";"2026-01-12";11925
"01208924A0006";"12089";"AE";"666";8;6298;0;5;"2024-10-29";"2025-02-24";33415
"01210224G0002";"12102";"0G";"1032";8;1186;0;2;"2024-08-23";;5679
"01213324A0011";"12133";"ZR";"30";8;1800;0;2;"2024-08-05";;11126
"01217624A0007";"12176";"BH";"63";3;4947;0;5;"2024-06-17";"2024-11-02";7080
"01220323F1007";"12203";"0A";"1480";6;1970;0;2;"2024-03-22";;6516
"01227024G0032";"12270";"0D";"1209";8;1441;0;2;"2024-11-04";;9844
"01229124G0003";"12291";"B";"138";8;1564;0;2;"2024-08-30";;116240
"01230524A0006";"12305";"AE";"558";8;6298;0;5;"2024-10-24";"2025-02-24";962
"01300123J0191";"13001";"KD";"299";4;1607;0;2;"2024-04-09";;0
"01300123J0201";"13001";"KD";"273";4;18562;48;2;"2024-04-12";;0
"01300123J0235";"13001";"HO";"128";3;1631;9282;5;"2024-01-18";"2024-02-26";21489
"01300124J0145";"13001";"KT";"135";3;5125;1100;2;"2024-10-21";;0
"01300124J0173";"13001";"KB";"127";3;2636;625;2;"2024-12-10";;2180
"01300124J0179";"13001";"KD";"273";4;24692;48;2;"2024-12-18";;34890
"01300424R0048";"13004";"OI";"107";6;1475;3100;2;"2024-09-19";;27332
"01300424R0106";"13004";"C";"241";8;1043;1837;2;"2024-12-10";;5000
"0130052300087";"13005";"CR";"821";3;1932;0;2;"2024-06-06";;4987
"0130052300114";"13005";"BK";"3";3;7444;0;2;"2024-03-27";;9368
"0130052300138";"13005";"CT";"141";4;1974;0;2;"2024-03-22";;8246
"0130052400005";"13005";"AM";"154";3;1933;0;2;"2024-09-27";;12975
"0130072400010";"13007";"DO";"167";4;3000;0;5;"2024-11-14";"2025-08-25";6698
"01301324A0006";"13013";"C";"485";3;1469;0;5;"2024-05-06";"2025-04-14";4574
"01301623A0040";"13016";"BM";"78";8;4250;33;2;"2024-07-05";;9061
"01302523L0007";"13025";"AO";"291";8;1960;0;5;"2024-01-15";"2025-01-05";5833
"01302823B0081";"13028";"BZ";"799";3;4359;0;2;"2024-02-14";;11130
"01302824B0009";"13028";"CI";"40";6;9589;0;5;"2024-10-31";"2025-03-13";37210
"0130322300090";"13032";"BD";"417";6;1591;1090;2;"2024-02-28";;6056
"01303523P0041";"13035";"AM";"701";4;2269;0;2;"2024-03-04";;4308
"01303923G0004";"13039";"BS";"113";6;3940;0;2;"2024-10-30";;3550000
"01303924G0009";"13039";"AA";"8";6;16807;0;2;"2024-07-11";;1505393
"01303924G0014";"13039";"AB";"3";6;245830;0;2;"2024-07-17";;452570
"01303924G0027";"13039";"AH";"235";8;12412;0;2;"2024-12-04";;33938
"01304123K0048";"13041";"CM";"47";8;1096;0;5;"2024-04-19";"2025-01-06";3011
"01304124K0009";"13041";"AL";"1";8;1515;909;5;"2024-09-13";"2025-02-13";16968
"01304124K0013";"13041";"CK";"152";8;1251;0;5;"2024-07-08";"2025-01-08";2705
"01304124K0017";"13041";"CP";"140";4;1830;0;5;"2024-07-17";"2025-03-31";7221
"01304523N0015";"13045";"AB";"232";8;1082;0;5;"2024-01-15";"2024-07-18";2907
"01304724G0043";"13047";"K";"1562";6;9490;28637;2;"2024-12-16";;292346
"01305023M0045";"13050";"CO";"1128";8;2134;0;5;"2024-03-19";"2024-06-10";6075
"01305324P0022";"13053";"D";"974";4;1806;5246;2;"2024-12-23";;30680
"0130542300060";"13054";"BW";"40";8;4160;7105;2;"2024-07-16";;31114
"0130542400030";"13054";"BW";"12";6;10082;0;5;"2024-10-08";"2025-07-01";20749
"0130542400031";"13054";"AB";"1";3;2581;209185;2;"2024-09-05";;385808
"0130542400040";"13054";"Z";"273";6;15234;0;5;"2024-10-22";"2025-02-07";46865
"0132022300948";"13055";"A";"134";8;21738;0;5;"2024-12-31";"2025-02-03";10775
"0132082300905";"13055";"K";"28";3;30269;12422;5;"2024-09-15";"2025-12-19";14997
"0132092300610";"13055";"M";"66";3;6630;0;2;"2024-02-27";;7094
"0132092300912";"13055";"B";"95";3;9766;2087;5;"2024-07-20";"2025-07-21";7413
"0132152400143";"13055";"A";"44";3;4437;850;2;"2024-07-29";;3489
"0132162300392";"13055";"D";"101";8;21532;16829;2;"2024-02-18";;62750
"0132162300683";"13055";"O";"101";8;1319;6114;2;"2024-01-15";;9010
"0132162300852";"13055";"M";"4";6;2750;0;2;"2024-01-25";;412655
"01305924M0003";"13059";"AP";"334";6;1079;0;2;"2024-11-04";;926
"01306023K0051";"13060";"AP";"339";3;3719;0;2;"2024-04-16";;5904
"01306323G0033";"13063";"AE";"17";8;1520;10941;5;"2024-01-04";"2024-02-22";31246
"01307024A0008";"13070";"AC";"31";3;2259;510;2;"2024-12-23";;1872
"01307123C0074";"13071";"AE";"27";8;3980;0;2;"2024-01-05";;10423
"01307123C0085";"13071";"CV";"256";4;4884;0;5;"2024-01-26";"2024-10-07";48065
"01307223L0025";"13072";"AW";"287";8;1130;0;2;"2024-03-08";;10000
"0130762300022";"13076";;;8;5681;196;5;"2024-01-22";"2025-11-12";0
"0130782300021";"13078";"B";"918";8;16478;9976;5;"2024-03-19";"2024-04-29";60712
"01307823S0002";"13078";"B";"1009";8;40696;0;2;"2024-02-01";;84503
"01308023M0036";"13080";"AO";"13";3;9949;0;5;"2024-06-04";"2025-05-19";33130
"01308124F0004";"13081";"BO";"58";8;1776;0;2;"2024-05-15";;4494
"01308124F0032";"13081";"BT";"242";8;1137;0;2;"2024-10-15";;10963
"0130842400006";"13084";"AA";"142";4;2181;0;2;"2024-09-16";;51122
"01308723L0034";"13087";"AX";"351";8;1936;0;2;"2024-02-26";;10000
"01308723L0039";"13087";"AW";"665";6;1498;0;5;"2024-06-21";"2025-01-07";5272
"01308724L0002";"13087";"AW";"215";8;1568;0;5;"2024-08-02";"2026-01-12";4600
"01308724L0003";"13087";"AW";"215";8;1258;0;2;"2024-08-02";;4600
"01308724L0015";"13087";"AW";"683";8;2345;0;2;"2024-12-17";;5196
"0130882400005";"13088";"AA";"202";8;1120;0;2;"2024-07-10";;1000
"01309123M0015";"13091";"AP";"65";3;2580;0;2;"2024-01-19";;5913
"01309223G0009";"13092";"E";"10";6;1534;3020;2;"2024-02-02";;85153
"01309724S0026";"13097";"BR";"44";8;6997;60434;2;"2024-10-21";;198770
"01309724S0027";"13097";"BO";"21";6;4666;6330;5;"2024-08-20";"2024-12-09";71505
"01309924M0002";"13099";"0C";"1121";8;2429;0;2;"2024-06-18";;1404195
"01310223F0011";"13102";"AP";"75";8;2760;224;2;"2024-02-29";;9227
"01310223F0012";"13102";"AP";"134";6;1134;185;2;"2024-03-19";;5226
"01310323E0085";"13103";"CW";"573";6;1397;0;5;"2024-05-03";"2024-11-21";11716
"01310324E0036";"13103";"CV";"269";4;2134;0;5;"2024-12-09";"2025-09-01";5943
"0131052300063";"13105";"BW";"294";6;4564;0;5;"2024-02-29";"2024-09-23";10075
"0131052400018";"13105";"CX";"150";8;8074;0;2;"2024-09-19";;14385
"0131062400020";"13106";"AB";"100";8;4091;1140;5;"2024-12-16";"2025-07-21";8482
"01310823S0049";"13108";"F";"2059";8;1837;5278;5;"2024-07-12";"2024-09-02";26700
"01310824S0005";"13108";"ZA";"180";4;1074;0;2;"2024-04-08";;2890
"01310824S0025";"13108";"F";"2061";8;7858;0;5;"2024-11-12";"2025-11-03";17947
"0131132400008";"13113";"BP";"23";8;1303;190;2;"2024-11-14";;3310
"01404723P0067";"14047";"AO";"110";8;5845;0;2;"2024-08-06";;10987
"01410124P0005";"14101";"A";"532";8;1635;1267;5;"2024-08-19";"2024-12-01";5934
"01410124P0012";"14101";"ZM";"530";3;1919;0;5;"2024-10-10";"2025-06-02";2506
"01411823P0092";"14118";"MD";"16";3;1118;0;2;"2024-01-09";;155775
"01411823P0152";"14118";"IW";"171";3;1016;0;2;"2024-06-13";;1119
"01411824P0077";"14118";"MX";"132";3;1494;0;5;"2024-11-22";"2025-05-12";2312
"01413724P0006";"14137";"BA";"113";6;2039;5599;5;"2024-11-21";"2024-12-20";27547
"01416724R0001";"14167";"BA";"16";6;2997;0;2;"2024-07-19";;14009
"01422124P0008";"14221";"Z";"235";4;1665;971;2;"2024-11-07";;8880
"01425823P0030";"14258";"BO";"123";8;1136;0;2;"2024-02-28";;3344
"01425823R0026";"14258";"BA";"14";6;19686;6119;5;"2024-02-09";"2024-03-25";71103
"01425824P0012";"14258";"BK";"59";8;1018;0;2;"2024-08-19";;19189
"01427424P0005";"14274";"ZB";"248";6;3348;0;5;"2024-10-26";"2025-11-06";26210
"0143032400002";"14303";"C";"364";6;3792;15979;5;"2024-06-19";"2024-09-30";114555
"01431923P0012";"14319";"AH";"63";8;1245;0;2;"2024-03-01";;3783
"0143262400002";"14326";"D";"585";8;1344;783;2;"2024-06-07";;5955
"01432724P0004";"14327";"CM";"42";3;2131;0;2;"2024-06-11";;2058
"01432724P0006";"14327";"BP";"125";6;3147;19556;5;"2024-06-19";"2025-01-20";33347
"01433323P0042";"14333";"CN";"57";8;5364;650;2;"2024-07-26";;42591
"01433323P0044";"14333";"CB";"18";8;9120;14567;5;"2024-04-08";"2024-09-01";549702
"01433324P0005";"14333";"CB";"2";8;8893;0;5;"2024-10-16";"2025-05-28";506897
"01433324P0009";"14333";"CD";"162";6;6193;0;5;"2024-06-19";"2024-09-30";26137
"01434724R0005";"14347";"AC";"35";8;1322;1036;2;"2024-11-25";;13200
"01445623P0030";"14456";"ZB";"157";8;1600;0;2;"2024-03-05";;28198
"01445624P0005";"14456";"ZB";"27";6;2196;6416;2;"2024-10-08";;40472
"01454324P0019";"14543";;;4;1172;709;2;"2024-12-29";;0
"01457923R0007";"14579";"ZK";"41";3;1034;1022;2;"2024-03-04";;10027
"01462724P0001";"14627";"ZR";"45P";6;3418;0;5;"2024-05-28";"2024-08-27";6194
"01466323P0005";"14663";"ZC";"158";3;1416;0;2;"2024-01-08";;40026
"01467523P0015";"14675";"BA";"105";4;1131;0;5;"2024-01-09";"2024-08-27";4778
"01467523P0021";"14675";"AH";"63";8;1245;0;2;"2024-03-15";;3783
"01469224P0007";"14692";"C";"794";6;2149;0;2;"2024-07-18";;7266
"01472624R0027";"14726";"ZL";"40";6;1850;1510;2;"2024-11-08";;0
"01475224R0039";"14752";"AL";"215";4;1135;0;5;"2024-12-23";"2025-06-18";4084
"01476224R0026";"14762";"AT";"16";4;1348;0;2;"2024-08-02";;9629
"01501423A0043";"15014";"AW";"237";3;2900;600;5;"2024-01-11";"2025-06-01";7732
"01501424A0046";"15014";"BY";"71";6;1310;547;5;"2024-11-22";"2024-12-09";1892
"01503023A0003";"15030";"ZA";"63";8;1080;0;2;"2024-05-29";;5123
"01505124S0002";"15051";"ZD";"74";4;1945;0;2;"2024-04-22";;11638
"01505323S0005";"15053";"F";"539";8;1182;0;2;"2024-02-01";;5762
"01512023M0018";"15120";"AH";"272";4;1236;0;2;"2024-01-05";;10422
"01522124A0004";"15221";"ZR";"7";4;1931;0;2;"2024-09-09";;8594
"01524424S0001";"15244";"ZH";"90";4;1077;588;2;"2024-04-15";;6052
"01525824A0003";"15258";"AP";"407";4;1230;0;2;"2024-05-02";;3713
"01526723A0021";"15267";"AB";"206";4;1421;0;2;"2024-02-13";;98036
"01601123X0004";"16011";"0D";"760";8;1332;0;5;"2024-01-25";"2024-10-17";14330
"01606024W0001";"16060";"ZB";"231";6;1156;415;2;"2024-11-28";;12492
"01607824C0016";"16078";"BC";"415";3;1655;500;2;"2024-09-12";;0
"01608924W0004";"16089";"AY";"17";6;1600;110451;2;"2024-10-07";;375149
"01608924W0016";"16089";"BH";"182";6;6461;0;2;"2024-10-09";;43082
"01608924W0023";"16089";"BH";"127";6;4349;16469;5;"2024-10-21";"2025-04-14";43656
"01609524X0002";"16095";"ZK";"166";6;1027;0;5;"2024-12-02";"2025-02-03";9309
"01610224T0002";"16102";"BC";"400";6;6091;12820;2;"2024-05-28";;30204
"01610224T0042";"16102";"BW";"69";8;1050;4899;2;"2024-10-24";;0
"01611924C0039";"16119";"A";"512";8;1600;1600;2;"2024-09-09";;7156
"01615424C0012";"16154";"AR";"65";8;2085;3280;2;"2024-11-07";;14737
"01616724W0005";"16167";"AC";"506";8;1418;2150;5;"2024-05-22";"2025-10-01";8478
"01616724W0014";"16167";"AE";"619";8;2067;1492;2;"2024-10-04";;10181
"01620424W0002";"16204";;;8;1239;1853;2;"2024-06-06";;105850
"01623224C0010";"16232";"AN";"100";8;4550;0;2;"2024-12-27";;2230
"01635824C0004";"16358";;;6;3398;0;5;"2024-06-18";"2024-08-26";31618
"01638324X0007";"16383";"ZB";"94";8;1442;2280;2;"2024-12-19";;39149
"01639324X0002";"16393";"ZN";"136";8;6280;0;5;"2024-04-08";"2024-11-13";62244
"01700924C0005";"17009";"ZC";"42";4;1162;0;2;"2024-12-06";;20210
"01702124A0003";"17021";;;4;1263;2949;5;"2024-06-11";"2024-10-14";29292
"0170282400002";"17028";"AD";"4";6;1650;137229;2;"2024-05-14";;239794
"01704823V0004";"17048";"ZE";"152";8;4250;7767;2;"2024-02-16";;41395
"01707724H0007";"17077";"AV";"314";6;2244;0;2;"2024-10-11";;16104
"01707724H0008";"17077";"AW";"111";6;2482;0;2;"2024-10-11";;16376
"01714023X0042";"17140";"AS";"576";4;1110;0;5;"2024-02-19";"2024-07-25";2564
"01717224S0006";"17172";"B";"709";4;1203;9399;5;"2024-06-12";"2024-11-04";58076
"01718524M0013";"17185";"ZK";"125";8;2280;0;5;"2024-10-09";"2026-01-14";6000
"01718524M0022";"17185";"ZK";"122";8;1555;0;5;"2024-11-14";"2025-03-18";4979
"0172742300030";"17274";"AB";"263";6;1523;0;2;"2024-02-16";;1596
"0172742300036";"17274";"AD";"633";8;2334;0;2;"2024-01-22";;5131
"0172742400012";"17274";"AP";"172";6;15378;19858;5;"2024-07-18";"2024-07-26";36156
"0172912300032";"17291";"ZE";"522";3;1464;245;5;"2024-02-05";"2024-07-11";1
"0173002300180";"17300";"HB";"1";6;1100;7938;2;"2024-01-05";;59301
"0173002300233";"17300";"BL";"349";8;1064;0;5;"2024-01-27";"2024-08-20";6565
"0173002400013";"17300";"AY";"90";8;1583;0;2;"2024-05-24";;1731
"01733624P0014";"17336";"ZI";"101";4;1676;0;2;"2024-07-11";;4477
"01733924H0014";"17339";"ZA";"80";6;13378;0;5;"2024-12-17";"2025-06-01";237052
"0174072300062";"17407";"ZH";"291";6;9752;0;5;"2024-10-15";"2025-05-15";23496
"0174072300065";"17407";"ZH";"292";6;2698;0;2;"2024-03-05";;16104
"0174132300008";"17413";"C";"317";3;1716;0;5;"2024-01-24";"2024-03-01";2244
"01741523P0135";"17415";"AR";"606";8;1205;1228;2;"2024-02-05";;3477
"01741524P0042";"17415";"AN";"538";8;2892;0;2;"2024-10-24";;67822
"01741524P0062";"17415";"BL";"449";4;1568;0;2;"2024-12-02";;1893
"01743423A0060";"17434";"ZR";"172";4;5472;0;5;"2024-03-20";"2024-12-16";16302
"01747724V0004";"17477";"B";"1707";6;1950;3200;5;"2024-10-30";"2025-02-10";0
"01803323B0134";"18033";"DW";"340";4;1378;24065;2;"2024-01-08";;65336
"01803324B0017";"18033";"BN";"194";4;1375;0;5;"2024-09-02";"2024-11-18";5012
"01803324B0020";"18033";"ZN";"178";6;5131;0;5;"2024-03-26";"2024-07-01";28512
"01803324B0045";"18033";"CE";"312";3;1040;0;5;"2024-08-19";"2025-09-29";4183
"01803324B0086";"18033";"ZS";"109";3;1559;0;2;"2024-09-10";;9590
"01803324B0101";"18033";"ZN";"276";8;1749;0;5;"2024-11-13";"2025-06-23";10128
"01805224M0003";"18052";"0F";"1024";8;1460;0;2;"2024-11-26";;3892
"0181262400008";"18126";"BL";"27";8;70452;39060;2;"2024-12-13";;149724
"0181732400001";"18173";"ZB";"33";4;1240;0;2;"2024-12-20";;0
"01820524B0017";"18205";"BZ";"136";4;1007;0;2;"2024-07-11";;4326
"01820723D0025";"18207";"AD";"53";8;1448;821;2;"2024-02-12";;12557
"01821324B0004";"18213";"ZI";"424";8;1522;0;5;"2024-04-15";"2025-01-27";3367
"01821324B0011";"18213";"BD";"103";8;4398;5807;5;"2024-11-05";"2025-05-12";61702
"01828124V0007";"18281";"AM";"12";6;3564;3027;5;"2024-11-08";"2025-02-10";20145
"01901024X0012";"19010";"AK";"327";6;1284;2215;5;"2024-07-16";"2025-01-22";14021
"01903124A0039";"19031";"EW";"418";8;2529;1000;5;"2024-10-01";"2026-01-06";11901
"01903124A0099";"19031";"EV";"272";3;4111;17603;5;"2024-12-25";"2025-01-06";61377
"01907224A0001";"19072";"ZB";"254";3;1897;0;2;"2024-06-24";;8312
"01912324A0015";"19123";"AB";"320";8;1560;0;5;"2024-09-16";"2025-03-01";6670
"01922924A0011";"19229";"ZA";"25";8;1107;0;2;"2024-10-25";;28080
"01923424A0003";"19234";"Z";"10";8;5262;0;2;"2024-12-12";;17189
"01925024Z0007";"19250";"ZK";"14";8;1009;0;2;"2024-12-20";;8110
"02105423B0063";"21054";"DR";"101";8;9340;0;2;"2024-04-18";;42865
"02105424B0004";"21054";"EA";"355";8;1300;0;2;"2024-04-24";;4516
"02105424B0012";"21054";"EA";"351";6;1323;0;5;"2024-07-08";"2024-09-16";5939
"02105424B0028";"21054";"EA";"349";4;9198;0;2;"2024-06-28";;23343
"02105424B0049";"21054";"ED";"269";4;2900;0;2;"2024-10-14";;12908
"02113224B0003";"21132";"ZI";"31";8;1536;0;2;"2024-09-19";;0
"02116624R0004";"21166";"AS";"79";6;6727;3715;5;"2024-07-10";"2024-07-11";13029
"02117124R0006";"21171";"ZE";"203";8;1703;3387;5;"2024-08-26";"2024-09-09";22120
"02122723D0002";"21227";"AI";"292";4;3308;0;2;"2024-02-23";;7261
"02123124R0088";"21231";"AI";"135";8;5800;2174;2;"2024-10-31";;16310
"02127823R0021";"21278";"BA";"141";8;1384;396;2;"2024-06-12";;2877
"02129524B0001";"21295";;;6;2368;0;2;"2024-04-08";;7523
"02129524B0002";"21295";"CD";"234";4;1749;2368;2;"2024-04-08";;7523
"02135524R0002";"21355";"BV";"114";8;1317;186;2;"2024-09-26";;27274
"02139023R0013";"21390";"BD";"116";8;2419;13932;2;"2024-06-14";;45767
"02142324B0001";"21423";"A";"372";8;2670;3152;2;"2024-05-16";;27170
"02142324B0004";"21423";"A";"1044";6;3978;19181;5;"2024-08-19";"2025-11-17";86219
"02146424B0022";"21464";"ZH";"137";8;1768;0;5;"2024-12-20";"2025-05-26";5206
"02147324R0002";"21473";"ZP";"70";8;1002;0;5;"2024-07-05";"2024-12-04";10457
"02151523R0017";"21515";"AL";"40";3;3785;0;5;"2024-07-02";"2024-09-03";5944
"02154023R0014";"21540";"ZB";"212";8;2905;3100;2;"2024-02-27";;7130
"02154024R0006";"21540";"ZB";"366";3;4856;0;2;"2024-11-28";;33226
"02158424B0005";"21584";"OB";"473";4;1027;0;5;"2024-08-22";"2025-04-02";3553
"02159024B0007";"21590";"AT";"60";8;2269;0;2;"2024-12-11";;5847
"02165723D0013";"21657";"ZE";"71";8;3192;600;2;"2024-07-02";;11395
"02168423B0014";"21684";"AD";"75";6;6463;12906;5;"2024-03-05";"2025-11-03";49939
"02208423C0020";"22084";"ZN";"103";8;1500;0;2;"2024-02-06";;5452
"02208624P0007";"22086";"A";"164";8;3655;0;5;"2024-12-23";"2025-06-10";0
"02214723J0015";"22147";"YW";"618";6;1466;0;2;"2024-02-27";;2349
"02215824J0013";"22158";"ZN";"174";6;1019;1397;5;"2024-10-30";"2024-12-10";12144
"02215824J0015";"22158";"ZN";"154";6;3504;18588;5;"2024-08-09";"2024-11-04";104709
"02217024Q0006";"22170";"ZK";"148";8;8600;860;2;"2024-07-09";;7824
"02218024C0007";"22180";"AD";"15";6;3736;8857;2;"2024-08-22";;26896
"02218623Q0075";"22186";"C";"210";4;2277;6663;2;"2024-02-28";;44734
"02219323C0020";"22193";"YL";"232";6;1063;1542;5;"2024-03-21";"2024-09-16";9676
"02221524Q0118";"22215";"H";"398";4;2136;0;2;"2024-07-10";;10598
"02222524P0007";"22225";"AM";"104";8;1107;0;2;"2024-06-24";;3000
"02225923C0042";"22259";"AN";"62";3;1689;0;5;"2024-01-31";"2025-06-01";1400
"02225924C0015";"22259";"AL";"101";3;1504;0;5;"2024-10-14";"2025-03-24";2046
"02225924C0016";"22259";"C";"1514";4;2207;0;5;"2024-08-20";"2024-11-25";11138
"02227224P0013";"22272";"AR";"5";6;1060;0;5;"2024-11-15";"2025-01-13";8259
"02227523J0012";"22275";"ZB";"153";6;4441;13623;5;"2024-04-18";"2024-07-01";57571
"02227824V0008";"22278";"CM";"270";3;1698;0;5;"2024-06-19";"2024-10-25";19136
"02227923J0005";"22279";"XI";"6";6;1112;6710;2;"2024-03-01";;49348
"02227923J0008";"22279";"AB";"20";6;1108;1486;2;"2024-07-10";;51262
"02228223C0069";"22282";"C";"858";6;2367;2644;5;"2024-01-18";"2024-07-02";9728
"02232724C0003";"22327";"B";"1366";8;1106;300;2;"2024-06-26";;4630
"02233923C0029";"22339";"AA";"4";4;1057;1560;5;"2024-01-26";"2024-02-05";11543
"02236024Q0019";"22360";"AS";"5";4;2245;0;5;"2024-10-17";"2025-01-06";9323
"02238923Q0023";"22389";"AW";"8";4;1596;0;2;"2024-02-28";;22479
"02307924D0003";"23079";"AR";"68";8;1905;11126;5;"2024-12-02";"2025-11-17";128470
"02309624G0005";"23096";"AI";"367";6;3479;1333;5;"2024-07-16";"2025-07-03";0
"02311723X0003";"23117";"A";"1248";6;1740;5781;5;"2024-02-08";"2024-02-16";91132
"02316423A0021";"23164";"E";"388";6;1700;2620;2;"2024-05-16";;17462
"02321924S0008";"23219";"ZY";"313";8;1367;0;2;"2024-12-19";;9381
"02401424D0002";"24014";"ZB";"109";4;1126;1164;2;"2024-05-17";;9117
"02403723D0098";"24037";"BE";"164";6;4476;0;2;"2024-01-16";;156510
"02403724D0044";"24037";"BX";"318";4;7351;0;5;"2024-09-16";"2024-10-14";20973
"02405324D0022";"24053";"AB";"880";4;2016;0;2;"2024-07-19";;6302
"02405324D0034";"24053";"DD";"123";6;1063;6479;2;"2024-10-02";;27716
"02406423D0026";"24064";"A";"1443";6;12212;10393;2;"2024-01-23";;60279
"02406824D0014";"24068";"B";"66";8;1232;0;2;"2024-11-19";;12780
"02407324D0005";"24073";"A";"1372";8;1526;316;2;"2024-07-16";;6947
"02408224D0024";"24082";"AC";"22";8;1247;760;5;"2024-10-28";"2025-07-07";12733
"02408724M0012";"24087";"D";"988";4;1082;0;2;"2024-12-06";;13152
"02413924D0002";"24139";"AE";"326";3;1709;0;5;"2024-06-12";"2025-04-08";20322
"02414524D0006";"24145";"AS";"91";4;2033;0;5;"2024-05-22";"2024-09-16";6033
"02414524D0010";"24145";"AS";"97";4;2303;0;5;"2024-11-08";"2025-07-07";6000
"02414524D0011";"24145";"AT";"91";4;1169;26843;5;"2024-10-01";"2025-02-03";130675
"02416723S0022";"24167";"AS";"46";8;2507;2271;2;"2024-03-28";;0
"02421024D0003";"24210";"AH";"200";4;1541;0;2;"2024-03-21";;7784
"02422323D0010";"24223";"BB";"217";4;4988;0;5;"2024-02-12";"2025-03-03";26092
"02425624D0014";"24256";"AL";"190";6;1235;0;2;"2024-09-12";;17416
"02437224D0001";"24372";"AK";"1";6;4285;4944;2;"2024-12-05";;84589
"02444223D0004";"24442";"AD";"251";8;1513;1465;5;"2024-03-26";"2024-07-08";19986
"02444223D0005";"24442";"AD";"251";8;1060;2978;2;"2024-03-26";;19986
"02452023D0072";"24520";"CI";"40";6;1048;552;2;"2024-02-02";;9729
"02453424D0008";"24534";"B";"751";6;1075;1067;2;"2024-10-09";;3800
"02454024D0007";"24540";"B";"1828";4;1312;0;5;"2024-09-13";"2025-01-06";6978
"02455123D0014";"24551";"AM";"380";8;1827;4463;5;"2024-03-13";"2025-06-02";18952
"02455724D0008";"24557";"BK";"193";4;1398;1125;2;"2024-06-10";;4434
"02455724D0014";"24557";"AN";"159";4;1377;0;2;"2024-06-28";;4804
"02455724D0015";"24557";"AS";"65";4;1033;0;5;"2024-09-12";"2025-03-10";7973
"02456824S0012";"24568";"AL";"557";8;1621;0;5;"2024-09-06";"2024-09-06";11904
"02458423R0011";"24584";"C";"820";4;1524;0;5;"2024-04-23";"2025-06-23";84297
"02458623D0013";"24586";"E";"1083";8;1950;2004;2;"2024-01-19";;28054
"02458624D0004";"24586";"D";"1181";4;1530;1165;5;"2024-12-04";"2025-04-28";6118
"02503124A0002";"25031";"AB";"311";4;1594;2303;5;"2024-05-03";"2024-08-19";8878
"02503124A0004";"25031";"AK";"442";4;3392;3662;2;"2024-07-12";;12128
"02503224D0003";"25032";"AB";"351";6;3573;0;5;"2024-10-03";"2025-01-20";11356
"02503224D0007";"25032";"ZA";"70";6;1015;5000;2;"2024-12-18";;15044
"02505023R0004";"25050";"AE";"36";4;2370;0;2;"2024-03-04";;5119
"02505623B0121";"25056";"HS";"434";6;5658;0;5;"2024-02-21";"2024-06-10";7689
"02505623B0125";"25056";"HT";"177";6;1790;1203;2;"2024-03-27";;4603
"02505623B0156";"25056";"AB";"191";3;1367;3259;5;"2024-06-03";"2024-11-15";1392
"02505623B0179";"25056";"EX";"20";6;1034;396;2;"2024-07-19";;3920
"02505624B0125";"25056";;;3;3148;0;5;"2024-12-19";"2025-07-07";9256
"02505724A0008";"25057";"AM";"207";8;1256;0;2;"2024-10-17";;4286
"02510024P0004";"25100";"ZI";"155";6;8142;0;5;"2024-07-04";"2024-08-20";20692
"02510024P0007";"25100";"ZI";"154";6;8455;0;2;"2024-08-14";;19317
"02510024P0009";"25100";"ZI";"150";8;1477;0;2;"2024-09-19";;34522
"02512024N0003";"25120";"A";"629";6;1276;3073;5;"2024-07-18";"2025-01-13";54689
"02512724R0003";"25127";"AN";"67";4;1505;0;5;"2024-05-27";"2024-05-28";7806
"02514723C0009";"25147";"ZN";"225";6;2434;5122;2;"2024-02-22";;23709
"02523024A0004";"25230";"AD";"45";8;2266;0;2;"2024-11-25";;26113
"02523024A0005";"25230";"AD";"45";8;5136;0;2;"2024-11-25";;26113
"02524023R0013";"25240";"AD";"131";4;1530;1609;5;"2024-01-22";"2024-06-10";6138
"02528524R0005";"25285";"B";"1157";6;2078;33;5;"2024-07-30";"2025-03-18";4372
"02532824C0002";"25328";"AE";"67";4;1745;742;2;"2024-10-18";;5879
"02538123C0010";"25381";"AK";"121";3;8213;0;2;"2024-02-20";;24455
"02538823A0032";"25388";"AN";"128";4;1391;0;5;"2024-03-25";"2024-11-05";5142
"02546224P0016";"25462";"BM";"338";8;2099;0;2;"2024-06-18";;4035
"02546224P0017";"25462";"BM";"302";8;1164;0;2;"2024-06-28";;94962
"02546224P0029";"25462";"BM";"338";8;2090;0;5;"2024-09-06";"2025-06-10";4035
"02546324A0002";"25463";"AD";"54";4;1685;1045;2;"2024-04-30";;3804
"02553224C0005";"25532";"AM";"160";4;1486;1977;5;"2024-09-06";"2025-10-20";7350
"02554724A0006";"25547";"AH";"367";8;60675;0;2;"2024-11-25";;141368
"02559524L0001";"25595";"A";"297";8;1891;0;2;"2024-05-23";;13004
"0260022400001";"26002";"ZI";"14";8;2000;12400;2;"2024-02-15";;61895
"0260022400012";"26002";"ZB";"111";8;2060;59883;2;"2024-09-09";;209439
"0260102400024";"26010";"ZT";"113";6;1004;4482;2;"2024-12-06";;104449
"0260412400001";"26041";"ZB";"286";8;1430;3094;5;"2024-04-23";"2024-07-26";17356
"02604523N0018";"26045";"ZL";"361";8;3858;0;5;"2024-06-15";"2024-11-28";11749
"02605823V0043";"26058";"AD";"104";8;35621;2855;5;"2024-06-28";"2024-10-14";41876
"02606424C0011";"26064";"XN";"276";4;1308;0;2;"2024-11-20";;6698
"02607124T0002";"26071";"AE";"151";8;2724;0;5;"2024-03-28";"2024-10-23";18300
"0260832400007";"26083";"E";"1277";3;1594;0;5;"2024-06-27";"2024-09-17";3745
"0260842400006";"26084";"ZS";"401";6;2469;17864;2;"2024-05-17";;61406
"0260842400012";"26084";"ZN";"563";8;2954;5047;2;"2024-07-30";;14733
"0260882300072";"26088";"ZA";"419";6;1517;0;5;"2024-04-05";"2024-09-16";10889
"02611623D0030";"26116";"0T";"335";4;1585;1472;5;"2024-05-29";"2025-06-02";6291
"02611624D0012";"26116";"0C";"1623";6;1729;0;2;"2024-09-30";;100451
"0261242400021";"26124";"ZC";"226";6;1066;2541;2;"2024-10-02";;10338
"0261242400022";"26124";"ZC";"325";6;3150;0;2;"2024-09-18";;10000
"02612524D0004";"26125";"YE";"399";8;1902;0;5;"2024-09-09";"2025-01-01";4400
"02616623D0039";"26166";"ZY";"132";8;50027;36673;5;"2024-02-12";"2025-07-28";120013
"02616924M0024";"26169";"AL";"163";8;2376;10790;2;"2024-12-20";;47301
"02619823M0133";"26198";"ZA";"513";3;2380;867;2;"2024-03-04";;10330
"02619824M0010";"26198";"ZS";"731";8;11355;0;2;"2024-08-12";;19889
"0262062400010";"26206";"ZD";"289";8;2059;972;2;"2024-12-19";;5000
"02623523P0042";"26235";"T";"388";6;44400;83215;2;"2024-06-24";;157580
"02623524P0031";"26235";"0X";"443";3;1538;2592;5;"2024-08-07";"2025-03-17";10200
"02623524P0041";"26235";"0T";"389";6;5939;5939;5;"2024-09-26";"2025-05-01";386605
"02625223V0038";"26252";"AD";"86";6;2968;0;2;"2024-02-07";;9980
"02625224V0005";"26252";"AA";"120";8;3638;10504;5;"2024-04-22";"2024-07-01";33310
"02625224V0009";"26252";"AA";"29";8;1794;2736;2;"2024-07-22";;15828
"02625224V0010";"26252";"AZ";"17";3;3100;903;2;"2024-10-04";;4663
"0262812300082";"26281";"DN";"2";4;1988;1499;2;"2024-01-08";;6957
"0262812400045";"26281";"BT";"384";8;1080;657;2;"2024-09-11";;15000
"0262812400083";"26281";"BT";"449";8;2228;2874;2;"2024-12-23";;10084
"02631723N0007";"26317";"AH";"4";8;4388;0;5;"2024-05-17";"2025-04-01";10050
"0263622300061";"26362";"AD";"275";3;3547;10082;2;"2024-02-21";;8649
"0263622300083";"26362";"BW";"48";3;4989;0;2;"2024-01-24";;6659
"0263622300122";"26362";"CS";"342";4;3907;0;5;"2024-05-28";"2025-04-01";3874
"0263622400019";"26362";"DT";"506";8;1594;0;2;"2024-10-30";;3637
"0263622400042";"26362";"DI";"174";4;1646;572;5;"2024-12-11";"2025-03-17";39332
"02700823A0008";"27008";"B";"1173";6;1339;158201;5;"2024-03-08";"2024-03-08";66447
"02705624Z0017";"27056";"ZI";"112";8;2318;0;2;"2024-10-11";;17724
"02706524S0010";"27065";"ZK";"223";4;1145;6066;2;"2024-12-10";;17655
"02709023S0012";"27090";"C";"1051";4;1517;2648;2;"2024-02-22";;9214
"02710424A0002";"27104";"ZC";"78";8;4074;4575;5;"2024-04-26";"2024-12-10";3959
"02711723Z0005";"27117";"AD";"133";4;2014;0;2;"2024-02-14";;8350
"02715624I0002";"27156";"ZL";"23";8;2318;0;2;"2024-07-09";;25631
"02718024A0008";"27180";"A";"607";8;1231;0;2;"2024-11-15";;4888
"02722924F0036";"27229";"AW";"103";4;1239;1239;5;"2024-09-18";"2024-10-21";42
"02727923A0005";"27279";"E";"565";8;4742;2069;5;"2024-01-03";"2024-04-02";76765
"02729923F0011";"27299";"AD";"248";4;4446;8091;2;"2024-06-12";;22965
"02733223A0015";"27332";"ZD";"115";8;4389;6780;5;"2024-01-03";"2024-03-04";35185
"02738024Z0001";"27380";"AB";"7";8;1025;0;5;"2024-04-16";"2024-04-17";55709
"02738024Z0004";"27380";"YD";"37";8;2818;0;2;"2024-12-31";;11089
"02742823N0021";"27428";"AS";"24";6;4756;0;2;"2024-03-12";;22588
"02751724A0014";"27517";"ZD";"316";8;1800;0;5;"2024-10-01";"2024-11-18";21155
"02756224A0002";"27562";"AN";"245";3;1444;1818;5;"2024-06-03";"2024-12-11";15250
"02756224A0004";"27562";"AL";"486";8;2164;0;2;"2024-08-09";;21436
"02768424F0001";"27684";"ZD";"119";8;4408;0;2;"2024-03-06";;9700
"02768424F0002";"27684";"ZD";"138";8;1526;826;2;"2024-05-27";;5569
"02769724A0004";"27697";"ZB";"349";8;26800;0;2;"2024-09-20";;62451
"02770124H0003";"27701";"CM";"304";3;1593;0;5;"2024-05-23";"2024-08-30";5238
"02770124H0011";"27701";"CX";"1";6;2350;62567;5;"2024-08-26";"2025-01-13";262406
"0280062400004";"28006";"YC";"20";8;10334;0;2;"2024-09-05";;76484
"0280152400001";"28015";"ZO";"471";8;1019;0;2;"2024-02-23";;3327
"0280152400007";"28015";"ZX";"128";8;3966;26468;5;"2024-07-26";"2024-12-09";158810
"0280242400009";"28024";"ZA";"553";4;7675;0;2;"2024-12-19";;22470
"0280392300004";"28039";"ZK";"103";8;94742;17790;2;"2024-02-19";;207359
"0280512400018";"28051";"YA";"271";4;1879;0;2;"2024-11-19";;45881
"0280852300033";"28085";"ZO";"333";6;4699;0;2;"2024-02-20";;4900
"0280852300034";"28085";"ZO";"333";6;6266;0;2;"2024-02-20";;8410
"0280852300035";"28085";"ZO";"246";6;4990;0;5;"2024-02-20";"2025-12-01";5139
"0280852400029";"28085";"ZO";"217";6;3560;9449;5;"2024-07-24";"2024-09-30";30000
"0280852400035";"28085";"CE";"279";6;5267;15566;5;"2024-08-28";"2025-05-05";94930
"0280852400038";"28085";"CE";"236";4;1890;0;2;"2024-09-11";;5721
"0280852400040";"28085";"ZM";"116";3;1964;755;2;"2024-10-02";;5000
"0280852400044";"28085";"BW";"21";6;18632;84603;2;"2024-09-05";;208451
"0280852400048";"28085";"ZP";"40";6;2391;21681;2;"2024-11-20";;243633
"0280852400064";"28085";"BW";"21";6;2777;103235;2;"2024-12-23";;208451
"0281102400003";"28110";"AL";"79";4;1661;1206;2;"2024-06-17";;0
"0281342300058";"28134";"CE";"504";4;2706;0;2;"2024-01-29";;5811
"0281342300095";"28134";"CH";"669";8;3848;7115;5;"2024-04-11";"2025-01-09";22562
"0281782400001";"28178";"ZH";"36";8;3821;29903;2;"2024-09-20";;0
"0281992400011";"28199";"ZN";"116";3;1796;63;2;"2024-08-26";;17437
"0282182400005";"28218";"AX";"247";6;1345;27113;2;"2024-07-12";;0
"0282192400005";"28219";"ZI";"67";6;9800;23398;2;"2024-06-18";;120432
"0282292300023";"28229";"ZV";"241";6;6182;0;2;"2024-03-28";;0
"0282332400003";"28233";"YD";"63";6;2040;3028;2;"2024-11-22";;20959
"0282912400015";"28291";"ZX";"18";6;8928;0;5;"2024-10-07";"2025-01-22";43495
"0283832400003";"28383";"0C";"82";4;1266;0;2;"2024-11-07";;11079
"0284042200025";"28404";"ZI";"23";8;47435;0;2;"2024-01-11";;112880
"0284042300017";"28404";"ZI";"384";8;37126;0;2;"2024-02-14";;206737
"0284042300038";"28404";"AA";"176";6;1248;8023;2;"2024-01-23";;32895
"0284062410001";"28406";"XH";"77";8;3364;2035;2;"2024-08-29";;30344
"0284062410006";"28406";"D";"436";6;1482;10987;2;"2024-10-18";;28839
"0290052300013";"29005";"A";"1213";8;8280;4640;2;"2024-03-20";;63895
"0290192300178";"29019";"LA";"27";3;11815;0;5;"2024-05-03";"2025-12-01";42190
"0290192400067";"29019";"DR";"429";3;1948;0;5;"2024-09-23";"2024-11-25";3973
"0290192400073";"29019";"KY";"10";6;2129;4388;5;"2024-09-27";"2024-11-04";74249
"0290202400016";"29020";"YI";"556";6;1040;0;5;"2024-10-14";"2025-07-01";29287
"0290242400001";"29024";"OA";"1265";6;8252;0;5;"2024-03-11";"2024-06-20";52628
"0290242400011";"29024";"A";"435";8;25689;28000;2;"2024-08-13";;96831
"0290242400017";"29024";"AH";"137";8;1970;7384;2;"2024-11-14";;27810
"0290262300023";"29026";"ZE";"494";8;1057;0;2;"2024-01-31";;3399
"0290272400006";"29027";"B";"1110";8;1341;0;2;"2024-07-31";;3000
"0290272400012";"29027";;;4;1608;1470;5;"2024-11-25";"2025-03-31";5630
"0290292300011";"29029";"ZL";"310";8;1059;0;5;"2024-01-15";"2025-03-01";5409
"0290292400010";"29029";"ZL";"255";8;1316;2084;2;"2024-08-29";;12400
"0290322400002";"29032";"A";"1415";4;1216;0;2;"2024-05-16";;20338
"0290372400001";"29037";"BE";"113";4;10636;5092;5;"2024-08-01";"2025-03-17";38000
"0290392300113";"29039";"ZI";"116";3;1708;0;5;"2024-02-20";"2024-10-18";7039
"0290392300145";"29039";"DL";"1";4;3322;0;5;"2024-04-12";"2024-04-17";10431
"0290392300170";"29039";"ZO";"460";6;5074;0;5;"2024-04-26";"2024-10-07";8604
"0290412400011";"29041";"G";"897";6;1100;1348;2;"2024-12-31";;8300
"0290462400024";"29046";"ZO";"132";6;12718;31000;2;"2024-11-15";;110656
"0290462400043";"29046";"BO";"273";4;1181;8095;2;"2024-10-25";;22692
"0290612400004";"29061";"AY";"364";6;2156;0;2;"2024-08-06";;10345
"0290692400001";"29069";"BI";"368";4;1680;0;5;"2024-06-29";"2024-10-14";19400
"0290692400001";"29069";"BH";"55";8;9995;0;2;"2024-07-03";;49780
"0290752300074";"29075";"H";"2135";8;1501;0;5;"2024-01-29";"2024-06-11";4610
"0290752400004";"29075";"G";"2949";6;1649;0;2;"2024-10-18";;2822
"0290762400018";"29076";"WL";"174";6;1375;0;2;"2024-11-04";;3679
"0290812100005";"29081";"AC";"362";4;2915;1607;2;"2024-02-13";;14916
"0290972300019";"29097";"0E";"1382";6;3928;0;2;"2024-02-26";;1075
"0290972400005";"29097";"AE";"71";6;4650;12747;5;"2024-05-30";"2025-03-17";58035
"0291052300053";"29105";"ZK";"203";4;2937;0;5;"2024-05-24";"2025-04-22";7438
"0291052300054";"29105";"BR";"82";6;3928;0;2;"2024-03-23";;7770
"0291052300058";"29105";"BL";"60";3;3112;340;2;"2024-05-24";;4698
"0291052400001";"29105";"BC";"206";6;3911;0;5;"2024-04-02";"2024-07-08";10145
"0291052400034";"29105";"BT";"186";4;1961;13140;2;"2024-12-11";;63681
"0291052400041";"29105";"ZC";"486";8;2049;4821;2;"2024-10-14";;27663
"0291172400023";"29117";"ZE";"146";4;2846;0;5;"2024-10-16";"2025-04-14";6968
"0291472300037";"29147";;;8;10127;9708;2;"2024-06-25";;99198
"0291472400003";"29147";"E";"1075";8;1209;959;5;"2024-05-06";"2024-05-07";5741
"0291512400017";"29151";"AI";"470";3;1137;0;2;"2024-09-24";;32337
"0291712400018";"29171";"ZL";"331";8;1789;0;2;"2024-12-13";;5222
"0291742400014";"29174";"YT";"167";8;2363;2390;5;"2024-07-16";"2025-05-01";13993
"0291812400007";"29181";"ZC";"121";8;2371;7509;2;"2024-06-25";;23977
"0291892300061";"29189";"L";"1299";8;1112;0;5;"2024-06-04";"2025-02-01";7199
"0291892400031";"29189";"BN";"121";8;1163;0;5;"2024-07-02";"2025-01-13";3976
"0292092400013";"29209";"F";"889";6;1048;17255;2;"2024-07-26";;0
"0292162300005";"29216";"AN";"7";8;7216;24465;2;"2024-07-29";;81719
"0292162300041";"29216";"AM";"1";6;1338;975;2;"2024-04-02";;10000
"0292202300032";"29220";"AV";"156";4;2869;0;5;"2024-01-19";"2024-10-11";31180
"0292322300226";"29232";"G";"1006";3;2574;0;2;"2024-05-16";;9662
"0292322400020";"29232";"HL";"200";4;1100;680;2;"2024-07-04";;1979
"0292322400025";"29232";"EI";"56";3;4000;0;2;"2024-06-27";;9675
"0292322400063";"29232";"EV";"64";6;1075;10450;5;"2024-10-09";"2025-01-27";60365
"0292362300063";"29236";"ZC";"137";8;9608;18650;5;"2024-03-27";"2024-11-25";131647
"0292542300017";"29254";"C";"1454";4;1533;0;2;"2024-07-10";;5150
"0292662400009";"29266";"ZN";"80";8;1196;1280;2;"2024-11-28";;16484
"0292682400014";"29268";"ZA";"161";6;1321;0;2;"2024-11-21";;16540
"0292972400002";"29297";;;6;1704;88300;5;"2024-03-21";"2024-06-10";473979
"02A00124D0019";"2A001";"0C";"495";4;1054;0;2;"2024-10-22";;2592
"02A00424A0019";"2A004";"AE";"174";8;5446;0;5;"2024-10-07";"2025-07-01";9796
"02A24723R0176";"2A247";"AC";"227";4;2275;0;2;"2024-03-20";;6525
"02B03324A0025";"2B033";"BL";"365";3;6918;0;2;"2024-08-21";;10449
"02B03324A0031";"2B033";"BE";"264";3;6196;0;2;"2024-10-16";;5920
"02B03324A0039";"2B033";"BL";"364";8;3064;0;2;"2024-10-24";;23945
"02B04224N0019";"2B042";"D0";"2715";8;6780;0;5;"2024-10-10";"2025-12-08";1650
"02B05023B0059";"2B050";"F";"127";8;1569;0;2;"2024-02-13";;4830
"02B05024B0028";"2B050";"F";"312";8;1600;0;5;"2024-12-27";"2025-08-22";5804
"02B14824N0008";"2B148";"BE";"37";3;4694;5580;2;"2024-04-25";;0
"0300072300095";"30007";"AR";"5";4;1899;0;2;"2024-02-05";;2390
"0300072400068";"30007";"AY";"520";6;2694;5278;2;"2024-09-03";;13771
"0300102400027";"30010";"AD";"816";4;1398;1000;5;"2024-12-04";"2025-04-07";5147
"03001123R0048";"30011";"AW";"427";3;1049;0;2;"2024-08-06";;2216
"03002823W0034";"30028";"AZ";"261";4;4017;1315;5;"2024-02-29";"2025-12-02";12089
"0300472400006";"30047";"AA";"348";6;1634;0;5;"2024-05-15";"2025-03-27";3955
"03006124N0007";"30061";"P";"38";4;1265;0;2;"2024-11-05";;5949
"03008123R0014";"30081";"B";"325";6;1661;0;2;"2024-05-24";;4639
"03012523N0034";"30125";"AR";"415";3;1445;0;2;"2024-04-15";;3000
"0301412400015";"30141";"BM";"258";4;1120;421;2;"2024-12-13";;11236
"03016924N0005";"30169";"AP";"133";3;1622;0;2;"2024-07-18";;2189
"03018524P0009";"30185";"AK";"178";6;9557;0;2;"2024-11-26";;28555
"03018924P0048";"30189";"CW";"106";3;2015;0;2;"2024-12-12";;6012
"03018924P0112";"30189";"ER";"454";4;8203;11741;2;"2024-11-27";;21778
"03018924P0118";"30189";"HL";"182";3;1315;780;5;"2024-12-04";"2025-04-03";2522
"03021023A0040";"30210";"AP";"862";3;2429;0;5;"2024-04-25";"2025-03-01";11018
"03022123C0024";"30221";"AS";"570";8;1556;458;2;"2024-02-13";;5000
"0302272400007";"30227";"B";"2189";8;1940;0;2;"2024-07-17";;7981
"03024124N0001";"30241";"AC";"510";6;2633;0;5;"2024-08-22";"2025-01-06";15358
"03024323A0041";"30243";"BD";"169";4;1973;0;5;"2024-03-01";"2025-07-28";22893
"03025824T0006";"30258";"B0";"1153";6;3905;4479;2;"2024-05-31";;0
"0302662400001";"30266";"B";"889";8;1118;0;5;"2024-07-16";"2025-09-01";3231
"03027823R0025";"30278";"B";"527";8;1107;5202;2;"2024-02-19";;46904
"03027824R0017";"30278";"C";"2610";8;1272;0;2;"2024-12-05";;3241
"03029424A0014";"30294";"CK";"12";8;1050;433;2;"2024-10-11";;3084
"03032124N0010";"30321";"AM";"148";6;2294;4255;2;"2024-07-29";;20234
"03034124V0007";"30341";"AB";"142";6;3208;9360;5;"2024-04-30";"2024-07-15";56651
"03034124V0035";"30341";"AB";"310";4;1300;0;5;"2024-12-05";"2025-06-02";5496
"03034424P0012";"30344";"AE";"481";3;1782;0;5;"2024-07-02";"2025-05-22";4576
"03103323G0064";"31033";"AD";"95";8;12849;0;2;"2024-05-02";;16487
"03103323G0065";"31033";"AE";"50";8;7238;0;2;"2024-03-07";;13446
"03103324G0010";"31033";"AE";"213";4;1461;2060;2;"2024-08-06";;10547
"03103324G0018";"31033";"AE";"162";8;3192;0;2;"2024-08-30";;33672
"03103324G0022";"31033";"AE";"80";8;1414;0;2;"2024-11-07";;2195
"03103324G0034";"31033";"AE";"162";8;3192;0;2;"2024-12-20";;31889
"03104423C0039";"31044";"BH";"2";8;4276;0;2;"2024-04-15";;11000
"03104424C0006";"31044";"CL";"131";3;6195;1096;5;"2024-06-30";"2024-10-30";4822
"03106924C0005";"31069";"AA";"53";3;10491;0;2;"2024-09-06";;12520
"03106924C0019";"31069";"AE";"555";4;3115;0;5;"2024-08-23";"2025-03-03";59773
"03106924C0031";"31069";"BD";"23";6;6834;70136;5;"2024-11-20";"2024-11-20";116711
"03107923S0023";"31079";;;8;5800;0;2;"2024-01-19";;51762
"03109123C0024";"31091";"AL";"5";8;9445;9493;2;"2024-04-09";;61732
"03109124C0002";"31091";"AK";"1";8;24532;0;2;"2024-08-19";;49578
"03109124C0004";"31091";"AL";"135";8;6950;0;5;"2024-07-05";"2024-11-20";20093
"03109424W0014";"31094";;;6;16230;0;2;"2024-07-17";;41292
"03110723G0043";"31107";"0H";"1201";6;9314;7921;2;"2024-02-09";;39151
"03110724G0010";"31107";"0F";"1978";8;1655;0;2;"2024-09-19";;10638
"03111124G0003";"31111";"0C";"656";8;3156;0;2;"2024-10-03";;0
"0311132400010";"31113";"BE";"55";4;1187;0;2;"2024-08-02";;2137
"03111624C0011";"31116";"BP";"28";8;1605;0;5;"2024-04-18";"2024-10-10";4526
"03114924C0004";"31149";"BC";"133";6;30164;485631;5;"2024-04-25";"2024-05-15";878435
"03114924C0027";"31149";"CH";"218";8;6836;15350;2;"2024-10-02";;69881
"03115023C0054";"31150";"AH";"101";6;6680;123818;2;"2024-06-17";;467753
"03115024C0015";"31150";"AI";"213";6;29130;17015;2;"2024-10-10";;246434
"0311612400001";"31161";"B";"235";8;1212;0;2;"2024-05-15";;3497
"0311692400019";"31169";"ZK";"109";6;1454;25690;5;"2024-12-12";"2025-03-10";86434
"03118224C0010";"31182";"AL";"47";6;14939;16984;5;"2024-10-22";"2026-01-27";58645
"03118424C0004";"31184";"ZK";"412";8;1746;0;2;"2024-07-02";;4010
"03118424C0012";"31184";"ZK";"412";6;1251;0;2;"2024-11-05";;4010
"03118723F0050";"31187";"BP";"193";4;2055;0;2;"2024-03-21";;5914
"03118724F0001";"31187";"BP";"220";3;2102;0;5;"2024-03-27";"2024-10-09";7187
"03118724F0026";"31187";"BP";"194";8;1251;0;2;"2024-07-05";;3405
"03118724F0034";"31187";"AT";"38";8;1050;2919;2;"2024-09-30";;5339
"03118724F0035";"31187";"BP";"188";3;1080;0;5;"2024-11-14";"2025-11-25";2503
"03123223W0041";"31232";"AM";"53";6;2650;2003;5;"2024-02-27";"2025-03-24";13623
"0312822402009";"31282";"AD";"4";6;2300;0;2;"2024-10-01";;3602
"03129323C0014";"31293";"AI";"34";3;1440;0;2;"2024-02-05";;1630
"03133123T0002";"31331";"ZC";"200";6;2656;0;5;"2024-06-14";"2025-03-11";6618
"03138224G0001";"31382";"0A";"476";8;1780;0;2;"2024-10-04";;88826
"03139024P0004";"31390";"A";"185";8;1198;0;2;"2024-07-29";;22520
"03139523M0080";"31395";"HI";"140";3;3500;0;5;"2024-01-22";"2024-09-30";7023
"03139523M0109";"31395";"EO";"70";4;1313;388;2;"2024-07-09";;6664
"03139524M0001";"31395";"AS";"22";4;3055;2283;2;"2024-07-10";;10975
"03139524M0007";"31395";"O";"569";8;6009;0;5;"2024-07-05";"2024-11-18";32168
"03143324M0007";"31433";"AH";"143";8;1598;0;2;"2024-07-09";;3629
"03143324M0019";"31433";"BM";"18";8;1080;36;5;"2024-12-20";"2025-11-05";3136
"03145123R0057";"31451";"ZY";"59";8;1300;3700;5;"2024-01-04";"2024-02-28";11681
"03145123R0060";"31451";"YB";"13";8;5938;0;5;"2024-03-13";"2024-06-10";10000
"03145123R0087";"31451";"ZX";"637";6;1229;0;5;"2024-04-16";"2024-09-04";2976
"03145124R0044";"31451";"ZX";"334";8;1146;0;2;"2024-10-03";;3989
"03146224B0018";"31462";"AN";"3";4;2390;0;2;"2024-12-26";;2523
"03148323P0057";"31483";"BA";"227";6;1626;0;2;"2024-03-27";;9710
"03149924U0009";"31499";"B";"563";4;2450;0;5;"2024-12-05";"2025-09-01";0
"03154723U0046";"31547";"AE";"89";8;1580;0;5;"2024-01-25";"2025-02-17";3877
"03154724U0002";"31547";"AE";"80";8;1921;0;2;"2024-04-10";;4381
"03154724U0009";"31547";"AE";"83";8;1550;0;2;"2024-04-30";;5318
"03154724U0021";"31547";"AE";"57";8;2103;8078;2;"2024-09-24";;39271
"03155523C0495";"31555";"BM";"27";3;9853;1413;5;"2024-03-06";"2025-10-01";11905
"03155523C0496";"31555";"AH";"100";3;8962;123;2;"2024-06-28";;33769
"03155523C0590";"31555";"AD";"110";6;4164;10540;5;"2024-01-03";"2024-03-04";31898
"03155523C0634";"31555";"AD";"10";3;2952;2073;5;"2024-03-06";"2025-01-01";3726
"03155523C0663";"31555";"AC";"116";3;11684;0;5;"2024-05-30";"2026-01-13";8940
"03155524C0096";"31555";"BC";"118";3;10835;0;2;"2024-09-06";;4179
"03155524C0097";"31555";"AK";"223";3;4058;28916;2;"2024-11-18";;69322
"03155524C0148";"31555";"AX";"748";3;1480;0;5;"2024-08-09";"2025-01-10";1044
"03155524C0321";"31555";"AV";"437";8;7980;1803;2;"2024-09-30";;30384
"03155524C0366";"31555";"BY";"36";6;1185;0;5;"2024-10-10";"2025-06-02";3320
"03155524C0499";"31555";"32";"32";3;1872;1028408;2;"2024-12-27";;2378152
"03201324A0010";"32013";"AN";"772";3;1381;1602;2;"2024-09-05";;1612
"03210724T1010";"32107";"B";"1356";8;1065;308;2;"2024-07-09";;1996
"03213224L0013";"32132";"AI";"653";8;1169;0;2;"2024-08-30";;4459
"03214724A1004";"32147";"C";"1132";6;1875;0;5;"2024-05-22";"2024-10-22";7000
"03214724A1015";"32147";"C";"1140";6;1166;0;5;"2024-12-10";"2025-03-17";3381
"03216024A0006";"32160";"CO";"674";4;1396;0;5;"2024-07-08";"2025-11-06";5000
"03216024A0027";"32160";"CO";"207";8;1788;0;5;"2024-07-15";"2025-03-10";4233
"03216024A0032";"32160";"CO";"685";8;1106;0;5;"2024-10-24";"2025-04-15";2501
"03216024A0035";"32160";"CO";"636";8;1445;0;5;"2024-12-06";"2025-09-10";4968
"03216024A0037";"32160";"CO";"662";6;1197;0;5;"2024-09-27";"2025-04-15";2999
"03216024A0046";"32160";"CO";"666";4;1122;0;5;"2024-12-06";"2025-10-06";2489
"03225623A0013";"32256";"AL";"153";4;1057;0;5;"2024-03-21";"2024-09-02";1960
"03300324Z0021";"33003";"AW";"273";8;1500;0;2;"2024-05-21";;1812
"03300324Z0035";"33003";"AW";"203";8;2073;0;2;"2024-07-31";;10162
"03300324Z0051";"33003";"AW";"198";8;1395;0;5;"2024-07-02";"2025-02-03";17326
"03300324Z0052";"33003";"BA";"26";8;1038;0;2;"2024-10-07";;3326
"03300924K0006";"33009";"AK";"174";3;1137;0;5;"2024-05-27";"2024-09-02";0
"03301423F0007";"33014";"A";"1239";8;4365;0;2;"2024-02-08";;17620
"03301924K0029";"33019";"CK";"48";4;1145;0;2;"2024-07-22";;2010
"03302924K0034";"33029";"BZ";"155";8;5212;0;5;"2024-10-07";"2025-05-05";31075
"0330372400002";"33037";"E";"1603";6;1938;0;2;"2024-05-15";;17193
"03305624Z0043";"33056";"CA";"92";6;4691;0;2;"2024-11-13";;9492
"03305624Z0044";"33056";"CB";"231";8;1406;4667;5;"2024-12-09";"2025-11-03";274957
"03306323Z0543";"33063";"AZ";"71";3;2244;614;2;"2024-06-27";;992
"03306323Z0574";"33063";"BZ";"185";3;6219;478;5;"2024-02-28";"2024-09-06";420619
"03306324Z0208";"33063";;;3;14630;0;2;"2024-10-15";;0
"03306324Z0277";"33063";"AF";"35";8;1517;3225;2;"2024-11-04";;2622
"03306523Z0023";"33065";"AC";"130";4;2822;0;2;"2024-07-30";;34841
"03308023P0024";"33080";"AV";"3";4;3823;3739;2;"2024-01-02";;14851
"03308523X0032";"33085";"00";"AB0";4;3585;2313;5;"2024-02-09";"2024-11-25";73314
"03309524P0066";"33095";"A";"689";6;1563;0;2;"2024-12-24";;160450
"03312223V1088";"33122";"AD";"320";8;1464;10344;2;"2024-01-02";;37280
"03312224V1002";"33122";"CM";"60";4;1555;0;2;"2024-04-05";;10561
"03312224V1024";"33122";"D";"4650";8;6350;8776;5;"2024-06-27";"2024-09-02";70646
"03312224V1069";"33122";"AY";"93";3;1418;20714;5;"2024-09-30";"2025-10-20";52810
"03316424P0005";"33164";"A";"1136";8;9114;0;2;"2024-07-02";;26283
"03318323J0030";"33183";"WL";"185";8;36878;0;2;"2024-04-29";;92426
"03318323J0031";"33183";"WL";"10";8;75112;0;2;"2024-04-26";;171924
"03318323J0032";"33183";"WL";"9";8;28103;0;2;"2024-04-26";;91771
"03318323J0034";"33183";"WM";"76";8;19108;0;2;"2024-04-26";;60780
"03318523F0021";"33185";"AC";"304";4;1343;1142;2;"2024-07-25";;32474
"03320024Z0036";"33200";"AV";"134";3;7116;0;2;"2024-12-23";;5835
"03320024Z0042";"33200";"AX";"348";6;6854;0;5;"2024-12-02";"2025-03-03";16057
"03321424S0051";"33214";"CZ";"80";8;1367;0;2;"2024-09-26";;2761
"03322724P0009";"33227";"C";"500";3;1168;0;2;"2024-06-21";;4556
"03322924K0009";"33229";"BI";"166";4;1739;0;2;"2024-05-30";;16189
"03324324F0045";"33243";"AN";"47";3;1120;301;5;"2024-11-07";"2025-10-06";5006
"03324923X0039";"33249";"AD";"154";4;2029;0;2;"2024-10-03";;21343
"03327924P0016";"33279";"A";"1221";4;3777;0;5;"2024-10-04";"2025-06-02";10016
"03328123Z0124";"33281";"HH";"142";3;1800;0;2;"2024-01-29";;3509
"03328123Z0158";"33281";"AD";"160";4;7816;0;2;"2024-03-20";;11560
"03328123Z0181";"33281";"AI";"132";3;4011;535;2;"2024-01-29";;7209
"03328123Z0203";"33281";"HH";"113";3;1587;0;2;"2024-02-13";;1749
"03328124Z0034";"33281";"EK";"6";3;1089;1826;5;"2024-11-06";"2025-09-19";17295
"03328124Z0106";"33281";"AM";"371";8;1682;0;5;"2024-10-15";"2025-06-02";2200
"03329324X0041";"33293";"0D";"188";4;1799;0;5;"2024-09-06";"2025-01-09";8006
"03331223Z0044";"33312";"AO";"113";8;4619;26642;5;"2024-05-31";"2024-08-05";71314
"0333162400012";"33316";"ZE";"207";8;1200;0;2;"2024-11-05";;2916
"03331823Z0212";"33318";"HH";"1";3;3565;5154;5;"2024-03-22";"2025-01-15";15330
"03331823Z0218";"33318";"HD";"13";3;1920;1988;5;"2024-06-28";"2025-04-14";26568
"03332424F0009";"33324";"AH";"136";4;1055;21022;5;"2024-10-22";"2025-06-10";236837
"03336623J0067";"33366";"AL";"505";4;3762;22267;5;"2024-05-06";"2025-09-15";220595
"03336623J0069";"33366";"AL";"111";6;2788;0;5;"2024-03-04";"2024-04-23";7452
"03336624J0034";"33366";"A";"2633";6;1284;0;5;"2024-11-14";"2025-07-17";4001
"03337624Z0021";"33376";"BA";"197";4;2050;0;2;"2024-09-26";;2471
"03339723X0013";"33397";"BA";"17";4;1594;650;2;"2024-01-09";;5072
"03341724S0014";"33417";"0A";"379";8;2060;9851;5;"2024-10-15";"2025-01-15";1587000
"03342223Z0052";"33422";"BH";"51";8;1887;0;2;"2024-01-26";;2000
"03342223Z0060";"33422";"BI";"1";8;4987;0;2;"2024-03-25";;17618
"03342224Z0025";"33422";"AS";"522";4;1139;0;2;"2024-10-21";;4301
"03342424S0018";"33424";"WO";"567";8;1123;0;2;"2024-10-18";;4630
"03344723F0014";"33447";"ZM";"205";8;2210;1908;5;"2024-02-23";"2024-04-24";37848
"03344923Z0104";"33449";"BM";"153";6;1050;127591;5;"2024-02-05";"2024-04-25";7490706
"03347323J0041";"33473";"ZL";"168";3;1685;2443;2;"2024-03-23";;46430
"03349824K0059";"33498";"AK";"101";4;2337;324;5;"2024-12-23";"2025-09-02";33486
"03352923K0230";"33529";"GZ";"145";4;4492;1524;5;"2024-06-25";"2025-05-15";13040
"03352924K0084";"33529";"HA";"613";4;1127;289;2;"2024-07-01";;3009
"03353524X0020";"33535";"AA";"11";6;3104;1024;2;"2024-12-12";;17629
"0340122400003";"34012";"B";"167";6;2314;50;2;"2024-07-18";;361467
"03401924C0004";"34019";"E";"1897";6;3619;24339;5;"2024-09-18";"2025-01-13";0
"03402823B0008";"34028";"AI";"112";4;1324;1252;5;"2024-03-06";"2024-11-18";4762
"03402824B0009";"34028";"AI";"3";3;1977;0;2;"2024-12-04";;13080
"03403123K0023";"34031";"X";;8;4471;0;5;"2024-05-07";"2025-01-22";16610
"03403124K0009";"34031";"BV";"195";3;1191;1195;2;"2024-05-27";;2149
"03403124K0014";"34031";"BV";"149";8;1088;1011;5;"2024-10-25";"2025-07-15";7693
"03403124K0018";"34031";"BV";"126";3;1116;0;5;"2024-10-14";"2025-12-09";2131
"03403223T0173";"34032";"KV";"95";8;3405;1320;2;"2024-07-25";;51002
"03403224T0016";"34032";"DP";"136";3;1516;0;5;"2024-06-06";"2024-12-01";2293
"03403224T0122";"34032";"DK";"97";8;1162;0;2;"2024-10-10";;2642
"03405723M0032";"34057";"AT";"66";6;2457;6939;2;"2024-01-10";;18512
"03407722M0011";"34077";"CE";"45";3;1666;0;2;"2024-05-30";;3806
"03407924C0003";"34079";"BV";"261";8;1533;0;5;"2024-04-17";"2025-04-08";5600
"03407924C0030";"34079";"BV";"246";8;1503;0;2;"2024-11-18";;5870
"03410824V0035";"34108";;;8;1551;0;5;"2024-10-25";"2025-02-01";0
"03411324V0014";"34113";"AM";"21";4;1594;0;2;"2024-09-02";;11565
"03411623M0015";"34116";"AC";"88";3;9897;0;5;"2024-03-11";"2025-02-03";10074
"03411623M0018";"34116";"AC";"132";8;4980;0;2;"2024-06-13";;9111
"03411624M0007";"34116";"AC";"133";3;1267;0;5;"2024-07-03";"2024-10-14";4099
"03411624M0019";"34116";"AA";"64";3;1526;0;5;"2024-08-22";"2024-12-09";2000
"03412024M0004";"34120";"AK";"87";3;8090;5500;2;"2024-06-21";;19048
"03412323M0032";"34123";"BV";"3";3;3636;0;2;"2024-02-29";;8753
"03412924M0009";"34129";"CH";"115";4;4400;530;2;"2024-08-29";;5305
"03414524M0033";"34145";"BR";"30";8;1198;1895;5;"2024-11-04";"2025-06-05";7988
"03414723H0020";"34147";"F";"1410";4;1717;0;2;"2024-01-16";;2234
"03415024V0032";"34150";"CC";"68";4;6269;0;2;"2024-12-17";;12723
"0341542300078";"34154";;;8;6248;0;2;"2024-06-04";;0
"0341542400052";"34154";"EA";"133";8;4028;0;5;"2024-08-28";"2025-03-10";14219
"0341542400076";"34154";"EB";"33";6;2860;5000;2;"2024-11-20";;883579
"03415724V0016";"34157";"AL";"177";3;1066;0;2;"2024-11-07";;2198
"03417223M0284";"34172";"RX";"50";3;2008;992;2;"2024-03-29";;1740
"03417224M0012";"34172";"OE";"13";3;2897;1996;5;"2024-03-21";"2024-03-27";10097
"03417224M0067";"34172";"NP";"232";6;2090;0;5;"2024-07-16";"2025-03-31";7317
"03417224M0091";"34172";"OI";"190";8;1976;0;5;"2024-09-11";"2024-12-05";4929
"03417224M0094";"34172";"HY";"547";3;4757;1263;2;"2024-08-19";;1739
"03417224M0157";"34172";"NP";"178";3;1112;3101;5;"2024-11-28";"2025-12-15";6143
"0341762300019";"34176";"AO";"155";8;1064;0;5;"2024-07-01";"2024-07-01";1342
"03419824M0022";"34198";"AX";"133";3;1964;0;5;"2024-11-19";"2025-11-17";6381
"03420723K0053";"34207";"F";"341";6;1566;0;5;"2024-04-22";"2025-07-15";8070
"03420923K0053";"34209";"AR";"246";6;1099;0;2;"2024-05-17";;2342
"0342102400005";"34210";"BL";"49";8;2220;1910;5;"2024-08-08";"2024-08-26";21149
"03424723M0019";"34247";"CD";"123";4;1306;0;5;"2024-03-18";"2025-02-17";3326
"03427024M0006";"34270";"AZ";"108";3;3028;1172;2;"2024-06-03";;6544
"03427024M0014";"34270";"AC";"119";3;2880;0;2;"2024-09-09";;7552
"03429923Z0028";"34299";"ZN";"87";4;2628;0;5;"2024-02-19";"2025-05-26";6522
"03430024Z0013";"34300";"BT";"3";8;4806;5000;2;"2024-07-04";;84899
"03430123V0089";"34301";"CL";"24";6;1002;0;2;"2024-05-30";;387812
"03430124V0016";"34301";"AD";"332";8;1249;0;5;"2024-10-02";"2024-12-09";2512
"03432024M0023";"34320";"AX";"58";8;1183;0;5;"2024-08-19";"2025-03-01";3549
"03433323V0026";"34333";"AK";"22";4;1841;0;2;"2024-01-19";;4882
"03433623Z0025";"34336";"AR";"71";4;1099;688;5;"2024-01-26";"2024-09-02";2301
"03433624Z0002";"34336";"AZ";"18";4;1744;1256;2;"2024-07-19";;8397
"03433723V0029";"34337";"AS";"11";3;2400;0;5;"2024-02-23";"2025-03-03";5034
"03433723V0034";"34337";"AT";"482";8;8996;0;2;"2024-01-22";;13827
"03500124M0007";"35001";"ZC";"198";6;1472;0;5;"2024-07-26";"2024-12-10";3871
"03500224S0006";"35002";"ZC";"43";8;9480;0;5;"2024-09-17";"2025-03-19";137210
"03501224W0032";"35012";"WE";"234";4;1436;1913;5;"2024-12-12";"2025-04-30";9447
"03501423V0020";"35014";"ZV";"95";6;2855;17074;5;"2024-04-18";"2024-12-02";217948
"03502323B0036";"35023";"ZE";"8";6;9954;0;5;"2024-03-07";"2025-02-10";21352
"03502324B0002";"35023";"ZE";"344";8;1084;570;5;"2024-04-15";"2024-09-15";3659
"03503123U0034";"35031";"E";"2996";6;1400;0;5;"2024-02-22";"2024-09-16";3783
"03503123U0035";"35031";"E";"2979";4;1474;0;5;"2024-04-18";"2024-10-10";3256
"03503224M0007";"35032";"ZE";"243";6;3144;0;2;"2024-07-29";;11925
"03503724B0031";"35037";"YK";"222";4;1296;0;2;"2024-06-18";;3792
"0350472300038";"35047";"BL";"80";3;4996;0;5;"2024-02-07";"2024-05-21";6409
"0350472400010";"35047";"BM";"205";3;4080;0;2;"2024-09-24";;6022
"03505123A0057";"35051";"BA";"41";3;11188;0;2;"2024-05-24";;3288
"03505124A0008";"35051";"BA";"51";3;5511;0;2;"2024-09-19";;1946
"03505124A0016";"35051";;;6;6034;0;5;"2024-09-11";"2025-01-06";15694
"03505124A0030";"35051";"YH";"10";8;1100;1933;5;"2024-12-23";"2025-03-31";8445
"03505124A0033";"35051";"AX";"828";3;1625;0;2;"2024-10-21";;1819
"03505124A0034";"35051";"AY";"366";8;2140;0;5;"2024-09-05";"2025-03-24";5177
"03505124A0056";"35051";"BE";"179";4;6920;40064;5;"2024-12-12";"2025-04-14";97791
"03505524M0004";"35055";"AB";"46";6;1464;3965;5;"2024-06-10";"2025-11-17";22332
"03506624M0007";"35066";"AB";"70";6;5320;0;2;"2024-11-13";;12439
"03506624M0012";"35066";"AC";"645";6;1509;0;5;"2024-09-11";"2024-09-16";17330
"03506624M0017";"35066";"AC";"680";6;8910;0;2;"2024-11-26";;17123
"03506823V0037";"35068";"ZA";"44";6;7381;20653;5;"2024-12-12";"2025-01-31";149768
"03506824V0045";"35068";"AA";"168";8;3658;7502;5;"2024-11-26";"2024-11-26";77365
"03506923P0031";"35069";"H";"9";8;2446;0;5;"2024-02-08";"2026-01-07";7389
"03506924P0027";"35069";"ZE";"87";4;1726;0;5;"2024-11-22";"2025-01-13";26039
"03506924P0029";"35069";"H";"59";4;2009;0;5;"2024-11-12";"2025-01-07";7954
"03508524A0022";"35085";"D";"1418";8;3260;0;5;"2024-07-18";"2025-03-11";6503
"03508524A0059";"35085";"AE";"210";4;3296;10099;5;"2024-12-19";"2026-01-12";12855
"03509023W0035";"35090";;;8;22622;32158;2;"2024-02-09";;280862
"03509924P0021";"35099";"F";"288";3;2632;1154;5;"2024-10-14";"2025-03-06";48911
"03510924V0009";"35109";;;4;1615;0;5;"2024-08-02";"2025-01-27";8300
"03510924V0016";"35109";"YD";"5";8;17100;0;2;"2024-07-16";;38430
"03510924V0017";"35109";"ZL";"28";8;12506;0;5;"2024-07-16";"2025-03-17";97352
"03510924V0028";"35109";"YD";"5";6;10017;0;2;"2024-09-30";;38430
"03510924V0032";"35109";"ZM";"228";6;2093;0;2;"2024-10-11";;4247
"03512424W0005";"35124";"YV";"148";4;1302;3158;5;"2024-09-04";"2025-01-06";12353
"03512424W0012";"35124";;;8;40950;21773;2;"2024-10-24";;166452
"03512524V0002";"35125";"AX";"23";4;1005;1148;5;"2024-05-23";"2025-09-26";10071
"03512623W0065";"35126";"YH";"90";6;4052;2567;2;"2024-03-05";;12410
"03513624S0007";"35136";"ZC";"287";8;6725;0;2;"2024-04-10";;107122
"03513624S0027";"35136";"ZC";"287";6;1670;0;2;"2024-12-10";;7168
"03513924M0011";"35139";"ZD";"168";6;1010;799;5;"2024-07-12";"2024-09-26";4000
"0351502300019";"35150";"AO";"112";4;1537;0;5;"2024-01-24";"2025-09-01";5676
"03517623W0067";"35176";"AC";"56";4;1196;0;5;"2024-04-17";"2024-11-20";3941
"03517723U0043";"35177";"ZA";"41";4;3427;250;5;"2024-04-18";"2024-12-16";4107
"03517724U0008";"35177";"AL";"290";6;6589;0;2;"2024-12-10";;21753
"03517724U0015";"35177";"ZC";"99";6;5567;0;5;"2024-10-18";"2025-06-02";15569
"03517924A0002";"35179";"ZK";"480";6;8426;0;5;"2024-02-28";"2024-09-23";28401
"03517924A0015";"35179";"ZL";"258";8;3193;0;2;"2024-07-22";;21904
"03518423B0042";"35184";"E";"781";6;2981;0;5;"2024-01-02";"2025-05-05";9931
"03519623M0022";"35196";"ZX";"126";6;1350;0;2;"2024-06-06";;2470
"03520623M0018";"35206";"AH";"527";8;2601;5307;5;"2024-03-26";"2024-04-02";17709
"03520724P0012";"35207";"AA";"173";4;4487;6436;2;"2024-07-11";;24135
"03520724P0015";"35207";"F";"1444";3;1523;0;2;"2024-08-02";;8155
"03520823M0007";"35208";"ZA";"154";4;1272;1011;5;"2024-03-05";"2024-06-04";27881
"03522724B0011";"35227";"ZA";"146";8;15798;0;2;"2024-10-15";;80572
"03522823S0029";"35228";"ZA";"419";4;1110;0;2;"2024-07-19";;2161
"03523124W0002";"35231";"ZP";"130";8;1435;3126;2;"2024-06-04";;50030
"03523324B0003";"35233";"AB";"166";4;1166;0;5;"2024-04-11";"2024-06-03";3858
"03523623R0031";"35236";"BY";"47";8;2056;0;2;"2024-03-12";;12551
"03523624R0005";"35236";"BP";"107";4;1777;1856;5;"2024-07-17";"2024-11-29";11248
"0352382310210";"35238";;;3;3481;0;5;"2024-05-21";"2024-11-26";0
"0352382410051";"35238";"EL";"30";8;8984;0;2;"2024-11-27";;10452
"0352382410058";"35238";"LO";"65";4;1156;0;5;"2024-06-05";"2025-05-19";97377
"0352382410117";"35238";"LP";"98";3;2114;0;2;"2024-12-18";;99864
"0352382410170";"35238";"HR";"135";3;1008;1128;5;"2024-12-04";"2025-06-11";1868
"03524824B0004";"35248";"ZC";"116";6;1150;0;2;"2024-06-21";;4265
"03527524M0011";"35275";"C";"562";4;2036;2600;5;"2024-10-16";"2025-02-10";7943
"03527823U0041";"35278";"BK";"27";6;7093;0;5;"2024-04-08";"2025-02-25";9944
"03527823U0042";"35278";"AM";"344";3;1026;0;2;"2024-03-11";;1923
"03527824U0011";"35278";"AM";"22";3;1216;553;2;"2024-10-21";;1420
"03528123M0028";"35281";"AK";"308";8;1274;2028;5;"2024-04-08";"2024-05-13";7167
"03528124M0005";"35281";"AX";"134";3;1778;0;2;"2024-08-26";;778
"03528124M0006";"35281";"AR";"24";8;1148;5482;2;"2024-11-18";;25908
"03528424A0001";"35284";"AK";"3";4;2274;2187;2;"2024-06-07";;6135
"03528823A0159";"35288";"R";"365";4;1460;3724;5;"2024-01-24";"2025-02-17";9942
"03528823A0168";"35288";"CR";"13";3;3341;3664;5;"2024-08-13";"2025-06-03";76027
"03529924A0018";"35299";"A";"316";8;1116;0;5;"2024-11-05";"2025-03-10";2332
"0353102300008";"35310";"YM";"28";8;18570;18725;2;"2024-01-23";;146720
"03531923B0016";"35319";"ZD";"121";6;1721;0;2;"2024-04-29";;4009
"03535224M0017";"35352";"AI";"156";8;1200;12739;5;"2024-10-10";"2025-05-05";42686
"03536024V0021";"35360";"DH";"467";4;1916;0;5;"2024-08-19";"2024-11-12";19713
"03536024V0043";"35360";"BY";"92";8;1845;1452;2;"2024-10-14";;10086
"03600524N0027";"36005";"A";"42";6;4019;210;2;"2024-04-15";;0
"03603424N0007";"36034";"ZP";"786";6;1520;4558;5;"2024-11-29";"2025-07-07";0
"03605424N0003";"36054";"AC";"92";8;2160;0;2;"2024-10-25";;0
"03607024S0004";"36070";"AL";"143";8;7290;0;2;"2024-10-18";;16309
"03612324S0004";"36123";"ZD";"2";6;2520;540;2;"2024-12-13";;234355
"03612824N0001";"36128";"ZH";"49";8;8783;17636;5;"2024-05-07";"2025-04-02";63077
"03620224N0009";"36202";"ZX";"47";8;7272;0;5;"2024-07-26";"2024-10-07";20000
"03700324A0024";"37003";"0F";"2505";8;1017;0;5;"2024-11-29";"2025-08-25";7969
"0370112320013";"37011";"ZC";"105";3;1630;3608;5;"2024-06-13";"2024-08-01";11078
"0370112420007";"37011";"AL";"663";3;1465;1413;2;"2024-07-02";;6144
"0370142440001";"37014";"ZA";"82";8;1330;0;2;"2024-04-02";;6199
"03702723D0029";"37027";"YV";"69";8;44207;0;2;"2024-12-05";;92015
"0370682450002";"37068";"0G";"507";8;2000;200;2;"2024-09-11";;14971
"0370772450010";"37077";"AB";"180";8;1123;0;5;"2024-08-05";"2025-08-25";14916
"0371042340038";"37104";"ZP";"45";6;15886;0;2;"2024-03-15";;32610
"0371042440015";"37104";"ZO";"514";6;2107;0;5;"2024-06-20";"2024-11-12";12607
"0371042440016";"37104";;;8;1667;0;5;"2024-08-12";"2025-03-15";0
"0371042440032";"37104";"ZO";"401";3;1565;0;2;"2024-10-24";;3638
"03712224J0024";"37122";"AE";"57";3;38626;0;2;"2024-10-18";;286028
"03713623H0005";"37136";"0D";"513";8;1650;0;2;"2024-04-04";;24530
"03715624C0023";"37156";"ZX";"211";3;1033;0;2;"2024-08-22";;2400
"0371672350010";"37167";"ZK";"48";8;4565;0;5;"2024-02-19";"2024-03-04";21746
"03717924N0021";"37179";"ZA";"144";8;5531;0;2;"2024-11-12";;20558
"0372142300037";"37214";"AM";"525";4;2870;0;5;"2024-05-31";"2024-12-30";10025
"0372142400010";"37214";"AI";"6";8;6027;15917;2;"2024-06-24";;60547
"0372142400011";"37214";"AM";"524";6;3080;0;5;"2024-07-12";"2024-12-30";7846
"0372332400014";"37233";"AT";"119";6;1694;16177;5;"2024-09-30";"2025-01-09";27164
"0372332400015";"37233";"AT";"1";3;1624;16325;5;"2024-09-30";"2025-01-09";36209
"0372502440018";"37250";"YS";"85";6;6402;13041;5;"2024-12-10";"2025-04-07";86963
"0372502440021";"37250";"YS";"122";8;8030;0;5;"2024-10-24";"2025-07-07";25845
"03726123T0147";"37261";"BN";"294";3;1638;1933;5;"2024-02-16";"2024-06-25";14996
"03726123T0160";"37261";"BN";"294";3;5997;1933;2;"2024-02-16";;8374
"03726123T0172";"37261";"AY";"651";3;7069;0;5;"2024-05-22";"2025-02-24";3944
"03726724C0012";"37267";"ZE";"1117";4;3658;0;2;"2024-12-27";;19288
"03727324C0006";"37273";"ZD";"250";4;3424;2414;2;"2024-12-06";;14700
"03728124C0011";"37281";"AD";"2";6;2773;0;2;"2024-12-20";;24420
"0380012410003";"38001";"AD";"649";8;1813;0;5;"2024-08-26";"2025-02-03";13903
"0380032410002";"38003";"A";"1507";6;1048;0;2;"2024-04-23";;6919
"0380122310008";"38012";"Y";"60";6;2530;0;5;"2024-01-12";"2025-06-16";12828
"0380132410003";"38013";"AD";"1226";6;1429;0;5;"2024-09-17";"2025-08-26";3383
"0380342410013";"38034";"ZL";"242";6;2603;3953;2;"2024-10-21";;29757
"0380392410010";"38039";;;6;1264;3723;5;"2024-08-08";"2025-02-03";0
"03805323B1050";"38053";"CR";"41";8;5758;2089;5;"2024-02-15";"2024-09-05";12329
"03805323B1068";"38053";"BK";"101";3;1610;0;5;"2024-01-30";"2024-03-18";16714
"0380572400003";"38057";"AB";"8";8;1813;0;5;"2024-07-26";"2025-01-17";3197
"0380722310027";"38072";"F";"1066";3;1979;0;2;"2024-03-06";;7276
"0380852310023";"38085";"0B";"567";8;1395;945;2;"2024-06-12";;5968
"0381092410007";"38109";"0D";"1";8;1320;0;2;"2024-11-14";;4740
"0381142410001";"38114";"AK";"518";8;1326;800;2;"2024-04-15";;6858
"0381302310020";"38130";"AW";"5";8;1248;0;5;"2024-01-15";"2025-10-13";2981
"0381302310022";"38130";"AW";"5";8;1193;0;2;"2024-02-16";;2981
"0381402310027";"38140";"BA";"513";8;3173;7831;2;"2024-03-05";;26196
"0381402410012";"38140";"AY";"81";3;1081;11875;2;"2024-07-16";;30994
"0381492310009";"38149";"AA";"185";6;7157;17530;2;"2024-03-12";;13612
"0381502400003";"38150";"F";"597";8;4132;3598;5;"2024-08-26";"2025-09-01";18276
"0381582300018";"38158";"AD";"112";6;1174;7509;5;"2024-01-30";"2024-09-02";26302
"0381612310015";"38161";"ZH";"102";8;2297;0;2;"2024-01-18";;6625
"0381612410003";"38161";"ZI";"121";8;3604;0;2;"2024-12-13";;13728
"0381702320005";"38170";"AL";"15";6;5145;0;2;"2024-01-22";;8443
"03818523U1088";"38185";"HM";"133";8;2526;0;2;"2024-03-25";;4238
"03818524U1031";"38185";"AD";"112";6;3694;10602;5;"2024-07-18";"2024-10-04";38331
"0381892300019";"38189";"AH";"408";8;4400;18531;2;"2024-02-23";;28989
"0381942320019";"38194";"AN";"25";6;1054;3504;2;"2024-04-29";;33970
"0381972410001";"38197";"0B";"274";3;1602;7160;5;"2024-03-29";"2024-04-26";43790
"0382182410011";"38218";"ZE";"395";6;1380;0;2;"2024-12-30";;2500
"0382532320031";"38253";"0A";"777";6;1775;0;2;"2024-02-15";;8749
"0382762410012";"38276";"AB";"234";8;14005;0;2;"2024-12-05";;41098
"0382972410009";"38297";"AE";"557";8;2610;0;2;"2024-10-23";;4867
"0383142410007";"38314";"AT";"355";6;3855;0;2;"2024-06-11";;5379
"0383142410012";"38314";"BC";"773";6;1231;0;5;"2024-06-07";"2025-06-01";2801
"0383142410025";"38314";"AT";"423";8;1113;0;2;"2024-12-16";;2045
"0383152400003";"38315";"ZA";"212";4;1621;5558;2;"2024-04-09";;21973
"0383742410011";"38374";"OH";"1571";6;1219;0;2;"2024-04-29";;5669
"0383782410005";"38378";"AI";"32";8;2839;8320;2;"2024-08-20";;21335
"0383842410011";"38384";"ZH";"287";8;9731;0;5;"2024-10-10";"2025-04-15";25261
"03839424A0012";"38394";"0E";"2162";6;2981;2107;5;"2024-09-02";"2025-12-01";6789
"0383972410016";"38397";"BC";"167";6;4065;0;2;"2024-10-09";;7431
"0383982410002";"38398";"B";"565";4;2762;0;5;"2024-09-05";"2025-06-16";6502
"0384162310025";"38416";"ZA";"58";8;4513;9630;2;"2024-03-11";;27627
"0384212410021";"38421";"AI";"354";3;3086;0;5;"2024-10-15";"2025-10-27";3772
"0384212410022";"38421";"AI";"451";3;5311;0;5;"2024-10-25";"2025-04-07";5000
"0384232410001";"38423";"AZ";"106";8;2030;700;2;"2024-03-27";;5001
"0384492410010";"38449";"CI";"95";8;2220;0;5;"2024-10-09";"2025-01-13";5439
"0384512410010";"38451";"AB";"1008";6;1585;2524;2;"2024-07-04";;15580
"0384542320006";"38454";"A";"802";3;3072;25534;5;"2024-01-05";"2024-10-16";117300
"0384682310017";"38468";"AD";"444";4;1068;0;5;"2024-02-15";"2024-03-14";2168
"0384752410004";"38475";"D";"1024";8;1070;358;2;"2024-06-19";;11423
"0384752410009";"38475";"D";"1142";8;5756;32174;5;"2024-09-27";"2025-12-08";89179
"0384862410009";"38486";"ZA";"35";6;1454;0;5;"2024-12-02";"2025-02-25";2222
"0385072410031";"38507";"AB";"455";8;5562;0;2;"2024-10-15";;21001
"0385172420007";"38517";"AK";"966";4;1007;0;5;"2024-08-05";"2025-01-07";4399
"0385382410010";"38538";"AN";"265";6;2439;0;5;"2024-10-18";"2025-04-14";4675
"0385382410011";"38538";"AA";"54";6;1150;0;5;"2024-11-13";"2025-03-24";4246
"0385432410002";"38543";"0A";"122";8;1912;0;2;"2024-07-08";;60650
"0385442410029";"38544";"AW";"66";8;2397;0;5;"2024-11-13";"2024-11-14";19855
"0385472310015";"38547";"AR";"740";8;3451;0;2;"2024-05-17";;12626
"0385472410002";"38547";"AR";"701";6;3081;0;2;"2024-06-10";;7944
"0385592320027";"38559";"AV";"10";4;5722;30;2;"2024-06-07";;21617
"03856224U0004";"38562";"AM";"487";4;2864;2695;2;"2024-11-27";;240
"0385632411019";"38563";"AW";"306";3;3030;0;5;"2024-08-14";"2025-09-15";4285
"0385632411036";"38563";"AP";"883";6;4707;0;5;"2024-12-16";"2025-07-08";11523
"0385632413004";"38563";"AW";"306";3;3040;0;2;"2024-08-12";;4285
"0385662320008";"38566";"AH";"1039";6;1300;0;2;"2024-03-22";;3502
"0390972400001";"39097";"AS";"285";4;1070;0;2;"2024-03-27";;7226
"03909724C0020";"39097";"AS";"317";8;1299;3425;5;"2024-09-24";"2024-12-17";16225
"03909724C0022";"39097";"AH";"401";4;2024;2761;2;"2024-12-18";;13934
"03917123P0004";"39171";"AC";"132";4;1521;0;5;"2024-04-23";"2024-07-29";30524
"03919823D0083";"39198";"BR";"209";4;3317;0;5;"2024-05-24";"2024-09-06";10511
"03932724P0009";"39327";"AE";"282";6;2089;0;5;"2024-10-17";"2025-04-08";4753
"03933324T0005";"39333";"AP";"204";8;1164;0;2;"2024-12-02";;3875
"03943424C0015";"39434";"ZI";"373";8;1070;681;2;"2024-09-17";;6608
"03947024J0005";"39470";"AL";"2";6;4671;9724;5;"2024-06-13";"2024-06-25";176609
"03950824P0001";"39508";"ZP";"132";6;1332;0;5;"2024-05-16";"2024-07-15";8353
"03955724J0001";"39557";"ZI";"74";8;1488;0;2;"2024-12-12";;8280
"0400592300005";"40059";"A";"1329";4;2428;0;2;"2024-03-06";;15215
"04007524X0018";"40075";"AL";"100";4;1896;689;5;"2024-12-15";"2025-12-05";20821
"0400882400004";"40088";"AL";"206";8;1248;0;2;"2024-11-29";;3886
"0401202300010";"40120";"ZH";"226";8;3607;0;5;"2024-03-11";"2025-12-01";8351
"0401202400001";"40120";"ZH";"226";8;2518;0;2;"2024-04-05";;7722
"04012924D0003";"40129";"AE";"12";6;4837;2670;5;"2024-06-13";"2024-07-29";0
"04013323D0053";"40133";"0B";"519";4;2311;640;2;"2024-03-01";;0
"0401792300010";"40179";"AA";"93";8;2702;0;5;"2024-05-13";"2025-02-03";22620
"04018724D0012";"40187";"00";;4;1135;1780;5;"2024-11-20";"2025-09-03";0
"04019223B0090";"40192";"BK";"1294";4;1138;0;5;"2024-05-21";"2024-11-13";0
"04019224B0065";"40192";"CA";"221";3;2780;3514;5;"2024-10-08";"2025-06-09";101310
"04019724C0013";"40197";"BM";"21";8;9898;0;2;"2024-12-24";;0
"04023023T0020";"40230";"BT";"10";8;1652;876;5;"2024-01-22";"2025-08-20";31005
"04025023F0013";"40250";"AK";"408";8;11060;0;2;"2024-01-19";;0
"04025024F0003";"40250";"AK";"458";8;4563;0;2;"2024-08-19";;0
"04025024F0006";"40250";"AK";"408";8;6488;0;2;"2024-07-22";;0
"0402602400003";"40260";"C";"100";6;1472;34307;5;"2024-08-27";"2025-04-01";152781
"04026123D0067";"40261";"AR";"87";6;1471;0;5;"2024-01-10";"2024-04-15";0
"04026123D0068";"40261";"AP";"105";8;2564;0;2;"2024-04-17";;0
"04026124D0003";"40261";"AR";"118";4;1164;0;5;"2024-04-02";"2024-05-21";0
"04026124D0006";"40261";"AH";"69";8;3890;0;5;"2024-04-16";"2024-07-08";0
"04026124D0019";"40261";"AH";"32";8;2624;3070;2;"2024-08-26";;0
"04026124D0021";"40261";"AH";"69";3;1111;0;5;"2024-08-20";"2025-01-17";0
"04026124D0029";"40261";"AI";"92";8;3489;0;2;"2024-09-03";;0
"0402792300030";"40279";"AZ";"103";8;37936;15677;2;"2024-01-11";;91791
"04028123F0038";"40281";"AT";"441";4;1763;1957;5;"2024-03-08";"2025-01-06";0
"04028224S0007";"40282";"AD";"92";8;1288;0;2;"2024-07-24";;0
"0402832300052";"40283";"ZB";"256";4;1882;0;2;"2024-05-16";;5678
"0402872400028";"40287";"DM";"116";8;1872;0;2;"2024-10-01";;7523
"0402952300031";"40295";"G";"1028";4;1067;0;2;"2024-02-20";;3002
"04030423D0066";"40304";"AP";"45";3;1860;0;2;"2024-02-19";;0
"04031223D0070";"40312";"AH";"575";4;1472;15505;5;"2024-09-27";"2025-02-03";88805
"04104724A0002";"41047";"00";;3;1618;0;5;"2024-07-03";"2024-09-30";6602
"04105923U0055";"41059";"BO";"1";6;2000;28844;2;"2024-01-09";;0
"04105924U0005";"41059";"CM";"6";4;1055;0;5;"2024-04-30";"2025-04-02";5044
"04105924U0027";"41059";"BR";"307";8;1657;0;2;"2024-06-10";;5246
"04106023D0006";"41060";"0A";"947";6;1166;6840;2;"2024-03-11";;34407
"04114924N0009";"41149";"ZH";"185";6;3010;6135;5;"2024-10-14";"2025-03-06";25253
"04119424R0007";"41194";"BM";"91";3;1550;0;2;"2024-07-04";;6720
"04121224A0002";"41212";"AK";"261";4;1254;0;5;"2024-07-03";"2025-03-10";3301
"04122023D0012";"41220";"AB";"32";6;2149;0;2;"2024-02-22";;186700
"04122023E0012";"41220";"AB";"32";6;2149;0;2;"2024-01-17";;186700
"04124124W0001";"41241";"AP";"264";3;2705;39374;5;"2024-04-03";"2024-09-02";1427877
"04126924V0030";"41269";"CI";"108";8;1559;0;5;"2024-10-17";"2025-04-30";10907
"04129524A0030";"41295";"EM";"150P";3;2629;0;5;"2024-10-07";"2025-04-14";8785
"04200523A0042";"42005";"BH";"4";8;11989;15771;2;"2024-01-30";;13513
"04200523A0050";"42005";"AL";"132";6;9789;0;2;"2024-01-03";;24006
"04200523A0056";"42005";"AL";"226";6;4207;0;2;"2024-02-09";;3959
"04200524A0001";"42005";"AL";"325";6;1252;0;2;"2024-03-21";;6170
"04200524A0038";"42005";"AK";"308";6;5799;0;2;"2024-10-30";;0
"04200524A0041";"42005";"AM";"160";8;1074;655;5;"2024-11-21";"2025-04-01";9928
"04201324A0012";"42013";"0C";"867";8;1200;0;2;"2024-09-27";;0
"04202324S0005";"42023";"AN";"487";6;7158;0;2;"2024-11-25";;20322
"04204323A0006";"42043";"B";"1494";6;1032;12069;2;"2024-02-19";;33899
"04204824C0004";"42048";"B";"1329";8;1150;3380;5;"2024-11-07";"2025-03-17";39059
"04209424A0005";"42094";"AR";"65";6;1020;2412;2;"2024-04-05";;0
"04209523L0035";"42095";"BI";"52";6;1221;2012;2;"2024-04-15";;11456
"04209724A0021";"42097";"CC";"119";6;8254;0;5;"2024-10-21";"2025-03-11";48994
"04212723M0021";"42127";"C";"3727";6;1171;16972;2;"2024-01-05";;140512
"04212723M0036";"42127";"AE";"164";8;45910;0;5;"2024-02-15";"2025-09-01";96275
"04212724M0021";"42127";"OC";"3673";6;8143;0;2;"2024-12-12";;7481
"04214524R0003";"42145";"C";"1095";6;2050;0;5;"2024-11-14";"2025-07-15";7314
"04214723M0063";"42147";"AM";"628";6;1162;0;2;"2024-05-21";;6457
"04214724M0003";"42147";"AM";"237";6;1221;8751;5;"2024-04-02";"2024-04-08";38477
"04215024M0003";"42150";"A";"1043";8;1171;0;2;"2024-10-15";;7066
"04218224V0011";"42182";"BA";"101";8;1432;894;5;"2024-06-11";"2025-06-02";5172
"04218424V0033";"42184";"BD";"476";3;1012;0;5;"2024-12-06";"2025-09-15";663
"0421862300039";"42186";"AR";"170";6;1200;0;2;"2024-04-04";;10348
"04218724R0022";"42187";"AT";"191";6;4103;8750;5;"2024-09-10";"2025-01-15";12310
"0422072400003";"42207";"ZB";"228";6;1968;0;5;"2024-04-29";"2025-12-01";5254
"0422072400011";"42207";"AH";"139";8;4382;0;5;"2024-06-10";"2024-09-16";10481
"0422182300064";"42218";"HO";"137";8;1568;0;5;"2024-02-15";"2024-09-19";9973
"0422182300193";"42218";"CN";"259";3;1066;0;2;"2024-01-25";;905
"0422182300206";"42218";"DL";"23";3;1608;8760;5;"2024-04-04";"2025-05-13";28606
"0422182400051";"42218";"DT";"2";6;2275;4637;5;"2024-08-01";"2024-09-10";16890
"0422182400053";"42218";"CP";"260";3;1055;0;2;"2024-07-11";;3497
"0422372400012";"42237";"AY";"163";8;1456;0;5;"2024-11-28";"2025-01-08";5329
"04225623M0030";"42256";"AS";"35";6;1250;0;2;"2024-04-18";;90906
"04225624M0009";"42256";"AS";"35";8;2924;0;5;"2024-06-13";"2024-08-26";90906
"0423022400005";"42302";"AV";"113";8;2193;9413;2;"2024-06-07";;45968
"04230424M0016";"42304";"BL";"316";8;9992;22325;2;"2024-05-29";;71976
"0423302300015";"42330";"AD";"13";6;1202;978;5;"2024-03-21";"2024-07-22";3520
"04302524Y0012";"43025";"AC";"156";6;6042;8671;5;"2024-07-19";"2024-09-23";11408
"04303224P0002";"43032";"AM";"112";6;5622;0;2;"2024-07-11";;19108
"04304023B0021";"43040";"AP";"649";8;1045;0;2;"2024-03-21";;2792
"04304823B0006";"43048";"AM";"118";4;1064;0;2;"2024-04-02";;8426
"04305821Y0008";"43058";"AA";"14";4;3071;533;2;"2024-04-05";;8072
"04305823Y0015";"43058";"AB";"69";6;1669;1842;2;"2024-02-15";;0
"04308024P0010";"43080";"G";"1023";6;5857;4041;5;"2024-11-05";"2025-03-03";140864
"04308424P0002";"43084";"AA";"110";4;1801;630;2;"2024-04-05";;7561
"04309123P0007";"43091";"AN";"65";4;3902;5465;5;"2024-08-01";"2025-09-03";19462
"04312023B0007";"43120";"ZD";"10";6;23353;0;5;"2024-04-30";"2024-07-19";146824
"04313723Y0068";"43137";"BO";"391";8;1833;4386;5;"2024-04-02";"2025-06-02";27800
"04313724Y0021";"43137";"AX";"106";6;4363;4883;2;"2024-12-06";;0
"04314724B0002";"43147";;;8;2130;0;2;"2024-12-19";;0
"04315723P0047";"43157";"BS";"438";4;3598;0;2;"2024-03-13";;3804
"04315723P0056";"43157";"BM";"115";6;4830;13643;5;"2024-03-20";"2024-04-19";50863
"04316324Y0004";"43163";"AN";"150";8;1006;0;2;"2024-05-28";;13302
"04319024P0006";"43190";"CI";"3";6;1034;0;5;"2024-08-20";"2024-09-11";543184
"04321124Y0004";"43211";"BI";"69";4;2250;0;2;"2024-06-12";;6390
"04322424Y0008";"43224";"AL";"668";8;6557;0;5;"2024-05-23";"2024-09-01";30711
"04322424Y0017";"43224";"AL";"665";6;3099;0;5;"2024-10-15";"2025-04-01";3556
"04324124P0012";"43241";"G";"1174";4;3823;0;2;"2024-11-22";;0
"04326823Y0087";"43268";"BA";"128";8;1117;2440;2;"2024-03-18";;0
"04400323W1063";"44003";"AW";"63";3;1322;102509;2;"2024-02-06";;348121
"04400323W1068";"44003";"AM";"94";6;1522;7260;5;"2024-05-13";"2024-11-26";25606
"04400324W1023";"44003";"AV";"9";6;1078;64669;5;"2024-10-29";"2025-04-22";189198
"04400523D1091";"44005";"L";"2027";4;2048;5408;5;"2024-04-17";"2025-01-13";26046
"04401224D1004";"44012";"AR";"51";6;1013;6004;2;"2024-06-27";;20286
"04401424A0013";"44014";"ZC";"241";3;1035;0;5;"2024-09-14";"2025-02-03";2700
"04401523B0102";"44015";"AV";"23";4;2929;11142;5;"2024-04-26";"2025-01-09";47452
"04401824Z0007";"44018";"ZA";"405";8;1072;0;2;"2024-03-12";;2323
"04402024Y1003";"44020";"CP";"370";6;1247;288653;5;"2024-04-10";"2024-05-17";21324
"04402024Y1038";"44020";"CD";"541";6;3119;0;5;"2024-09-04";"2024-12-20";13591
"04402223A1017";"44022";"ZY";"292";6;5995;5565;2;"2024-01-23";;55868
"04402323B0027";"44023";"ZR";"167";8;1085;0;2;"2024-03-19";;13960
"04402624Z1008";"44026";"ZL";"348";6;1163;0;5;"2024-05-14";"2024-09-02";2448
"04402624Z1029";"44026";"BX";"37";4;4078;12881;2;"2024-10-16";;24996
"04403624C1018";"44036";"CA";"11";8;1660;0;5;"2024-12-16";"2025-02-10";23500
"04403624C1019";"44036";"AX";"102";6;3796;52644;2;"2024-08-27";;175448
"04403723A1022";"44037";"ZA";"69";8;4713;12134;2;"2024-04-05";;40879
"04403724A1002";"44037";"D";"810";8;8658;0;2;"2024-04-05";;53566
"04404124A0003";"44041";"BS";"13";6;1090;2306;2;"2024-04-12";;6774
"04404124A0019";"44041";"BS";"109";3;4297;6153;5;"2024-07-11";"2025-03-31";61688
"04404324A1037";"44043";"BA";"102";4;1312;14333;5;"2024-12-24";"2025-02-10";46586
"04404523E1043";"44045";"BR";"12";6;7360;0;2;"2024-01-26";;899825
"04404724Z0027";"44047";"AP";"1134";6;1481;0;2;"2024-07-01";;3386
"04405223T0047";"44052";"YN";"532";4;1325;0;5;"2024-01-04";"2024-06-03";23688
"04406624E0015";"44066";"BT";"62";6;1612;0;5;"2024-06-19";"2024-06-19";5721
"04406824F0018";"44068";"ZN";"45";4;3982;0;5;"2024-09-20";"2025-07-25";14125
"04406924T0023";"44069";"YW";"132";4;1063;0;2;"2024-07-09";;2015
"04407224T0009";"44072";"YR";"90";6;2549;13600;2;"2024-06-03";;56172
"04407423Z0008";"44074";"AH";"107";6;1572;0;5;"2024-01-08";"2024-01-15";247898
"04407423Z0012";"44074";"AH";"4";6;3522;126754;5;"2024-04-16";"2024-10-21";209095
"04408322B1021";"44083";"ZL";"117";6;11201;32741;2;"2024-02-14";;114775
"04408924E1012";"44089";"ZM";"120";6;3389;5653;5;"2024-06-24";"2025-04-14";18958
"04409624W1008";"44096";"ZX";"226";6;1032;31400;2;"2024-05-06";;187553
"04410124Z0001";"44101";"AM";"60";4;2132;15077;2;"2024-09-04";;54067
"04410324T0009";"44103";"AX";"120";8;2403;25318;5;"2024-07-09";"2025-03-03";65960
"04410324T0022";"44103";"BE";"38";8;1811;848;2;"2024-08-07";;24268
"04410324T0026";"44103";"AX";"102";6;1785;72065;5;"2024-11-13";"2025-01-20";219162
"04410724W1013";"44107";"ZY";"73";6;3220;5230;2;"2024-09-27";;119150
"04410824A0014";"44108";"AZ";"211";6;3348;13421;2;"2024-07-16";;25646
"04410921A0631";"44109";"WP";"164";4;96059;4572;2;"2024-07-12";;154721
"04410921A0635";"44109";"DP";"1";4;16868;0;2;"2024-07-12";;29589
"04410923A0279";"44109";"RV";"262";3;15871;0;2;"2024-02-01";;82495
"04410923A0300";"44109";"RV";"262";3;8263;0;2;"2024-02-01";;82495
"04410923A0306";"44109";"RV";"262";3;5584;0;2;"2024-02-01";;82495
"04410923A0430";"44109";"IV";"474";3;5650;1765;5;"2024-05-14";"2024-10-15";2393
"04410924A0021";"44109";"CR";"89";3;2237;0;2;"2024-09-17";;976
"04410924A0052";"44109";"DX";"261";3;4796;0;2;"2024-09-05";;2232
"04410924A0061";"44109";"MX";"92";3;2419;0;2;"2024-06-14";;1401
"04410924A0152";"44109";"WE";"27";8;1923;1521;5;"2024-12-03";"2025-06-09";6437
"04411023E0061";"44110";"AV";"150";4;5499;6412;2;"2024-06-10";;60359
"04412624D1014";"44126";"BO";"148";4;1081;2278;5;"2024-07-03";"2025-03-03";21896
"04413124D1031";"44131";"XY";"128";3;5068;0;2;"2024-07-02";;4714
"04414324Y1001";"44143";"BN";"211";4;1697;366;2;"2024-07-18";;0
"04414324Y1081";"44143";"BT";"202";4;1187;0;2;"2024-10-31";;10825
"0441502400019";"44150";"AH";"559";6;2427;0;5;"2024-12-05";"2025-06-04";5613
"04415824E1019";"44158";"AS";"77";8;3191;117954;2;"2024-07-22";;392830
"04416223Z1071";"44162";"EB";"628";4;2342;0;2;"2024-03-08";;5289
"04416223Z1095";"44162";"CV";"12";6;2854;0;5;"2024-12-03";"2025-07-07";72226
"04416224Z1010";"44162";"BW";"1309";3;3600;0;2;"2024-10-08";;1762
"04416224Z1027";"44162";"EC";"338";6;4242;1182;2;"2024-09-17";;5975
"04416224Z1049";"44162";"CX";"62";6;6277;2311;2;"2024-09-24";;13173
"04417224Z0027";"44172";"AY";"110";8;1021;3535;2;"2024-12-09";;8475
"04418024W1031";"44180";"0F";"1702";6;1016;0;2;"2024-09-06";;2801
"04418423T0176";"44184";"AZ";"514";4;2141;0;5;"2024-07-17";"2024-10-16";6721
"04418423T0200";"44184";"AZ";"479";4;2235;0;5;"2024-07-10";"2024-10-16";3479
"04418423T0209";"44184";"CH";"26";6;8268;9512;5;"2024-03-06";"2024-09-30";39907
"04418424T0114";"44184";"CH";"10";3;39668;0;5;"2024-10-21";"2025-07-15";61065
"04418524F1021";"44185";"ZS";"86";8;1863;1801;2;"2024-12-20";;29216
"04418823A0077";"44188";"YD";"429";6;3477;0;2;"2024-03-13";;21502
"04418824A0038";"44188";"AE";"36";6;2435;0;2;"2024-09-25";;4236
"04419224E1001";"44192";"AD";"55";6;1250;21326;5;"2024-06-15";"2024-06-20";81285
"04419423Z1031";"44194";"BM";"196";6;2850;0;2;"2024-03-14";;8410
"04419524E1019";"44195";"AC";"933";4;1527;1998;5;"2024-12-09";"2024-12-10";11656
"0441982400035";"44198";"BB";"267";6;6854;0;5;"2024-10-28";"2025-02-04";43629
"0442042401014";"44204";"AC";"281";4;4038;0;5;"2024-08-29";"2025-01-13";9889
"04420923E0088";"44209";"YD";"216";6;3060;2612;5;"2024-03-21";"2024-12-16";16053
"04420924E0027";"44209";"AC";"21";4;3202;2591;2;"2024-09-11";;5700
"04421223A0048";"44212";"ZR";"526";4;2271;0;2;"2024-05-21";;138674
"04421223A0050";"44212";"ZR";"526";4;1896;0;2;"2024-05-21";;138674
"04421324W1034";"44213";"AC";"31";6;1770;1540;2;"2024-10-09";;11445
"04421524Y1010";"44215";"DY";"104";4;1911;0;5;"2024-09-09";"2025-01-31";0
"04500423A0046";"45004";"AT";"495";8;4222;4500;2;"2024-04-09";;28053
"04502424Y0005";"45024";"AV";"45";6;4127;6855;2;"2024-09-30";;37778
"04506223Y0011";"45062";"A";"194";6;4175;1995;2;"2024-06-07";;25250
"04506224Y0006";"45062";"ZB";"223";4;6265;0;2;"2024-09-20";;15597
"04506723Y0026";"45067";"YK";"170";4;1120;0;2;"2024-03-04";;2272
"0450752300040";"45075";"AP";"411";8;2648;0;5;"2024-02-09";"2024-08-19";21152
"04508524L0003";"45085";"B";"255";4;1414;1947;2;"2024-08-14";;9262
"0450892300042";"45089";"AE";"309";4;1513;4308;2;"2024-07-08";;11857
"04514223J0027";"45142";"ZN";"149";6;2543;0;2;"2024-02-09";;9726
"04514624F0002";"45146";"BN";"57";6;2600;0;2;"2024-06-19";;15701
"0451472400006";"45147";"BM";"306";3;1106;1135;2;"2024-07-05";;171223
"04515524Z0026";"45155";"AH";"129";6;1598;5933;5;"2024-09-26";"2024-10-18";38250
"0451692300064";"45169";"XS";"273";8;2000;0;2;"2024-07-24";;17275
"0451972300011";"45197";"B";"1652";8;1957;4940;2;"2024-01-09";;16321
"04520324Y0017";"45203";"ZO";"193";8;1422;0;2;"2024-11-15";;7343
"04525223N0019";"45252";"AB";"252";6;1600;4470;2;"2024-04-03";;17296
"04525824N0006";"45258";"ZV";"142";6;2099;3766;2;"2024-07-09";;31640
"04526924Y0004";"45269";"ZI";"898";6;4584;2900;2;"2024-06-05";;16891
"0452722400003";"45272";"AS";"268";6;3101;0;5;"2024-06-04";"2024-12-02";8499
"04527324J0006";"45273";"ZB";"100";8;1166;1038;2;"2024-05-02";;26616
"04527324J0014";"45273";"ZB";"100";8;15170;0;5;"2024-12-20";"2025-04-04";40216
"0452742400006";"45274";"AC";"19";3;3715;0;2;"2024-08-01";;48973
"0452862400002";"45286";"AN";"31";8;1033;0;2;"2024-06-05";;3601
"04530023J0002";"45300";"ZD";"35";8;1290;0;2;"2024-02-22";;75001
"04530024J0006";"45300";"ZD";"126";4;1350;303;5;"2024-11-08";"2025-07-15";4009
"0453022400001";"45302";"AE";"294";8;1576;0;5;"2024-03-20";"2025-04-01";2980
"0453022400022";"45302";"AL";"111";8;8828;64284;2;"2024-07-23";;331960
"0453022400040";"45302";"BE";"186";3;2873;0;5;"2024-12-05";"2025-06-16";13500
"04533323T0004";"45333";"I";"409";8;30171;925;5;"2024-11-28";"2025-03-20";80635
"04534623J0023";"45346";"AL";"76";3;1796;0;5;"2024-03-04";"2025-07-01";7179
"04603824S0004";"46038";"0A";"772";8;1137;182;2;"2024-06-21";;20108
"0460422390048";"46042";"BW";"71";3;1458;1171;2;"2024-06-10";;1212
"04612824S0009";"46128";"AO";"631";6;2144;4799;5;"2024-07-16";"2024-09-10";26743
"04623824S0004";"46238";"AL";"226";8;1330;0;2;"2024-03-28";;7135
"04625124S0001";"46251";"AS";"847";8;1865;0;5;"2024-04-09";"2025-01-08";19797
"04625124S0009";"46251";"AS";"773";6;2180;0;2;"2024-12-18";;10151
"04700124A0031";"47001";"BE";"301";4;3084;0;2;"2024-07-12";;826
"04700424K0002";"47004";"ZO";"375";8;1215;2982;2;"2024-03-13";;35426
"04700624M0004";"47006";"AC";"73";8;1680;3300;2;"2024-11-26";;34692
"04703123A0055";"47031";"AB";"16";3;9097;11521;5;"2024-03-08";"2024-10-15";48785
"04703123A0057";"47031";"BN";"255";4;1760;1313;5;"2024-04-19";"2025-01-16";7761
"04703124A0013";"47031";"BM";"8";3;2676;971;2;"2024-11-12";;10547
"04704524V0007";"47045";"E";"115";6;1564;2179;2;"2024-08-20";;13750
"04704823B0007";"47048";"F";"1010";8;1753;0;2;"2024-02-12";;4086
"04705123A0015";"47051";"AE";"287";3;1521;0;5;"2024-06-03";"2024-10-16";8262
"04707823K0032";"47078";"ZA";"103";8;62999;0;2;"2024-03-19";;156678
"04709123A0073";"47091";"AK";"169";6;5803;9093;5;"2024-04-23";"2024-06-11";113124
"04714524A0007";"47145";"BD";"10";8;1625;1960;2;"2024-10-10";;6630
"04715723F0041";"47157";"II";"158";4;9924;0;2;"2024-02-01";;33168
"04725224M0030";"47252";"BL";"18";6;1025;6716;5;"2024-08-14";"2025-02-17";35092
"04725923B0002";"47259";"ZC";"85";8;1184;263;2;"2024-05-24";;105627
"04726424L0007";"47264";"A";"1567";6;1548;0;2;"2024-10-30";;18298
"04728524F0002";"47285";"ZD";"97";8;1844;2070;2;"2024-05-28";;11120
"04728524F0003";"47285";"ZE";"329";8;1200;2950;2;"2024-08-02";;17919
"04728524F0004";"47285";"ZE";"329";8;3087;4150;2;"2024-08-02";;23860
"04728524F0006";"47285";"ZE";"78";8;3653;7760;5;"2024-08-01";"2025-06-18";14120
"04729123B0004";"47291";"C";"558";8;1470;0;2;"2024-01-23";;12432
"04732324M0067";"47323";"DO";"351";6;1324;39981;2;"2024-09-30";;97581
"04800924C0020";"48009";"ZV";"15";4;1584;0;5;"2024-07-02";"2024-09-16";4431
"04809224C0005";"48092";"0A";"2844";8;1064;0;2;"2024-06-04";;4645
"04809424C0001";"48094";"B";"236";6;1799;18431;5;"2024-03-26";"2025-03-24";87933
"04809524M0016";"48095";"BP";"881";8;1147;0;2;"2024-07-17";;4429
"04900224M0007";"49002";"ZH";"141";8;1625;2696;2;"2024-06-27";;32008
"04900224M0015";"49002";"ZH";"150";6;1659;1643;5;"2024-10-11";"2025-04-03";19124
"04900723Z0074";"49007";"DN";"573";4;2887;0;5;"2024-02-19";"2025-04-14";32483
"04900723Z0138";"49007";"DV";"381";3;4909;335;5;"2024-02-07";"2024-09-16";19586
"04900723Z0222";"49007";"HX";"303";4;2761;0;5;"2024-07-24";"2025-06-23";5918
"04900724Z0055";"49007";"ER";"1";4;1032;0;5;"2024-08-16";"2025-04-07";1740
"04901523C0053";"49015";"AT";"305";4;1455;2150;5;"2024-04-10";"2025-09-22";12000
"04901524C0033";"49015";"AB";"6";3;2611;14200;5;"2024-11-13";"2024-12-17";104991
"04901824M0026";"49018";"AE";"435";4;1549;0;2;"2024-07-26";;4233
"04902024A0019";"49020";"AO";"175";8;3100;5120;2;"2024-10-24";;34732
"04902324H0080";"49023";"B";"1253";6;2329;5006;5;"2024-09-10";"2025-01-13";30000
"04905024A0003";"49050";"ZO";"81";6;3000;0;5;"2024-03-07";"2024-09-23";94642
"04905423N0006";"49054";"0K";"193";6;19996;0;5;"2024-01-18";"2024-06-03";73728
"04905424N0004";"49054";"0M";"881";8;1028;9855;2;"2024-06-05";;51153
"04909224H0048";"49092";"BE";"49";4;2360;15368;2;"2024-07-25";;52738
"04909224H0084";"49092";"AB";"366";6;1552;4451;2;"2024-10-07";;25068
"04909924C0034";"49099";"HY";"22";6;9915;0;5;"2024-04-11";"2024-06-28";66409
"04909924C0043";"49099";"CS";"603";4;2933;6889;5;"2024-05-22";"2025-01-13";25744
"04909924C0089";"49099";"EN";"189";6;5621;0;5;"2024-07-17";"2025-06-02";84945
"04909924C0137";"49099";"HO";"480";3;4706;12749;5;"2024-11-06";"2025-01-06";70693
"04912324MM004";"49123";"ZL";"189";8;2172;0;5;"2024-08-30";"2024-12-16";8136
"04912524D0018";"49125";"ZX";"415";6;3431;0;5;"2024-05-30";"2024-12-23";13440
"04912924A0006";"49129";"AC";;6;5016;0;5;"2024-08-19";"2024-11-07";17489
"04918024M0023";"49180";"XB";"270";8;4287;0;2;"2024-10-17";;10826
"0491942400005";"49194";"OE";"1996";4;1970;0;2;"2024-06-21";;7880
"04919524C0001";"49195";"B";"1160";6;2277;1719;5;"2024-03-16";"2025-01-06";23527
"04921723N0007";"49217";"0B";"838";8;1519;0;5;"2024-01-24";"2025-06-01";4500
"04921824H0027";"49218";"D";"1059";6;2328;620;2;"2024-05-23";;34029
"04921824H0037";"49218";"AE";"14";3;1027;44331;5;"2024-07-11";"2024-12-09";184055
"04922024A0007";"49220";"E";"1208";6;11543;11585;2;"2024-10-10";;91397
"04924824N0013";"49248";"AC";"964";6;1179;0;5;"2024-06-26";"2024-09-02";17348
"04926723A0033";"49267";"AO";"529";4;1324;2653;2;"2024-01-23";;7327
"04929423A0034";"49294";"AB";"410";8;3576;0;2;"2024-03-22";;8988
"04929823A0047";"49298";"A";"1509";6;2693;620;5;"2024-02-01";"2024-06-03";13574
"04929824A0027";"49298";"AD";"27";8;12615;0;5;"2024-11-28";"2025-02-17";15589
"04929824A0029";"49298";"ZC";"396";6;15338;0;2;"2024-11-07";;49919
"04930124H0030";"49301";"AE";"82";6;1632;387;2;"2024-06-04";;8750
"04930124H0051";"49301";"C";"1837";6;1059;0;5;"2024-09-23";"2025-04-28";3500
"04930124H0095";"49301";"B";"2811P";6;6112;0;5;"2024-11-28";"2026-01-26";21642
"04930724A0100";"49307";"ZL";"430";6;22206;1285;2;"2024-12-03";;66471
"04932324A0032";"49323";"ZS";"78";8;2965;0;2;"2024-10-17";;95413
"0493282400024";"49328";"AA";"1";4;2327;0;5;"2024-11-20";"2025-06-10";6401
"0493282300007";"49328";"DK";"9";4;6500;2050;2;"2024-08-01";;46184
"04933323A0011";"49333";"ZY";"118";8;11417;9020;2;"2024-11-26";;51169
"04933323A0020";"49333";"ZT";"38";6;3078;23412;5;"2024-07-08";"2024-07-29";95845
"04933324A0011";"49333";"YB";"355";6;1504;0;2;"2024-11-05";;15866
"04935323T0035";"49353";"AB";"128";8;1110;1719;2;"2024-02-26";;6040
"04937324C0020";"49373";"AO";"120";4;1420;1757;5;"2024-10-24";"2025-05-26";6353
"05009924Q0044";"50099";"ZH";"49";8;1272;1112;2;"2024-12-31";;10347
"0501292300091";"50129";"AN";"303P";3;1461;1359;5;"2024-03-05";"2024-07-22";3559
"0501292300094";"50129";"AN";"92";8;1087;2185;2;"2024-02-01";;3645
"0501292300097";"50129";"AM";"76";8;1559;0;2;"2024-02-15";;5021
"0501292300135";"50129";"AM";"176";8;2251;0;2;"2024-03-19";;4434
"0501292400012";"50129";"AP";"731";8;2460;2841;5;"2024-05-30";"2024-11-15";8612
"0501292400037";"50129";"AX";"317";6;1360;996;5;"2024-06-24";"2024-07-15";7683
"0501292400091";"50129";"AX";"363";6;3282;0;5;"2024-12-17";"2025-04-22";11008
"05014724W0018";"50147";"BA";"14";4;1359;0;2;"2024-12-04";;2000
"05015823J0001";"50158";"ZE";"70";6;1339;0;5;"2024-05-16";"2024-09-19";13231
"05035224W0001";"50352";"C";"87";4;1096;786;2;"2024-07-04";;56347
"05048724J0007";"50487";"YB";"190";6;1500;0;5;"2024-03-26";"2024-04-17";5587
"05048923J0008";"50489";"C";"540";8;1200;0;2;"2024-01-08";;8711
"05056224Q0012";"50562";"B0";"330";8;1920;0;2;"2024-11-26";;6262
"05060123W0028";"50601";"YS";"95";8;5588;0;2;"2024-03-01";;32233
"0506152400021";"50615";"AS";"177";4;1356;8544;2;"2024-12-05";;47560
"05064724J0001";"50647";"AE";"98";4;11407;23204;5;"2024-06-11";"2025-08-18";92312
"05104324K0007";"51043";"ZC";"144";6;1176;40477;2;"2024-10-28";;99124
"05105524K0010";"51055";"AL";"155";4;6328;6705;5;"2024-09-26";"2024-11-04";26239
"05110123K0017";"51101";"ZC";"81";4;3765;0;2;"2024-03-28";;9317
"05110124K0001";"51101";"ZN";"74";8;11849;0;2;"2024-04-25";;31718
"05110124K0007";"51101";"ZD";"121";8;2722;0;5;"2024-10-09";"2025-01-12";9809
"05110124K0008";"51101";"ZN";"88";3;2186;0;5;"2024-12-04";"2025-04-07";6023
"05110824A0006";"51108";"ZM";"286";4;1814;0;2;"2024-05-16";;14338
"05121924B0001";"51219";"A";"369";8;1440;0;2;"2024-08-07";;9945
"05123023L0050";"51230";"AY";"83";6;1349;897;5;"2024-03-26";"2024-07-08";2135
"05124223R0007";"51242";"AT";"86";4;2045;40;5;"2024-01-26";"2024-09-02";4956
"05128223K0007";"51282";"ZN";"14";6;1592;0;5;"2024-03-29";"2024-10-16";4034
"05143124S0005";"51431";"B";"647";6;1155;3490;2;"2024-12-23";;8869
"05145424K0069";"51454";"T";"263";8;5830;4819;2;"2024-07-29";;30961
"05145424K0094";"51454";"EH";"157";3;1163;2936;2;"2024-12-14";;2985
"05145424K0140";"51454";"ZN";"140";8;1254;2407;2;"2024-12-14";;8954
"05153623K0012";"51536";"ZH";"100";6;9967;0;5;"2024-01-17";"2025-11-24";38455
"05154524B0001";"51545";"AD";"65";8;1182;141;5;"2024-07-29";"2024-08-20";10061
"05162124E0001";"51621";"ZK";"14";8;1095;0;2;"2024-07-04";;2220
"05214024C0004";"52140";"ZD";"52";8;1200;4698;2;"2024-08-08";;287527
"05235324C0002";"52353";"AP";"148";6;3036;3068;5;"2024-04-23";"2024-06-17";15629
"05243223L0003";"52432";"ZN";"141";8;1400;0;2;"2024-01-19";;11460
"0530082400011";"53008";"ZI";"51";6;1329;0;2;"2024-08-06";;48516
"05303423K1044";"53034";"AM";"170";6;2606;0;2;"2024-03-04";;15010
"05303424K1002";"53034";"AL";"279";6;5432;0;2;"2024-03-21";;0
"05305424K1035";"53054";"YE";"90";8;5767;0;2;"2024-12-18";;27867
"05306223B1087";"53062";"A";"251";8;18256;0;5;"2024-04-25";"2024-12-05";56845
"05306224B1037";"53062";"A";"329";6;5755;0;2;"2024-08-28";;26187
"05306224B1052";"53062";"A";"615";8;12304;0;2;"2024-10-09";;40943
"05308423B1017";"53084";"F";"553";6;1341;63045;2;"2024-01-02";;279750
"05308424B1002";"53084";"F";"553";6;1341;63045;5;"2024-03-08";"2024-03-10";279750
"05310724M0011";"53107";"AD";"9";6;2003;19642;5;"2024-12-11";"2025-01-13";74433
"05310823K1004";"53108";"ZA";"48";8;40332;0;5;"2024-01-29";"2025-02-11";136309
"0531272400013";"53127";"ZE";"153";6;2346;3938;5;"2024-08-26";"2025-01-06";13723
"05313023K1110";"53130";"AP";"150";4;1914;1684;5;"2024-03-27";"2025-02-06";4675
"05313024K1041";"53130";"AR";"18";3;1440;30126;5;"2024-06-24";"2024-09-25";75100
"05313024K1070";"53130";"CX";"16";6;7993;0;2;"2024-11-26";;28883
"05313024K1074";"53130";"BC";"5";3;1413;2809;2;"2024-09-12";;22834
"0531472300056";"53147";"BV";"173";4;1278;0;2;"2024-05-30";;3476
"0531472300060";"53147";"BV";"124";4;1182;0;2;"2024-07-08";;3673
"05316324M1002";"53163";"C";"571";8;1840;0;2;"2024-07-02";;30200
"05318524M1008";"53185";"YO";"226";6;2587;2239;2;"2024-07-24";;14330
"05320124K1027";"53201";"AH";"1062";6;1120;0;2;"2024-12-13";;4089
"05409023N0007";"54090";"A";"587";8;1145;0;2;"2024-02-22";;1872
"05411324N0002";"54113";"B";"251";8;10984;0;2;"2024-10-10";;41947
"05412324T0003";"54123";"A";"262";3;1594;0;2;"2024-11-04";;18070
"05415023N0005";"54150";"ZA";"22";8;4843;4108;5;"2024-04-19";"2025-06-30";27800
"05420224T0001";"54202";"ZD";"243";8;13875;0;2;"2024-08-02";;108258
"05421524N0002";"54215";"AC";"59";6;2328;99677;2;"2024-05-22";;280726
"05423224T0009";"54232";"AC";"226";8;18425;0;5;"2024-11-06";"2025-09-01";108136
"0542572400001";"54257";"AO";"11";4;1218;0;2;"2024-05-21";;10859
"0542652400001";"54265";"AO";"11";4;2844;3297;2;"2024-05-07";;9816
"0543572300014";"54357";"AM";"191";3;4338;0;2;"2024-05-06";;6357
"0543572400008";"54357";"AM";"187";3;3317;0;2;"2024-10-28";;5265
"05436623T0013";"54366";"AK";"238";6;5367;0;5;"2024-04-16";"2024-06-24";86500
"05436624T0001";"54366";"AI";"133";6;2050;1964;5;"2024-08-21";"2024-09-23";8820
"0543822400006";"54382";"AX";"170";4;3175;53750;2;"2024-08-14";;233852
"0543952300037";"54395";"AY";"109";8;1768;6502;2;"2024-01-03";;20395
"0543952300060";"54395";"AZ";"136";3;1206;18570;5;"2024-01-10";"2024-01-10";114654
"0543952300123";"54395";"AT";"105";6;3550;30554;2;"2024-03-27";;109323
"05443123N0015";"54431";"AX";"173";4;1519;0;2;"2024-04-23";;8040
"0544392400004";"54439";"AA";"110";6;1867;3994;2;"2024-05-07";;7289
"0545782400011";"54578";"AL";"644";3;6122;0;2;"2024-12-19";;24678
"0550102300010";"55010";"ZL";"483";8;1560;2286;5;"2024-04-15";"2025-04-15";20000
"0550102400004";"55010";"ZL";"490";8;1178;0;2;"2024-08-01";;5585
"05501323B0006";"55013";"YE";"16";6;1850;1084;2;"2024-04-10";;11080
"0550432400004";"55043";"AK";"574";4;1126;0;2;"2024-07-01";;2716
"05515424A0002";"55154";"ZM";"68";6;3327;0;5;"2024-09-05";"2024-09-30";0
"05518123B0006";"55181";"ZI";"117";8;1311;0;5;"2024-03-07";"2024-07-11";0
"05518124B0002";"55181";"AI";"94";6;1136;6200;2;"2024-06-28";;14547
"0552142400001";"55214";"ZD";"86";6;7114;37542;5;"2024-06-11";"2024-10-21";23090
"0552912400002";"55291";"AO";"57";6;7114;37542;5;"2024-06-12";"2024-10-21";187297
"05549723A0004";"55497";"ZE";"104";6;3163;4245;2;"2024-03-18";;0
"05549724A0002";"55497";"ZE";"101";8;1184;0;2;"2024-06-21";;10703
"05549724A0006";"55497";"ZE";"113";8;1078;0;2;"2024-12-20";;18065
"0555262400003";"55526";"AA";"37";6;1311;1557;2;"2024-11-06";;8140
"05553124F0001";"55531";"C";"348";4;1197;2602;2;"2024-08-27";;0
"05601024B0010";"56010";"YT";"187";8;3130;0;2;"2024-04-18";;17685
"05601024B0036";"56010";"ZI";"184";4;2128;3700;2;"2024-10-31";;13064
"05601424M0005";"56014";"YC";"5";8;2318;970;2;"2024-05-16";;8400
"05601724G0023";"56017";"AB";"153";6;4047;21706;5;"2024-11-13";"2024-12-15";52432
"05603324K0011";"56033";"YL";"383";6;4200;0;2;"2024-08-30";;14922
"05603624L0047";"56036";"ZR";"467";8;1089;665;2;"2024-12-03";;3000
"05605323Y0051";"56053";"AN";"113";8;2398;0;5;"2024-01-16";"2026-01-26";47211
"05605324Y0006";"56053";"AN";"57";8;1047;0;2;"2024-04-16";;4102
"05606723Y0047";"56067";"YR";"16";6;5186;0;5;"2024-03-25";"2025-10-27";51960
"05608324C0022";"56083";;;8;1670;1258;5;"2024-12-12";"2026-01-12";40846
"05609623T0018";"56096";"H";"877";6;2910;9155;2;"2024-03-01";;33514
"05610124L0018";"56101";"ZA";"196";8;5034;0;2;"2024-07-26";;43625
"05612324Y0009";"56123";"ZY";"456";6;9770;0;5;"2024-10-30";"2025-01-13";30000
"05612524X0012";"56125";"ZH";"49";8;1528;453;2;"2024-10-16";;15269
"05613023N0054";"56130";"ZM";"796";8;1838;0;2;"2024-03-07";;39047
"05614023G0011";"56140";"XD";"182";6;5307;23474;5;"2024-01-03";"2024-01-03";103036
"05614624X0003";"56146";"ZW";"3";8;2923;0;5;"2024-06-28";"2024-10-14";38462
"05616223L0098";"56162";"CW";"75";3;1025;0;5;"2024-03-05";"2024-10-22";6673
"05616224L0047";"56162";"BV";"1106";8;1419;0;5;"2024-10-17";"2025-07-23";4424
"05616523K0116";"56165";"YH";"428";6;3663;4085;5;"2024-03-19";"2024-04-16";29650
"05616524K0026";"56165";"YH";"361";8;2694;9336;5;"2024-09-16";"2024-12-16";27821
"05616524K0060";"56165";"ZH";"217";4;2572;0;2;"2024-11-29";;10111
"05616524K0062";"56165";"ZL";"713";8;1168;0;2;"2024-09-03";;3158
"05617423G0031";"56174";"ZN";"188";6;6569;9144;5;"2024-01-16";"2024-03-18";107477
"05617624T0043";"56176";"AL";"208";4;1554;403;2;"2024-12-02";;1345
"05617823X0087";"56178";"BW";"62";4;1523;1104;2;"2024-03-06";;23097
"05618424Y0025";"56184";"YB";"513";4;2173;0;5;"2024-11-14";"2025-10-08";7614
"05620624Y0017";"56206";"BT";"302";4;2592;0;5;"2024-07-09";"2024-12-17";16758
"05620624Y0019";"56206";"BT";"305";4;1716;325;2;"2024-10-01";;3898
"05621323X0005";"56213";"ZB";"51";8;50276;19060;2;"2024-01-18";;104050
"05621324X0004";"56213";;;8;25393;0;2;"2024-08-29";;70876
"05622824K0005";"56228";"ZE";"232";8;6074;5975;2;"2024-06-17";;74410
"05622824K0007";"56228";"ZE";"269";3;1617;0;5;"2024-11-12";"2025-09-23";5086
"05623024K0007";"56230";"ZI";"184";8;2398;3794;2;"2024-11-15";;15274
"05623324T0013";"56233";"AC";"64";4;1092;0;5;"2024-11-14";"2025-05-12";6000
"05623724X0002";"56237";"ZY";"310";8;1011;0;2;"2024-08-30";;3596
"05623724X0010";"56237";"YA";"434";8;2136;0;5;"2024-08-24";"2024-09-13";7997
"05623724X0016";"56237";"ZY";"294";8;1441;5558;2;"2024-09-24";;14792
"05624024Y0072";"56240";"XD";"493";4;2703;0;2;"2024-07-09";;15254
"05624424K0010";"56244";"ZT";"140";6;5565;12387;5;"2024-08-29";"2024-09-30";82339
"05626023Y0102";"56260";"AC";"450";3;1424;0;2;"2024-03-05";;2170
"05626023Y0223";"56260";"BC";"105";3;4052;0;2;"2024-06-14";;7287
"05626024Y0014";"56260";"EM";"88";3;2210;803;5;"2024-06-14";"2024-10-15";2394
"05626024Y0048";"56260";"AZ";"161";8;2969;200;5;"2024-07-29";"2025-09-20";3711
"05626024Y0104";"56260";"CZ";"209";3;1825;1012;2;"2024-11-26";;4560
"05626124Y0011";"56261";"ZR";"240";8;1727;0;5;"2024-09-02";"2025-05-20";3162
"05703123Y0001";"57031";"22";"112";3;1400;0;2;"2024-05-16";;4815
"05703124Y0001";"57031";"21";"75";3;1865;0;5;"2024-09-26";"2025-04-22";4926
"05703923Y0018";"57039";"13";"111";8;2083;0;2;"2024-03-12";;3697
"05706724E0002";"57067";"04";"179";8;1606;0;2;"2024-07-04";;3156
"0571062400009";"57106";"36";"70";8;1845;0;2;"2024-08-14";;3352
"05711924V0003";"57119";"06";"82";4;1140;495;2;"2024-07-29";;4217
"05716024S0008";"57160";"16";"162";8;25776;0;2;"2024-10-30";;79430
"05719323M0008";"57193";"03";"307";8;2242;3113;2;"2024-04-25";;14785
"05720624V0028";"57206";"17";"291";6;1230;1036;5;"2024-08-06";"2025-03-10";7609
"05724024V0002";"57240";"19";"1464";4;1167;0;2;"2024-06-07";;5706
"05731624S0007";"57316";"13";"395P";8;15911;0;2;"2024-12-19";;45240
"05734323E0007";"57343";"09";"324";8;37130;0;2;"2024-03-05";;0
"05739223M0004";"57392";"7";"285";4;1576;0;2;"2024-01-11";;12002
"05746323X0098";"57463";"BN";"85";4;4654;3000;5;"2024-04-25";"2024-09-23";6558
"05746323X0128";"57463";"HO";"24";8;2854;3093;5;"2024-08-22";"2025-04-07";10010
"05746324X0024";"57463";"BP";"68";8;1173;1543;5;"2024-08-20";"2025-06-01";6375
"05746324X0080";"57463";"BK";"408";4;1019;308;2;"2024-12-06";;2281
"05748223M0008";"57482";"13";"444";4;1895;2733;2;"2024-01-04";;14346
"05755623S0009";"57556";"20";;4;1626;1902;2;"2024-01-16";;0
"05756823S0004";"57568";"07";"232";6;5945;7680;5;"2024-02-01";"2024-06-25";26995
"05758924B0009";"57589";"48";"187";6;5198;0;5;"2024-11-05";"2025-01-13";17471
"05760623S0037";"57606";"48";"222";6;8009;34275;2;"2024-03-28";;301458
"05760624S0012";"57606";"39";"1";3;1866;520;2;"2024-09-01";;2506
"05762824S0004";"57628";"26";"211";8;3297;5918;5;"2024-05-30";"2024-12-02";12085
"05763123S0038";"57631";"68";"138";6;1480;1380;5;"2024-01-03";"2025-10-26";6355
"05766623E0028";"57666";"08";"640";3;2400;0;5;"2024-03-22";"2025-06-04";80000
"05767223E0139";"57672";"BX";"40";6;8853;0;5;"2024-07-18";"2025-09-15";16377
"05768323V0006";"57683";"01";"8";8;6759;0;2;"2024-05-21";;211926
"05768323V0008";"57683";"01";"6";8;49608;0;2;"2024-05-28";;217859
"05775124Y0027";"57751";"26";"10";8;8400;0;5;"2024-11-06";"2025-07-07";50362
"05775724E0019";"57757";"45";"49";3;3237;0;5;"2024-10-10";"2025-04-15";0
"05812124N0003";"58121";"ZH";"238";6;2345;5706;2;"2024-04-02";;118646
"05812124N0010";"58121";"AY";"5";8;1050;62475;5;"2024-09-27";"2024-09-27";524824
"05813424A0011";"58134";;;8;1143;0;2;"2024-12-12";;0
"05815224N0004";"58152";"0C";"602";6;1455;1221;5;"2024-05-21";"2024-07-08";12189
"05818223A0005";"58182";"AS";"61";4;1407;0;2;"2024-07-31";;6268
"05819424N0034";"58194";"CM";"470";4;1440;1592;5;"2024-12-02";"2025-06-11";7824
"05900923O0054";"59009";"LE";"187";3;13828;4236;2;"2024-09-24";;12178
"05900923O0081";"59009";"NW";"75";3;12500;0;5;"2024-01-23";"2025-10-30";8501
"05900923O0082";"59009";"LT";"226";3;12777;0;5;"2024-02-29";"2025-03-27";7894
"05900923O0095";"59009";"ME";"8";8;4599;6331;5;"2024-03-05";"2024-09-09";14529
"05901424A0005";"59014";"AE";"292";3;1756;0;2;"2024-10-24";;2819
"05904324O0027";"59043";"AP";"5";8;5930;0;5;"2024-11-26";"2025-04-18";16014
"05905324Z0003";"59053";"ZA";"128";6;2014;7775;2;"2024-12-04";;42947
"05906723A0008";"59067";"AD";"27";4;3520;0;5;"2024-06-07";"2025-04-28";7904
"05908624O0004";"59086";"ZA";"249";6;1743;0;5;"2024-09-24";"2025-01-23";29223
"05909424O0005";"59094";"AB";"10";6;483110;0;2;"2024-12-15";;238647
"05912224O0002";"59122";"AB";"57";8;1008;0;2;"2024-06-03";;24496
"0591292400006";"59129";"A";"2141";8;1015;0;2;"2024-10-01";;2399
"05913124O0005";"59131";"AD";;6;1193;4070;2;"2024-10-09";;27658
"05913124O0007";"59131";"AD";"195";8;11042;0;5;"2024-09-17";"2025-01-06";20737
"05914324S0001";"59143";"B";"1670";8;1612;0;2;"2024-04-25";;3608
"05914324S0013";"59143";"B";"3022";8;2212;2077;5;"2024-12-20";"2025-08-25";4494
"05915223O0020";"59152";"AX";"30";8;3137;3043;2;"2024-02-05";;22939
"05915224O0017";"59152";"AX";"48";4;1110;0;5;"2024-08-27";"2025-01-06";4438
"05915524O0004";"59155";;;6;19233;17932;2;"2024-12-06";;68638
"05916324O0021";"59163";"AO";"573";3;6813;0;5;"2024-09-27";"2025-01-06";0
"0591782300052";"59178";"BP";"516";8;1851;0;5;"2024-04-24";"2025-07-28";4000
"0591832300070";"59183";"AH";"136";6;8555;0;2;"2024-07-29";;336849
"0591832300084";"59183";"AT";"154";6;1026;0;5;"2024-03-19";"2024-09-13";10315
"0591832300102";"59183";"AP";"197";3;7349;550;5;"2024-07-22";"2025-12-23";1765
"05918324O0061";"59183";"AR";"192";3;2784;84570;5;"2024-10-23";"2025-04-18";112360
"05918324O0064";"59183";"AH";"313";3;2776;0;2;"2024-11-07";;1316
"05919624S0005";"59196";"A";"929";4;1041;3780;2;"2024-10-14";;4912
"0591972400006";"59197";"ZI";"153";8;1317;0;2;"2024-12-13";;6103
"05920624O0004";"59206";"ZA";"79";6;3849;0;2;"2024-11-18";;49080
"05922024O0009";"59220";"ZA";"197";4;6579;6318;2;"2024-09-06";;29204
"05923024O0001";"59230";"AD";"313";3;1178;0;2;"2024-03-05";;2354
"0592492400007";"59249";"A";"754";8;2053;0;2;"2024-10-25";;3335
"05925623F0024";"59256";"AC";"53";8;3543;12761;2;"2024-04-02";;36662
"05925624F0010";"59256";"ZI";"276";6;3529;2440;2;"2024-10-22";;5001
"0592582400006";"59258";"ZH";"250";6;1684;0;5;"2024-06-19";"2024-08-29";3555
"05926323O0004";"59263";"ZC";"108";8;1272;0;2;"2024-01-08";;7039
"05926823J0010";"59268";"B";"1983";8;1325;7510;5;"2024-01-22";"2024-11-04";19765
"0592712300027";"59271";"AI";"190";3;1323;0;2;"2024-03-12";;63909
"0592712400005";"59271";"AI";"321";8;1002;1316;5;"2024-09-27";"2024-12-09";8984
"05927323O0025";"59273";"A";"2810";6;3949;21403;5;"2024-02-19";"2025-06-16";0
"05927324O0024";"59273";"AY";"233";6;2566;0;2;"2024-10-02";;6882
"05927924O0015";"59279";"AD";"215";3;1260;0;2;"2024-12-02";;4958
"05928223O0002";"59282";"ZA";"183";6;2535;1079;5;"2024-04-23";"2024-08-01";24144
"05932924O0008";"59329";"A";"1014";6;2530;167233;2;"2024-07-23";;373518
"05933824A0002";"59338";"ZA";"41";8;1710;0;2;"2024-08-27";;3967
"05934324L0010";"59343";"AC";"89";4;2862;262;5;"2024-10-11";"2025-10-01";11342
"05935023O0187";"59350";"HN";"146";8;1328;2415;2;"2024-03-12";;3064
"05935024O0011";"59350";"C";"6378";4;1089;1097;5;"2024-07-19";"2024-09-16";18530
"05935024O0107";"59350";"ER";"417";4;1735;1607;5;"2024-09-24";"2025-03-03";54
"05935024O0157";"59350";"B";"6422";8;6099;0;5;"2024-11-25";"2025-03-24";28611
"05935024O0171";"59350";"CK";"179";4;8293;8293;2;"2024-12-20";;12371
"05935224E0001";"59352";"AA";"85";6;3498;0;5;"2024-09-20";"2024-11-15";4331
"05935922A0016";"59359";"BA";"92";8;91187;0;2;"2024-05-16";;174091
"0593592300012";"59359";"BH";"135";8;19609;0;2;"2024-01-31";;55739
"0593592300020";"59359";"AB";"53";8;6159;4736;5;"2024-05-13";"2024-07-02";175059
"05935923A0011";"59359";"BA";"6";8;80118;0;2;"2024-01-31";;100804
"05935924O0012";"59359";"AA";"16";3;1499;0;2;"2024-12-05";;5437606
"05936524K0007";"59365";"B";"755";8;1670;0;2;"2024-11-28";;98236
"05936724V0010";"59367";"AO";"249";8;6850;7528;5;"2024-12-17";"2025-01-27";30866
"05936824O0004";"59368";"AB";"749";4;2057;0;5;"2024-07-30";"2025-04-01";2777
"05937823O0074";"59378";"BE";"499";3;2781;6913;5;"2024-03-06";"2025-05-02";11958
"05937824O0023";"59378";"BR";"847";3;2464;2181;5;"2024-07-12";"2025-04-25";3529
"05937824O0038";"59378";"BL";"97";6;4459;78328;5;"2024-10-01";"2025-04-21";212935
"0593802300002";"59380";"AH";;6;2669;5275;5;"2024-08-22";"2024-09-19";177258
"05940023J0037";"59400";"B";"1008";6;2000;34294;2;"2024-01-11";;125496
"0594142000002";"59414";"A";"3634";4;1677;0;2;"2024-09-30";;9500
"05943724L0001";"59437";"A";"1817";3;2585;4657;2;"2024-05-06";;74873
"05943724L0004";"59437";"A";"1817";6;9705;0;2;"2024-10-17";;74873
"05944724A0004";"59447";"ZI";"237";6;26705;0;5;"2024-06-05";"2025-06-23";101492
"05945723S0023";"59457";"AK";"588";6;1123;4222;2;"2024-06-13";;17989
"05945923A0016";"59459";"AC";"658";4;3381;6097;2;"2024-02-23";;33272
"0594622400005";"59462";"A";"1122";6;1866;7612;5;"2024-06-21";"2024-08-12";28159
"0594622400007";"59462";"A";"1122";6;1769;7764;2;"2024-08-16";;33333
"0594662400011";"59466";"AA";"3";4;1152;20;2;"2024-12-17";;4750
"05947523A0008";"59475";"A";"2310";8;1599;1155;2;"2024-01-25";;9260
"05947523A0015";"59475";"A";"2353";4;1872;0;5;"2024-03-21";"2025-09-08";4784
"05948118Z0004";"59481";"AA";"59";4;1920;1054;5;"2024-01-22";"2025-04-24";9933
"05948624O0005";"59486";"A";"1137";4;1406;1104;2;"2024-12-18";;7059
"05949124C0017";"59491";"AW";"312";6;3756;0;2;"2024-10-24";;8683
"05950824A0005";"59508";"AO";"206";4;1631;0;5;"2024-10-28";"2025-03-25";4495
"05950824A0015";"59508";"AC";"238";3;1880;0;5;"2024-12-20";"2025-04-14";5226
"05950924O0004";"59509";"B";"2288";4;2910;0;5;"2024-08-05";"2025-04-07";0
"05951123C0012";"59511";"A";"1101";4;2900;1771;2;"2024-03-14";;8833
"05951524A0002";"59515";"04";"1932";8;1724;0;2;"2024-09-10";;3830
"05951723O0003";"59517";"0B";"733";6;4522;20064;2;"2024-04-08";;95840
"05952324L0004";"59523";"ZI";"276";6;3529;2440;2;"2024-10-22";;5001
"05952623E0033";"59526";"BV";"229";6;1474;0;5;"2024-03-25";"2025-01-16";4223
"05953224A0001";"59532";"AB";"2";6;1526;1079;2;"2024-12-04";;443079
"05954424O0015";"59544";"AI";"290";6;1100;0;5;"2024-09-30";"2024-10-28";189244
"05955724A0003";"59557";"AA";"3";6;1150;6210;2;"2024-04-05";;17169
"05956024S0008";"59560";"AB";"6";6;5393;0;2;"2024-10-18";;34657
"05956024S0009";"59560";"AB";"6";6;1833;0;2;"2024-10-18";;34657
"05956624C0004";"59566";"AI";"161";6;3262;13236;2;"2024-09-18";;42893
"05957424O0003";"59574";"0B";"2369";6;1513;0;5;"2024-05-21";"2024-11-18";23145
"05957824O0001";"59578";"C";"2115";4;1548;554;5;"2024-09-19";"2025-03-01";5846
"05958123O0013";"59581";"YP";"46";3;4317;6517;5;"2024-01-23";"2024-03-25";20914
"05959824V0008";"59598";"AO";"249";8;6850;7528;5;"2024-12-17";"2025-01-27";30866
"05960924L0001";"59609";"ZA";"197";4;6547;6318;5;"2024-09-16";"2025-06-18";22304
"05963423O0008";"59634";"ZD";"331";3;1015;961;2;"2024-04-12";;87063
"05964624O0020";"59646";;;3;6813;0;5;"2024-09-27";"2025-01-06";0
"05964624O0023";"59646";"BE";"334";8;2075;0;5;"2024-10-09";"2025-06-15";16156
"05964724A0002";"59647";"B";"1631";4;1542;916;2;"2024-08-30";;6209
"05966024V0002";"59660";"ZB";"208";8;7267;0;2;"2024-10-17";;15777
"06000924T0001";"60009";"ZC";"436";8;1353;0;5;"2024-12-10";"2025-02-10";22082
"06001024T0004";"60010";;;8;1516;4566;2;"2024-04-29";;26273
"06003424T0007";"60034";"ZE";"275";6;17573;0;5;"2024-11-15";"2025-02-04";75017
"06005723T0043";"60057";"BV";"28";4;1530;14264;5;"2024-02-27";"2025-01-13";105875
"06005723T0054";"60057";"ZD";"236";6;2037;0;2;"2024-02-07";;9929
"06005724T0039";"60057";"AQ";"153";8;1040;0;2;"2024-10-03";;21100
"06008224T0002";"60082";"ZN";"62";6;1142;10699;5;"2024-07-08";"2024-10-07";59616
"06013924T0012";"60139";"AL";"8";6;2737;0;2;"2024-07-08";;105917
"06017524T0005";"60175";"AB";"270";8;9818;11427;5;"2024-07-23";"2025-01-06";23175
"06021822T0006";"60218";"AD";"1";8;22890;0;2;"2024-07-19";;69859
"06023423T0003";"60234";"ZB";"248";4;1920;0;2;"2024-01-02";;11079
"06034224T0017";"60342";"AA";"28";8;1087;0;2;"2024-09-24";;4987
"06036923T0013";"60369";"ZN";"79";6;5325;0;2;"2024-04-04";;39813
"06038223T0010";"60382";"AE";"164";3;4960;0;2;"2024-01-26";;7884
"06038224T0006";"60382";"ZH";"143";4;1440;0;5;"2024-09-17";"2025-04-21";2000
"06038224T0008";"60382";"ZH";"143";4;1387;0;5;"2024-09-24";"2025-06-25";21525
"06039522T0026";"60395";"ZP";"93";8;143773;0;2;"2024-07-19";;38668
"06039823T0011";"60398";"ZD";"72";8;2363;266;5;"2024-04-29";"2024-11-04";29751
"06040224T0004";"60402";"ZD";"413";6;2172;4586;2;"2024-08-21";;292947
"06045023T0019";"60450";"X";"365";8;4412;0;2;"2024-06-11";;9785
"06045024T0006";"60450";"AI";"2";6;1278;1203;5;"2024-05-14";"2024-09-16";24871
"06047123T0021";"60471";"ZC";"276";8;4730;0;2;"2024-04-25";;10000
"06050923T0018";"60509";"AD";"373";6;16509;1072;2;"2024-04-17";;93026
"06056223T0010";"60562";"ZI";"347";8;1083;0;5;"2024-02-21";"2024-10-14";2512
"06056224T0003";"60562";"ZI";"344";6;1411;0;2;"2024-09-02";;2863
"06056224T0004";"60562";"ZI";"350";6;2758;0;2;"2024-09-02";;5909
"06058123T0008";"60581";"AE";"423";4;7507;16741;2;"2024-04-23";;74769
"06061922T0001";"60619";"Z";"272";8;35279;3897;2;"2024-09-26";;140984
"06064424T0010";"60644";"G";"5";4;5006;14266;2;"2024-12-10";;106689
"06068423T0007";"60684";"AH";"307";6;7505;0;2;"2024-02-01";;0
"06068423T0008";"60684";;;6;3851;0;2;"2024-06-26";;0
"06100124A0013";"61001";"CH";"208";3;1505;0;5;"2024-07-09";"2024-10-02";2919
"06100623V0035";"61006";"AA";"46";4;1907;0;2;"2024-02-13";;15325
"06112924P0005";"61129";"ZI";"108";8;1499;0;2;"2024-12-20";;0
"06114524D0010";"61145";"CP";"27";6;2295;0;2;"2024-09-10";;39359
"06116824F0007";"61168";"AH";"225";6;4063;7782;2;"2024-05-23";;27607
"06129323P0016";"61293";"AO";"453";4;2261;1217;5;"2024-03-29";"2025-05-19";7340
"06144024P0001";"61440";"H";"219";8;1011;0;2;"2024-08-20";;3793
"06146624F0006";"61466";"ZA";"60";4;1654;2706;2;"2024-09-06";;11535
"0620142300026";"62014";"ZY";"347";6;3473;0;2;"2024-01-15";;22117
"0620192400009";"62019";"ZB";"261";8;5687;0;2;"2024-11-19";;38169
"0620402300024";"62040";"E";"960";6;1292;918;2;"2024-01-29";;12984
"0620402300037";"62040";"G";"937";4;1652;2382;5;"2024-02-26";"2024-06-03";26130
"0620402400002";"62040";"ZD";"90";8;8971;38255;2;"2024-02-26";;118000
"0620422300005";"62042";"ZB";"278";6;4398;23281;5;"2024-09-26";"2025-05-19";59106
"0620482400003";"62048";"AT";"1642";4;1202;0;5;"2024-06-12";"2025-01-02";0
"0620482400004";"62048";;;4;5374;0;5;"2024-05-23";"2024-10-28";23185
"0620512400006";"62051";"AS";"243";6;1529;0;5;"2024-11-14";"2025-02-03";13253
"0620572300024";"62057";"AS";"3";6;1440;5533;2;"2024-06-11";;22619
"0620652400011";"62065";"BM";"170";6;1234;436;5;"2024-10-17";"2025-09-01";12371
"0620802400002";"62080";"ZD";"160";8;3312;2000;5;"2024-05-21";"2024-12-02";23023
"0620802400012";"62080";"ZC";"178";8;1264;0;5;"2024-11-07";"2025-02-15";4517
"0621072300002";"62107";;;8;2834;9057;5;"2024-04-17";"2025-10-09";58276
"0621262300033";"62126";"AZ";"266";4;2774;0;2;"2024-05-14";;49175
"0621262400007";"62126";"BC";"776";4;2250;1481;2;"2024-12-04";;15882
"0621322400004";"62132";"AO";"344";6;3240;33008;2;"2024-05-14";;83962
"0621322400016";"62132";"AE";"491";8;1675;0;2;"2024-09-25";;4890
"0621782400006";"62178";"AB";"610";4;1505;982;2;"2024-09-25";;3407
"0621862300031";"62186";"AN";"330";3;4500;0;2;"2024-03-25";;10635
"0621862300035";"62186";"AO";"157";4;1599;0;5;"2024-05-06";"2025-05-01";8174
"0621862400015";"62186";"AO";"36";4;2668;0;2;"2024-10-24";;7990
"0621932200056";"62193";"CM";"290";8;84235;0;2;"2024-07-22";;205168
"0621932300100";"62193";"BY";"35";6;8570;0;2;"2024-03-15";;9769
"0621932300105";"62193";"CN";"142";8;30692;0;2;"2024-04-09";;84464
"0621932400027";"62193";"AE";"3";6;1975;90706;2;"2024-07-24";;169480
"0621932400054";"62193";"BY";"535";4;2400;0;2;"2024-12-18";;8017
"0622052300024";"62205";"AC";"408";6;2021;0;2;"2024-05-06";;10000
"0622052400008";"62205";"AC";"407";4;3933;10617;2;"2024-09-03";;71057
"0622492400005";"62249";"ZE";"122";8;4514;0;5;"2024-09-24";"2025-02-13";0
"0622702400004";"62270";"AG";"505";8;1737;0;5;"2024-12-13";"2025-04-22";52166
"0622742400004";"62274";"ZB";"631";8;14831;0;2;"2024-07-23";;0
"0622762300034";"62276";"AD";"676";3;3323;0;2;"2024-03-21";;13271
"0622762400002";"62276";"AD";"753";8;4993;0;2;"2024-06-07";;10410
"0622762400003";"62276";"AC";"722";6;26713;0;2;"2024-08-12";;64090
"0622762400009";"62276";"AD";"631";6;2027;2438;5;"2024-10-02";"2025-01-20";20000
"0622882300004";"62288";"ZC";"95";4;2492;0;5;"2024-02-27";"2024-09-30";14960
"0622882400009";"62288";"ZC";"188";4;2055;0;5;"2024-09-19";"2025-01-16";6848
"0623182400005";"62318";"AR";"945";8;1285;0;5;"2024-06-03";"2025-01-15";1313
"0624132400005";"62413";"AR";"608";3;1243;0;5;"2024-06-12";"2025-07-02";37237
"0624132400020";"62413";"AP";"993";6;8520;52272;5;"2024-09-26";"2024-09-30";162117
"0624272300044";"62427";"AS";"347";4;1419;0;2;"2024-04-16";;10455
"0624562300002";"62456";"AH";"225";6;16545;0;2;"2024-03-11";;45021
"06250423L0008";"62504";"ZD";"204";6;1711;0;2;"2024-01-30";;5726
"0625052300003";"62505";"AK";"307";4;1208;0;2;"2024-03-21";;3748
"0625102300060";"62510";"AW";"175";6;1424;2811;5;"2024-03-21";"2024-06-10";12129
"0625102400018";"62510";"BC";"404";3;3395;0;2;"2024-09-30";;6545
"0625482300020";"62548";"CI";"17";8;24778;0;2;"2024-03-06";;60737
"0625482300029";"62548";"CI";"259";6;4094;0;2;"2024-02-26";;43188
"0625482400015";"62548";"CI";"17";8;5481;0;2;"2024-10-30";;15854
"0625592300005";"62559";"ZM";"28";4;1563;252;5;"2024-01-09";"2024-09-30";7289
"0625712400007";"62571";"BD";"3";4;1411;0;2;"2024-09-03";;9373
"0626282300008";"62628";"AM";"704";6;7500;11289;5;"2024-03-06";"2025-07-07";57536
"0626432300017";"62643";"XI";"4";8;2729;906;5;"2024-02-01";"2024-12-30";4066
"0626882400001";"62688";"AO";"117 P";4;1140;0;2;"2024-04-29";;0
"0627082300002";"62708";"ZC";"132";8;34671;0;2;"2024-06-18";;82582
"0627272300004";"62727";"AI";"201";6;2345;0;2;"2024-03-04";;20506
"0627532300012";"62753";"AR";"47";4;2588;1277;5;"2024-06-26";"2026-01-12";8043
"0627532300014";"62753";"AS";"123";8;1400;0;2;"2024-02-23";;3892
"0627532300016";"62753";;;6;3520;3313;5;"2024-09-24";"2025-05-19";82699
"0627532300018";"62753";"AS";"132";3;7280;0;5;"2024-03-19";"2024-09-18";11515
"0627532400008";"62753";"ZB";"417";6;2200;0;5;"2024-12-05";"2025-03-10";8000
"0627532400010";"62753";"ZB";"417";8;6099;0;5;"2024-10-18";"2025-04-04";11831
"0627672400003";"62767";"AR";"29";6;7168;38975;2;"2024-06-04";;244813
"0628102400004";"62810";"ZO";"622";8;1164;0;5;"2024-06-04";"2025-01-06";3500
"0628202400004";"62820";"ZH";"111";8;3998;0;2;"2024-10-22";;10420
"0628422300009";"62842";"AO";"140";8;8834;0;5;"2024-05-02";"2024-11-04";131606
"0628422400004";"62842";"AM";"258";4;1430;4164;5;"2024-08-13";"2024-10-14";22087
"0628632300010";"62863";"AD";"138";6;1161;3927;5;"2024-02-19";"2024-10-02";30000
"0630012300018";"63001";"ZI";"202B";8;1345;0;2;"2024-01-05";;4500
"06301424G0019";"63014";"BK";"107";3;1980;3803;2;"2024-12-15";;13333
"06301924G0009";"63019";"ZB";"54";8;1185;0;2;"2024-10-24";;3005
"06303824V0020";"63038";"AC";"493";4;1330;0;2;"2024-11-05";;0
"06303924A0001";"63039";"ZC";"60";8;1328;0;2;"2024-02-12";;58164
"06305023V0018";"63050";"AW";"512";4;1450;0;5;"2024-01-26";"2025-07-01";14397
"06305023V0020";"63050";"AW";"513";4;1412;0;5;"2024-03-08";"2024-09-13";8379
"06306923G0003";"63069";"AD";"12";4;6615;5256;2;"2024-03-08";;23370
"06309323C0006";"63093";"YK";"297";6;2441;0;5;"2024-01-20";"2024-05-16";7397
"06309924G0001";"63099";"AE";"1563";8;1785;0;2;"2024-04-15";;3918
"06311323G0214";"63113";"AY";"538";3;1230;7470;5;"2024-04-09";"2024-07-02";19487
"06311324G0111";"63113";"DY";"583";3;1628;1633;2;"2024-12-02";;6165
"06311324G0144";"63113";"CL";"130";3;2280;3156;5;"2024-10-28";"2025-02-03";3300
"06311324G0006";"63113";"BP";"112";6;12990;6510;5;"2024-11-19";"2025-07-01";42784
"06311623C0009";"63116";"ZO";"312";8;2429;0;2;"2024-03-14";;11568
"06311624C0009";"63116";"YB";"44";8;3600;0;5;"2024-10-02";"2025-01-17";55222
"06312423G0037";"63124";"CA";"45";8;12533;10865;5;"2024-01-22";"2024-10-01";32423
"06313924A0002";"63139";"AN";"321";6;3066;4095;2;"2024-06-20";;0
"06314824R0001";"63148";"YA";"72";8;11147;0;5;"2024-07-11";"2025-01-06";70008
"06316423G0025";"63164";"ZK";"490";8;1410;795;5;"2024-01-17";"2024-10-15";12601
"06317824V0005";"63178";"BE";"652";6;3147;247597;5;"2024-05-20";"2024-07-20";811279
"06317824V0010";"63178";"ZK";"102";6;1629;4313;2;"2024-05-14";;20242
"06317824V0017";"63178";"AZ";"366";8;1274;0;2;"2024-05-21";;1754
"06319323G0028";"63193";"AI";"365";8;1041;0;5;"2024-02-06";"2024-09-30";4433
"06319324G0012";"63193";"AE";"177";8;1298;0;2;"2024-07-09";;3636
"06319524L0018";"63195";"ZT";"372";8;1405;0;5;"2024-07-12";"2024-07-18";3197
"06319524L0033";"63195";"0B";"1873";6;1502;0;2;"2024-12-03";;22655
"06322424R0001";"63224";"AB";"1";6;6000;1088;5;"2024-04-12";"2024-05-21";1877630
"06322424R0002";"63224";"AB";"1";6;3300;1088;5;"2024-04-12";"2024-05-21";1877630
"06326524L0013";"63265";"ZC";"211";6;11231;0;5;"2024-05-30";"2024-10-21";154966
"06330024R0016";"63300";"YO";"465";3;1039;0;2;"2024-11-22";;6890
"06330223G0016";"63302";"BC";"75";8;6795;0;2;"2024-02-22";;19453
"06330224G0008";"63302";"BC";"74";4;2607;0;2;"2024-09-02";;5834
"06332224R0007";"63322";"YN";"308";8;4681;0;5;"2024-07-12";"2024-08-26";16103
"06332224R0015";"63322";"YN";"306";6;4194;0;5;"2024-12-17";"2025-03-03";10926
"06334624V0005";"63346";"ZT";"21";8;1410;0;2;"2024-07-29";;3336
"0634262300016";"63426";"ZH";"12";6;1458;0;2;"2024-03-09";;18526
"06343023T0030";"63430";"BE";"349";3;2664;0;2;"2024-03-26";;1976
"06343024T0012";"63430";"YL";"258";3;1542;0;2;"2024-08-27";;5614
"06343024T0013";"63430";"YA";"706";6;1360;1985;5;"2024-05-16";"2024-05-20";8449
"06345323G0016";"63453";"ZE";"84";8;1855;0;2;"2024-02-09";;6681
"06401024B0003";"64010";"C";"773P";6;1584;0;2;"2024-07-23";;0
"06402423B0195";"64024";"CY";"770";3;1289;0;5;"2024-01-11";"2024-12-02";0
"06402424B0091";"64024";"CY";"787";6;1046;0;2;"2024-08-23";;1636
"06403424B0003";"64034";"A";"914";6;1047;9144;2;"2024-11-13";;0
"06405724X1005";"64057";"OC";"951";6;1180;0;2;"2024-06-27";;0
"06405923P0017";"64059";"ZB";"133";8;2395;0;2;"2024-03-11";;10092
"06406324P0004";"64063";"0B";"461";8;1680;0;2;"2024-07-05";;5300
"06410223B0077";"64102";"CS";"242";3;7680;0;5;"2024-03-25";"2025-09-01";9559
"06410224B0028";"64102";"CP";"782";6;1812;0;2;"2024-07-30";;2015
"06410224B0031";"64102";"AC";"125";8;6709;10829;5;"2024-09-18";"2024-10-14";42978
"06410224B0035";"64102";"CP";"680";3;1503;0;2;"2024-09-09";;1966
"06410224B0050";"64102";"AN";"125";3;1208;0;5;"2024-10-08";"2025-11-24";1403
"06410224B0087";"64102";"AK";"751";8;1340;0;5;"2024-12-17";"2025-03-18";2797
"06410824X1002";"64108";"ZH";"31";8;1612;0;2;"2024-07-04";;0
"06410924N0013";"64109";"ZB";"8";4;2551;0;2;"2024-12-20";;17592
"06412223B0125";"64122";"AO";"269";3;9546;0;2;"2024-08-21";;0
"06412524B0029";"64125";"BK";"9";4;2505;1269;5;"2024-11-18";"2025-08-25";0
"06413124X1001";"64131";"0B";"443";6;2048;4215;2;"2024-05-06";;0
"06413224P0014";"64132";"AB";"295";4;3577;0;2;"2024-11-12";;0
"06422723P0015";"64227";"0B";"853";8;1096;420;2;"2024-04-10";;8980
"06426023B0026";"64260";"AH";"319";6;5179;3318;2;"2024-02-27";;0
"06426923P0019";"64269";"BM";"269";3;2086;0;5;"2024-01-12";"2025-01-10";0
"06433524P0148";"64335";"AO";"606";4;1386;0;2;"2024-07-10";;4333
"06434824P0024";"64348";"AC";"662";4;2544;0;2;"2024-08-26";;5004
"06437124L0007";"64371";"AI";"87";3;1365;0;2;"2024-09-11";;1577
"06444524P0053";"64445";"AM";"313";6;1024;0;5;"2024-09-09";"2024-11-25";0
"06453024B0004";"64530";"0A";"892";6;1433;4751;2;"2024-11-13";;23910
"0650022400004";"65002";"0E";"755";6;1080;0;2;"2024-11-08";;10328
"0650572300007";"65057";"0F";"970";6;1850;23702;2;"2024-02-27";;41334
"0650572300008";"65057";"0F";"1031";6;1864;23702;5;"2024-02-27";"2025-03-03";41330
"0652582300004";"65258";"G";"1309";6;7402;0;5;"2024-01-18";"2024-08-19";90527
"0652582400001";"65258";"F";"590";4;1721;0;2;"2024-09-02";;15645
"0652582400013";"65258";"BM";"18";8;1218;0;5;"2024-09-17";"2025-02-17";12993
"0654172400004";"65417";"AP";"410";6;3592;1236;2;"2024-07-15";;16193
"0654402400018";"65440";"AK";"150";3;1673;624;5;"2024-06-20";"2024-12-01";5471
"0654402400042";"65440";;;4;1181;0;2;"2024-10-16";;9884
"06603724F0012";"66037";"BS";"65";4;2765;2674;5;"2024-07-23";"2025-01-09";1639
"06606724H0003";"66067";"A";"1971";4;2440;0;5;"2024-04-19";"2025-03-03";1009
"06613623P0234";"66136";"CZ";"46";3;3040;1301;2;"2024-02-09";;4811
"06613623P0248";"66136";"CY";"984";6;1102;0;2;"2024-04-04";;2886
"06613624P0069";"66136";"CW";"269";8;18395;0;2;"2024-07-10";;11248
"06614124E0006";"66141";"BH";"20";8;3129;0;2;"2024-05-06";;8875
"06616423E0027";"66164";"AR";"282";6;7670;9323;2;"2024-01-29";;42500
"06616423E0029";"66164";"AM";"45";8;2092;0;2;"2024-01-16";;5025
"06616423E0031";"66164";"AR";"189";8;4630;0;2;"2024-02-06";;9800
"06616424E0088";"66164";"AR";"292";8;5959;0;2;"2024-09-30";;13616
"06619523P0016";"66195";"AB";"117";4;1096;0;5;"2024-02-27";"2024-07-04";5405
"06621324P0005";"66213";"AZ";"81";3;1068;1799;2;"2024-10-15";;4828
"06621824H0006";"66218";"B";"872";4;7182;8243;2;"2024-11-21";;62294
"06622823F0002";"66228";"AB";"4";8;1500;0;2;"2024-01-23";;7148
"06702823R0010";"67028";"AL";"2";8;2374;7485;5;"2024-01-23";"2024-09-15";46124
"06703323R0002";"67033";"17";"607";8;24483;1994;2;"2024-08-29";;118963
"06703323R0009";"67033";"17";"634";8;5246;16523;5;"2024-05-13";"2024-10-01";40816
"06703324R0009";"67033";"17";"100";3;1174;13569;2;"2024-12-02";;62428
"06704324V0007";"67043";"42";;6;2547;2956;2;"2024-10-21";;72842
"06706124R0008";"67061";"20";"249";8;9995;4102;5;"2024-04-16";"2024-07-15";36382
"06707324R0014";"67073";"11";"217";3;1512;14218;5;"2024-10-15";"2025-10-06";37662
"06710124R0005";"67101";"11";"662";6;4245;0;5;"2024-12-20";"2025-06-16";160375
"06710624R0008";"67106";"29";"340";4;2786;0;2;"2024-12-17";;26525
"06711224R0002";"67112";"46";"460";8;1230;9341;5;"2024-07-08";"2025-01-20";84450
"06711824V0006";"67118";"33";"198";8;1356;4739;5;"2024-06-12";"2024-09-09";5903
"06712424V0008";"67124";"34";"706";3;1600;0;5;"2024-08-01";"2025-08-08";2783
"06712424V0009";"67124";"34";"694";3;1734;0;5;"2024-06-11";"2025-04-02";4166
"06713023R0016";"67130";"01";"301";8;7244;11413;5;"2024-03-14";"2024-06-24";54649
"06713023R0034";"67130";"07";"687";6;4226;0;2;"2024-03-12";;8599
"06713124V0015";"67131";"40";;3;2995;0;2;"2024-08-29";;8832
"06713223R0009";"67132";"19";"167";8;1040;0;2;"2024-01-30";;5720
"06715223V0028";"67152";"25";"191";8;15798;19204;2;"2024-02-26";;30221
"06715224V0101";"67152";"33";"320";4;3680;0;2;"2024-07-18";;8804
"06716424R0003";"67164";"07";"651";6;1970;0;2;"2024-09-16";;6650
"0671802300090";"67180";"EV";"195";3;1696;0;2;"2024-01-09";;1777
"0671802300108";"67180";"NH";"31";6;4187;24259;5;"2024-03-09";"2024-07-01";247658
"0671802400015";"67180";"LS";"40";6;3600;0;2;"2024-09-22";;12893
"0671802400056";"67180";"IR";"618";6;9442;22501;5;"2024-10-16";"2026-01-22";87610
"0671802400073";"67180";"CN";"100";8;2237;100;2;"2024-11-23";;5555
"06719424R0003";"67194";"44";"28";8;8488;0;5;"2024-02-15";"2024-06-03";39808
"06720224R0005";"67202";"52";"298";3;2249;0;5;"2024-06-14";"2025-07-15";4354
"06720523R0021";"67205";"18";"1";4;1379;1024;5;"2024-02-01";"2025-05-19";98242
"06721823V0041";"67218";"37";"485";3;1700;0;5;"2024-01-05";"2024-05-01";4482
"06721824V0031";"67218";"41";"628";8;1745;4581;5;"2024-07-29";"2024-11-08";14532
"06721824V0039";"67218";"28";"46";3;1040;3276;5;"2024-09-11";"2025-04-14";7340
"06722624R0006";"67226";"34";"1417";4;1483;0;2;"2024-10-01";;6306
"06724924R0002";"67249";"7";"278";6;7521;6043;5;"2024-05-03";"2024-05-27";11228
"06725624V0012";"67256";"32";"394";4;2764;0;2;"2024-11-04";;19554
"06729224R0004";"67292";"32";"287";4;1620;2336;2;"2024-10-18";;10090
"06730123R0012";"67301";"17";"516";6;32956;53525;5;"2024-06-27";"2024-08-05";210809
"06732423R0020";"67324";"20";"316";6;1280;14777;5;"2024-02-22";"2024-11-04";77012
"06732824R0001";"67328";"03";"116";6;1063;4684;5;"2024-06-14";"2025-01-15";20082
"06734823M0030";"67348";"ZA";"92";8;4854;0;5;"2024-03-04";"2024-07-01";28298
"06734824M0011";"67348";"BV";"311";6;1132;153873;2;"2024-06-06";;547576
"06736524V0010";"67365";"20";"405";3;6077;0;5;"2024-10-08";"2025-02-18";7465
"06738923V0006";"67389";"19";"412";4;5283;1874;2;"2024-04-19";;11351
"06741124R0013";"67411";"06";"4";6;2157;0;2;"2024-08-22";;555
"06743324R0002";"67433";"03";"487";4;1591;0;5;"2024-09-27";"2025-02-10";5333
"06743324R0005";"67433";"03";"489";4;1562;0;5;"2024-09-27";"2025-03-03";3600
"06743624R0003";"67436";"01";"4";8;1048;1119;2;"2024-10-07";;6610
"06746223M0043";"67462";"20";"190";8;1708;5343;2;"2024-03-19";;23003
"06746224M0020";"67462";"12";"124";3;1028;780;5;"2024-11-26";"2025-02-07";3355
"06746224M0025";"67462";"24";"146";8;1200;4858;2;"2024-10-09";;13740
"06747123V0018";"67471";"13";"287";8;3205;306;2;"2024-04-04";;4932
"06748223V0225";"67482";"LR";"2";3;8078;8099;2;"2024-05-13";;7265
"06748223V0280";"67482";"DH";"203";3;5317;0;2;"2024-07-10";;1935
"06748224V0100";"67482";"EP";"123";3;1400;0;5;"2024-09-03";"2024-09-09";101494
"06748224V0152";"67482";"KB";"264";8;13541;34850;2;"2024-11-22";;91590
"06749523R0028";"67495";"01";"14";8;1044;1212;5;"2024-03-11";"2024-11-18";4553
"06750424R0010";"67504";"08";"230";4;1260;180;2;"2024-12-28";;1274
"06752024R0007";"67520";"58";"822";4;1481;0;5;"2024-09-30";"2025-04-22";85045
"06801223O0009";"68012";"28";"264";6;3866;4886;5;"2024-05-29";"2024-09-02";31046
"06801224O0006";"68012";"27";"42";8;4190;0;2;"2024-12-30";;28663
"06802023D0006";"68020";"34";"271";6;1846;0;2;"2024-02-26";;4271
"06802024D0004";"68020";"44";"259";6;4169;0;2;"2024-09-20";;20000
"06802124F0004";"68021";"B";"375";8;6858;10750;2;"2024-08-12";;32447
"06802623C0011";"68026";"14";"602";8;4056;0;2;"2024-01-25";;7466
"06804224F0001";"68042";"31";"438";6;48500;0;2;"2024-09-23";;0
"0680632300058";"68063";"81";"34";8;15541;0;2;"2024-04-18";;35674
"06806623R0115";"68066";"DS";"30";4;2197;0;2;"2024-04-25";;15457
"06806623R0163";"68066";"IB";"349";4;2426;0;2;"2024-06-13";;9232
"06806623R0164";"68066";"IB";"349";4;2071;0;2;"2024-06-13";;9232
"06806624R0018";"68066";"IB";"411";8;2395;9702;2;"2024-05-30";;42959
"06806624R0037";"68066";"LD";"361";4;2690;2646;5;"2024-11-14";"2025-11-03";12120
"06806624R0073";"68066";"HO";"277";3;2142;0;5;"2024-10-07";"2025-01-13";17610
"06808223B0028";"68082";"20";"2";4;1441;1870;5;"2024-01-15";"2024-09-23";10712
"06808723E0007";"68087";"02";"136";6;1753;699;2;"2024-03-28";;14707
"06811323C0015";"68113";"23";"80";8;1318;327;2;"2024-02-15";;5006
"06811823D0016";"68118";"14";"18";3;2603;0;2;"2024-02-12";;3861
"06813423B0008";"68134";"62";"244";8;4849;0;2;"2024-05-31";;7000
"06813423R0008";"68134";"62";"243";8;4848;0;2;"2024-05-31";;16280
"06813524F0002";"68135";;;3;4626;48437;5;"2024-05-15";"2024-05-16";120244
"06813524F0011";"68135";"23";"10";6;16931;42948;5;"2024-12-10";"2025-02-03";98935
"06814523R0031";"68145";"26";"5";4;1540;0;2;"2024-05-02";;6293
"06814923F0012";"68149";"07";"29";6;3308;8418;2;"2024-01-26";;29721
"06814924F0001";"68149";"09";"96";8;41670;24;5;"2024-10-28";"2026-01-28";88169
"06814924F0006";"68149";"12";"55";6;9178;0;2;"2024-10-04";;17248
"06819523D0029";"68195";"37";"375";4;1485;0;2;"2024-03-26";;34161
"06822424S0001";"68224";"IM";"176";8;1696;85228;5;"2024-08-07";"2024-11-08";53432
"06822424S0008";"68224";"KW";"134";6;2893;6392;2;"2024-10-02";;255142
"06822424S0014";"68224";"LP";"25";8;1757;4231;2;"2024-06-15";;326926
"06828724B0009";"68287";"73";"91";6;3600;0;5;"2024-09-09";"2025-02-20";13637
"06829623C0006";"68296";"23";"107";8;1834;0;2;"2024-03-15";;4495
"06833123R0008";"68331";;;8;7400;0;5;"2024-08-13";"2025-08-14";0
"06835223B0014";"68352";"20";;4;1613;0;5;"2024-02-20";"2024-09-30";6942
"06836524R0012";"68365";"03";"189";6;1074;0;5;"2024-12-16";"2025-03-17";7309
"06837624J0012";"68376";"47";"78";4;2367;0;5;"2024-09-04";"2024-10-28";75321
"0690132400008";"69013";"AD";"321";8;2022;6182;5;"2024-07-09";"2025-09-11";19988
"0690192400004";"69019";"AK";"965";3;1803;0;5;"2024-06-21";"2024-12-02";9124
"0690272400035";"69027";"BA";"2";6;1004;0;5;"2024-12-13";"2025-06-09";1325
"0690402300016";"69040";"BC";"228";3;2346;0;2;"2024-06-13";;1794
"0690522400013";"69052";"AB";"433";8;1200;0;5;"2024-07-11";"2024-11-06";2264
"0690722400009";"69072";"AW";"76";3;3100;706;5;"2024-06-26";"2024-11-04";7915
"0690812300040";"69081";"AE";"10";4;5364;55059;2;"2024-03-29";;144937
"0690812300069";"69081";"C";"497";4;6621;2105;2;"2024-05-30";;5545
"0690812400023";"69081";"AA";"35";3;10307;0;2;"2024-11-08";;15304
"0690962300023";"69096";"AS";"283";8;1106;0;2;"2024-04-04";;36621
"0691122400009";"69112";"BV";"121";3;1067;355;2;"2024-07-26";;1342
"0691122400010";"69112";"BE";"72";6;1237;1467;5;"2024-08-13";"2024-11-12";5000
"0691162300030";"69116";"I";"613";3;4382;1130;2;"2024-01-10";;2964
"0691162300040";"69116";"I";"457";3;3597;0;2;"2024-02-29";;3064
"0691162400010";"69116";"H";"1010";4;2357;0;2;"2024-08-14";;18919
"0691170900020";"69117";;;3;1470;0;2;"2024-01-17";;17385
"0691172400001";"69117";"B";"2066";3;1208;0;2;"2024-09-03";;17385
"0693822300303";"69123";"AY";"124";4;20978;14726;2;"2024-06-03";;24203
"0693832300300";"69123";"AE";"114";3;2460;3291;2;"2024-03-11";;1185
"0693832400133";"69123";"AY";"123";3;1049;15817;5;"2024-10-09";"2025-03-17";3218
"0693862300235";"69123";"BI";"334";3;1413;6769;2;"2024-03-26";;1280
"0693862300297";"69123";"AW";"57";3;4337;3290;5;"2024-06-03";"2024-09-23";1183
"0693862300298";"69123";"AW";"58";3;3110;4850;2;"2024-06-03";;1982
"0693862400006";"69123";"AB";"35";8;3216;0;2;"2024-06-10";;37413
"0693872300200";"69123";"CE";"56";6;16231;4300;5;"2024-04-19";"2024-11-04";9824
"0693872300246";"69123";"CE";"59";6;15986;3340;2;"2024-05-07";;7297
"0693872400122";"69123";"CD";"160";3;7824;1400;2;"2024-10-09";;3725
"0693882300216";"69123";"BH";"15";3;7053;2529;5;"2024-01-26";"2025-05-01";7037
"0693892300124";"69123";"BR";"61";6;4870;22709;2;"2024-02-16";;16085
"0693892300282";"69123";"AZ";"121";3;9681;2662;5;"2024-05-14";"2024-07-08";3721
"0693892400035";"69123";"AN";"106";6;1106;9768;2;"2024-07-12";;37678
"0691272300025";"69127";"AP";"55";6;1856;46123;2;"2024-03-18";;3011
"0691412400021";"69141";"AE";"383";3;1261;0;2;"2024-10-21";;6880
"0691522400002";"69152";"AI";"88";6;1845;3928;5;"2024-08-14";"2025-04-03";12481
"0691522400017";"69152";"AI";"78";4;3712;0;2;"2024-11-27";;21723
"0691572400009";"69157";"AM";"13";8;1147;27;2;"2024-10-29";;6969
"0691712400002";"69171";"0U";"2757";8;1286;0;2;"2024-08-13";;3400
"0691762400004";"69176";"AE";"173";6;6706;0;2;"2024-07-25";;24101
"0691992400009";"69199";"AL";"72";6;1950;5015;5;"2024-08-01";"2025-03-12";11503
"0692042400012";"69204";"BO";"15";3;2276;0;2;"2024-06-05";;5760
"0692062400015";"69206";"0K";"406";8;4317;7746;5;"2024-08-06";"2025-01-13";45898
"0692412300010";"69241";"0A";"3024";6;1289;0;2;"2024-02-06";;3410
"0692432400026";"69243";"AY";"226";6;2673;0;5;"2024-10-08";"2025-04-12";22762
"0692442400014";"69244";"BI";"100";3;1060;0;2;"2024-08-02";;135063
"0692482300018";"69248";"AN";"29";8;13639;0;5;"2024-03-04";"2024-06-03";41278
"0692482400004";"69248";"AN";"377";4;1074;1048;5;"2024-08-14";"2024-10-14";3003
"0692592400026";"69259";"AI";"143";6;21425;0;5;"2024-10-29";"2025-02-18";25903
"0692592400037";"69259";"AY";"10";3;1850;3026;2;"2024-11-28";;4412
"0692642400020";"69264";"AY";"199";8;1688;12674;2;"2024-10-10";;40000
"0692662300079";"69266";"BI";"7";3;15334;11700;2;"2024-01-22";;3885
"0692662400009";"69266";"BO";"4";3;2248;0;5;"2024-09-05";"2025-06-30";1249
"0692662400023";"69266";"AM";"26";6;1015;3630;2;"2024-05-24";;14849
"0692702400008";"69270";"0A";"2288";4;3420;0;5;"2024-09-23";"2025-07-01";6955
"0692732400004";"69273";"AW";"167";4;2083;31485;5;"2024-04-30";"2024-07-08";94752
"0692732400015";"69273";"AW";"232";3;1634;8458;5;"2024-06-24";"2024-09-09";26777
"0692732400016";"69273";"AT";"30";8;1559;10886;2;"2024-09-09";;21083
"0692732400020";"69273";"AT";"12";4;1158;0;2;"2024-11-08";;2978
"0692752400010";"69275";"CC";"27";6;2313;6000;2;"2024-07-03";;15485
"0692752400023";"69275";"CB";"1";6;2538;174;5;"2024-12-16";"2025-06-25";5500
"0692772400015";"69277";"BK";"33";6;4740;0;2;"2024-07-04";;10089
"0692772400018";"69277";"ZO";"103";8;2742;0;2;"2024-10-09";;6369
"0692782400012";"69278";"AO";"440";4;2743;0;2;"2024-12-11";;7329
"0692822400010";"69282";"BR";"24";3;2510;13654;2;"2024-06-10";;25890
"0692822400023";"69282";"CD";"92";6;1820;715;5;"2024-08-02";"2025-01-13";19143
"0692832300040";"69283";"AO";"80";4;1259;0;2;"2024-04-08";;5237
"0692842400015";"69284";"ZB";"417";6;5441;0;2;"2024-12-20";;4113
"0692852300022";"69285";"AW";"10";6;11260;0;2;"2024-01-29";;3779
"0692852400012";"69285";"C";"1346";6;3224;0;5;"2024-12-02";"2025-03-17";6641
"0692862400021";"69286";"BE";"139";6;4363;0;2;"2024-12-02";;7392
"0692872400010";"69287";"AL";"1";3;1030;17637;2;"2024-09-26";;72266
"0692902400024";"69290";"AE";"178";8;2090;4854;5;"2024-08-13";"2025-01-02";13443
"0692902400038";"69290";"AD";"177";6;1738;7552;5;"2024-09-23";"2024-12-09";50978
"0692902400045";"69290";"DR";"10";8;56477;43725;5;"2024-12-24";"2025-07-07";161299
"0692902400069";"69290";"AC";"134";6;9705;0;2;"2024-12-03";;87220
"0692942300011";"69294";"AO";"140";8;2392;0;2;"2024-04-08";;4037
"0692972400003";"69297";"AA";"12";6;3876;1419;2;"2024-07-19";;5146
"0692992400010";"69299";"0E";"1036";6;6850;0;5;"2024-08-26";"2025-02-03";0
"07000623E0008";"70006";"A";"1499";6;1636;7495;5;"2024-01-11";"2024-07-15";41895
"07002623O0011";"70026";"AR";"136";6;1029;0;5;"2024-01-17";"2024-01-31";17061
"07017124E0008";"70171";"C";"45";4;1495;1152;5;"2024-10-21";"2025-03-17";7182
"07020724C0003";"70207";"ZB";"75";8;3045;0;2;"2024-05-15";;386882
"07024524E0011";"70245";"OG";"823";8;1377;0;2;"2024-04-15";;8599
"07025824E0008";"70258";"B";"1326";3;1200;0;2;"2024-08-12";;10714
"07029223C0010";"70292";"ZI";"50";4;1426;0;2;"2024-02-06";;12397
"07038824C0006";"70388";"BK";"162";6;1088;5180;2;"2024-09-03";;20036
"07044724C0004";"70447";"0A";"759";6;1741;1734;2;"2024-03-25";;9630
"07105924M0001";"71059";"AK";"185";6;1617;0;5;"2024-04-29";"2024-05-13";577992
"07107623E0043";"71076";"BH";"61";6;1418;0;5;"2024-05-24";"2025-03-03";5311
"07108123E0007";"71081";"B";"159";8;40658;0;2;"2024-02-19";;262530
"07110624P0001";"71106";"A";"756";6;1010;0;5;"2024-03-24";"2024-07-15";11460
"07111824E0015";"71118";"AI";"141";3;3143;0;5;"2024-12-17";"2025-02-27";2617
"07113323P0005";"71133";"AC";"108";8;1450;0;2;"2024-01-12";;19028
"07114324E0003";"71143";"ZV";"77";6;1381;4852;2;"2024-07-04";;87726
"07115323M0022";"71153";"BE";"353";4;7427;0;5;"2024-05-21";"2024-06-06";50536
"07115324M0001";"71153";"AK";"185";6;1617;0;5;"2024-05-03";"2024-05-13";576797
"07115324M0021";"71153";"BE";"390";8;1933;764;2;"2024-09-20";;18653
"07120423E0007";"71204";"AD";"180";6;7225;0;5;"2024-04-09";"2025-09-30";14777
"07120424E0002";"71204";"AH";"108";6;4217;0;2;"2024-06-24";;11883
"07127023J0073";"71270";"AP";"237";3;1330;0;2;"2024-02-09";;3040
"07129224E0007";"71292";"H";"268";4;4617;0;5;"2024-10-01";"2025-01-06";9875
"07130623M0029";"71306";"BC";"223";4;1300;6340;2;"2024-04-08";;26875
"07137224S0001";"71372";"H";"611";4;1238;1199;2;"2024-07-09";;5011
"07138223M0004";"71382";"ZR";"261";6;2151;0;2;"2024-06-14";;24420
"07144523E0033";"71445";"Z";"499";6;2800;76250;2;"2024-03-18";;208608
"07144524E0001";"71445";"Z";"499";6;13100;78420;5;"2024-06-24";"2024-10-30";208608
"07144524E0013";"71445";"Z";"423";6;2035;4163;2;"2024-08-08";;35890
"07144524E0016";"71445";"ZA";"54";4;1052;700;2;"2024-10-21";;4048
"07144524E0021";"71445";"Z";"499";6;6710;93125;5;"2024-08-27";"2024-10-30";208608
"07144524E0023";"71445";"Z";"499";8;2300;99685;2;"2024-08-27";;208608
"07144524E0028";"71445";"Z";"499";3;3867;102915;5;"2024-10-02";"2025-11-24";208608
"07148124S0002";"71481";"A";"363";6;4148;0;2;"2024-07-31";;13292
"07151224E0007";"71512";"ZN";"339";8;4973;0;5;"2024-04-15";"2025-03-03";18944
"07151224E0013";"71512";"ZN";"378";3;4744;2182;2;"2024-10-07";;9
"07151323S0004";"71513";"ZB";"248";6;2768;0;2;"2024-02-06";;50764
"07154023M0010";"71540";"AN";"74";8;50408;0;5;"2024-05-11";"2025-11-03";256736
"07154024M0001";"71540";"AK";"185";6;1617;0;5;"2024-05-03";"2024-05-13";605514
"07154024M0007";"71540";"AO";"172";6;6827;0;2;"2024-10-08";;131894
"07155623S0009";"71556";"A";"1435";4;1649;0;5;"2024-07-09";"2025-01-01";5595
"07158524E0006";"71585";"AI";"54";6;39027;0;5;"2024-08-27";"2024-08-28";195357
"07158524E0008";"71585";"AI";"12";6;1043;0;5;"2024-09-25";"2024-11-04";7000
"07200624D0008";"72006";"ZM";"170";6;6388;0;5;"2024-11-22";"2025-07-16";50000
"07202424Z3024";"72024";"ZS";"159";6;1100;3100;2;"2024-07-31";;13603
"07205023Z0017";"72050";"ZR";"77";6;17113;0;5;"2024-04-10";"2024-09-02";139908
"07205423Z0011";"72054";"AD";"88";6;1505;16510;5;"2024-01-10";"2024-06-10";60259
"07205423Z0016";"72054";"AD";"255";6;1181;4399;2;"2024-04-30";;44289
"07208021Z0034";"72080";"0E";"32";8;75607;0;2;"2024-04-09";;337797
"07208023Z0017";"72080";"ZH";"133";8;50421;75607;2;"2024-04-09";;334008
"07208023Z0019";"72080";"ZH";"160";8;26089;0;2;"2024-03-06";;68187
"07208024Z0003";"72080";"AI";"203";4;4829;23415;2;"2024-07-26";;202323
"07212423Z0006";"72124";"AL";"65";6;5190;14989;2;"2024-04-09";;101451
"07212424Z0013";"72124";"AT";"12";4;1423;2021;2;"2024-10-04";;6615
"07215023Z0010";"72150";"ZK";;6;6925;0;5;"2024-01-16";"2024-04-08";111350
"07216723Z0003";"72167";"ZE";"11";8;31913;0;5;"2024-04-22";"2025-04-14";63322
"07216823Z0005";"72168";"ZN";"120";6;2369;18034;5;"2024-04-10";"2024-09-16";151107
"07218123Z0127";"72181";"EM";"503";4;3166;0;5;"2024-02-05";"2025-01-20";58128
"07218123Z0145";"72181";"KT";"42";6;1466;0;2;"2024-01-25";;224317
"07218123Z0169";"72181";"RV";"120";8;2551;4356;5;"2024-02-01";"2024-07-01";2213
"07221324Z0004";"72213";"AA";"129";8;4347;0;5;"2024-05-21";"2024-11-25";43475
"07221324Z0014";"72213";"AA";"408";8;3555;0;2;"2024-11-20";;15385
"07223124Z0010";"72231";"ZL";"104";8;3461;0;5;"2024-06-28";"2024-07-23";9228
"07224124Z0013";"72241";"AB";"98";4;1826;170;5;"2024-12-16";"2026-01-19";23116
"07226024Z0001";"72260";"AP";"500";8;2260;0;2;"2024-06-18";;7622
"07226224Z0006";"72262";"ZS";"225";4;2804;0;2;"2024-09-19";;5996
"07226424Z0002";"72264";"AB";"75";6;1899;2612;5;"2024-05-27";"2025-06-30";90926
"07226424Z0008";"72264";"BY";"149";8;1246;1042;5;"2024-07-30";"2025-01-20";20585
"07230024Z0002";"72300";"0B";"848";8;1461;0;2;"2024-06-20";;12876
"07232824Z0009";"72328";"AS";;8;3616;0;5;"2024-07-25";"2025-02-04";22178
"07232824Z0022";"72328";"AS";"381";8;1420;0;2;"2024-11-04";;3775
"07232924Z0016";"72329";"AN";"32";6;1119;1315;2;"2024-09-16";;3314
"07233624Z0003";"72336";"AI";"40";8;9051;2939;5;"2024-12-02";"2025-03-17";46397
"07233723Z0009";"72337";"ZN";"325";8;2429;12013;2;"2024-03-19";;88550
"07237723Z0008";"72377";"ZR";"34";6;4001;0;5;"2024-02-07";"2024-06-13";37440
"07300824C1020";"73008";"AN";"345";8;12534;0;2;"2024-10-14";;7353
"07301124D1019";"73011";"0H";"2980";3;5722;0;2;"2024-12-26";;22522
"07301824G1001";"73018";"AI";"180";6;2093;0;2;"2024-06-10";;4000
"07302923G1009";"73029";"0D";"289";3;1817;1860;2;"2024-02-01";;4018
"07303124G1001";"73031";"0B";"2269";3;3140;0;5;"2024-10-07";"2025-02-17";1243
"07305124C1004";"73051";"AH";"14";3;1740;700;5;"2024-09-23";"2025-05-12";7970
"07305124C1014";"73051";"AC";"55";3;9162;0;2;"2024-09-11";;11333
"07305323G1005";"73053";"ZN";"127";6;1970;0;2;"2024-01-23";;45519
"07305323G1009";"73053";"ZN";"34";8;3400;0;2;"2024-02-27";;161846
"07305324G1002";"73053";"ZM";"110";6;2832;0;2;"2024-07-30";;3685
"07306523G1048";"73065";"BZ";"266";3;6355;0;2;"2024-02-19";;0
"07306524G1038";"73065";"CN";"202";6;1800;5204;2;"2024-07-12";;107806
"07306524G1045";"73065";"AH";"172";3;2514;0;5;"2024-10-18";"2026-01-19";3110
"07306524G1085";"73065";"HB";"17";8;3168;0;5;"2024-12-17";"2025-06-16";4460
"07306924G1006";"73069";"ZM";"54";8;1650;0;2;"2024-09-09";;5380
"07310024N1003";"73100";"C";"1533";4;2058;0;2;"2024-10-18";;8623
"07310524N1002";"73105";"A";"1646";8;1072;0;5;"2024-03-29";"2024-12-01";3701
"07312823C1022";"73128";"AE";"86";3;5753;0;2;"2024-03-12";;6973
"07312824C1010";"73128";"AB";"18";3;9904;0;2;"2024-10-15";;16418
"07312824C1012";"73128";"AK";"58";6;3992;0;2;"2024-11-05";;7774
"07315123G1024";"73151";"AN";"35";3;1972;0;5;"2024-03-25";"2024-07-04";2158
"07315523C1014";"73155";"0A";"3616";3;6206;0;5;"2024-01-11";"2025-02-03";10290
"07317923G1011";"73179";"AP";"282";4;4516;8242;5;"2024-02-23";"2024-05-21";9704
"07317923G1019";"73179";"AD";"29";3;3221;0;2;"2024-06-13";;2431
"07322724M1034";"73227";"ZD";"633";8;1033;0;5;"2024-10-11";"2024-10-12";4576
"07324024G1006";"73240";"0A";"565";6;1601;0;5;"2024-12-10";"2025-02-14";7693
"07324024G1011";"73240";"0A";"566";6;1277;0;2;"2024-11-05";;12646
"07324124D1005";"73241";"0B";"2511";4;2871;0;2;"2024-08-13";;2297
"07324124D1006";"73241";"0B";"2426";6;4392;0;5;"2024-05-14";"2025-10-06";300748
"07324124D1012";"73241";"0B";"2426";8;4301;0;5;"2024-09-18";"2025-06-01";7676
"07327023G1007";"73270";"YA";"277";3;1260;0;2;"2024-01-24";;1386
"07329723D1003";"73297";"0B";"1532";4;1917;0;2;"2024-04-25";;4174
"07332923C1016";"73329";"AM";"26";3;1200;1357;2;"2024-02-05";;5607
"07400223X0034";"74002";"0C";"1641";8;1505;0;2;"2024-02-29";;12225
"07400523B0028";"74005";"AR";"263";8;1300;950;5;"2024-01-24";"2024-09-23";4785
"0740102300161";"74010";"AB";"31";3;2900;740;2;"2024-04-18";;2900
"0740102300162";"74010";"AM";"12";4;9241;0;5;"2024-01-10";"2024-12-16";14149
"0740102300184";"74010";"BR";"109";3;4243;0;2;"2024-06-13";;4000
"0740102400033";"74010";"BP";"16";3;12521;4460;5;"2024-07-18";"2025-07-01";28873
"0740102400113";"74010";"AE";"20";4;1433;609;2;"2024-12-05";;5122
"07401623H0015";"74016";"AV";"88";4;17612;0;2;"2024-01-23";;24722
"07401624H0009";"74016";"AX";"474";3;2848;0;2;"2024-12-24";;4072
"07402424A0008";"74024";"0D";"2117";6;1418;1420;2;"2024-09-18";;7460
"07404224A0017";"74042";"AP";"150";6;1453;1304;5;"2024-07-15";"2025-04-22";5000
"07404224A0030";"74042";"AP";"192";6;2437;3666;2;"2024-12-02";;11020
"07404324B0009";"74043";"A";"2399";4;2400;1136;5;"2024-06-25";"2025-09-22";6800
"07404324B0015";"74043";"H";"292";8;1573;0;5;"2024-07-09";"2025-02-17";18661
"07406824X0004";"74068";"ZB";"293";6;3614;8929;2;"2024-10-01";;68781
"07407724X0003";"74077";"0A";"2719";6;1862;0;2;"2024-06-11";;4400
"07407724X0004";"74077";"0A";"1630";8;1517;0;2;"2024-06-11";;7000
"07409423H0043";"74094";"E";"2154";8;1421;2567;5;"2024-01-19";"2024-02-26";10983
"07410523B0022";"74105";"C";"665";4;1736;0;2;"2024-02-08";;3227
"07410524B0013";"74105";"A";"2764";4;1162;540;5;"2024-11-13";"2025-05-26";4057
"07411224X0011";"74112";"AN";"138";4;1299;0;2;"2024-11-26";;7304
"07411623A0010";"74116";"0B";"322";8;2431;1825;2;"2024-02-07";;16163
"07412324X0013";"74123";"0C";"2959";6;16395;84845;2;"2024-08-06";;18562
"07416424A1011";"74164";"AX";"13";8;9568;0;2;"2024-08-06";;10730
"07416923C0019";"74169";"0A";"8666";3;1370;0;2;"2024-04-04";;2011
"07420823A0073";"74208";"0D";"5154";8;4564;731;2;"2024-02-20";;5280
"07421024B0008";"74210";"B";"3845";8;1366;0;2;"2024-06-20";;2521
"07421324X0020";"74213";"AZ";"267";3;4365;0;2;"2024-09-27";;5248
"07421824A0021";"74218";"AB";"1168";3;1025;0;5;"2024-07-01";"2025-04-07";2321
"07422423A0028";"74224";"BD";"131";3;1056;0;2;"2024-01-26";;1580
"07422424A0002";"74224";"BE";"17";8;1386;0;2;"2024-06-20";;2798
"07425023A0033";"74250";"AI";"157";6;2019;4387;2;"2024-03-07";;9986
"07425824C0006";"74258";"ZI";"171";6;1410;870;2;"2024-04-26";;3754
"07426923X0013";"74269";"0D";"2201";8;1034;0;2;"2024-04-05";;25190
"07428023X0029";"74280";"F";"3710";4;1303;0;5;"2024-08-08";"2025-07-01";2410
"0742812420048";"74281";"M";"103";4;3948;0;5;"2024-12-05";"2025-05-12";6154
"07428224A0013";"74282";"AR";"179";3;1236;0;2;"2024-06-11";;4005
"07429823V0024";"74298";"0B";"1644";8;2116;0;2;"2024-03-05";;21550
"07431224A0007";"74312";"0B";"1884";4;1418;650;2;"2024-08-01";;7986
"07510124V0005";"75056";"AZ";"104";8;2157;20764;2;"2024-08-15";;4400
"07510124V0020";"75056";"BC";"91";3;1060;14724;2;"2024-11-18";;3684
"07510223V0024";"75056";"AF";"90";3;1460;4419;5;"2024-04-12";"2024-08-21";868
"07510423V0022";"75056";"AE";"1";3;2691;19382;2;"2024-07-01";;4145
"07510724V0006";"75056";"CL";"83";3;1040;1992;2;"2024-11-12";;1374
"07510822V0076";"75056";"AU";"25";3;1314;15011;2;"2024-01-16";;7851
"07510823V0034";"75056";"BU";"69";3;1154;7743;5;"2024-07-08";"2024-11-18";2468
"07510823V0045";"75056";"AV";"54";4;9107;16947;5;"2024-09-16";"2025-05-16";3651
"07510823V0054";"75056";"AK";"9";3;2557;19332;5;"2024-09-16";"2026-01-05";4649
"07510923V0030";"75056";"BD";"48";4;1311;2608;2;"2024-07-15";;651
"07510923V0034";"75056";"BD";"88";3;8373;24626;5;"2024-10-15";"2025-05-05";10189
"07510923V0050";"75056";"AU";"13";3;1582;10107;5;"2024-07-05";"2025-01-02";1666
"07510923V0054";"75056";"AR";"48";8;1074;881;2;"2024-03-14";;264
"07511223V0057";"75056";"AR";"2";3;3787;2771;2;"2024-06-11";;4080
"07511323V0007";"75056";"AO";"2";3;3817;4666;2;"2024-03-22";;3798
"07511323V0026";"75056";"AJ";"11";3;9533;0;5;"2024-06-26";"2025-06-23";2981
"07511323V0046";"75056";"AB";"3";3;1589;22729;5;"2024-07-25";"2025-07-01";6949
"07511422V0006";"75056";"AE";"49";3;2593;13720;2;"2024-02-06";;4634
"07511424V0001";"75056";"AT";"10";3;1293;1148;2;"2024-11-11";;1005
"07511521V0070";"75056";"CO";"1";3;8770;57551;5;"2024-02-13";"2025-03-07";15991
"07511522V0066";"75056";"EZ";"10";3;42661;55742;2;"2024-07-12";;59726
"07511523V0046";"75056";"CM";"14";3;3211;28540;5;"2024-03-08";"2025-03-30";5883
"07511523V0063";"75056";"CS";"106";3;1071;3267;2;"2024-06-05";;6192
"07511524V0020";"75056";"FY";"4";3;5088;37658;2;"2024-10-30";;7515
"07511624V0032";"75056";;;8;8145;5446;5;"2024-11-20";"2025-03-03";0
"07602624D0006";"76026";"AE";"47";6;5244;11381;2;"2024-12-16";;45976
"07605724C0007";"76057";"BD";"76";8;20038;0;5;"2024-08-22";"2025-01-06";60751
"07606923M0015";"76069";"AH";"32";8;1742;0;5;"2024-04-18";"2025-03-25";10004
"07610824O0009";"76108";"AE";"12";3;5804;0;5;"2024-09-05";"2025-11-24";0
"07611423L0015";"76114";"ZD";"92";8;17309;0;5;"2024-01-31";"2024-06-25";29851
"07611423L0021";"76114";"ZD";"48";8;21482;0;2;"2024-05-29";;44003
"07611424L0005";"76114";"AE";"190";6;1111;2496;2;"2024-04-10";;25825
"07612624B0003";"76126";"ZK";"27";4;1185;995;2;"2024-10-19";;0
"07612624B0004";"76126";"00";;4;1139;615;5;"2024-10-19";"2024-10-22";0
"07617823M0009";"76178";"BA";"5";8;34739;0;5;"2024-09-13";"2025-02-17";0
"0762172400015";"76217";"AI";"644";8;11900;0;5;"2024-07-09";"2025-10-27";36187
"0762172400044";"76217";"AK";"246";8;2114;0;2;"2024-11-04";;0
"07624524B0001";"76245";"ZI";"84";8;15831;0;2;"2024-05-30";;93408
"07625823L0016";"76258";"AC";"131";6;1061;908;2;"2024-01-22";;5919
"07631924O0109";"76319";"AT";"1070";8;1009;0;5;"2024-08-20";"2025-04-20";10551
"07631924O0153";"76319";"AT";"573";8;1715;3630;5;"2024-12-10";"2025-03-16";13439
"07632124B0005";"76321";"AD";"185";6;3823;10282;2;"2024-06-15";;61412
"07635124H0053";"76351";"OB";"852";4;1190;0;5;"2024-09-04";"2025-02-10";2750
"07635124H0105";"76351";"OB";"858";4;1185;0;5;"2024-10-23";"2025-03-02";3612
"07640023D0017";"76400";"AD";"299";6;13763;0;5;"2024-04-23";"2025-10-06";50739
"07641024M0005";"76410";"AB";"138";6;2413;3902;5;"2024-10-11";"2025-07-31";13324
"07641724B0004";"76417";"00";;4;1139;615;5;"2024-07-30";"2024-10-22";0
"07644523B0008";"76445";"AL";"420";4;1083;1590;5;"2024-02-29";"2025-03-25";14643
"07647423M0012";"76474";"AB";"399";6;1013;43543;2;"2024-01-11";;186479
"07647523M0016";"76475";"AN";"208";4;1415;1300;5;"2024-06-04";"2025-02-24";6211
"07647624L0011";"76476";"B";"2161";8;2915;0;2;"2024-10-09";;8164
"07648424O0018";"76484";"AC";"339";8;1418;0;2;"2024-08-07";;3867
"07648923C0013";"76489";"AC";"88";8;22587;0;2;"2024-05-10";;50572
"07649523C0014";"76495";"AX";"1169";4;1027;0;5;"2024-02-13";"2025-01-20";2481
"07649724O0007";"76497";"AM";"138";8;71732;0;2;"2024-11-13";;0
"07650724P0004";"76507";"AC";"228";6;6238;0;5;"2024-12-09";"2025-03-10";46650
"07654523D0021";"76545";"AE";"222";6;1923;115;2;"2024-03-28";;17848
"07655824M0002";"76558";"D";"203";4;3886;7550;2;"2024-07-08";;59486
"07657524O0001";"76575";"AM";"238";8;2339;6497;2;"2024-04-04";;90722
"07657524O0035";"76575";"BN";"320";3;1744;0;2;"2024-11-07";;11411
"07659224L0001";"76592";"D";"1046";6;41991;0;2;"2024-09-05";;415210
"07659224L0002";"76592";"D";"1044";6;8086;0;2;"2024-09-05";;415210
"07659324L0002";"76593";"ZO";"84";8;1021;0;5;"2024-07-02";"2024-09-23";2848
"07659424B0011";"76594";"AH";"475";4;2398;0;2;"2024-10-02";;9569
"0766102400005";"76610";"AH";"209";4;1450;0;2;"2024-10-31";;5718
"07661624C0004";"76616";"ZC";"82";6;1964;0;2;"2024-04-29";;23862
"07661723M0011";"76617";"ZA";"18";3;6001;0;2;"2024-05-17";;17303
"07661724M0005";"76617";"ZA";"14";4;5050;0;5;"2024-09-26";"2025-10-10";10767
"07661824P0041";"76618";"ZB";"113";8;2038;0;5;"2024-10-12";"2025-02-28";556308
"07664023U0019";"76640";"ZA";"504";4;1465;23800;2;"2024-05-17";;88239
"07664724C0010";"76647";"AE";"357";3;1593;0;5;"2024-08-09";"2025-01-13";4317
"07664724C0017";"76647";"AE";"354";6;1190;0;2;"2024-11-28";;3236
"07664824B0004";"76648";"ZM";"102";8;1156;0;2;"2024-07-02";;20187
"07666024C0004";"76660";"AD";"138";8;12253;12586;5;"2024-10-14";"2025-01-31";55800
"07667224B0003";"76672";"AE";"170";6;1250;13264;5;"2024-11-08";"2024-11-12";71221
"0767062400002";"76706";"ZK";"46";6;5419;15381;5;"2024-10-09";"2025-04-07";109725
"07670923M0008";"76709";"AC";"258";8;1185;8965;2;"2024-04-02";;57169
"07670924M0010";"76709";"AC";"65";3;2356;0;2;"2024-10-21";;271220
"07675024M0005";"76750";"AC";"611";6;2656;0;2;"2024-12-19";;16802
"0767582400021";"76758";"AR";"35";8;2751;0;5;"2024-09-06";"2025-03-10";5113
"0767582400029";"76758";"AH";"573";6;4009;6448;5;"2024-10-01";"2024-12-19";28386
"0770022300005";"77002";"ZP";"104";6;5916;0;2;"2024-01-04";;39805
"0770532400005";"77053";"AH";"49";8;1937;1783;2;"2024-06-07";;2760
"0770532400019";"77053";"YC";"55";8;3383;0;2;"2024-10-16";;7703
"0770532400020";"77053";"YC";"55";8;6538;0;2;"2024-10-16";;11820
"0770532400021";"77053";"YC";"55";8;7900;0;2;"2024-10-17";;13993
"0770532400022";"77053";"YC";"55";8;1972;0;2;"2024-10-17";;5109
"0770672400005";"77067";"ZB";"276";6;4634;0;2;"2024-07-01";;8741
"0770752400007";"77075";"ZI";"52";8;1946;0;2;"2024-06-13";;4812
"0770752400014";"77075";"ZI";"50";6;2335;0;5;"2024-09-11";"2025-04-14";3184
"0770752400017";"77075";"ZI";"54";8;3735;0;5;"2024-11-07";"2025-02-17";8145
"0770832400003";"77083";"AM";"355";3;28282;0;2;"2024-09-26";;6281
"0771112300044";"77111";"AL";"255P";3;21461;0;5;"2024-06-12";"2025-06-30";6900
"0771112300046";"77111";"AK";"142";4;1655;0;5;"2024-04-17";"2024-07-15";4335
"0771222300027";"77122";"AI";"140";4;2001;3015;2;"2024-03-19";;9000
"0771312400010";"77131";"ZA";"240";8;2321;0;5;"2024-11-13";"2025-07-15";12450
"0771322300016";"77132";"E";"935";3;1257;0;5;"2024-02-14";"2025-05-12";2565
"0771462300010";"77146";"AM";"83P";6;5880;0;5;"2024-01-18";"2025-01-17";12972
"0771462300013";"77146";"AM";"78";6;4298;0;2;"2024-04-03";;7003
"0771462400001";"77146";"AM";"88P";6;4450;4440;5;"2024-05-26";"2024-09-12";9781
"0771462400002";"77146";"AM";"85P";6;1822;0;5;"2024-06-05";"2024-12-02";4440
"0771462400003";"77146";"AM";"85";6;34826;0;5;"2024-06-13";"2025-01-20";63122
"0771462400006";"77146";"AM";"94";6;3231;0;5;"2024-10-17";"2025-03-03";6170
"0771462400008";"77146";"AM";"55";6;3277;0;5;"2024-11-02";"2025-04-14";6886
"0771682400008";"77168";"E";"515";8;13011;0;2;"2024-12-02";;105040
"0771922300015";"77192";"ZB";"40";6;4461;0;2;"2024-02-13";;84478
"0771922400004";"77192";"ZB";"40";6;1251;0;2;"2024-07-05";;84478
"0771922400015";"77192";"ZB";"40";4;1292;0;5;"2024-08-26";"2024-12-01";84478
"0772512100024";"77251";"ZE";"138";3;1645;0;2;"2024-02-09";;4000
"0772512400002";"77251";"ZE";"160P";6;2000;0;2;"2024-05-16";;5850
"0772512400008";"77251";"0A";"1742";6;1564;0;2;"2024-08-06";;3681
"0772582300005";"77258";"AJ";"43";4;1190;5891;5;"2024-01-29";"2024-09-16";14882
"0772592300017";"77259";;;3;1396;0;2;"2024-02-01";;0
"0772702300007";"77270";"A";"845";3;2289;3427;2;"2024-12-12";;25038
"0772702400004";"77270";"C";"182";4;13382;0;2;"2024-10-17";;320119
"0772942300044";"77294";"BK";"70";8;9784;6170;5;"2024-03-26";"2024-12-10";20000
"0772942400009";"77294";"BK";"638";6;11852;0;5;"2024-09-03";"2025-04-01";19645
"0772962400004";"77296";"A";"2153";6;5274;0;2;"2024-10-28";;10136
"0773162400006";"77316";"ZB";"586";6;1125;0;2;"2024-07-25";;7989
"0773172400007";"77317";"A";"486";8;4639;0;2;"2024-09-03";;13333
"0773222400004";"77322";"AT";"93";3;1333;683;2;"2024-12-09";;2614
"0773272400003";"77327";"ZE";"108";6;4140;0;2;"2024-08-23";;82285
"0773822400007";"77382";"YT";"100";8;1605;0;2;"2024-08-29";;4302
"0773852400001";"77385";"ZD";"168";6;7511;0;2;"2024-04-29";;30419
"0774202300015";"77420";;;4;1506;0;2;"2024-03-01";;0
"0774302300033";"77430";"ZE";"223";6;5530;1492;2;"2024-03-01";;43986
"0774312420001";"77431";"AH";"318";8;2123;0;2;"2024-06-18";;3647
"0774452400008";"77445";"BK";"119";3;1107;0;2;"2024-05-24";;3722
"0774492400009";"77449";"YB";"176";8;1267;0;2;"2024-10-04";;2997
"0774822400007";"77482";"C";"1727";4;1776;0;2;"2024-09-20";;3527
"0774922400004";"77492";"AC";"164";6;2882;5878;5;"2024-06-27";"2024-11-21";26819
"0775142300019";"77514";"AE";"556";8;1031;0;2;"2024-02-05";;1977
"0775342400002";"77534";"ZD";"181";4;1170;0;2;"2024-10-10";;6349
"0780292400008";"78029";"AR";"641";8;8124;0;5;"2024-07-12";"2025-10-27";27722
"07813824Y0004";"78138";"AO";"37";6;5157;4431;5;"2024-07-25";"2024-11-04";20348
"07814323E0007";"78143";;;4;2821;0;5;"2024-01-23";"2025-06-01";0
"07816524B0011";"78165";"AB";"218";4;2031;1285;5;"2024-12-31";"2025-04-14";5123
"0781722300052";"78172";"AD";"936";8;2871;7845;2;"2024-03-05";;22402
"0781722300078";"78172";"AD";"940";4;4625;0;5;"2024-07-11";"2025-11-03";10758
"0781722300079";"78172";"AD";"940";6;10150;0;2;"2024-04-29";;16360
"0781722400015";"78172";"AD";"940";6;8190;0;2;"2024-06-20";;27324
"07820823E0009";"78208";"BK";"165";3;7389;0;2;"2024-04-19";;4761
"07825524F0002";"78255";"D";"761";8;1111;0;2;"2024-04-24";;839
"07825524F0007";"78255";"D";"809";6;2887;2887;2;"2024-08-29";;11934
"07825524F0010";"78255";"D";"686";8;1144;0;2;"2024-10-17";;4136
"07826923C0026";"78269";"D";"374";3;6164;0;5;"2024-02-22";"2024-05-27";19055
"07829720E0015";"78297";"AW";"1";3;35572;9255;2;"2024-05-15";;27318
"07829723E0018";"78297";"AK";"91";3;1666;6484;2;"2024-05-15";;3387
"07831024M0007";"78310";"ZH";"430";6;3408;0;2;"2024-04-23";;20564
"0783272400007";"78327";"01";"153";8;1365;0;2;"2024-10-21";;2483
"07833524L0020";"78335";"BB";"69";4;2067;1215;5;"2024-11-06";"2025-03-10";3784
"0784312400008";"78431";"AE";"117";6;1470;0;5;"2024-10-16";"2025-02-04";3978
"07844023Y0050";"78440";"BD";"1085";6;4451;0;2;"2024-03-15";;0
"0784812300008";"78481";;;4;10879;7263;2;"2024-05-21";;59694
"07849023E0012";"78490";;;6;5349;0;5;"2024-02-27";"2024-11-18";12884
"07849023E0019";"78490";"BY";"21";8;1605;9935;5;"2024-01-11";"2024-11-12";86708
"07849024E0007";"78490";"BM";"63";8;3715;0;2;"2024-11-07";;8995
"0785012400003";"78501";"AK";"143";6;3597;0;2;"2024-08-09";;5925
"0785312400031";"78531";"K";"290";8;2100;25;2;"2024-11-08";;7376
"07857523M0027";"78575";"AA";"4";3;1359;0;2;"2024-04-22";;84628
"07864023V1003";"78640";"AE";"104";3;5005;0;5;"2024-02-05";"2024-11-20";3151
"07868324Y0005";"78683";"AE";"479";4;1147;0;2;"2024-08-12";;3107
"07903424X0002";"79034";"AM";"511";4;1779;0;2;"2024-04-29";;9280
"07904824H0001";"79048";"XT";"157";8;2042;2506;2;"2024-04-04";;18451
"07905024E0007";"79050";"ZK";"21";6;13231;0;5;"2024-08-02";"2024-12-02";270744
"07908024P0011";"79080";"AM";"4";8;2456;40847;2;"2024-09-16";;140043
"07919123X0202";"79191";"EK";"15";8;1016;0;5;"2024-04-05";"2025-07-21";5859
"07919124X0058";"79191";"EK";"111";6;2568;3398;5;"2024-10-03";"2025-06-02";12302
"07919124X0086";"79191";"EK";"24";3;2804;1667;5;"2024-10-01";"2025-05-12";11527
"07919124X0089";"79191";"IV";"74";8;1620;0;2;"2024-07-23";;5550
"07919124X0090";"79191";"EH";"110";6;1532;1895;5;"2024-08-26";"2025-02-13";8976
"07921624X0005";"79216";"AA";;8;2646;5114;5;"2024-04-30";"2024-05-06";93438
"07924924X0002";"79249";"ZI";"226";8;1633;0;2;"2024-08-12";;2311
"07932623P0013";"79326";"ZY";"103";8;1750;1630;5;"2024-03-15";"2025-02-10";6557
"08000223S0002";"80002";"ZP";"69";8;5015;10413;2;"2024-02-23";;34144
"0800162400012";"80016";"AV";"746";3;1353;0;5;"2024-09-12";"2025-05-23";3200
"08002123A0126";"80021";"LV";"242";3;8908;0;2;"2024-04-25";;9038
"08002123A0166";"80021";"LO";"36";4;1542;0;2;"2024-10-08";;16680
"08002124A0015";"80021";"ZR";"101";8;9500;0;2;"2024-05-28";;44609
"08002424P0008";"80024";"ZO";"63";6;2411;0;2;"2024-12-09";;6250
"08007623M0003";"80076";"ZS";"115";4;1205;0;2;"2024-01-10";;9334
"08011422P0002";"80114";"ZC";"15";8;292421;0;2;"2024-05-30";;433112
"08016023M0002";"80160";;;4;1537;725;5;"2024-01-29";"2024-09-30";5356
"08026124M0001";"80261";"ZB";"39";3;2894;0;5;"2024-07-24";"2025-02-10";5020
"08028823S0006";"80288";"ZO";"117";6;1154;2101;2;"2024-02-23";;9471
"0803382300006";"80338";"AC";"103";4;1408;1829;5;"2024-04-03";"2025-04-24";9171
"08037924M0002";"80379";"ZD";"278";8;1339;0;5;"2024-05-27";"2024-09-23";4390
"08037924M0006";"80379";"ZD";"241";8;1502;0;2;"2024-10-22";;2930
"08041023S0005";"80410";"AM";"127";6;4772;23124;2;"2024-06-26";;45615
"08041024S0004";"80410";"ZA";"111";6;4580;0;2;"2024-07-30";;65017
"0804632300004";"80463";"A";"285";8;3346;6062;5;"2024-09-19";"2024-09-30";32478
"08058523S0009";"80585";"ZD";"61";8;1379;0;2;"2024-06-03";;4524
"08071424S0004";"80714";"ZE";"56";4;1143;0;2;"2024-06-27";;6022
"08071823P0007";"80718";"ZO";"103";8;1197;0;5;"2024-02-22";"2024-11-04";4760
"08071824P0002";"80718";"ZO";"100";8;3026;0;2;"2024-06-07";;7767
"08071824P0008";"80718";"ZO";"63";6;2411;0;2;"2024-12-10";;6250
"08072124M0007";"80721";"AL";"661";8;3448;0;2;"2024-11-03";;33446
"08074624P0005";"80746";"AA";"87";8;1020;1134;5;"2024-09-25";"2025-01-13";43390
"08077923M0002";"80779";"ZN";"90";3;1410;0;2;"2024-02-14";;4185
"08077924M0001";"80779";"ZN";"91";4;3833;0;2;"2024-07-08";;19315
"08078024M0002";"80780";"ZB";"124";8;2537;0;5;"2024-09-16";"2025-04-22";27857
"08079823P0017";"80798";"ZL";"239";4;1558;0;2;"2024-02-02";;5000
"08100424X0038";"81004";"EX";"296";3;3072;760;2;"2024-11-26";;3975
"08100424X0093";"81004";"IK";"23";8;1034;0;2;"2024-10-11";;4823
"08100424X0107";"81004";"KY";"42";3;1495;0;2;"2024-12-13";;3952
"08100424X0110";"81004";"HY";"235";6;1006;0;2;"2024-11-29";;33614
"08102124B0007";"81021";"AH";"99";8;1350;230;5;"2024-10-24";"2025-09-23";2740
"08104724A0001";"81047";"F";"365";4;1366;0;5;"2024-07-24";"2024-10-30";8000
"08106023A0033";"81060";;;6;2500;0;2;"2024-03-15";;4840
"08106524B1089";"81065";"IY";"42";4;1861;0;5;"2024-11-26";"2025-04-22";6823
"08107024T0005";"81070";"ZV";"36";8;1001;454;2;"2024-05-17";;7148
"08107823A0009";"81078";"D";"1869";4;1503;0;2;"2024-04-19";;5586
"08109923T0091";"81099";"AX";"9";4;1536;0;5;"2024-02-28";"2024-07-01";13910
"08112023B0029";"81120";"I";"711";8;1238;0;2;"2024-01-05";;0
"08112023B0034";"81120";"A";"735";6;3444;0;5;"2024-01-29";"2024-09-10";21055
"08112423B0008";"81124";"AH";"314";4;1400;745;2;"2024-04-03";;8330
"08117123T0018";"81171";"ZB";"87";6;1050;1146;5;"2024-03-12";"2025-09-22";158531
"08121824A0006";"81218";"ZM";"322";8;15499;0;5;"2024-08-08";"2025-10-27";12625
"08123324A0004";"81233";"B";"26";4;1560;0;2;"2024-05-31";;43130
"08127123A0053";"81271";"B";"4251";4;4046;492;2;"2024-07-03";;11612
"08127124A0007";"81271";"A";"1036";4;2793;0;2;"2024-07-18";;4409
"08127124A0027";"81271";"ZA";"349";8;1530;0;5;"2024-09-19";"2025-01-27";5426
"08127324C0010";"81273";"AE";"187";4;2144;0;5;"2024-11-13";"2024-12-10";5840
"08128823R0024";"81288";"0C";"1353";8;2694;8670;2;"2024-01-10";;20584
"08128923C0019";"81289";"A";"1005";4;2146;5909;2;"2024-09-06";;24244
"08200224N0025";"82002";"AY";"36";8;1032;0;2;"2024-12-05";;6592
"0820232400001";"82023";"0C";"1372";8;1695;0;2;"2024-06-17";;0
"08202324S0001";"82023";"0C";"1372";8;1678;0;5;"2024-06-17";"2025-01-13";0
"08202524T0006";"82025";;;6;2122;0;2;"2024-05-30";;23332
"08202524T0014";"82025";"ZM";"192";6;2473;5105;5;"2024-08-07";"2025-01-17";15646
"08202724S0004";"82027";"0A";"1420";8;2949;0;5;"2024-07-08";"2025-06-01";0
"08203323C0089";"82033";"CV";"108";8;6111;12780;2;"2024-04-08";;32644
"08204224P0002";"82042";"CD";"544";8;2367;0;5;"2024-03-27";"2024-12-01";5764
"08207523S0017";"82075";"AR";"115";8;1091;0;2;"2024-01-23";;0
"08212123M0243";"82121";"HR";"940";3;1217;1238;2;"2024-04-26";;9165
"08212124M0123";"82121";"DH";"1008";4;4487;0;2;"2024-12-18";;38572
"08212124M0174";"82121";"BC";"179";3;1201;6485;5;"2024-11-05";"2025-09-01";23569
"08212323S0023";"82123";"0A";"1994";8;18354;0;2;"2024-04-29";;0
"08212624N0004";"82126";"AC";"109";4;1304;0;2;"2024-10-13";;21111
"08216724T0007";"82167";"E";"1538";3;1254;0;2;"2024-12-10";;5263
"08302324O0010";"83023";"BW";"220";8;1698;0;2;"2024-06-24";;5026
"08302324O0019";"83023";"BS";"273";8;2669;0;5;"2024-07-26";"2025-09-15";5612
"08302324O0032";"83023";"AO";"563";4;2023;1870;5;"2024-12-11";"2025-06-16";7657
"08302324O0047";"83023";"BW";"109";4;3645;0;2;"2024-08-29";;12000
"08302324O0071";"83023";"BS";"289";8;1958;2346;2;"2024-11-22";;96131
"08304723H0038";"83047";"AP";"757";8;2184;0;2;"2024-01-18";;4739
"08305424O0003";"83054";"AN";"10";8;1027;0;5;"2024-06-11";"2024-10-17";2703
"0830572400007";"83057";"E";"1462";8;3369;0;2;"2024-10-08";;29885
"08306123F0116";"83061";"AI";"460";8;2103;0;2;"2024-01-29";;7000
"08306123F0136";"83061";"BM";"952";4;6969;0;5;"2024-06-07";"2025-09-08";47685
"08306124F0041";"83061";"AR";"321";3;1146;0;2;"2024-07-25";;1575
"08306124F0051";"83061";"BI";"1784";4;1866;580;2;"2024-09-25";;10363
"08308124D0010";"83081";"G";"90";8;2391;395;5;"2024-06-11";"2024-12-19";4755
"08308524K0013";"83085";"D";"665";6;1252;0;5;"2024-10-07";"2025-01-24";3003
"08308623K0053";"83086";"AY";"24";8;1050;0;2;"2024-05-02";;2516579
"08309024OC010";"83090";"BH";"44";3;2200;0;5;"2024-03-25";"2024-03-26";10928
"08309623O0004";"83096";"A";"40";8;5165;0;2;"2024-01-22";;90775
"08309924O0001";"83099";"AZ";"131";8;4700;0;2;"2024-04-05";;28388
"08309924O0019";"83099";"AV";"216";8;2838;23;5;"2024-07-08";"2026-01-05";10009
"08310623B0042";"83106";"AH";"1";8;1100;0;2;"2024-06-21";;4161
"08311223O0036";"83112";"CY";"31";8;1672;0;5;"2024-05-13";"2024-11-08";2223
"0831152300150";"83115";"E";"1722";3;1301;0;5;"2024-04-22";"2025-07-20";27069
"08311823C0119";"83118";"AR";"1204";8;2686;0;2;"2024-03-11";;10000
"08311824C0064";"83118";"AO";"464";3;4573;0;2;"2024-10-29";;3263
"0831192400042";"83119";"AI";"428";4;1301;0;2;"2024-08-29";;1249
"08312124K0029";"83121";"AS";"713";4;1313;0;5;"2024-10-23";"2024-12-15";2894
"08312323O0093";"83123";"AI";"1224";3;2781;0;2;"2024-02-22";;3018
"08312623C0118";"83126";"AC";"1391";6;1020;0;2;"2024-03-08";;2246
"0831272300032";"83127";"I";"1154";6;1767;0;5;"2024-04-24";"2025-01-09";8825
"0831272300033";"83127";"I";"1086";8;4262;0;2;"2024-02-08";;20012
"0831272400002";"83127";"I";"1153";8;1999;0;5;"2024-07-04";"2024-11-21";9427
"0831272400013";"83127";"I";"1156";6;7667;0;5;"2024-10-21";"2025-01-27";11878
"0831292400003";"83129";"AB";"322";6;1097;901;2;"2024-10-07";;3300
"08313223T0008";"83132";"AL";"92";3;1534;994;2;"2024-03-06";;6737
"0840072400004";"84007";"BO";"304";6;2695;0;2;"2024-05-02";;30865
"0840072400070";"84007";"BN";"586";3;1405;0;2;"2024-11-04";;13696
"0840072400080";"84007";"DE";"116";3;1797;9299;5;"2024-11-04";"2025-12-15";4497
"08401923G0092";"84019";"AN";"338";4;1516;2020;5;"2024-06-13";"2025-01-27";10395
"08402924N0011";"84029";"AO";"26";8;1551;0;2;"2024-08-13";;27373
"08403123C0144";"84031";"AD";"457";3;1412;1291;2;"2024-04-04";;14674
"08403523E0063";"84035";"BV";"210";8;2023;0;2;"2024-04-10";;4868
"08403523E0091";"84035";"AT";"702";8;11565;0;2;"2024-02-28";;43723
"08403523E0109";"84035";"AX";"477";8;1716;1877;2;"2024-07-05";;19508
"08403524E0034";"84035";"AV";"671";8;2891;12987;2;"2024-11-14";;63948
"08403524E0044";"84035";"AT";"590";8;5768;0;2;"2024-12-02";;61595
"08403524E0049";"84035";"AT";"629";8;9856;10364;5;"2024-11-28";"2024-11-29";38108
"08403524E0055";"84035";"AT";;8;21175;0;5;"2024-12-13";"2025-10-01";57986
"0840372300012";"84037";"C";"453";8;1524;4930;2;"2024-01-25";;76399
"08405423F0113";"84054";"BV";"755";4;1066;0;5;"2024-04-04";"2025-05-15";2147
"08407224C0006";"84072";"CC";"300";4;1709;0;2;"2024-10-15";;8768
"08407224C0010";"84072";"CC";"314";8;2021;0;5;"2024-06-18";"2025-06-15";4467
"08408023A0030";"84080";"D";"151";3;1034;0;2;"2024-04-23";;13360
"0840812300027";"84081";"BH";"40";6;2668;0;2;"2024-03-04";;14768
"08408323N0014";"84083";"0D";"173";8;1412;0;5;"2024-02-08";"2025-09-15";8781
"0840872400001";"84087";"BY";"65";8;3124;1708;5;"2024-07-09";"2024-07-23";16186
"0840872400030";"84087";"AZ";"242";3;1454;795;2;"2024-12-10";;3244
"08408823A0081";"84088";"AC";"365";8;3311;0;2;"2024-03-04";;15000
"08409124N0014";"84091";"AB";"330";8;1445;0;2;"2024-06-13";;7193
"08409223B0064";"84092";"BC";"183";4;3057;0;5;"2024-01-19";"2024-06-30";10500
"08410423N0021";"84104";"AE";"266";6;3681;0;2;"2024-07-19";;44222
"08412721N0007";"84127";"AW";"51";8;2072;374;2;"2024-06-14";;57910
"08412923A0075";"84129";"CS";"20";3;3814;0;2;"2024-02-16";;20109
"08412924A0015";"84129";"CE";"104";8;7300;0;2;"2024-07-05";;48829
"08412924A0027";"84129";"CP";"71";4;1216;0;5;"2024-10-10";"2025-06-09";5364
"08413223S0031";"84132";"BA";"290";3;1130;950;2;"2024-01-18";;1899
"08413223S0049";"84132";"BT";"284";8;1308;0;2;"2024-05-17";;3339
"08414124S0023";"84141";"BH";"270";3;1972;0;5;"2024-08-22";"2024-11-05";6958
"08500324V0047";"85003";"ZK";"567";4;3375;0;5;"2024-11-13";"2025-06-09";9382
"08500324V0065";"85003";"ZX";"42";6;1717;5571;5;"2024-12-04";"2025-04-22";28395
"08500324V0069";"85003";"YC";"155";6;1005;1341;5;"2024-12-04";"2025-06-25";3642
"08500824Y0013";"85008";"ZT";"119";8;3648;0;2;"2024-08-05";;13731
"08500824Y0023";"85008";"ZH";"86";6;2854;0;2;"2024-10-18";;8051
"08501823C0033";"85018";"AD";"106";4;1607;3936;2;"2024-03-05";;19588
"08501924V0030";"85019";"ZL";"82";8;1145;0;2;"2024-10-02";;2026
"08502024F0015";"85020";"ZS";"159";8;1276;405;2;"2024-07-19";;40006
"08502624S0012";"85026";"A";"1404";8;1263;541;2;"2024-12-19";;19814
"08503423C0030";"85034";"XR";"144";6;1565;5354;2;"2024-05-29";;58798
"08504624Y0006";"85046";"AM";"11";4;1507;750;2;"2024-07-08";;8673
"08504724C0091";"85047";"AN";"363";4;1091;0;5;"2024-11-21";"2025-05-03";3277
"08504724C0112";"85047";"CM";"442";3;1004;0;5;"2024-12-26";"2025-06-10";2244
"08505924F0010";"85059";"AI";"244";4;1060;0;5;"2024-12-03";"2025-09-24";4946
"08506424U0004";"85064";"XP";"175";4;2017;0;2;"2024-04-04";;9900
"08506523U0024";"85065";"ZE";"290";6;2905;0;2;"2024-03-28";;27162
"08506523U0025";"85065";"ZE";"297";8;18751;0;5;"2024-10-14";"2025-06-30";64202
"08508124Y0007";"85081";"ZT";"243";6;1328;0;2;"2024-09-25";;2607
"08508224H0006";"85082";"F";"1060";4;3940;9412;5;"2024-06-21";"2024-11-12";290639
"08508224H0019";"85082";"G";"1039";4;2526;0;5;"2024-10-18";"2024-10-22";41964
"08509024P0019";"85090";"ZL";"25";8;20914;0;5;"2024-08-22";"2025-09-01";37139
"08509223F0045";"85092";"ZT";"295";6;2992;7437;5;"2024-03-06";"2024-03-11";71918
"08509223F0052";"85092";"YP";"15";8;112156;0;2;"2024-12-05";;267260
"08509224F0027";"85092";"BM";"509";4;1166;0;5;"2024-09-18";"2025-05-01";3860
"08509224F0050";"85092";"BR";"20";3;1064;0;5;"2024-12-06";"2025-09-05";1526
"08510023C0018";"85100";"B";"2077";4;1513;0;5;"2024-04-26";"2025-03-01";27024
"08510024C0018";"85100";"B";"2068";6;1459;3030;5;"2024-12-20";"2025-04-07";8706
"08510924H0022";"85109";"XN";"191";8;1180;0;2;"2024-06-06";;16345
"08510924H0072";"85109";"ZX";"230";6;1141;1643;2;"2024-11-28";;9877
"08514024P0008";"85140";"AC";"301";6;1706;0;5;"2024-10-23";"2025-01-13";14964
"08514624H0017";"85146";"N";"613";6;2210;0;2;"2024-07-18";;17779
"08514624H0024";"85146";"AB";"439";6;1448;1293;2;"2024-05-27";;1709
"08514624H0035";"85146";"AB";"267";6;1146;2228;2;"2024-07-02";;1888
"08514624H0073";"85146";"AE";"107";3;2975;0;2;"2024-10-25";;1369
"08514624H0076";"85146";"YA";"432";8;1385;0;2;"2024-10-08";;16347
"08514624H0088";"85146";"AB";"681";3;1810;0;2;"2024-11-15";;579
"08514624H0092";"85146";"YA";"432";4;1419;0;2;"2024-11-14";;2885
"08515224A0028";"85152";"ZB";"101";8;1018;0;5;"2024-07-29";"2025-01-13";10000
"08517424F0003";"85174";"YE";"79";8;1706;682;2;"2024-07-22";;9817
"08517823V0052";"85178";"YS";"453";6;23726;0;5;"2024-01-22";"2024-04-08";71468
"08517824V0006";"85178";"ZD";"231";3;1929;7481;5;"2024-04-10";"2024-12-02";30294
"08517824V0030";"85178";"ZB";"24";3;2006;12906;5;"2024-08-14";"2025-01-27";46400
"08518223P0026";"85182";"AR";"111";6;1756;4237;5;"2024-03-06";"2024-07-15";40157
"08519024H0008";"85190";"ZE";"283";4;1295;0;5;"2024-10-25";"2025-03-01";3885
"08519123Y0170";"85191";"DZ";"1";3;1875;0;5;"2024-02-26";"2024-06-26";61856
"08519123Y0185";"85191";"AC";"64";3;1073;2819;2;"2024-07-02";;5566
"08519123Y0192";"85191";"AB";"146";3;3623;6455;2;"2024-05-23";;17008
"08519123Y0215";"85191";"EM";"127";3;5461;0;2;"2024-08-23";;4511
"08519124Y0063";"85191";"YA";"79";8;1558;5009;5;"2024-08-16";"2024-09-03";25232
"08519423P0468";"85194";"BD";"492";3;1107;1327;2;"2024-07-02";;9769
"08519424P0035";"85194";"C";"2681";6;1939;1583;2;"2024-07-26";;10000
"08519424P0045";"85194";"ZM";"49";4;4720;0;5;"2024-06-03";"2024-12-05";6000
"08519424P0088";"85194";;;4;1384;0;5;"2024-08-19";"2024-09-30";0
"08519924F0004";"85199";"ZS";"75";6;2622;1365;5;"2024-11-08";"2025-11-03";11809
"08522324F0002";"85223";"YW";"250";6;2137;8480;2;"2024-03-11";;31776
"08523324F0004";"85233";"ZT";"228";6;2205;1365;5;"2024-11-07";"2025-11-03";12150
"08523424C0058";"85234";"CA";"250";8;1116;0;5;"2024-07-09";"2024-10-28";3685
"08523824H0007";"85238";"AC";"228";8;1207;720;2;"2024-11-29";;21829
"08524224H0002";"85242";"A";"2320";6;1548;0;2;"2024-08-08";;8004
"08524323C0041";"85243";"AK";"332";6;1021;853;5;"2024-03-19";"2024-06-11";8093
"08528023C0055";"85280";"C";"1612";8;2130;3000;2;"2024-02-02";;36434
"08528824S0043";"85288";"AD";"533";4;7201;4082;5;"2024-09-04";"2025-09-08";59998
"08529624H0009";"85296";"A";"1037";6;5228;5275;5;"2024-12-09";"2024-12-09";21715
"08530223H0026";"85302";"ZH";"160";8;23745;0;2;"2024-05-15";;79992
"08530224H0033";"85302";"C";"2004";8;2694;4463;2;"2024-07-23";;12786
"08530224H0039";"85302";"ZC";"115";6;3030;3136;2;"2024-12-18";;15275
"08606223X0030";"86062";"ZP";"863";4;3216;0;2;"2024-01-18";;5542
"08606624H1020";"86066";"AW";"247";4;5044;0;5;"2024-10-16";"2025-09-05";30316
"08608224A0003";"86082";"ZH";"83";8;4147;0;2;"2024-06-11";;1056
"08609224A0005";"86092";"ZP";"62";6;1048;1796;2;"2024-07-25";;13690
"08609524X0007";"86095";"AS";"178";8;8432;0;5;"2024-09-23";"2024-10-07";34044
"08610023X0031";"86100";"AB";"293";6;1226;506;5;"2024-02-13";"2024-09-16";7768
"08611423X0012";"86114";"AA";"107";4;1100;3098;5;"2024-05-27";"2025-02-21";24808
"08613323X0025";"86133";"AT";"68";8;1325;0;2;"2024-02-20";;5730
"08613724A0013";"86137";"ZO";"21";6;1076;28953;5;"2024-10-10";"2025-04-28";101461
"08613724A0016";"86137";"ZL";"658";8;3264;0;2;"2024-10-23";;5707
"08615724X0016";"86157";"F";"2044";8;3320;0;2;"2024-12-02";;15305
"08616124A0002";"86161";"ZI";"209";4;1649;0;2;"2024-09-26";;2901
"08625523A0013";"86255";"G";"1897";4;1098;0;2;"2024-01-12";;11058
"08626324A0007";"86263";"AX";"337";6;2156;0;5;"2024-10-08";"2024-11-25";10838
"08628924E0005";"86289";"F";"635";8;1922;0;2;"2024-09-03";;0
"08629323A0026";"86293";"AT";"171";8;1580;1244;2;"2024-01-16";;31939
"08630024N0001";"86300";"ZN";"34";6;1246;0;5;"2024-10-18";"2025-02-20";57900
"08701124A0007";"87011";"BC";"42";6;1745;2227;5;"2024-08-21";"2024-08-21";3876
"08701424B0010";"87014";"A";"1030";6;4135;0;5;"2024-06-27";"2024-06-27";60378
"08701424B0014";"87014";"A";"1030";3;1017;0;5;"2024-10-07";"2025-01-17";2954
"08701724A0002";"87017";"0B";"1860";6;1745;2227;5;"2024-08-23";"2025-07-02";8081
"08705023D0071";"87050";"EC";"3";6;13659;0;2;"2024-05-04";;340680
"08705024D0004";"87050";"CR";"21";8;1094;0;2;"2024-04-26";;2820
"08706523D7628";"87065";"AA";"273P";4;2072;0;2;"2024-05-03";;4429
"08707124M5502";"87071";;;4;1125;4562;2;"2024-09-17";;36661
"08708524C0029";"87085";"AY";"38";3;2780;0;5;"2024-05-13";"2024-07-03";0
"08708524C0038";"87085";"LI";"70";6;2334;0;5;"2024-05-15";"2024-08-26";16807
"08708524C0083";"87085";"MO";"6";4;1402;0;5;"2024-12-06";"2025-04-28";17282
"08711324D0006";"87113";"AY";"38";3;2780;0;5;"2024-06-14";"2024-07-03";7082
"08711324D0020";"87113";"AY";"44";6;2324;0;5;"2024-10-03";"2025-03-10";4345
"08715624D0011";"87156";"BK";"50";8;3611;0;2;"2024-10-10";;4999
"08716924M0004";"87169";"AS";"27";6;1850;0;2;"2024-09-10";;25279
"08718724M0005";"87187";;;3;1300;0;5;"2024-03-11";"2024-09-23";0
"08807924D0006";"88079";"ZE";"446B";8;2374;0;5;"2024-06-19";"2025-04-14";8382
"08809024D0005";"88090";"AO";"1044";6;3892;0;5;"2024-07-22";"2024-09-01";6000
"08809523N0005";"88095";"AE";"79";3;1525;0;5;"2024-05-13";"2024-09-01";37402
"08809924A0006";"88099";"AK";"209";6;1866;0;2;"2024-11-18";;0
"08811524H0003";"88115";"D";"200";8;1584;378;5;"2024-07-11";"2024-11-12";12550
"08816024A0026";"88160";"BX";"71";4;3450;0;5;"2024-12-05";"2025-01-06";4515
"08816024A0038";"88160";"BS";"203";8;2591;0;2;"2024-10-04";;6440
"08818823D0006";"88188";"AB";"797";4;1530;0;5;"2024-05-31";"2024-11-18";8839
"08820124A0002";"88201";"ZO";"20";6;1311;0;2;"2024-10-12";;18947
"08825323A0006";"88253";"AA";"30";4;1857;4585;5;"2024-02-23";"2025-04-14";22628
"08825324A0004";"88253";"AH";"121";4;3652;0;5;"2024-12-12";"2025-03-03";8641
"08826224H0004";"88262";"AD";"340";8;1296;0;2;"2024-06-21";;6394
"08838624H0008";"88386";"A";"1421";6;2488;0;2;"2024-08-28";;31551
"08840824P0009";"88408";"AK";"208";8;2501;0;5;"2024-09-17";"2025-01-06";16674
"08841323H0057";"88413";"CZ";"51";4;3046;0;2;"2024-03-26";;229375
"08841324H0013";"88413";"AH";"338";6;1202;0;5;"2024-05-22";"2025-06-01";0
"08842424H0004";"88424";"AK";"116";8;1250;450;2;"2024-02-05";;32582
"08842924P0010";"88429";"AM";"216";8;2073;10943;2;"2024-05-27";;19925
"08846524E0009";"88465";"AS";"564";4;1538;1095;5;"2024-06-05";"2025-02-10";5939
"08848724P0006";"88487";"BH";"199";8;6533;0;5;"2024-04-29";"2024-11-01";26359
"08848724P0018";"88487";"BC";"1010";8;1600;0;2;"2024-08-27";;35862
"08851623D0018";"88516";"AL";"21";4;1692;0;2;"2024-02-16";;1935
"08902423B0059";"89024";"AB";"469";8;2792;0;5;"2024-06-05";"2025-01-13";14318
"08902424B0005";"89024";"HM";"261";4;6349;0;5;"2024-04-30";"2025-03-19";21391
"08910524T0001";"89105";"ZM";"61";6;4238;12727;2;"2024-07-11";;36822
"08919524Z0003";"89195";"ZB";"138";8;4670;0;5;"2024-10-01";"2024-10-14";209843
"08925724T0007";"89257";"AS";"139";3;1285;1637;5;"2024-07-09";"2025-05-26";0
"08926323M0029";"89263";"BD";"533";4;2307;0;2;"2024-04-03";;4830
"08928124I0001";"89281";"ZB";"88";8;1801;0;2;"2024-02-15";;10900
"08933824Z0003";"89338";"0Z";"303";3;1070;0;5;"2024-09-12";"2025-03-24";4939
"08934424I0008";"89344";"G";"252";6;1947;0;2;"2024-10-17";;44443
"08938722S0033";"89387";"YB";"108";8;101617;0;2;"2024-06-24";;214647
"08938724S0014";"89387";"ZA";"238";4;1411;1512;5;"2024-08-19";"2025-05-12";16716
"08948024T0002";"89480";"ZC";"177";8;1658;162;2;"2024-10-28";;7671
"09001024Z0027";"90010";"BM";"203";4;3206;0;5;"2024-12-16";"2025-07-07";10248
"09001524A0001";"90015";"ZB";"155";8;1758;0;5;"2024-10-29";"2025-03-01";13988
"09005224A0010";"90052";"AE";"1";6;2125;5171;2;"2024-11-21";;7804
"0910272410014";"91027";"A";"262";6;25144;0;5;"2024-12-23";"2025-06-02";0
"0910272410015";"91027";;;6;7261;0;5;"2024-12-23";"2025-06-02";0
"0910442310004";"91044";"A";"254";8;1673;0;2;"2024-04-05";;3029
"0910862300011";"91086";"B";"569";8;2567;0;2;"2024-06-04";;5768
"0910862400004";"91086";"AH";"98";8;2453;0;5;"2024-03-21";"2025-12-03";12101
"0911362310005";"91136";"AC";"4";6;5631;0;5;"2024-02-06";"2025-01-13";60231
"0911612310014";"91161";"AC";"263";8;6151;48824;2;"2024-03-08";;112605
"0911742410034";"91174";"BT";"279";8;2427;0;2;"2024-12-20";;4085
"0912282300018";"91228";"AL";"100";6;15727;0;2;"2024-09-18";;10187
"0913632310036";"91363";"G";"1102";8;1379;0;5;"2024-01-26";"2025-02-03";17976
"0913762310016";"91376";;;3;2357;0;2;"2024-04-12";;25000
"0913762310017";"91376";;;3;1392;12152;2;"2024-02-22";;69990
"0913762410003";"91376";"A";"397";6;8165;0;2;"2024-10-11";;0
"0913782310002";"91378";"ZA";"75";8;36026;29454;2;"2024-01-11";;102303
"0913902310018";"91390";"XC";"157";6;2899;0;2;"2024-03-12";;27185
"0914052410010";"91405";"0D";"25";6;2948;20052;5;"2024-12-09";"2024-12-09";69541
"0914252410003";"91425";"AK";"245";3;1857;9953;2;"2024-10-01";;48147
"0914712440002";"91471";"ZR";"291";4;5836;0;2;"2024-04-18";;6502
"0914942310002";"91494";"B";"432";8;4984;0;5;"2024-05-06";"2025-05-05";10162
"0914942410012";"91494";"A";"931";8;1153;2500;2;"2024-09-17";;13392
"0915732400002";"91573";"ZC";"439";8;1637;0;2;"2024-05-07";;3485
"0915732400005";"91573";"ZC";"475";8;2103;0;2;"2024-08-28";;5189
"0916172300007";"91617";"B";"1624";8;1864;0;2;"2024-05-22";;4467
"0916312300008";"91631";"V";"18";6;1398;15758;2;"2024-02-19";;145474
"0916482310017";"91648";"AD";"105";6;6006;0;2;"2024-01-15";;32097
"0916482310022";"91648";"B";"243";6;2890;3515;5;"2024-02-27";"2025-10-13";37641
"0916592300005";"91659";"AB";"137";4;1900;0;2;"2024-03-25";;7830
"0916612340030";"91661";"AS";"52";6;7305;0;5;"2024-03-21";"2024-12-09";14897
"0916612440008";"91661";"AP";"55";4;5364;0;2;"2024-10-31";;9750
"0916792310005";"91679";"E";"707";8;1968;616;5;"2024-04-04";"2024-09-05";20462
"0916872311050";"91687";"AS";"122";3;3144;4830;2;"2024-07-04";;12281
"0916892410001";"91689";"Z";"248";6;15000;0;5;"2024-05-29";"2025-04-07";0
"0916892410022";"91689";"Y";"496";6;3895;0;2;"2024-12-26";;7060
"0916922340005";"91692";"BR";"338";8;2553;0;5;"2024-03-18";"2024-11-08";6971
"0920042300060";"92004";"AH";"56";4;4157;3676;2;"2024-12-16";;3654
"0920122300023";"92012";"AJ";"26";3;5727;20529;2;"2024-03-20";;8889
"0920122300050";"92012";"AO";"147";3;1154;4625;2;"2024-08-05";;2393
"09202023B0026";"92020";"AF";"108";3;4018;80;2;"2024-04-26";;1822
"09202324B0029";"92023";"AP";"103";3;2421;0;2;"2024-09-10";;6518
"0920252300482";"92025";"A";"115";6;2099;5217;2;"2024-03-01";;62742
"09202623D0020";"92026";"V";"127";3;4352;36772;2;"2024-01-04";;25948
"09202624D0016";"92026";"0Y";"361";3;54033;11740;2;"2024-10-12";;0
"0920402300036";"92040";"D";"72";3;5212;16550;5;"2024-01-10";"2024-09-16";16668
"09204423D0019";"92044";"B";"46";3;7227;22018;5;"2024-02-01";"2024-12-24";3234
"09204423D0025";"92044";"G";"75";3;1798;18443;5;"2024-03-29";"2025-10-20";6673
"09204424D0006";"92044";"B";"40";3;2581;19631;5;"2024-12-10";"2025-04-15";4116
"09205024T0026";"92050";"AR";"487";6;8660;0;2;"2024-07-04";;7400
"0920512400004";"92051";"AH";"21";3;1027;23300;2;"2024-07-08";;7364
"0920512400014";"92051";"AG";"99";3;4621;38927;5;"2024-11-15";"2025-05-05";6671
"0920602400005";"92060";"Y";"29";3;3202;25659;5;"2024-09-05";"2025-07-03";3358
"0920602400006";"92060";"Y";"29";6;10896;26959;2;"2024-10-07";;21815
"0920602400012";"92060";"Y";"5";6;1596;96287;2;"2024-12-18";;63157
"0920622400020";"92062";"A";"85";4;1687;143977;2;"2024-12-05";;38468
"09300124A0021";"93001";"C";"7";6;3105;1346;2;"2024-08-06";;7460
"09300523C0147";"93005";"DH";"78";8;37182;0;5;"2024-02-13";"2025-10-07";527959
"09300524C0085";"93005";"DX";"27";6;5151;6359;2;"2024-12-04";;9368
"09300724C0037";"93007";"AD";"51";6;24126;0;2;"2024-10-21";;31500
"09303124A0019";"93031";"G";"253";8;2065;6650;5;"2024-10-21";"2025-05-09";4940
"09305124C0055";"93051";"CM";"34";8;1192;0;5;"2024-10-25";"2025-04-14";3836
"09305923A0044";"93059";"AL";"298";8;20400;0;5;"2024-02-15";"2024-10-31";41251
"09306623A0051";"93066";"BU";"57";3;15010;40727;2;"2024-04-22";;20613
"09306624J0001";"93066";"BM";"70";3;1122;66990;5;"2024-12-16";"2025-05-05";0
"09307023A0024";"93070";"AQ";"189";4;3312;5653;2;"2024-06-27";;6691
"09307223A0034";"93072";"T";"106";6;12816;14997;5;"2024-03-13";"2024-06-14";36453
"09307323C0014";"93073";"AH";"330";8;32273;11511;5;"2024-05-07";"2024-09-02";53543
"09307324C0018";"93073";"B";"698";8;1485;5885;2;"2024-07-22";;16109
"09307324C0021";"93073";"B";"230";8;6795;0;2;"2024-07-11";;19885
"09307324C0025";"93073";"B";"677";8;47225;0;5;"2024-08-21";"2025-07-15";560269
"09307324C0038";"93073";"BI";"74";3;1266;226151;2;"2024-09-28";;0
"09307324C0054";"93073";"C";"1064P";6;29092;0;2;"2024-12-20";;28636
"0940042410013";"94004";"AB";"601";8;1548;0;2;"2024-09-19";;104900
"0940152400005";"94015";"AH";"225";6;18892;13352;5;"2024-07-24";"2024-10-28";53900
"0940172300085";"94017";"BM";"149";8;8204;2964;2;"2024-08-07";;17338
"0940172400054";"94017";"DO";"158";3;3000;0;2;"2024-10-15";;1669
"09402124W1007";"94021";"AA";"20";8;7632;422000;5;"2024-09-23";"2024-12-02";187393
"09402124W1012";"94021";"AH";"12";8;1363;874567;5;"2024-11-13";"2025-06-02";1807330
"09403423W1020";"94034";"AB";"13";8;2390;1400;2;"2024-04-15";;2020
"09405424W0009";"94054";"F";"106";8;4688;11651;5;"2024-07-18";"2025-03-06";31578
"09406523W1011";"94065";"AA";"1";8;9111;848663;5;"2024-02-06";"2024-02-12";0
"09406524W1003";"94065";"AK";"4";6;6587;0;2;"2024-10-03";;119052
"09407122C0059";"94071";"AZ";"446";3;3262;0;2;"2024-03-04";;2469
"09407424C1008";"94074";"A";"966";3;6366;0;2;"2024-08-30";;3615
"09407623W1064";"94076";"AE";"71";3;5209;0;2;"2024-10-03";;10793
"0940782300056";"94078";"AB";"83";8;21145;0;2;"2024-08-01";;48842
"09407924N0006";"94079";"AA";"4";6;12947;23197;2;"2024-07-25";;36527
"0940812300072";"94081";"BD";"508";8;9664;0;5;"2024-02-23";"2025-11-07";6987
"0940812300088";"94081";"H";"239";3;6811;0;2;"2024-06-27";;15803
"09501823O0134";"95018";"BW";"225";6;15837;10420;5;"2024-03-08";"2024-05-20";56807
"09505124B0003";"95051";"AL";"784";8;1550;0;5;"2024-04-29";"2024-09-11";4174
"09507824B0004";"95078";"XA";"144";8;1036;1570;2;"2024-10-01";;2921
"09511024B0002";"95110";"A";"342";3;1360;1605;2;"2024-09-24";;10033
"09519923D0046";"95199";"AM";"62";4;1907;0;2;"2024-06-11";;28562
"09521124E0005";"95211";"AD";"596";6;9796;830;2;"2024-07-24";;24028
"09521124E0006";"95211";"AD";"640";8;1217;0;5;"2024-09-09";"2025-09-01";2248
"0952122400003";"95212";"A";"883";4;1870;0;2;"2024-12-04";;0
"09525623B0006";"95256";"B";"1101";6;7011;0;5;"2024-01-13";"2024-10-15";14698
"09527724G0005";"95277";"ZR";"181";8;4259;13570;2;"2024-05-24";;76782
"0952882480005";"95288";"AE";"569";8;2890;2890;5;"2024-04-30";"2025-01-10";6193
"0953232400002";"95323";"ZI";"528";6;1852;0;5;"2024-06-18";"2024-11-28";3672
"0953232400009";"95323";"ZI";"757";6;1118;0;2;"2024-11-25";;2447
"09532324O0006";"95323";"ZI";"756";3;1200;0;2;"2024-08-19";;4218
"09540923B0001";"95409";"AA";"153";4;4495;0;2;"2024-01-09";;12045
"0954272380014";"95427";"AM";"1121";3;4001;0;2;"2024-02-06";;2828
"09543023M0011";"95430";"AI";"70";4;5365;214;2;"2024-02-14";;24008
"09543023M0016";"95430";"AI";"11";6;6790;10356;2;"2024-02-20";;157602
"09543024M0009";"95430";"AH";"2";4;12820;11140;2;"2024-12-03";;31631
"09543024M0016";"95430";"AI";"114";6;1250;0;2;"2024-12-16";;2290
"09547623U0030";"95476";"AT";"66";8;21241;0;5;"2024-01-08";"2024-07-08";222110
"09547623U0041";"95476";"AY";"2";4;7117;7272;5;"2024-01-03";"2025-01-20";16501
"09547624U0023";"95476";"AT";"68";6;7475;21241;2;"2024-11-05";;132617
"09548723H0019";"95487";"ZA";"80";8;26452;0;5;"2024-01-12";"2025-10-27";79154
"0955092300009";"95509";;;8;8901;0;2;"2024-01-09";;23000
"0955092400003";"95509";"ZE";"144";8;6086;0;5;"2024-06-11";"2024-12-02";12349
"09551023U0004";"95510";"B";"762";8;4576;0;2;"2024-01-08";;27150
"0955272400002";"95527";;;6;4898;0;2;"2024-08-02";;13110
"0955272400005";"95527";"C";"879";8;1915;3198;2;"2024-06-12";;0
"0955272400006";"95527";"AM";"254";6;3141;0;2;"2024-07-10";;0
"0955272400008";"95527";;;3;5520;0;2;"2024-12-06";;0
"09557224U0003";"95572";"AK";"15";6;2154;6812;5;"2024-04-23";"2024-09-12";27811
"09557224U0012";"95572";"HO";"39";8;31911;43271;2;"2024-10-01";;170379
"0956042300008";"95604";"C";"1300";4;2083;0;5;"2024-03-18";"2025-04-07";2544
"0956042400003";"95604";"C";"1275";6;2878;0;2;"2024-06-13";;7972
"0956122400014";"95612";"ZB";"240";6;3929;0;5;"2024-11-28";"2025-04-28";5401
"0956412400003";"95641";"A";"27";8;6195;24830;2;"2024-09-05";;59828
"09565224C0004";"95652";"C";"1584";3;1010;0;2;"2024-08-26";;3721
"0956802300039";"95680";"AR";"10";4;4539;0;2;"2024-06-26";;18610
"9711012331260";"97101";"AC";"366";8;7528;4972;2;"2024-07-24";;241408
"9711012431020";"97101";"AC";"257";8;9947;0;2;"2024-12-11";;47498
"97110323R1112";"97103";"AN";"354";4;1142;5728;5;"2024-02-01";"2024-05-13";28858
"97110323R1191";"97103";"AB";"484";8;1040;0;5;"2024-03-07";"2024-09-10";2612
"97110324R1021";"97103";;;3;7015;0;5;"2024-05-10";"2024-05-23";18830
"97110324R1052";"97103";"AL";"139";3;4556;5000;5;"2024-10-31";"2024-11-01";5000
"97110324R1127";"97103";;;3;2957;0;2;"2024-12-19";;15252
"97111221GB035";"97112";"AV";"99";6;1028;0;5;"2024-03-26";"2024-05-22";4965
"9711172321167";"97117";"AL";"275";4;2196;0;2;"2024-01-29";;5203
"9711202432017";"97120";"AC";"3";6;1900;0;2;"2024-06-11";;4904
"97112524SF026";"97125";"BO";"2705";4;1820;0;2;"2024-08-06";;8525
"9711292441021";"97129";"AY";"1195";4;2228;0;2;"2024-05-17";;7487
"97220921BR187";"97209";"W";"710";3;3508;0;5;"2024-03-28";"2025-06-01";0
"97220924BR052";"97209";"AB";"792";4;2295;1846;2;"2024-11-19";;5777
"97221323BR087";"97213";"I";"495";8;5924;0;2;"2024-02-20";;5642
"97221323BR179";"97213";"E";"286";8;1638;0;2;"2024-08-06";;4238
"97221323BR195";"97213";"I";"234";3;4120;750;2;"2024-04-02";;4348
"97221324BR021";"97213";"E";"109";8;1620;0;5;"2024-06-04";"2025-10-22";3062
"97221324BR036";"97213";"I";"215";8;1641;5645;2;"2024-11-19";;6958
"97221324BR096";"97213";"S";"484";6;1656;3827;5;"2024-10-08";"2024-12-16";8772
"9733022410010";"97302";"RS";"45";3;1528;0;5;"2024-06-14";"2024-07-25";3402
"9733022410019";"97302";"BT";"741";8;1912;0;2;"2024-07-15";;42998
"9733042310082";"97304";"AL";"55";8;1442;0;2;"2024-01-27";;3824
"9733042410022";"97304";"BV";"42";3;4403;70085;2;"2024-05-22";;592701
"9733072310175";"97307";"DA";"119";3;3508;0;2;"2024-03-07";;5125
"9733092410012";"97309";"AR";"288";8;3900;0;2;"2024-07-12";;10023
"9733092410072";"97309";"AR";"408";8;3078;215;2;"2024-12-24";;33991
"9733102410001";"97310";"CD";"39";6;2169;6819;2;"2024-05-27";;34934
"9733112420017";"97311";"AL";"1092";4;3559;0;2;"2024-07-29";;0
"9733112420080";"97311";"AI";"577";3;2178;0;2;"2024-11-13";;2910
"97440124A0021";"97401";"AS";"1333";4;3578;0;2;"2024-11-14";;7560
"97440723A0096";"97407";"AZ";"108";8;1126;421;2;"2024-06-26";;2000
"97440724A0004";"97407";"AX";"38";8;2306;0;2;"2024-05-27";;7578
"97440724A0017";"97407";"AZ";"45";8;5090;19699;2;"2024-07-03";;42116
"97440724A0055";"97407";"AV";"17";3;1686;222;2;"2024-08-05";;997
"97440724A0064";"97407";"AZ";"14";3;1403;1028;5;"2024-11-21";"2025-02-03";7082
"97440923A0234";"97409";"AL";"2299";4;8850;0;2;"2024-05-30";;90874
"97441023A0250";"97410";"AS";"1112";4;7557;0;2;"2024-03-21";;13701
"97441123A0347";"97411";"AW";"784";3;5189;0;2;"2024-07-09";;4377
"97441123A0371";"97411";"BP";"586";8;1731;0;2;"2024-05-13";;2252
"97441124A0032";"97411";"AW";"920";4;1034;0;2;"2024-12-27";;6920
"97441124A0006";"97411";"AO";"755";4;1003;0;2;"2024-12-30";;31219
"9744122400019";"97412";"BK";"1857";4;2571;0;2;"2024-08-20";;4909
"97441324A0069";"97413";"DC";"1698";8;3500;0;5;"2024-10-30";"2025-09-12";4597
"97441423A0252";"97414";"DH";"972";3;3150;0;5;"2024-03-18";"2025-06-02";4496
"97441424A0008";"97414";"DH";"1530";3;2406;0;2;"2024-08-01";;3596
"97441523A0328";"97415";"CH";"2999";8;1322;0;2;"2024-02-01";;26593
"97441524A0116";"97415";"CT";"2975";3;3999;0;5;"2024-09-30";"2025-12-30";5476
"97441524A0207";"97415";"AB";"742";8;2058;0;5;"2024-10-25";"2025-02-17";11242
"97441524A0209";"97415";"AB";"740";6;3209;0;5;"2024-08-16";"2024-08-16";9389
"97441524A0378";"97415";"BH";"285";3;1070;0;2;"2024-12-12";;745
"97441623A0101";"97416";"CR";"617";8;12230;16001;5;"2024-02-26";"2024-07-01";84233
"97441623A0265";"97416";;;6;9868;0;2;"2024-02-29";;63598
"97441623A0266";"97416";"CR";"829";8;2794;0;2;"2024-04-19";;31799
"97441623A0357";"97416";"CR";"1176";6;5935;0;5;"2024-02-15";"2025-09-01";25253
"97441623A0438";"97416";"CR";"1311";8;2425;0;2;"2024-02-15";;5449
"97441623A0557";"97416";"CS";"1173";4;1950;0;5;"2024-05-30";"2024-08-26";3001
"97441624A0078";"97416";"CS";"1573";6;1681;0;2;"2024-06-20";;5410
"97441624A0084";"97416";"CS";"1530";6;2231;0;2;"2024-07-05";;2045
"97441624A0171";"97416";"DI";"88";3;1952;1140;2;"2024-11-22";;3420
"97441823A0177";"97418";"AW";"674";3;1002;370;5;"2024-04-03";"2025-11-10";800
"97441823A0181";"97418";"AX";"200";8;5646;0;2;"2024-03-04";;3541
"97441824A0015";"97418";"BH";"1045";3;1931;0;5;"2024-04-03";"2024-08-13";2810
"97441824A0083";"97418";"AT";"2287";8;19202;0;2;"2024-11-12";;34616
"97441824A0087";"97418";"BD";"361";8;4464;0;2;"2024-08-09";;7868
"97441824A0121";"97418";"AX";"12";4;4860;0;2;"2024-12-16";;11460
"97442221A0086";"97422";"EH";"252";3;1998;0;2;"2024-03-25";;944
"97442223A0574";"97422";"BW";"3311";4;1044;0;2;"2024-08-29";;3727
"97661123A0178";"97611";"BO";"1814";3;2484;0;2;"2024-03-13";;3501
"97661124A0011";"97611";"AH";"339";3;1891;0;5;"2024-08-07";"2025-03-25";778
"97661124A0012";"97611";"AE";"298";3;1882;0;2;"2024-08-07";;1485
"97661124A0082";"97611";"AE";"421";3;1073;0;2;"2024-11-22";;802
