{"type": "FeatureCollection", "features": [{"type": "Feature", "geometry": {"type": "MultiPolygon", "coordinates": [[[[-0.5769228992079403, 44.87722479362806], [-0.5769313961125432, 44.87729842360308], [-0.5781370992281293, 44.887319513648016], [-0.5785369029709484, 44.89281158654277], [-0.578857235171822, 44.89461281631536], [-0.5789876603404994, 44.89476903803609], [-0.5788758759037417, 44.89498444080238], [-0.5790855247485334, 44.89793205416793], [-0.5803263384874546, 44.909006573562394], [-0.5799760378016185, 44.9089628899624], [-0.5797161303906398, 44.90882526229814], [-0.5801198544486307, 44.908076804602956], [-0.5799804326568396, 44.907819929568916], [-0.5797732189008084, 44.907752705457085], [-0.5791011598216984, 44.90773471377309], [-0.5777349975840259, 44.90777062927246], [-0.5772095597576375, 44.90788399436471], [-0.5770649060572073, 44.90802204309528], [-0.5769748337333983, 44.90824034939832], [-0.5770479378302571, 44.90867060647561], [-0.5769606149057723, 44.908951913467675], [-0.5752175864031743, 44.909025172020925], [-0.5744455101399086, 44.908811190430285], [-0.5741301206496996, 44.90883756540057], [-0.5736867930353527, 44.90906543592457], [-0.5733235204905428, 44.90915643870943], [-0.5723647491406854, 44.90921702984492], [-0.5719415689038201, 44.90936313039495], [-0.5710823247172165, 44.90941329855519], [-0.5705271798806986, 44.90969792695239], [-0.5703167503900449, 44.91001833565925], [-0.5697371549478994, 44.91007842803944], [-0.5695764418279892, 44.91016380757281], [-0.5695227115650081, 44.910335875103236], [-0.5694756710796074, 44.91139007271036], [-0.5696624259760916, 44.91157423790323], [-0.5703939028256997, 44.91198693760547], [-0.5710505862844436, 44.91263907292417], [-0.5701475427314482, 44.91295831873452], [-0.5689513017540345, 44.91305535319954], [-0.5667956379937653, 44.913044398666095], [-0.5662644868841815, 44.9130091837123], [-0.5648686916019783, 44.91270070191444], [-0.5633411870648345, 44.91287410214595], [-0.5620317571899301, 44.91272684488202], [-0.5615342599103222, 44.91284194108986], [-0.560977806782202, 44.91366642101054], [-0.5603100266864427, 44.91407627861714], [-0.5599020727490056, 44.91412360500605], [-0.5582536666364191, 44.913771765530434], [-0.5574859686263138, 44.91376661929756], [-0.5564016111019003, 44.914048297827605], [-0.5550215805106982, 44.914808088963724], [-0.5535729231043223, 44.91518611906767], [-0.5528909197971505, 44.91473207246232], [-0.5525296456899512, 44.91435518515217], [-0.5518252950279976, 44.91396854110626], [-0.5514194925288574, 44.91396980290622], [-0.5510596965196484, 44.914096670217845], [-0.5506678792549505, 44.91435884833377], [-0.5504773828592439, 44.91461549000005], [-0.5506011358057041, 44.91596883600239], [-0.5478704507852248, 44.91669419952546], [-0.5464577690098635, 44.91395262075192], [-0.5452341504860062, 44.911852099276565], [-0.5437259348685027, 44.90887922077231], [-0.5431266607414762, 44.90788533041351], [-0.5409621389780315, 44.905159580939824], [-0.5389888650398069, 44.90162288302588], [-0.5383390938015361, 44.90000691679071], [-0.5365218875433392, 44.89413368225607], [-0.5368206915620776, 44.89418725052066], [-0.5435264450901713, 44.89390130707684], [-0.5436287481519753, 44.89459741457323], [-0.5451430320066052, 44.8945229313083], [-0.5455319756934365, 44.89441768080574], [-0.5458019982587199, 44.894517207202355], [-0.5462476832677021, 44.89452730500794], [-0.5496431912933244, 44.89428630187645], [-0.5493699418853025, 44.89375518581042], [-0.549251617216745, 44.89334799588472], [-0.5490169456702574, 44.89182336293447], [-0.5489580247095484, 44.8904111763406], [-0.5490284075068411, 44.88905884550023], [-0.5492820569864177, 44.887637567386626], [-0.549215513728861, 44.887387343734474], [-0.549269857329461, 44.887304493156265], [-0.5493886435297842, 44.88725833588185], [-0.5499035283399457, 44.884876977804915], [-0.553999618574354, 44.88589860646588], [-0.5550083777207313, 44.883312140141335], [-0.5580921434960191, 44.88394334540985], [-0.5593109429586959, 44.8841115574575], [-0.5598471907081307, 44.88409165613824], [-0.5602730566316878, 44.884010402235226], [-0.56064746885112, 44.8838974506913], [-0.5612239638772727, 44.88363291130627], [-0.5615533284639421, 44.88342947340797], [-0.5618220397171042, 44.88318922671708], [-0.561969680239052, 44.882998829100345], [-0.5622125785426901, 44.88247190776925], [-0.5624434866713589, 44.88213553659166], [-0.5624825588291583, 44.88127357910799], [-0.5626051668475966, 44.880709059895324], [-0.5638463490035734, 44.877458923559374], [-0.5686113425184077, 44.87720306180838], [-0.5689463764985283, 44.87704988869873], [-0.5690716400427513, 44.876946721489695], [-0.569252422609425, 44.87691927711616], [-0.5694592749821584, 44.87700275048245], [-0.5696256456144088, 44.877286704585174], [-0.5710699137688943, 44.878031550050615], [-0.5731578424522037, 44.87891067448066], [-0.5734948851468771, 44.87900797448273], [-0.5739565908708836, 44.87859474805348], [-0.5744237291544526, 44.878286792606296], [-0.5769228992079403, 44.87722479362806]]]]}, "properties": {"cleabs": "IRIS____0000000330630101", "code_insee": "33063", "nom_commune": "Bordeaux", "iris": "0101", "code_iris": "330630101", "nom_iris": "Le Lac 1", "type_iris": "A"}}, {"type": "Feature", "geometry": {"type": "MultiPolygon", "coordinates": [[[[-0.5738611308695667, 44.855067681548256], [-0.5722487851863785, 44.854321098031775], [-0.569985268024898, 44.85329623310997], [-0.5714384501935893, 44.85156230641155], [-0.5734275873037041, 44.85241752967588], [-0.5751399438094896, 44.84960270505798], [-0.5769126262603528, 44.85016291932925], [-0.5738611308695667, 44.855067681548256]]]]}, "properties": {"cleabs": "IRIS____0000000330630311", "code_insee": "33063", "nom_commune": "Bordeaux", "iris": "0311", "code_iris": "330630311", "nom_iris": "Chartrons-Grand Parc 11", "type_iris": "H"}}, {"type": "Feature", "geometry": {"type": "MultiPolygon", "coordinates": [[[[-0.6450806281724661, 44.77210810177498], [-0.6456219170904531, 44.772689634004124], [-0.647164149844014, 44.77627550157428], [-0.6467999964680119, 44.7766696293959], [-0.6462927270668276, 44.77704232960835], [-0.6454215158892262, 44.77753966279812], [-0.6452599150679893, 44.77822814476483], [-0.6445978630407255, 44.778419366089196], [-0.6375175978943753, 44.78126754724152], [-0.633285972538982, 44.783186403131424], [-0.6314336089302782, 44.78370046918717], [-0.6287315988860577, 44.78254164559955], [-0.6280503514765379, 44.782299885208374], [-0.6280394937101094, 44.782053294237784], [-0.6282064865344953, 44.78191533983349], [-0.6288028828528712, 44.78168581287462], [-0.6309257778698681, 44.78020848362132], [-0.6323739141314372, 44.779374208578325], [-0.6338268092371067, 44.77824233940217], [-0.633767877612748, 44.7781919989257], [-0.6337427817248843, 44.77803870551545], [-0.6337491811149819, 44.77663071786494], [-0.6336153676388591, 44.77563740582251], [-0.6338264632719826, 44.77357920169257], [-0.6338269452919161, 44.773195247000515], [-0.6343050776887011, 44.77333007283529], [-0.6363328934445871, 44.7736952327169], [-0.6390846363977761, 44.77363280937255], [-0.639473772433206, 44.7735262933922], [-0.6396549780387186, 44.773667246551184], [-0.6398410061419774, 44.77368727104952], [-0.6400212869442852, 44.77363808643107], [-0.640135059416739, 44.77353881344914], [-0.6401493627014174, 44.773310322553954], [-0.6420905786609714, 44.77288510702662], [-0.6429752182252513, 44.77288846367168], [-0.6434312015273993, 44.77283741629662], [-0.6449510783053747, 44.77225656792169], [-0.6450806281724661, 44.77210810177498]]]]}, "properties": {"cleabs": "IRIS____0000000331920101", "code_insee": "33192", "nom_commune": "Gradignan", "iris": "0101", "code_iris": "331920101", "nom_iris": "Zone d'Activités Bersol", "type_iris": "A"}}, {"type": "Feature", "geometry": {"type": "MultiPolygon", "coordinates": [[[[-0.5478704507852248, 44.91669419952546], [-0.5490251828949468, 44.919626966682614], [-0.5498809539379128, 44.92250439276225], [-0.5501469571004558, 44.923780193639814], [-0.5468008192170387, 44.92386726730668], [-0.5449629830465621, 44.92415395846147], [-0.5420878575251878, 44.92442773811503], [-0.5395726046473889, 44.92449440158403], [-0.53917188451258, 44.92431610353692], [-0.5385534164207239, 44.923863548414666], [-0.5368278187385375, 44.9238184698084], [-0.5363438567438741, 44.92573914012819], [-0.5322621917490006, 44.92544992967957], [-0.5324209230662236, 44.92436517635181], [-0.5305285685515372, 44.92400896212671], [-0.530165162654296, 44.9238384591367], [-0.5298617621386952, 44.923855311635855], [-0.5289136735587066, 44.923646605295765], [-0.5231499148648412, 44.92218389336832], [-0.5227712040236036, 44.92269790238728], [-0.5208402081933112, 44.92261312771285], [-0.5195992601170248, 44.92236586058418], [-0.5195187781592052, 44.92253874702002], [-0.5169892711391394, 44.92185100828978], [-0.5167488933204756, 44.92167927127582], [-0.5166765594787274, 44.92117325786852], [-0.5156551063818352, 44.92076398390781], [-0.5157421972461915, 44.920514285467156], [-0.5151458006428813, 44.92012670027186], [-0.5148999828165607, 44.91998937929593], [-0.5144045483071265, 44.91989690775678], [-0.5161493329939987, 44.918531271379145], [-0.5163689422553694, 44.91841256390653], [-0.5170362072539875, 44.91839323791704], [-0.518002862016213, 44.918556390550236], [-0.518504368286197, 44.91809889233361], [-0.5190345336785509, 44.91844169299525], [-0.519599804348889, 44.918737415210764], [-0.5199117822408117, 44.91782718091311], [-0.5200776669297261, 44.91705496100352], [-0.5211364992480002, 44.91002140429691], [-0.5220252886005878, 44.90440368748185], [-0.5221840821329169, 44.90303506583401], [-0.5226477018833334, 44.90024091742434], [-0.523225747324698, 44.89789646276962], [-0.5237336052477457, 44.896292352093035], [-0.5265643941230144, 44.88841841663477], [-0.5288436823144189, 44.88869746585803], [-0.5292238188360079, 44.88881515983114], [-0.5293979199403231, 44.88902321948094], [-0.5300347075360621, 44.88904893443023], [-0.5306077536658927, 44.889210057509665], [-0.5352556271736628, 44.88911079734253], [-0.5353582041308976, 44.890517082995466], [-0.5356693676754197, 44.8921348283423], [-0.5365218875433392, 44.89413368225607], [-0.5383390938015361, 44.90000691679071], [-0.5389888650398069, 44.90162288302588], [-0.5409621389780315, 44.905159580939824], [-0.5431266607414762, 44.90788533041351], [-0.5437259348685027, 44.90887922077231], [-0.5452341504860062, 44.911852099276565], [-0.5464577690098635, 44.91395262075192], [-0.5478704507852248, 44.91669419952546]]]]}, "properties": {"cleabs": "IRIS____0000000330320104", "code_insee": "33032", "nom_commune": "Bassens", "iris": "0104", "code_iris": "330320104", "nom_iris": "Ouest-Zones d'Activités-Quais", "type_iris": "A"}}, {"type": "Feature", "geometry": {"type": "MultiPolygon", "coordinates": [[[[-0.6028610381772809, 44.90860485471637], [-0.6044548023985326, 44.908044803687275], [-0.6060288969360343, 44.90725824261573], [-0.6070829265870855, 44.9065696701584], [-0.6100276806041638, 44.90418378653004], [-0.6068777664576898, 44.90172379272958], [-0.6082430519450291, 44.901183721345255], [-0.6098877162787344, 44.90068952756573], [-0.6116267841292519, 44.90028326798365], [-0.6157217336184155, 44.90042397449483], [-0.6168476603276005, 44.90040172100581], [-0.6210951016589852, 44.906144228381805], [-0.6212507443687938, 44.906472632439964], [-0.6211940612884553, 44.906537571901204], [-0.6212007405859267, 44.90664100328585], [-0.6214803871636887, 44.906827464364234], [-0.622058965363732, 44.907577399488986], [-0.6202898290316706, 44.90740256062411], [-0.6189458930491959, 44.90721293511173], [-0.6185241411123326, 44.90720234528383], [-0.6179353499269652, 44.90723685372733], [-0.6161332593315114, 44.90747491508391], [-0.6158668054689548, 44.90729612302284], [-0.6149076533824022, 44.907704094516326], [-0.6146461895427355, 44.907720718038284], [-0.6142915816864505, 44.907964795120314], [-0.6138632653796486, 44.907832726414945], [-0.6110654641238924, 44.907931860956204], [-0.6109483645520976, 44.90800416733431], [-0.6108953167893226, 44.90812576434556], [-0.6108187255204305, 44.90888624214247], [-0.6106120580776779, 44.909793353905876], [-0.610561904611451, 44.91009781909991], [-0.6107489213532435, 44.91018547251361], [-0.6107831868905261, 44.910264573384076], [-0.6107395671825246, 44.91037504823273], [-0.6106390898854339, 44.9104495175359], [-0.6107957651835946, 44.910617471295424], [-0.6118365516251245, 44.91118027954256], [-0.6122664621871471, 44.91135646842558], [-0.613843086749157, 44.91155392708667], [-0.6148126761889969, 44.911621510968665], [-0.6150476360497692, 44.911606651758525], [-0.6153420770992667, 44.9116880967515], [-0.6160580789006315, 44.911678302643956], [-0.6155324909407186, 44.91410998947977], [-0.615468338101012, 44.914334698412816], [-0.6153024302654251, 44.91461409395027], [-0.61790745007955, 44.91490329430943], [-0.6180528861961067, 44.9149751664256], [-0.6182521960330108, 44.91497768569905], [-0.6184140088726191, 44.9143991876825], [-0.6198617112730939, 44.914444840561465], [-0.6212933767703183, 44.91441889363462], [-0.6213787647878074, 44.91442512212908], [-0.6214706347273659, 44.914492427565946], [-0.621463997365966, 44.91464496369875], [-0.6215139103178219, 44.91469110487165], [-0.6224059940165886, 44.914834157514214], [-0.6229945908717966, 44.91607136975893], [-0.6231815492282964, 44.91662858356531], [-0.6232932131802633, 44.91668803152916], [-0.6235749410693288, 44.91741610418448], [-0.6237113367191834, 44.91754414509153], [-0.6241379087372464, 44.91888398141161], [-0.6272006848300273, 44.91869566453409], [-0.628024256104111, 44.918523653255946], [-0.6281273589148771, 44.9185878828843], [-0.6281776451163957, 44.91873765924084], [-0.6281382291870328, 44.918893069999676], [-0.6274300732321203, 44.9199274657995], [-0.6266884411318748, 44.92085659579641], [-0.6263988281297014, 44.92118421300669], [-0.6253610022559828, 44.92214373408876], [-0.6249332298081232, 44.92266963714571], [-0.624535260599406, 44.92302872588315], [-0.6244686006073408, 44.92350859227532], [-0.6243789786550106, 44.92373143502565], [-0.6230109447291751, 44.92641418396894], [-0.6225098229149149, 44.927337240168235], [-0.6215839227508321, 44.928755440454566], [-0.6209689991015053, 44.930470840059805], [-0.6189362452447954, 44.929898961734764], [-0.6178621341182531, 44.92967167162641], [-0.617486817071979, 44.92963612605355], [-0.6170255523100208, 44.92966466644577], [-0.6161727579988888, 44.92979968706668], [-0.6154245308988509, 44.92970687370952], [-0.6148791464876809, 44.929552475119706], [-0.6141558892918887, 44.92919746377955], [-0.614825315479291, 44.92836360919576], [-0.6062156209512498, 44.927595255783075], [-0.6075764402885924, 44.92462996725367], [-0.6078459399665589, 44.9237316349949], [-0.6078938833378099, 44.92329385074361], [-0.6076510732956866, 44.92230039920424], [-0.606323004165204, 44.918516637205904], [-0.6063076243008283, 44.91813949486002], [-0.6061901489880048, 44.91787111906014], [-0.6062073973330555, 44.91766596551697], [-0.6058795704623139, 44.91726291686421], [-0.6048519960861642, 44.914302185910685], [-0.6048930026117082, 44.91389437248842], [-0.6053004218669557, 44.91287260133121], [-0.6052666229012271, 44.91244558547713], [-0.6052467048857543, 44.912411983086734], [-0.6050817533290946, 44.9124110292555], [-0.6049122977872642, 44.912359749117144], [-0.6047289390593081, 44.91219085099378], [-0.6042387508244492, 44.91220135441936], [-0.6037193167486574, 44.9121515170611], [-0.6029444704044061, 44.912035157540515], [-0.6029007710433788, 44.91192751935339], [-0.6028864419832093, 44.910717552748466], [-0.6029582394389615, 44.90871616446367], [-0.6028610381772809, 44.90860485471637]]]]}, "properties": {"cleabs": "IRIS____0000000330560106", "code_insee": "33056", "nom_commune": "Blanquefort", "iris": "0106", "code_iris": "330560106", "nom_iris": "Zone Industrielle", "type_iris": "A"}}, {"type": "Feature", "geometry": {"type": "MultiPolygon", "coordinates": [[[[-0.5045835045640406, 44.86958491371121], [-0.5047389408972012, 44.86825880593974], [-0.5060717283455731, 44.86800851942045], [-0.5090027994312235, 44.86689027131409], [-0.5198540120461531, 44.86415291049861], [-0.5213201323108042, 44.86378825572394], [-0.522842614695755, 44.86373632240471], [-0.5227334318311053, 44.8641570605485], [-0.5218658427132367, 44.86517415744994], [-0.5212128683718418, 44.86585548595685], [-0.5209449427817998, 44.86623079039587], [-0.5206355505721342, 44.866813792471646], [-0.5202049528671361, 44.867262749951216], [-0.5185206936491025, 44.868515710990835], [-0.5183594256274675, 44.86871278721013], [-0.5182432873380796, 44.86900306186122], [-0.5171180388858316, 44.86872239996645], [-0.5169179220294676, 44.868764791932655], [-0.5167238679318268, 44.8689241516775], [-0.5164473959526316, 44.8688806417583], [-0.5161857890703989, 44.86881142561787], [-0.5153329863155721, 44.8684491128937], [-0.5145210480011279, 44.86819274630588], [-0.5139765853693335, 44.86795764465492], [-0.5137506304769827, 44.86793145433659], [-0.5127943734084649, 44.86818343348002], [-0.5123502966297871, 44.87015947025844], [-0.5120935455824752, 44.8709778033742], [-0.5109558471463611, 44.87540009731231], [-0.5106457952059869, 44.87644091509249], [-0.5104329238728705, 44.87717133797934], [-0.5104161282503642, 44.877429621641674], [-0.5105522250766096, 44.87802463630911], [-0.5107439583359612, 44.87817178092791], [-0.5108519048707134, 44.87811429225847], [-0.511455262665925, 44.87797263639597], [-0.5125941525639484, 44.877577905850615], [-0.5141463425937898, 44.87779192871709], [-0.5142491275431272, 44.87785446421401], [-0.5142741670966228, 44.8780113873509], [-0.5140234567483762, 44.878865584816076], [-0.5136011163548341, 44.87904388205184], [-0.5136643412275509, 44.87928431249783], [-0.5136216504939801, 44.879877775065886], [-0.5162719211239626, 44.8799344341799], [-0.5170094356501438, 44.87993089316493], [-0.5171993588686955, 44.87988702270876], [-0.5172392010953983, 44.8800777234539], [-0.5173899613456885, 44.88017748913696], [-0.5175008692636198, 44.88018749276927], [-0.5170183726452048, 44.88167089773256], [-0.5169114300851521, 44.8821690654335], [-0.5169358377824124, 44.88251797197395], [-0.5169829088559228, 44.882722863737655], [-0.5171371227120466, 44.88291805176679], [-0.5171641953820814, 44.88306679926888], [-0.5170478131161652, 44.88329309273357], [-0.5168713825944132, 44.88339060932135], [-0.5168714354056798, 44.88353300312923], [-0.5169178903012497, 44.88358650666198], [-0.5173884042513837, 44.88381222759026], [-0.5178718845933026, 44.884487253447354], [-0.5169179119643594, 44.884678805748166], [-0.5158274177673206, 44.88477553798794], [-0.5129232924324778, 44.884737710295724], [-0.5127818330919927, 44.88490801457291], [-0.5125387368753315, 44.88509505355248], [-0.512161441586485, 44.88526470868072], [-0.5118326918673509, 44.88533909809668], [-0.5114119427577819, 44.88536142160663], [-0.5101891602968851, 44.885289245629856], [-0.5094523933483849, 44.88536661667019], [-0.5087257781663423, 44.88558605677668], [-0.5087141466858737, 44.88588653528254], [-0.508615328300705, 44.886232127744535], [-0.5082213682847144, 44.886378863613245], [-0.507804438830145, 44.886827335899476], [-0.5067425616371741, 44.88754492371807], [-0.5056376975184248, 44.88814309307328], [-0.505103766599415, 44.888586237040585], [-0.5047883254236678, 44.888427666550065], [-0.5044953237832704, 44.88826297939999], [-0.5049959785851258, 44.88749013689544], [-0.5054979768352282, 44.886454990850766], [-0.5074525801360806, 44.88008461873281], [-0.5057667071035357, 44.87971971203361], [-0.506561941641716, 44.879078148135655], [-0.5070410918686751, 44.87883499709505], [-0.5075360939233412, 44.87868326847322], [-0.5079687133641884, 44.878608311550394], [-0.5084376539243836, 44.8785871798602], [-0.5090728811101801, 44.87865091191392], [-0.509535305500222, 44.87876877136224], [-0.5072279478872752, 44.87454464312433], [-0.5070319916792866, 44.874349861566934], [-0.5064560250237838, 44.87348936297199], [-0.5061761738999572, 44.872945751702154], [-0.5059454393362204, 44.87219420694865], [-0.5053527148734421, 44.870943100982146], [-0.5045835045640406, 44.86958491371121]]]]}, "properties": {"cleabs": "IRIS____0000000332490110", "code_insee": "33249", "nom_commune": "Lormont", "iris": "0110", "code_iris": "332490110", "nom_iris": "Z.I. Quatre Pavillons-La Gardette", "type_iris": "A"}}, {"type": "Feature", "geometry": {"type": "MultiPolygon", "coordinates": [[[[-0.526615548223201, 44.80612983050878], [-0.5273737383983995, 44.80471692571024], [-0.5271278851719278, 44.8033819328518], [-0.526586724621272, 44.80177876171326], [-0.5253144155798449, 44.79665256128785], [-0.5230644767902121, 44.791715160105305], [-0.5257271054039082, 44.791005936036576], [-0.5277023199647509, 44.790717770200594], [-0.5285140056760291, 44.79080548083183], [-0.5297914504890382, 44.79107481584812], [-0.5301604921107516, 44.791066664963886], [-0.530615509672129, 44.7911981659213], [-0.5311527270478471, 44.791227911889806], [-0.5311215805997537, 44.79032948966981], [-0.5326547151512657, 44.79019681156482], [-0.5327859233608007, 44.78992857182738], [-0.5332231991354404, 44.78957667353238], [-0.5332655390021902, 44.78924367536177], [-0.5354290760907556, 44.78963699390466], [-0.5360737452043649, 44.788015858862664], [-0.5364428362189089, 44.786581055488995], [-0.5465711676568115, 44.7893764745572], [-0.5501094399519597, 44.78839078592371], [-0.5517163922391101, 44.787745381818475], [-0.5528434164229699, 44.79105911531284], [-0.5531108151555292, 44.79262588962352], [-0.5533514131520785, 44.79332834368367], [-0.5529895617368304, 44.79339041460642], [-0.5525317566887324, 44.79385660728202], [-0.5519415724382194, 44.794190955366155], [-0.5487140208204259, 44.795712888247294], [-0.547691369883195, 44.79625482375181], [-0.5461709049797787, 44.79687125917618], [-0.5448329217899921, 44.79735115840364], [-0.5433359827558446, 44.797759518877655], [-0.5423430653384734, 44.798272513980876], [-0.542324394632263, 44.7983578259097], [-0.5419309654850564, 44.79836138787103], [-0.541134804141608, 44.798582395084594], [-0.5407323280560249, 44.798763783025585], [-0.5404286892306785, 44.79898707335481], [-0.5395668265348572, 44.79838644901834], [-0.5389443581035847, 44.79859197932922], [-0.5379910874628051, 44.798810770354706], [-0.5371871465382131, 44.79890852939292], [-0.5364277880232747, 44.798910231612254], [-0.5335661685186415, 44.8021954338637], [-0.5331330764306943, 44.80275628205259], [-0.5323422696524255, 44.80399002583373], [-0.5316589250625916, 44.80469853206694], [-0.5304997683979096, 44.8055510647432], [-0.5273407332566392, 44.80763882979197], [-0.526615548223201, 44.80612983050878]]]]}, "properties": {"cleabs": "IRIS____0000000330390110", "code_insee": "33039", "nom_commune": "Bègles", "iris": "0110", "code_iris": "330390110", "nom_iris": "Zone d'Activités", "type_iris": "A"}}, {"type": "Feature", "geometry": {"type": "MultiPolygon", "coordinates": [[[[-0.7161697943619997, 44.87044806526671], [-0.7169429400566067, 44.87002648170651], [-0.7220517672604763, 44.86730533503859], [-0.7230226583728314, 44.86696179885804], [-0.7232468057521106, 44.86684431384049], [-0.7233490984916471, 44.866876934782255], [-0.7234825524748801, 44.866863442861316], [-0.7239454257254421, 44.86671450982807], [-0.7252732278518546, 44.86676457721786], [-0.7254811148803432, 44.86674587970654], [-0.7262956614961105, 44.86637691784431], [-0.7267755708230453, 44.86621748573008], [-0.7274737164656965, 44.86615707832291], [-0.7277802202021098, 44.866172919681325], [-0.728371870097127, 44.866283734425316], [-0.7294902572163272, 44.86663462614792], [-0.730029284160821, 44.86686888264504], [-0.730029588211969, 44.86773145896109], [-0.7297979039873581, 44.86813583894211], [-0.7302564776872594, 44.86839893839921], [-0.7306579992656035, 44.86871893644618], [-0.7316743060681558, 44.86987814256035], [-0.7320655917598661, 44.87010113514266], [-0.7328203468323738, 44.870414652989], [-0.7330234198117742, 44.8705520366643], [-0.7331617299187962, 44.870744778396286], [-0.7333487926568641, 44.871289207805056], [-0.7334145858469153, 44.87136360866013], [-0.7334817111517324, 44.87170566484996], [-0.7337423697031636, 44.8718320964381], [-0.7337745988312286, 44.87195449659494], [-0.7340331928660258, 44.872126064434305], [-0.7345157340576227, 44.87267226656733], [-0.7353633147756202, 44.87614998636515], [-0.7356404474062154, 44.877665741893686], [-0.7360128499238121, 44.878632072105674], [-0.7362359937200542, 44.878994113587495], [-0.7366089698512142, 44.879435836999235], [-0.7369183910839132, 44.88008430633337], [-0.7369903510209713, 44.8801368656902], [-0.7373505099792375, 44.8810900854917], [-0.7367889158286914, 44.88116668277357], [-0.735938627833514, 44.881210632338615], [-0.7346563312798177, 44.88156385565226], [-0.7342285565497765, 44.881822516045084], [-0.7335568029889845, 44.88241567154145], [-0.7333348376297462, 44.88254752479099], [-0.7332326657628451, 44.882574396793395], [-0.7329150452308298, 44.88256434935576], [-0.7318844565101346, 44.88271888791575], [-0.7316494260504334, 44.882825939167105], [-0.7314843518091552, 44.88314606041548], [-0.7320011861720502, 44.883539697923794], [-0.7321615000290101, 44.88375784190299], [-0.732187159722742, 44.883895786962114], [-0.7320970470589231, 44.88456130965942], [-0.731923645020727, 44.88477535233922], [-0.7318137153880432, 44.88502872267952], [-0.731755778767519, 44.88553001882113], [-0.7318665205241325, 44.88627982444517], [-0.7318267989926853, 44.88646413420936], [-0.7280652498185406, 44.88744141771636], [-0.7275734977288896, 44.88767335613179], [-0.726892910286004, 44.888078382512404], [-0.7238118557651408, 44.890465807368535], [-0.7210735064631295, 44.89297685409431], [-0.7201842008518545, 44.89297060799803], [-0.7194707228575136, 44.89301524816448], [-0.7181737697757867, 44.8929424247437], [-0.7179071129282074, 44.892860320478434], [-0.7177710983201699, 44.89291264728963], [-0.7170394103204282, 44.89289298487994], [-0.7154879764670845, 44.892500562370074], [-0.7140972599568138, 44.892083813345785], [-0.712797911844442, 44.8915720547095], [-0.7128916277361348, 44.89107228063581], [-0.7129901665705523, 44.889802599388325], [-0.7127900954966794, 44.88950013167274], [-0.7143398512970581, 44.88856676997357], [-0.7155544115148016, 44.88774195147504], [-0.7156638940047448, 44.88771034484604], [-0.7142998958896967, 44.88677623979498], [-0.7132202408430104, 44.88611472696091], [-0.713406667035512, 44.885981400835725], [-0.7125124800805831, 44.885286636527354], [-0.7116682180618179, 44.88456045212946], [-0.711707257644884, 44.88447982869085], [-0.7147765623068576, 44.88258257144904], [-0.7147202167838, 44.88253578500891], [-0.7209180702395999, 44.87874532476142], [-0.7191099776686155, 44.87713394498118], [-0.7218302800756232, 44.87541221582631], [-0.7161460471492072, 44.870721064599934], [-0.7161153919435961, 44.870640970853714], [-0.7161697943619997, 44.87044806526671]]]]}, "properties": {"cleabs": "IRIS____0000000334490110", "code_insee": "33449", "nom_commune": "Saint-Médard-en-Jalles", "iris": "0110", "code_iris": "334490110", "nom_iris": "Zone d'Activités (Snpe)", "type_iris": "A"}}, {"type": "Feature", "geometry": {"type": "MultiPolygon", "coordinates": [[[[-0.7579632955829387, 44.86625075165956], [-0.7584243454945289, 44.86705987859321], [-0.7664738635819768, 44.865130206551406], [-0.7734070551075554, 44.864305125745744], [-0.7744240911578079, 44.864238081154895], [-0.788757961638185, 44.86308158751212], [-0.7908424880074917, 44.863882912371935], [-0.8075083934284236, 44.8709866050839], [-0.8082306582789675, 44.87178568690974], [-0.810125303444047, 44.87470965262506], [-0.8106254008762546, 44.875372128358975], [-0.8133764815760995, 44.87944025185235], [-0.8074510793199281, 44.8829373885995], [-0.8072507242067403, 44.883198454327285], [-0.8070143768035049, 44.88335889713337], [-0.7926441110696696, 44.890782553263065], [-0.782150680570527, 44.88880152752], [-0.7778373853011342, 44.88673644438377], [-0.7756184166686761, 44.88652801813849], [-0.7723639136969903, 44.88645660460676], [-0.7702472240132392, 44.88633563429167], [-0.770900128414738, 44.888163970542415], [-0.7703863402395176, 44.88900888478219], [-0.7703032342082444, 44.88939479108306], [-0.7695529516597107, 44.8893436577572], [-0.7670415357988596, 44.88904854249867], [-0.7669079824102573, 44.88908011621623], [-0.7667125980355226, 44.889342736186805], [-0.7660523110474168, 44.889215514248306], [-0.760475798077501, 44.88851673867121], [-0.7607273639303399, 44.88742747643206], [-0.758391026750465, 44.887472362190394], [-0.7579315653000736, 44.88740859937546], [-0.75601962647394, 44.88746700748404], [-0.7555599853809181, 44.88745732286467], [-0.755130708281935, 44.88738982315026], [-0.7535590612971735, 44.88213125828575], [-0.7516132126227953, 44.882703617284385], [-0.750040232082115, 44.88014914638659], [-0.7515057714211272, 44.87899274526984], [-0.7506926544755175, 44.877809704860375], [-0.7507182075720978, 44.87767994693913], [-0.7506478145866925, 44.877537207387014], [-0.7499264113820018, 44.87723259134362], [-0.7498071180258222, 44.87705995625934], [-0.7497200601203458, 44.87680060286596], [-0.7497197325997632, 44.876549135140976], [-0.749873760995562, 44.87638799550137], [-0.750160772574435, 44.87624399421025], [-0.7501676521013593, 44.87613830286029], [-0.7500856410831014, 44.875973421817726], [-0.750287294697199, 44.87591793366373], [-0.7503391036157702, 44.8758206388082], [-0.7505465927012068, 44.87581452762484], [-0.7507147099545803, 44.875655614602884], [-0.750989477889924, 44.87561297693742], [-0.7511303668675708, 44.87548292570983], [-0.7513585123925867, 44.87548242420937], [-0.7513503963675702, 44.87534208669676], [-0.7511734030943215, 44.875178614607954], [-0.7511318099606535, 44.87495468112339], [-0.751420532263437, 44.87447621462979], [-0.7514223560162244, 44.87431390854329], [-0.7512748845569919, 44.87408003417464], [-0.7513232766299173, 44.873798977328505], [-0.7512706476856043, 44.87371332481003], [-0.751205546836519, 44.87311882688055], [-0.7512645873977054, 44.872940164895766], [-0.7516848718459311, 44.87264743633608], [-0.7531087605903019, 44.872122466610826], [-0.753432365328045, 44.871881674342355], [-0.7537841012692548, 44.871493007962926], [-0.7539805748614083, 44.87111410006945], [-0.754089540185399, 44.870753475584664], [-0.7543739363053135, 44.870343650072726], [-0.7545273880752053, 44.870269053189205], [-0.7548960702737106, 44.87032327790382], [-0.7550537343995599, 44.87031163283146], [-0.7554628927891737, 44.87019412904335], [-0.7559462413192066, 44.870181374109336], [-0.7561723788661541, 44.870132256556545], [-0.7563189044796623, 44.86991637814972], [-0.7563357099763534, 44.86971300337554], [-0.756245262499545, 44.869365436621095], [-0.7562729748061141, 44.868794839533464], [-0.756189208842532, 44.868698525827234], [-0.7557952451617199, 44.86856944739829], [-0.755709312775231, 44.868459686330276], [-0.7557048092409236, 44.86799473777773], [-0.7557964124037128, 44.86769689282467], [-0.7563745952396655, 44.86711306915318], [-0.7567542819192877, 44.866820792684095], [-0.7579632955829387, 44.86625075165956]]]]}, "properties": {"cleabs": "IRIS____0000000334490111", "code_insee": "33449", "nom_commune": "Saint-Médard-en-Jalles", "iris": "0111", "code_iris": "334490111", "nom_iris": "Zone d'Activités (CAEPE-Aérospatiale)", "type_iris": "A"}}, {"type": "Feature", "geometry": {"type": "MultiPolygon", "coordinates": [[[[-0.620476859996797, 44.789160185748834], [-0.6206176721142266, 44.789047433253664], [-0.6214090751349008, 44.78881788578022], [-0.6219280690122694, 44.78858371812931], [-0.6228311743852771, 44.78808463602655], [-0.6233386472534319, 44.78763273223529], [-0.6252307968209578, 44.78657494437323], [-0.6282378875186474, 44.78526341303949], [-0.6284877442724577, 44.78507587902676], [-0.6314336089302782, 44.78370046918717], [-0.633285972538982, 44.783186403131424], [-0.6375175978943753, 44.78126754724152], [-0.6445978630407255, 44.778419366089196], [-0.6452599150679893, 44.77822814476483], [-0.6458107247675768, 44.77852636633214], [-0.6501097251493227, 44.777851252973704], [-0.6511762370866596, 44.77777014331193], [-0.6511944274263085, 44.77746581397345], [-0.6520790704690569, 44.77740961604386], [-0.6532223474572784, 44.776971754052596], [-0.6542283108796818, 44.776816002502734], [-0.6553851475931687, 44.77674268738241], [-0.6558094040160688, 44.77682602563785], [-0.6564791954267154, 44.777182457177354], [-0.6582906749071268, 44.7775435499939], [-0.6590870000746581, 44.777860638293944], [-0.6602763607659099, 44.778111560567645], [-0.6614211839037735, 44.77818368621658], [-0.6628727930723213, 44.77816724573352], [-0.6642276375123977, 44.777656478895075], [-0.666239655984762, 44.77666789875875], [-0.6677195736806306, 44.77776444372361], [-0.669101784792187, 44.77759609909808], [-0.6697487651690085, 44.777989260556474], [-0.6772862191766212, 44.776259404831514], [-0.6788995773058221, 44.77705214939548], [-0.6826177403545777, 44.77906737774947], [-0.6823084917673309, 44.779175897977346], [-0.6818843615759269, 44.77940450209189], [-0.6793302598470365, 44.77794814936019], [-0.6736447113452877, 44.77918593084176], [-0.6717744344316874, 44.77963188160127], [-0.6633474291805589, 44.78222625068212], [-0.6633764215346846, 44.783156317859216], [-0.6635219142107819, 44.78461158699668], [-0.6636315064104595, 44.78520551471643], [-0.6636246065125168, 44.785449089659075], [-0.6632129979102203, 44.7860269030486], [-0.6630030145991479, 44.7862420419465], [-0.6618907644234294, 44.786827688916595], [-0.6613982155514054, 44.7872125912912], [-0.6607976051736448, 44.787803850424844], [-0.6601725810009578, 44.78870054631713], [-0.6601510132926093, 44.788758039623445], [-0.6602058979270603, 44.788803994666885], [-0.660207498810188, 44.78888685988393], [-0.6601307465796017, 44.788932656825295], [-0.6600042784009439, 44.78893413042729], [-0.6592888496762186, 44.7898617467155], [-0.6588605292331468, 44.790495072458256], [-0.6588350634789457, 44.79064823024028], [-0.6584568092596028, 44.791428612853636], [-0.6585100822747834, 44.791605308151425], [-0.6576452574787227, 44.7909777237667], [-0.6572496487453203, 44.7907528428978], [-0.6566617858919165, 44.789888085925085], [-0.6564422189608601, 44.78948975460749], [-0.6552205233037153, 44.787713980885876], [-0.6545888389487279, 44.786874996081806], [-0.6544170476367003, 44.78670491259838], [-0.6542452485358353, 44.78667092240561], [-0.6541344552258813, 44.78671873906102], [-0.6540001712468065, 44.78685295185805], [-0.6518143850160577, 44.78918812468721], [-0.6506830044224997, 44.79031955833171], [-0.6504012195530012, 44.79065780850537], [-0.6499074207557543, 44.79110308350395], [-0.6498520944319504, 44.791323015363744], [-0.6497355574687929, 44.791380029247726], [-0.6495028173482139, 44.79138228706046], [-0.6485515070261937, 44.79199403743475], [-0.6476020358557706, 44.79103569238845], [-0.647092915164127, 44.7906018116588], [-0.6464779469689446, 44.79017501731515], [-0.6453569544977632, 44.78949809067064], [-0.6440479308490253, 44.78888772310178], [-0.6429699769801128, 44.788483346425274], [-0.6420099567290983, 44.78819945933649], [-0.6412567716950432, 44.78802142658433], [-0.6396162328315635, 44.78776258449513], [-0.6382151262793385, 44.78766349369052], [-0.6366214110834191, 44.78767795826598], [-0.635195399092343, 44.7877806301942], [-0.620476859996797, 44.789160185748834]]]]}, "properties": {"cleabs": "IRIS____0000000333180120", "code_insee": "33318", "nom_commune": "Pessac", "iris": "0120", "code_iris": "333180120", "nom_iris": "Parc Industriel", "type_iris": "A"}}, {"type": "Feature", "geometry": {"type": "MultiPolygon", "coordinates": [[[[-0.5365218875433392, 44.89413368225607], [-0.5356693676754197, 44.8921348283423], [-0.5353582041308976, 44.890517082995466], [-0.5352556271736628, 44.88911079734253], [-0.5354087743450217, 44.88395709260193], [-0.5356372860668683, 44.882393360700526], [-0.5364124080142566, 44.880371503934896], [-0.5366544762174466, 44.880451211503086], [-0.5398976598711163, 44.88110396598556], [-0.542366112659169, 44.88155153875889], [-0.5426362262874116, 44.8807903738854], [-0.550894512301984, 44.88238755785247], [-0.5516634598423859, 44.88071726377913], [-0.5518542051026728, 44.880606614146856], [-0.5518395984186287, 44.88051605491288], [-0.5517478552355491, 44.880468520634274], [-0.5519812875657267, 44.879950940291806], [-0.5526460910673288, 44.87809831333224], [-0.553216174269039, 44.87563135601844], [-0.5535931355061899, 44.87453868293477], [-0.5538369502187885, 44.874285734387186], [-0.5545606311525169, 44.87290436766527], [-0.5545924767900582, 44.87090617045359], [-0.5546499749503756, 44.87059339636591], [-0.5545400478331861, 44.87049868107661], [-0.5545706202611667, 44.870421095278715], [-0.5546732084430691, 44.87037995644328], [-0.5549369461399716, 44.86800121325662], [-0.5534117385591418, 44.86601053472584], [-0.5494833129205661, 44.86471139708604], [-0.5505796554323767, 44.86287111833749], [-0.551306422867696, 44.86214037844615], [-0.5515858441842101, 44.861870072267074], [-0.5516284881619004, 44.86188312718604], [-0.5530904600450532, 44.86281777948525], [-0.5554520122662828, 44.861768778070406], [-0.5584765818238974, 44.86426291449096], [-0.5638188369957957, 44.86780643060392], [-0.5664541811709085, 44.869549510452266], [-0.5667903502820739, 44.869973112136634], [-0.5665573673647503, 44.870375352091855], [-0.5638463490035734, 44.877458923559374], [-0.5626051668475966, 44.880709059895324], [-0.5624825588291583, 44.88127357910799], [-0.5624434866713589, 44.88213553659166], [-0.5622125785426901, 44.88247190776925], [-0.561969680239052, 44.882998829100345], [-0.5618220397171042, 44.88318922671708], [-0.5615533284639421, 44.88342947340797], [-0.5612239638772727, 44.88363291130627], [-0.56064746885112, 44.8838974506913], [-0.5602730566316878, 44.884010402235226], [-0.5598471907081307, 44.88409165613824], [-0.5593109429586959, 44.8841115574575], [-0.5580921434960191, 44.88394334540985], [-0.5550083777207313, 44.883312140141335], [-0.553999618574354, 44.88589860646588], [-0.5499035283399457, 44.884876977804915], [-0.5493886435297842, 44.88725833588185], [-0.549269857329461, 44.887304493156265], [-0.549215513728861, 44.887387343734474], [-0.5492820569864177, 44.887637567386626], [-0.5490284075068411, 44.88905884550023], [-0.5489580247095484, 44.8904111763406], [-0.5490169456702574, 44.89182336293447], [-0.549251617216745, 44.89334799588472], [-0.5493699418853025, 44.89375518581042], [-0.5496431912933244, 44.89428630187645], [-0.5462476832677021, 44.89452730500794], [-0.5458019982587199, 44.894517207202355], [-0.5455319756934365, 44.89441768080574], [-0.5451430320066052, 44.8945229313083], [-0.5436287481519753, 44.89459741457323], [-0.5435264450901713, 44.89390130707684], [-0.5368206915620776, 44.89418725052066], [-0.5365218875433392, 44.89413368225607]]]]}, "properties": {"cleabs": "IRIS____0000000330630201", "code_insee": "33063", "nom_commune": "Bordeaux", "iris": "0201", "code_iris": "330630201", "nom_iris": "Bacalan 1", "type_iris": "A"}}, {"type": "Feature", "geometry": {"type": "MultiPolygon", "coordinates": [[[[-0.6571944709367477, 44.832530311418395], [-0.6525947255496053, 44.83304604029705], [-0.6533238429584496, 44.83278588282382], [-0.6544398541257194, 44.83220382691201], [-0.6543868981360289, 44.83216861906937], [-0.6544509078441022, 44.831984448255795], [-0.6540847482221316, 44.8304841447591], [-0.6539515254366967, 44.830344327987746], [-0.654010188080191, 44.83025316688742], [-0.6541270592251592, 44.83021957288689], [-0.6540978552934023, 44.82986812974716], [-0.6542260533965831, 44.82926905174142], [-0.6535724962483745, 44.82650469465019], [-0.6540329541487286, 44.82647690290202], [-0.6546492200490303, 44.8265079654777], [-0.6562906079280775, 44.82676119233168], [-0.6567079288048866, 44.82682944777193], [-0.6572655976174184, 44.82685521813163], [-0.6628385551716066, 44.82662799418503], [-0.6638859889305561, 44.826551026330925], [-0.6641722125061765, 44.82715264742135], [-0.6645090558396153, 44.828917973358095], [-0.6660634182007442, 44.8286899381579], [-0.6685097288789716, 44.82815657634709], [-0.6689820379449543, 44.82809678514258], [-0.6703471737672547, 44.82805521012278], [-0.6702303390261798, 44.82609334096454], [-0.670153367283375, 44.82590391191293], [-0.6703932729451417, 44.82579592609666], [-0.6707498223845574, 44.825554290816264], [-0.6719451498693623, 44.824001426572565], [-0.671962863163807, 44.82291657552865], [-0.672407301327945, 44.8216373307428], [-0.6727722837964033, 44.820285908418015], [-0.6739018532323581, 44.81999521645101], [-0.6755020690960138, 44.82763118648775], [-0.6765592487031057, 44.8327516010384], [-0.6767111411754703, 44.83414268774215], [-0.676694952064593, 44.835191443688906], [-0.6716936036168267, 44.834564904997876], [-0.6692380046354695, 44.834107204712495], [-0.6690465042495313, 44.834103626671606], [-0.6664823155447324, 44.83353409323751], [-0.6637330250595908, 44.83301928832006], [-0.6621967199925759, 44.8326716624222], [-0.66083078057901, 44.83241122528831], [-0.6594505700897371, 44.83230085794493], [-0.6571944709367477, 44.832530311418395]]]]}, "properties": {"cleabs": "IRIS____0000000332810402", "code_insee": "33281", "nom_commune": "Mérignac", "iris": "0402", "code_iris": "332810402", "nom_iris": "Zone Commerciale Chemin Long", "type_iris": "A"}}, {"type": "Feature", "geometry": {"type": "MultiPolygon", "coordinates": [[[[-0.5830484779311027, 44.84148854094052], [-0.582658942190716, 44.841518248493465], [-0.582152537147191, 44.840034010149374], [-0.5818513671808639, 44.838946906271076], [-0.5816399621178729, 44.838452634527954], [-0.5810923130805493, 44.836837241852855], [-0.5826129836760172, 44.836669161571805], [-0.5872209644972688, 44.836290384683025], [-0.5888520614733325, 44.83535347579228], [-0.5891866554439793, 44.836050136773615], [-0.5897690255997059, 44.836996537818706], [-0.5897875339404657, 44.83712752286672], [-0.5901667795366028, 44.83757128467501], [-0.5905713235329616, 44.83817284850493], [-0.5906981414053578, 44.83827419027627], [-0.589208607782307, 44.83875140705667], [-0.588728653473716, 44.838773247657805], [-0.5885813335392405, 44.83892582148698], [-0.5874337636438994, 44.839323452123224], [-0.5861910777702843, 44.84007653882927], [-0.5851071091418593, 44.84133188973029], [-0.5830484779311027, 44.84148854094052]]]]}, "properties": {"cleabs": "IRIS____0000000330631002", "code_insee": "33063", "nom_commune": "Bordeaux", "iris": "1002", "code_iris": "330631002", "nom_iris": "Saint-Bruno-Saint-Victor 2", "type_iris": "A"}}, {"type": "Feature", "geometry": {"type": "MultiPolygon", "coordinates": [[[[-0.7384554942430305, 44.82958514444726], [-0.742481815704709, 44.83039842996773], [-0.7474406980152132, 44.83121431130203], [-0.7538346125643992, 44.83249967881329], [-0.753761375598413, 44.83818695920496], [-0.7538910010893958, 44.84052337509362], [-0.7535873823281494, 44.84075718655519], [-0.7541861360643314, 44.84128043326661], [-0.7538900769585715, 44.84187362819294], [-0.7539705358379832, 44.84218637725135], [-0.754233985316112, 44.842450568572524], [-0.7548179693310688, 44.84265793886429], [-0.7550184059537524, 44.8428323241464], [-0.7549187046288356, 44.84333054137034], [-0.7550186191619865, 44.84351734359024], [-0.7551848102995157, 44.84365322875699], [-0.7556434895876495, 44.84371070684725], [-0.7558871536063559, 44.84383044727536], [-0.7560999939567019, 44.844190089326666], [-0.7557947956134956, 44.84457088056592], [-0.7557906322432271, 44.84494418118079], [-0.7560221994016308, 44.84520494210595], [-0.7567700118779084, 44.84549328508694], [-0.7570817674362476, 44.84583515370947], [-0.7570513055332911, 44.84642116359156], [-0.7569403602277761, 44.84669442623956], [-0.7562400225358354, 44.84662350457036], [-0.7543847328552394, 44.84665567569528], [-0.7531517114390403, 44.84904001843109], [-0.751782139867849, 44.84923147023687], [-0.7510892751015011, 44.84940542973207], [-0.7507970926672112, 44.849659576518455], [-0.7463921084282162, 44.850447502764055], [-0.7294445014767391, 44.84826863346954], [-0.7277238053666473, 44.84807680597999], [-0.7251728882484016, 44.84793717478906], [-0.7211115805040269, 44.84726049794532], [-0.7193179188457629, 44.84707549678347], [-0.716059647730887, 44.84788594429461], [-0.7086027417153677, 44.84991023691756], [-0.706000626721036, 44.85068401802286], [-0.7037390493178982, 44.851223738519245], [-0.7034340546869268, 44.85142139756405], [-0.7015050869776709, 44.85179854306457], [-0.6952179321709046, 44.85345568578698], [-0.6920545266040236, 44.854389332396316], [-0.6772252121784036, 44.8584889516447], [-0.6770585502594293, 44.85789870764972], [-0.6767145610084584, 44.8574450312205], [-0.6764090953261257, 44.85696033399668], [-0.6763709405530609, 44.856822796297614], [-0.6772775730470587, 44.85406627628035], [-0.6774784972959466, 44.853883859659206], [-0.6774211254519861, 44.85362708498636], [-0.6793877951332042, 44.84823601505643], [-0.6793141159571187, 44.848059098098176], [-0.6794060319411219, 44.84810832515926], [-0.6797471737809363, 44.84811323184071], [-0.6805011095570582, 44.8482883086077], [-0.6810000032570173, 44.84836098317309], [-0.6821464447424843, 44.84849327917316], [-0.6828942974371367, 44.84849819378111], [-0.6873729184757892, 44.84785818038772], [-0.6916774650212247, 44.847423869554255], [-0.6919211465056825, 44.84721837008997], [-0.6919582804731678, 44.847070219210536], [-0.6921763881862096, 44.846957504822626], [-0.6922616727120037, 44.84686723796745], [-0.6923268545686813, 44.846721758526215], [-0.6921599916366393, 44.84645781911575], [-0.6921322958356176, 44.84630641832583], [-0.6926607151560702, 44.843996775684616], [-0.6947927697463195, 44.844360205666995], [-0.6966146605803418, 44.843110657067875], [-0.6966918943040394, 44.843552433311274], [-0.6984470509835923, 44.84348310263776], [-0.6982789531289021, 44.841912299097324], [-0.7013991272079011, 44.83975860472966], [-0.7020202273305332, 44.84080143269515], [-0.7043038583814437, 44.84497942667612], [-0.7043846868910209, 44.8449947535558], [-0.704419946687081, 44.844818719019955], [-0.7045340046548583, 44.84470404657172], [-0.7049444297092301, 44.844626343176394], [-0.7153418184948532, 44.83887867000194], [-0.7158291675462379, 44.83871993186943], [-0.7164783102016694, 44.83838361575626], [-0.7166166350497745, 44.8383681641059], [-0.7171665475549042, 44.8381595526597], [-0.7172055279619645, 44.83802124407368], [-0.7179771938595985, 44.837775451302875], [-0.7165549162225888, 44.835330953754045], [-0.7172566618035456, 44.83408703443346], [-0.7220748676163927, 44.83266805743798], [-0.7283970422690362, 44.83396810124973], [-0.7290044879267842, 44.83371152604805], [-0.7295141029609942, 44.832535271672896], [-0.7338123856804663, 44.83341814428812], [-0.7348991196803616, 44.832807394748876], [-0.7355737596720919, 44.83236194218436], [-0.7364839567218807, 44.83105948808897], [-0.7371200708573089, 44.83054952584515], [-0.7384554942430305, 44.82958514444726]]]]}, "properties": {"cleabs": "IRIS____0000000332811501", "code_insee": "33281", "nom_commune": "Mérignac", "iris": "1501", "code_iris": "332811501", "nom_iris": "Marchegay", "type_iris": "A"}}, {"type": "Feature", "geometry": {"type": "MultiPolygon", "coordinates": [[[[-0.7261476855514494, 44.813512323265655], [-0.7261971214574237, 44.81376123025705], [-0.7272719498620981, 44.815398859798435], [-0.7283113273541219, 44.81741713360377], [-0.7298582598091861, 44.81988791932957], [-0.7336940764104218, 44.825505700248], [-0.7348622063300734, 44.82697789528533], [-0.7382808659909575, 44.82954957057387], [-0.7384554942430305, 44.82958514444726], [-0.7371200708573089, 44.83054952584515], [-0.7364839567218807, 44.83105948808897], [-0.7355737596720919, 44.83236194218436], [-0.7348991196803616, 44.832807394748876], [-0.7338123856804663, 44.83341814428812], [-0.7295141029609942, 44.832535271672896], [-0.7290044879267842, 44.83371152604805], [-0.7283970422690362, 44.83396810124973], [-0.7220748676163927, 44.83266805743798], [-0.7172566618035456, 44.83408703443346], [-0.7165549162225888, 44.835330953754045], [-0.7179771938595985, 44.837775451302875], [-0.7172055279619645, 44.83802124407368], [-0.7171665475549042, 44.8381595526597], [-0.7166166350497745, 44.8383681641059], [-0.7164783102016694, 44.83838361575626], [-0.7158291675462379, 44.83871993186943], [-0.7153418184948532, 44.83887867000194], [-0.7049444297092301, 44.844626343176394], [-0.7045340046548583, 44.84470404657172], [-0.704419946687081, 44.844818719019955], [-0.7043846868910209, 44.8449947535558], [-0.7043038583814437, 44.84497942667612], [-0.7020202273305332, 44.84080143269515], [-0.7013991272079011, 44.83975860472966], [-0.6982789531289021, 44.841912299097324], [-0.6984470509835923, 44.84348310263776], [-0.6966918943040394, 44.843552433311274], [-0.6966146605803418, 44.843110657067875], [-0.6947927697463195, 44.844360205666995], [-0.6926607151560702, 44.843996775684616], [-0.6941122070361976, 44.83777261323456], [-0.6941682906719319, 44.837354336829804], [-0.6941337600183417, 44.83696431582617], [-0.6941903827717105, 44.83670825844012], [-0.6942712480858426, 44.836570367171774], [-0.6945041609431731, 44.83647157493696], [-0.6944160258453269, 44.836383478203715], [-0.694521061821687, 44.8362664130858], [-0.694497042469477, 44.83605540399408], [-0.6942977067634304, 44.835624906507476], [-0.6942835845875067, 44.835391034839795], [-0.6944004554386823, 44.835184345283594], [-0.6946802925818486, 44.834990252367454], [-0.6949268095697826, 44.83363547279601], [-0.6943168298348678, 44.833759447331914], [-0.6934766813237768, 44.83385052583234], [-0.6924450943108104, 44.83388127532116], [-0.6923039875813845, 44.83391211193958], [-0.692099161312479, 44.83403339873175], [-0.6918554403414651, 44.83406404599002], [-0.6916572493726014, 44.83401656528411], [-0.69156019393199, 44.83394678987676], [-0.6914750165209514, 44.83380721781253], [-0.6914972567710769, 44.833625313357274], [-0.6909513821023551, 44.83368404314117], [-0.6877746525651421, 44.8333381769527], [-0.68763278394475, 44.83281743021037], [-0.687151761370236, 44.832899221439135], [-0.6859456330250115, 44.83275995890192], [-0.6836079326235363, 44.83259428603504], [-0.6863765206382714, 44.83220394754247], [-0.6859845915307262, 44.83094162219333], [-0.6883008577310772, 44.830280552058724], [-0.6876920484295785, 44.82947700310543], [-0.687512551116358, 44.82946314381071], [-0.6874282884729646, 44.82937581498846], [-0.6874864938242662, 44.82922065655651], [-0.6869154691728917, 44.828104895916674], [-0.686631144936537, 44.827709661787146], [-0.6848456517699764, 44.82460722485482], [-0.6895688521033436, 44.82293865217675], [-0.697370666601936, 44.819543074953884], [-0.697554591207226, 44.81983617662767], [-0.6975523119126991, 44.8202824026023], [-0.6981507255043279, 44.82025433075772], [-0.6984531212144474, 44.82009642772253], [-0.6984741883164561, 44.81991636352305], [-0.6988860793896248, 44.81982510879077], [-0.6988735606362146, 44.819481224667435], [-0.6996098662310917, 44.81904745916891], [-0.6993138114316239, 44.818724753833216], [-0.7007231354892905, 44.81805040239398], [-0.7024922319126098, 44.81730182607169], [-0.7034048728128953, 44.81700815735168], [-0.709623022721399, 44.815291445963226], [-0.7115343877314165, 44.814533451619845], [-0.7125867042106107, 44.814227817284056], [-0.7133347415286921, 44.813878286740454], [-0.7134927615755889, 44.81391265126074], [-0.7137248632939058, 44.81384178324071], [-0.7139341192077239, 44.8138275619812], [-0.7144805826771853, 44.813895778690295], [-0.7149230260979755, 44.81388455731854], [-0.7190945064934625, 44.81318405768841], [-0.7207518718177044, 44.81295268102086], [-0.7218524397921926, 44.8129941489959], [-0.7256999230636292, 44.81357694660015], [-0.7260225255405315, 44.81355348476392], [-0.7261476855514494, 44.813512323265655]]]]}, "properties": {"cleabs": "IRIS____0000000332811502", "code_insee": "33281", "nom_commune": "Mérignac", "iris": "1502", "code_iris": "332811502", "nom_iris": "Zone Aéroportuaire", "type_iris": "A"}}, {"type": "Feature", "geometry": {"type": "MultiPolygon", "coordinates": [[[[-0.6926607151560702, 44.843996775684616], [-0.6921322958356176, 44.84630641832583], [-0.6921599916366393, 44.84645781911575], [-0.6923268545686813, 44.846721758526215], [-0.6922616727120037, 44.84686723796745], [-0.6921763881862096, 44.846957504822626], [-0.6919582804731678, 44.847070219210536], [-0.6919211465056825, 44.84721837008997], [-0.6916774650212247, 44.847423869554255], [-0.6873729184757892, 44.84785818038772], [-0.6828942974371367, 44.84849819378111], [-0.6821464447424843, 44.84849327917316], [-0.6810000032570173, 44.84836098317309], [-0.6805011095570582, 44.8482883086077], [-0.6797471737809363, 44.84811323184071], [-0.6794060319411219, 44.84810832515926], [-0.6793141159571187, 44.848059098098176], [-0.6791079019622319, 44.847909110105874], [-0.6780654136651783, 44.84758406104628], [-0.677826597340164, 44.847419829686864], [-0.6775465136899075, 44.8471091512245], [-0.6773300493975268, 44.8469766250003], [-0.677259827471129, 44.846871697209494], [-0.6773484689085717, 44.846638924309794], [-0.677237640107724, 44.84626224589081], [-0.6768801680281432, 44.845814428859555], [-0.6764450381111721, 44.84545751339284], [-0.6760502031084945, 44.845212825869226], [-0.6726803954719267, 44.843395664837104], [-0.6747593417165787, 44.84051201983779], [-0.6754462410195466, 44.83935541318594], [-0.6762425607655586, 44.837471425136826], [-0.6765369388067667, 44.836298980375496], [-0.676694952064593, 44.835191443688906], [-0.6767111411754703, 44.83414268774215], [-0.6765592487031057, 44.8327516010384], [-0.6755020690960138, 44.82763118648775], [-0.677419419961066, 44.827261168535955], [-0.6785526877171411, 44.8269477771148], [-0.6848456517699764, 44.82460722485482], [-0.686631144936537, 44.827709661787146], [-0.6869154691728917, 44.828104895916674], [-0.6874864938242662, 44.82922065655651], [-0.6874282884729646, 44.82937581498846], [-0.687512551116358, 44.82946314381071], [-0.6876920484295785, 44.82947700310543], [-0.6883008577310772, 44.830280552058724], [-0.6859845915307262, 44.83094162219333], [-0.6863765206382714, 44.83220394754247], [-0.6836079326235363, 44.83259428603504], [-0.6859456330250115, 44.83275995890192], [-0.687151761370236, 44.832899221439135], [-0.68763278394475, 44.83281743021037], [-0.6877746525651421, 44.8333381769527], [-0.6909513821023551, 44.83368404314117], [-0.6914972567710769, 44.833625313357274], [-0.6914750165209514, 44.83380721781253], [-0.69156019393199, 44.83394678987676], [-0.6916572493726014, 44.83401656528411], [-0.6918554403414651, 44.83406404599002], [-0.692099161312479, 44.83403339873175], [-0.6923039875813845, 44.83391211193958], [-0.6924450943108104, 44.83388127532116], [-0.6934766813237768, 44.83385052583234], [-0.6943168298348678, 44.833759447331914], [-0.6949268095697826, 44.83363547279601], [-0.6946802925818486, 44.834990252367454], [-0.6944004554386823, 44.835184345283594], [-0.6942835845875067, 44.835391034839795], [-0.6942977067634304, 44.835624906507476], [-0.694497042469477, 44.83605540399408], [-0.694521061821687, 44.8362664130858], [-0.6944160258453269, 44.836383478203715], [-0.6945041609431731, 44.83647157493696], [-0.6942712480858426, 44.836570367171774], [-0.6941903827717105, 44.83670825844012], [-0.6941337600183417, 44.83696431582617], [-0.6941682906719319, 44.837354336829804], [-0.6941122070361976, 44.83777261323456], [-0.6926607151560702, 44.843996775684616]]]]}, "properties": {"cleabs": "IRIS____0000000332811503", "code_insee": "33281", "nom_commune": "Mérignac", "iris": "1503", "code_iris": "332811503", "nom_iris": "Beaudésert", "type_iris": "A"}}, {"type": "Feature", "geometry": {"type": "MultiPolygon", "coordinates": [[[[-0.6772252121784036, 44.8584889516447], [-0.6769234148962733, 44.85850526393029], [-0.6758231710824122, 44.8588103158283], [-0.6750627793738229, 44.858886882533184], [-0.6665481526034006, 44.85828353160463], [-0.6622058149645326, 44.857706818298055], [-0.6636436277091409, 44.855894588100384], [-0.6682183947417991, 44.849579371407266], [-0.6726803954719267, 44.843395664837104], [-0.6760502031084945, 44.845212825869226], [-0.6764450381111721, 44.84545751339284], [-0.6768801680281432, 44.845814428859555], [-0.677237640107724, 44.84626224589081], [-0.6773484689085717, 44.846638924309794], [-0.677259827471129, 44.846871697209494], [-0.6773300493975268, 44.8469766250003], [-0.6775465136899075, 44.8471091512245], [-0.677826597340164, 44.847419829686864], [-0.6780654136651783, 44.84758406104628], [-0.6791079019622319, 44.847909110105874], [-0.6793141159571187, 44.848059098098176], [-0.6793877951332042, 44.84823601505643], [-0.6774211254519861, 44.85362708498636], [-0.6774784972959466, 44.853883859659206], [-0.6772775730470587, 44.85406627628035], [-0.6763709405530609, 44.856822796297614], [-0.6764090953261257, 44.85696033399668], [-0.6767145610084584, 44.8574450312205], [-0.6770585502594293, 44.85789870764972], [-0.6772252121784036, 44.8584889516447]]]]}, "properties": {"cleabs": "IRIS____0000000332811504", "code_insee": "33281", "nom_commune": "Mérignac", "iris": "1504", "code_iris": "332811504", "nom_iris": "Z.I. du Phare", "type_iris": "A"}}, {"type": "Feature", "geometry": {"type": "MultiPolygon", "coordinates": [[[[-0.788757961638185, 44.86308158751212], [-0.7984475346481305, 44.86224187989165], [-0.8017904781431703, 44.86204805020262], [-0.8074746837366555, 44.86150517830112], [-0.8097577792230446, 44.86141958669172], [-0.8152094541117189, 44.860906834022785], [-0.816713836164046, 44.860701850810585], [-0.8208451069451356, 44.859337352471634], [-0.8263482402888449, 44.857780258421904], [-0.8371164858191784, 44.85546037832952], [-0.8531075890379564, 44.848786406193405], [-0.8540816761716495, 44.848467717318506], [-0.8547968992635127, 44.847977735435], [-0.8548887585383794, 44.84807910598511], [-0.8570585315031504, 44.8485282902978], [-0.8735841922805209, 44.85173560989194], [-0.8788043104359181, 44.855867389948884], [-0.8807707878834475, 44.85730939584678], [-0.8811589914141448, 44.85751666299662], [-0.8812411716885293, 44.85756877454055], [-0.8831564156198601, 44.87566823361002], [-0.8830195152742475, 44.87607145689041], [-0.8840987534577679, 44.8855068450806], [-0.8840238261958696, 44.88572491014407], [-0.8740485824247138, 44.88497291683132], [-0.866182035186626, 44.88427279657706], [-0.8427484796769003, 44.89557008787316], [-0.8427888265748381, 44.895714720216034], [-0.842369663568302, 44.89694523787532], [-0.8369885912497734, 44.91225528229678], [-0.8369971419525002, 44.91254704546206], [-0.8363828171536508, 44.91339487035819], [-0.8347989016720867, 44.918076548029745], [-0.8345586756094853, 44.91853374857356], [-0.833909533894411, 44.92048789594973], [-0.833650109621169, 44.92235286780237], [-0.8332832289253622, 44.922646773797595], [-0.8331313212246878, 44.923356924588624], [-0.8326543655843189, 44.924193674364304], [-0.8323813723883543, 44.9250630462039], [-0.8217701870733966, 44.924562441157626], [-0.8065148312391172, 44.920652355224554], [-0.8060955812549938, 44.92062526033859], [-0.7984728654558865, 44.918693150360056], [-0.7803094018029958, 44.91709462904148], [-0.771876356362431, 44.91644575275955], [-0.7650450956178876, 44.91571129919666], [-0.7625469250669928, 44.91474226422323], [-0.7623766601864406, 44.914738118101134], [-0.7503875991518053, 44.910566531530655], [-0.7472349875286434, 44.908376290173564], [-0.7470144921955552, 44.90832243861702], [-0.7467147384992834, 44.908012569469555], [-0.745383122199865, 44.90704706713716], [-0.7450123376012643, 44.90700278830074], [-0.744867192728324, 44.90688059164388], [-0.7449942185649601, 44.90663654447551], [-0.7452058274181828, 44.90650051175554], [-0.7453086181224754, 44.906292434852425], [-0.7453704237535701, 44.905831555901706], [-0.7452163411319912, 44.90496783934224], [-0.745453400588512, 44.90470024979398], [-0.7455398569043282, 44.904779357210074], [-0.7480620558061438, 44.90575875187721], [-0.7490517644550063, 44.90464550123896], [-0.7497351277616058, 44.90496404117273], [-0.7504020963672202, 44.904885628583955], [-0.7507116675250085, 44.90475438790192], [-0.7511631759995473, 44.904374981928434], [-0.7513427219758841, 44.90406335233139], [-0.7516002361170497, 44.903798662952966], [-0.7523512384925269, 44.90315674846878], [-0.752817595056608, 44.90292375608117], [-0.7530369454450401, 44.90277122120156], [-0.7535516210962798, 44.902559126305896], [-0.7570525736023295, 44.90512227943932], [-0.758042467423786, 44.90497971176], [-0.7588477172090575, 44.904750545359605], [-0.7599781108660298, 44.904301243926014], [-0.760133152781465, 44.904192335443504], [-0.7608324490992142, 44.9039910794451], [-0.7683742698675522, 44.90143053291919], [-0.7718851287877138, 44.9001341076929], [-0.7736932778358967, 44.89937499289064], [-0.7738061337324614, 44.8993747620337], [-0.7741545420650803, 44.89923762624214], [-0.7737857319457716, 44.89863812913273], [-0.7733644104052461, 44.89769158338472], [-0.7763338998172841, 44.89826664117991], [-0.7767948785564786, 44.89821941064561], [-0.7773952874546073, 44.898020509116186], [-0.7807871708955783, 44.89763642945921], [-0.7814458699432464, 44.8982458615617], [-0.782332924595553, 44.89759639269465], [-0.7824018828710911, 44.89752824228798], [-0.7824353708845303, 44.89736665537635], [-0.7804963127291964, 44.8968585287978], [-0.780497554241895, 44.89621850668719], [-0.7864608367718391, 44.89395199349617], [-0.7870050323659669, 44.893672929242], [-0.7872441727259993, 44.89347728271215], [-0.7881898831246776, 44.89304119247604], [-0.7926441110696696, 44.890782553263065], [-0.8070143768035049, 44.88335889713337], [-0.8072507242067403, 44.883198454327285], [-0.8074510793199281, 44.8829373885995], [-0.8133764815760995, 44.87944025185235], [-0.8106254008762546, 44.875372128358975], [-0.810125303444047, 44.87470965262506], [-0.8082306582789675, 44.87178568690974], [-0.8075083934284236, 44.8709866050839], [-0.7908424880074917, 44.863882912371935], [-0.788757961638185, 44.86308158751212]]]]}, "properties": {"cleabs": "IRIS____0000000334490101", "code_insee": "33449", "nom_commune": "Saint-Médard-en-Jalles", "iris": "0101", "code_iris": "334490101", "nom_iris": "Zone Route du Porge", "type_iris": "D"}}, {"type": "Feature", "geometry": {"type": "MultiPolygon", "coordinates": [[[[-0.5501469571004558, 44.923780193639814], [-0.5498809539379128, 44.92250439276225], [-0.5490251828949468, 44.919626966682614], [-0.5478704507852248, 44.91669419952546], [-0.5506011358057041, 44.91596883600239], [-0.5504773828592439, 44.91461549000005], [-0.5506678792549505, 44.91435884833377], [-0.5510596965196484, 44.914096670217845], [-0.5514194925288574, 44.91396980290622], [-0.5518252950279976, 44.91396854110626], [-0.5525296456899512, 44.91435518515217], [-0.5528909197971505, 44.91473207246232], [-0.5535729231043223, 44.91518611906767], [-0.5550215805106982, 44.914808088963724], [-0.5564016111019003, 44.914048297827605], [-0.5574859686263138, 44.91376661929756], [-0.5582536666364191, 44.913771765530434], [-0.5599020727490056, 44.91412360500605], [-0.5603100266864427, 44.91407627861714], [-0.560977806782202, 44.91366642101054], [-0.5615342599103222, 44.91284194108986], [-0.5620317571899301, 44.91272684488202], [-0.5633411870648345, 44.91287410214595], [-0.5648686916019783, 44.91270070191444], [-0.5662644868841815, 44.9130091837123], [-0.5667956379937653, 44.913044398666095], [-0.5689513017540345, 44.91305535319954], [-0.5701475427314482, 44.91295831873452], [-0.5710505862844436, 44.91263907292417], [-0.5703939028256997, 44.91198693760547], [-0.5696624259760916, 44.91157423790323], [-0.5694756710796074, 44.91139007271036], [-0.5695227115650081, 44.910335875103236], [-0.5695764418279892, 44.91016380757281], [-0.5697371549478994, 44.91007842803944], [-0.5703167503900449, 44.91001833565925], [-0.5705271798806986, 44.90969792695239], [-0.5710823247172165, 44.90941329855519], [-0.5719415689038201, 44.90936313039495], [-0.5723647491406854, 44.90921702984492], [-0.5733235204905428, 44.90915643870943], [-0.5736867930353527, 44.90906543592457], [-0.5741301206496996, 44.90883756540057], [-0.5744455101399086, 44.908811190430285], [-0.5752175864031743, 44.909025172020925], [-0.5769606149057723, 44.908951913467675], [-0.5770479378302571, 44.90867060647561], [-0.5769748337333983, 44.90824034939832], [-0.5770649060572073, 44.90802204309528], [-0.5772095597576375, 44.90788399436471], [-0.5777349975840259, 44.90777062927246], [-0.5791011598216984, 44.90773471377309], [-0.5797732189008084, 44.907752705457085], [-0.5799804326568396, 44.907819929568916], [-0.5801198544486307, 44.908076804602956], [-0.5797161303906398, 44.90882526229814], [-0.5799760378016185, 44.9089628899624], [-0.5803263384874546, 44.909006573562394], [-0.580357485142358, 44.9093156085719], [-0.5804854769102026, 44.90945298211951], [-0.5819604080258247, 44.90947120724637], [-0.5840633136312091, 44.90911494304084], [-0.5850676410758715, 44.90885449822728], [-0.5864440658789403, 44.90874065171272], [-0.5868400493799641, 44.90866567296457], [-0.5876759636906878, 44.90835025815106], [-0.5880669386304369, 44.908315994357295], [-0.5885212563382566, 44.908359896114284], [-0.590515754451085, 44.908926318365864], [-0.5925649869764634, 44.90931698769539], [-0.5941670553318483, 44.90928046548781], [-0.5952285458872385, 44.90916048010669], [-0.599057349921959, 44.90939425735709], [-0.5996140668993861, 44.90933385117883], [-0.6013256539955093, 44.90879075667902], [-0.6028610381772809, 44.90860485471637], [-0.6029582394389615, 44.90871616446367], [-0.6028864419832093, 44.910717552748466], [-0.6029007710433788, 44.91192751935339], [-0.6029444704044061, 44.912035157540515], [-0.6037193167486574, 44.9121515170611], [-0.6042387508244492, 44.91220135441936], [-0.6047289390593081, 44.91219085099378], [-0.6049122977872642, 44.912359749117144], [-0.6050817533290946, 44.9124110292555], [-0.6052467048857543, 44.912411983086734], [-0.6052666229012271, 44.91244558547713], [-0.6053004218669557, 44.91287260133121], [-0.6048930026117082, 44.91389437248842], [-0.6048519960861642, 44.914302185910685], [-0.6058795704623139, 44.91726291686421], [-0.6062073973330555, 44.91766596551697], [-0.6061901489880048, 44.91787111906014], [-0.6063076243008283, 44.91813949486002], [-0.606323004165204, 44.918516637205904], [-0.6076510732956866, 44.92230039920424], [-0.6078938833378099, 44.92329385074361], [-0.6078459399665589, 44.9237316349949], [-0.6075764402885924, 44.92462996725367], [-0.6062156209512498, 44.927595255783075], [-0.614825315479291, 44.92836360919576], [-0.6141558892918887, 44.92919746377955], [-0.6127550119758071, 44.930907735295605], [-0.6122103026007474, 44.93212237560949], [-0.6114707218227711, 44.932636729478936], [-0.611019887270036, 44.93302452343893], [-0.61025733571182, 44.93412816373901], [-0.6094717653057773, 44.93503245768552], [-0.6087634000090146, 44.935756681661005], [-0.6071514450331718, 44.93693295245327], [-0.6058741173600662, 44.93770987809477], [-0.6021028330514648, 44.93587460513336], [-0.6014576053451742, 44.93566749667206], [-0.6003105602322608, 44.93509540133214], [-0.6002192305100693, 44.93515514271408], [-0.5996700104617827, 44.93513869119112], [-0.598750528614085, 44.93542264602703], [-0.5983976232903508, 44.93561794150614], [-0.5981963436203932, 44.93562536229057], [-0.5724377669804754, 44.934013298085546], [-0.5710511957114469, 44.93433637400754], [-0.5708901009703558, 44.93634870116627], [-0.5701807250042424, 44.937582819567346], [-0.568966152487197, 44.93738030128599], [-0.5681306354396591, 44.93713224909561], [-0.5672999139921703, 44.93701922856471], [-0.5669445828853017, 44.938693495339805], [-0.566604289752308, 44.939467802704556], [-0.5659137097073348, 44.94227582053854], [-0.5656765360740844, 44.94259707716475], [-0.5649765683313306, 44.9425258055689], [-0.5633662128737658, 44.942027684599466], [-0.5613270770659098, 44.94181096506722], [-0.5602952200010447, 44.94146910429422], [-0.5587702173085752, 44.941374658902575], [-0.5573515585485888, 44.94091627838123], [-0.5557530507919579, 44.94064298988878], [-0.5490698910930025, 44.938828819773455], [-0.550032258172393, 44.936372757968236], [-0.5503982080531488, 44.93487847644699], [-0.5506180011202566, 44.933120287351024], [-0.5506786434424257, 44.92975121274484], [-0.5504607033728355, 44.92893442071354], [-0.5504874487366805, 44.92673267260407], [-0.5502659515386021, 44.925478881091095], [-0.5501469571004558, 44.923780193639814]]]]}, "properties": {"cleabs": "IRIS____0000000330560107", "code_insee": "33056", "nom_commune": "Blanquefort", "iris": "0107", "code_iris": "330560107", "nom_iris": "Bords de Garonne", "type_iris": "D"}}, {"type": "Feature", "geometry": {"type": "MultiPolygon", "coordinates": [[[[-0.5260706364214401, 44.869773012852505], [-0.5260255699229472, 44.87024579237229], [-0.5257654492424689, 44.871067875452276], [-0.524839257405375, 44.872888058798026], [-0.5242839680853927, 44.87274437344215], [-0.5226774540368047, 44.87261243036903], [-0.52149598080889, 44.87234621159981], [-0.5204561692258395, 44.87223680788807], [-0.5204806096991917, 44.871939525954154], [-0.520683978233566, 44.87124182622155], [-0.5211924306828511, 44.870215408364274], [-0.521826733824258, 44.86941751258075], [-0.5233341431296622, 44.868033127139604], [-0.5236310640402596, 44.86783714298221], [-0.5236939258912658, 44.867506195581754], [-0.5239719066538151, 44.866867403676515], [-0.5241104253794543, 44.866994584930076], [-0.5246464267960291, 44.867840945079024], [-0.5252494403935186, 44.8685635074611], [-0.5252339628181409, 44.86868025877437], [-0.5257347919511923, 44.869228521608214], [-0.5259149717526422, 44.86959500781797], [-0.5260706364214401, 44.869773012852505]]]]}, "properties": {"cleabs": "IRIS____0000000332490109", "code_insee": "33249", "nom_commune": "Lormont", "iris": "0109", "code_iris": "332490109", "nom_iris": "ZUP", "type_iris": "H"}}, {"type": "Feature", "geometry": {"type": "MultiPolygon", "coordinates": [[[[-0.6772252121784036, 44.8584889516447], [-0.6920545266040236, 44.854389332396316], [-0.6952179321709046, 44.85345568578698], [-0.7015050869776709, 44.85179854306457], [-0.7034340546869268, 44.85142139756405], [-0.7037390493178982, 44.851223738519245], [-0.706000626721036, 44.85068401802286], [-0.7086027417153677, 44.84991023691756], [-0.716059647730887, 44.84788594429461], [-0.7193179188457629, 44.84707549678347], [-0.7192221188977039, 44.84800077266331], [-0.718671349546493, 44.850378027945695], [-0.718169572511088, 44.85339989494466], [-0.7136769727793573, 44.85455898141919], [-0.711808672997351, 44.854838732931505], [-0.7113379044445196, 44.8550780142231], [-0.7106215327178929, 44.85526331724287], [-0.7090357142650532, 44.85761293981315], [-0.7077343388600316, 44.85926351351338], [-0.7070904715414235, 44.86024044020496], [-0.7014027457054168, 44.863292965093336], [-0.69672117138059, 44.8657555445207], [-0.6945593246391907, 44.86674239709107], [-0.6941673242416903, 44.866987089782384], [-0.6940652852413055, 44.86743934691871], [-0.6942024500337857, 44.868579463313836], [-0.6943411929292415, 44.86880017534069], [-0.6931168658811647, 44.868666075417224], [-0.6919061286121311, 44.87010612384721], [-0.691446359474331, 44.87151757229132], [-0.6909304821386809, 44.87192230248682], [-0.692049398138971, 44.872957656313055], [-0.6917282896113246, 44.87304765635324], [-0.6907924229851988, 44.873773709234214], [-0.6903710577859092, 44.87409327220535], [-0.6902163223481945, 44.87470861501334], [-0.6890185781403813, 44.87559748640033], [-0.6883440028221063, 44.877522605499585], [-0.6870651212106496, 44.8774290027247], [-0.6869356057458569, 44.877348581237264], [-0.6858964580791955, 44.87719923009438], [-0.6833021924498206, 44.877034797641215], [-0.6831892880302501, 44.87651217293], [-0.6832630550740363, 44.87647727700306], [-0.6832661819425314, 44.87638974499839], [-0.6838062032647532, 44.875926566951236], [-0.6842805171668002, 44.8754087842788], [-0.6855875670233182, 44.87330766279766], [-0.6859356785338361, 44.87297252558484], [-0.6860733178062997, 44.87290666366179], [-0.6862133553799534, 44.87289660388004], [-0.6861230712425903, 44.87285363556823], [-0.6860662885487144, 44.872703198310674], [-0.6862631371999387, 44.872535322512235], [-0.6872478818578385, 44.871086627118906], [-0.6875182533794554, 44.87082256816315], [-0.6874765873612857, 44.87076716948953], [-0.6874979456900475, 44.870687143330315], [-0.684914493428614, 44.86969859201614], [-0.6845397611426263, 44.86962811449386], [-0.6836929785982258, 44.869626485942526], [-0.6841084335712468, 44.86917825634736], [-0.6842056837212113, 44.86899926991475], [-0.6845865106934417, 44.868544977536935], [-0.6836984559355144, 44.868204021202935], [-0.6835229499406429, 44.868175597580155], [-0.682275392483896, 44.868691100363336], [-0.681576004200956, 44.8686755514152], [-0.6816998421534154, 44.87058223892304], [-0.6810603388695753, 44.87128665557802], [-0.6809274803348618, 44.872352817055166], [-0.6808258627783256, 44.87254276097176], [-0.6777318775089122, 44.87171248376267], [-0.6772474812964472, 44.8715933396145], [-0.6770238207077172, 44.87158452757648], [-0.6769778986655625, 44.87152205576997], [-0.6766832570920736, 44.87145520686971], [-0.676446319626526, 44.87134047822196], [-0.6754067086961837, 44.87073678583635], [-0.675453780389919, 44.87054595029989], [-0.6744696326449051, 44.86616300262971], [-0.6777454567164729, 44.86650512627078], [-0.6779446670158231, 44.86658595064331], [-0.6784041941817007, 44.86667436856925], [-0.678381218858973, 44.86643988665773], [-0.6778520725186326, 44.86546327623924], [-0.6779398250008347, 44.865409893690405], [-0.6790064699318545, 44.865576425357226], [-0.6791927249078611, 44.865575657182035], [-0.6786496012704626, 44.86343861929357], [-0.67773773558867, 44.86017995221594], [-0.677510789217348, 44.85878593207536], [-0.6774115448091674, 44.85858642629215], [-0.6772252121784036, 44.8584889516447]]]]}, "properties": {"cleabs": "IRIS____0000000332000101", "code_insee": "33200", "nom_commune": "Le Haillan", "iris": "0101", "code_iris": "332000101", "nom_iris": "Baraillot", "type_iris": "H"}}, {"type": "Feature", "geometry": {"type": "MultiPolygon", "coordinates": [[[[-0.6682179275285937, 44.88962737895326], [-0.6686297784885262, 44.89121360723573], [-0.6685090060413287, 44.89295353803229], [-0.6683203348395441, 44.89297689809706], [-0.6683699003581041, 44.89348270256724], [-0.6690204374100169, 44.89445265401236], [-0.6692366693479486, 44.89552889321946], [-0.6675684231540525, 44.89555608012122], [-0.6665013624483241, 44.89535247898651], [-0.6659261956733271, 44.8954769284933], [-0.662854319942362, 44.895602664127175], [-0.6619947909582908, 44.895780639643945], [-0.6597211975725598, 44.89667491156646], [-0.6591990627276884, 44.896776846831045], [-0.6587625692625446, 44.89696698985728], [-0.6583482304109627, 44.89730241395767], [-0.6580305821703956, 44.89737056528972], [-0.6577337995706455, 44.89729201530594], [-0.6569971560698112, 44.896788114011194], [-0.6560989968105436, 44.896315665893624], [-0.6551610623786696, 44.89608877639526], [-0.6534653175091949, 44.89598596596863], [-0.6522639590858904, 44.89609489752692], [-0.6487936614866341, 44.89617836949717], [-0.6460936358328275, 44.895665909053804], [-0.6449694458729983, 44.895596472060966], [-0.6436742257950397, 44.89498284073131], [-0.6424433762649123, 44.8949303991161], [-0.6408040421153164, 44.894992287787275], [-0.639814008989806, 44.89511398229958], [-0.6389357446760319, 44.895316726707584], [-0.6378210813700438, 44.89046729871448], [-0.6377721087718028, 44.890181388405566], [-0.6378387473537687, 44.890035897528705], [-0.6377874832947972, 44.889949250024095], [-0.6379533791241478, 44.88998527297458], [-0.6385839441099211, 44.88993305954964], [-0.6404271017085849, 44.88996636175338], [-0.6405585873609404, 44.88992149080703], [-0.6410365058905997, 44.889920236136724], [-0.6412286683345173, 44.8893452103018], [-0.6412274448169755, 44.88909198423149], [-0.6412951246382964, 44.88890409558826], [-0.6422582172338458, 44.88799823304696], [-0.6422782057583111, 44.887856973811886], [-0.6421568456289789, 44.88755000643541], [-0.6422292886897933, 44.88729886962717], [-0.6467290388949153, 44.88905648382087], [-0.6484538278312734, 44.88941440612091], [-0.6482948139818441, 44.88884099357519], [-0.6501349772045301, 44.886860711062525], [-0.6508431662304048, 44.88578108723222], [-0.651374468958929, 44.884477444346054], [-0.6506638078529544, 44.88427188954304], [-0.6498418729894695, 44.88385638002873], [-0.6490956569734229, 44.88357176866853], [-0.6478150838190243, 44.88325784854585], [-0.6482374318431182, 44.88234446405007], [-0.6481337982354731, 44.88201799296009], [-0.6474128422347225, 44.880600503143214], [-0.6475463590937995, 44.87974888932138], [-0.648676134196635, 44.88031832998277], [-0.6491121463921078, 44.88045361132294], [-0.6496719323382856, 44.88056228816439], [-0.6508896216524471, 44.88068988062346], [-0.6518441133688335, 44.88090273165779], [-0.6540566593064437, 44.881842976917575], [-0.6542248045888965, 44.88199156447278], [-0.6549318942749843, 44.883057061837775], [-0.6555264439373009, 44.884146091398556], [-0.6563666055488572, 44.8851711468265], [-0.6564416926970914, 44.88538949420835], [-0.6566685030699912, 44.88548477146468], [-0.6577117781607198, 44.886610382818205], [-0.6578502965306287, 44.88673200156652], [-0.6582323157331429, 44.88695194974245], [-0.6596678747540324, 44.887598637004025], [-0.6622204335411421, 44.889409910301545], [-0.6625872573834398, 44.88955193181769], [-0.6629777154165407, 44.88964810652668], [-0.6638388483464143, 44.889787330580965], [-0.6640126892143924, 44.88969236216291], [-0.6641575355543358, 44.889716422909835], [-0.6642566549560172, 44.889778045609816], [-0.6644867982053239, 44.8898074019866], [-0.6682179275285937, 44.88962737895326]]]]}, "properties": {"cleabs": "IRIS____0000000331620101", "code_insee": "33162", "nom_commune": "Eysines", "iris": "0101", "code_iris": "331620101", "nom_iris": "Cantinolle", "type_iris": "H"}}, {"type": "Feature", "geometry": {"type": "MultiPolygon", "coordinates": [[[[-0.6965009966999905, 44.90772258148307], [-0.6955248708747671, 44.90836527945451], [-0.6948661881137566, 44.90874412962913], [-0.6940913217393125, 44.90932333247562], [-0.6942366206098085, 44.90943026420432], [-0.6948823666143418, 44.90958634159619], [-0.6951159417330186, 44.91035912725039], [-0.6950993060833768, 44.910741848051536], [-0.6950304971898196, 44.91089105586651], [-0.6948218780704422, 44.910978216868166], [-0.69430143489604, 44.911068541569975], [-0.6938740013231627, 44.91108816946407], [-0.693393140927686, 44.91102845245789], [-0.6932939033092382, 44.91106239868935], [-0.6933036712987557, 44.911903922599066], [-0.6935246582296513, 44.91265910367579], [-0.6944302587170841, 44.913889949919394], [-0.6945846292108231, 44.914249856055704], [-0.6944542380766132, 44.91481212270921], [-0.6941504372535865, 44.915380158015815], [-0.6939295855531816, 44.91560923393338], [-0.6931321555693131, 44.915905256838144], [-0.6920407026611863, 44.91605151264863], [-0.6918628003737538, 44.916085368626995], [-0.6917981801911203, 44.91614430117218], [-0.6917404138092598, 44.91611467475508], [-0.6907644770565159, 44.91637785668735], [-0.689274810403969, 44.91685368775537], [-0.6883743908472221, 44.91695390136014], [-0.6867230504423023, 44.91674644664394], [-0.6848583582095013, 44.91663167409521], [-0.6847468023642683, 44.91667142899158], [-0.6846128112163791, 44.9165821360899], [-0.6838130955959528, 44.916458144588645], [-0.6830424301887261, 44.91642872528693], [-0.6827402211417056, 44.916385569094416], [-0.679879556012834, 44.9156106146548], [-0.6792692037099567, 44.915510961387724], [-0.6743125802171548, 44.915115347566655], [-0.6732554436639769, 44.91522422919373], [-0.6725691065943846, 44.915203665846136], [-0.6720699814739625, 44.915097591130106], [-0.6718350184119325, 44.91499629991533], [-0.6714527799594652, 44.91460243982257], [-0.6710983087995385, 44.914419472297055], [-0.6696777961624141, 44.91399593178884], [-0.6687720047753779, 44.91391680074783], [-0.668781868806871, 44.91377676953986], [-0.668845331761097, 44.91377737679171], [-0.6688609921212967, 44.91374531302799], [-0.6689207870542475, 44.91167389662697], [-0.6688907693243829, 44.91140899783123], [-0.6689250029101025, 44.911331254185335], [-0.6688432687332845, 44.9111095250657], [-0.6689470616985524, 44.91067976945166], [-0.6689753748197861, 44.90923220944783], [-0.6689408513432878, 44.90915042843151], [-0.6690133463825961, 44.90907592712498], [-0.6689564268947166, 44.90886509558348], [-0.6689136734274725, 44.9082310753718], [-0.668974552467692, 44.906001894899106], [-0.6692476158942375, 44.906104635344896], [-0.6694988416076344, 44.90626127492675], [-0.6703935640798441, 44.90667695536904], [-0.6709233690333322, 44.90688477135874], [-0.6719657959645181, 44.90711529159586], [-0.6731111998203371, 44.90707830756354], [-0.6745058236776632, 44.9069348198166], [-0.6753848449154808, 44.90670382908428], [-0.6764009844487733, 44.90624295945526], [-0.6770854737667864, 44.906004875863545], [-0.677278077738433, 44.90604085947842], [-0.6773460853107144, 44.9059755141995], [-0.6773226786438467, 44.90590868990083], [-0.6776744250200802, 44.90577986703433], [-0.6785237122824992, 44.90511539556231], [-0.6794157574194656, 44.904542336853865], [-0.6806948459670072, 44.90377977980782], [-0.6811563917183743, 44.90358511357018], [-0.6813711883213992, 44.90351489862527], [-0.6818957075772264, 44.90344883376325], [-0.6839756310572817, 44.90337172678775], [-0.6844344053097469, 44.90344393212724], [-0.6854408688309299, 44.90370616411296], [-0.6862275740563591, 44.90382786547357], [-0.6895692671383425, 44.903998983495626], [-0.6913779190349575, 44.90432824097384], [-0.691561956659496, 44.90442667678901], [-0.6916166176619492, 44.9045249074428], [-0.691866203393181, 44.905618940650285], [-0.6921758793681023, 44.90614223338825], [-0.692577120285798, 44.90643804791534], [-0.6936183149025297, 44.90697576419204], [-0.6938192271380752, 44.907137630277845], [-0.69373819471663, 44.90733231061744], [-0.6950420344970629, 44.90738987775208], [-0.6965009966999905, 44.90772258148307]]]]}, "properties": {"cleabs": "IRIS____0000000335190101", "code_insee": "33519", "nom_commune": "Le Taillan-Médoc", "iris": "0101", "code_iris": "335190101", "nom_iris": "Centre Bourg", "type_iris": "H"}}, {"type": "Feature", "geometry": {"type": "MultiPolygon", "coordinates": [[[[-0.6466704691467228, 44.841798778991276], [-0.6470310551657923, 44.840524211518485], [-0.6470065112615977, 44.84030239944135], [-0.6467200387246103, 44.839519583854035], [-0.6466746237689965, 44.83922995994249], [-0.6469541776932599, 44.837098225797455], [-0.6471755401094238, 44.83713240536947], [-0.6500168572190638, 44.83707497686891], [-0.6504102172605256, 44.837182802722566], [-0.6522851730169115, 44.8379259252734], [-0.6529632775945629, 44.83859398285089], [-0.6529130317015448, 44.83861997284284], [-0.6529219616636465, 44.83873774832826], [-0.6529595202504747, 44.83876985911208], [-0.6531181702160643, 44.83877454751262], [-0.6536968435667432, 44.83945218572534], [-0.6537259340583307, 44.839899171229355], [-0.6536738598514286, 44.840850852513086], [-0.653603834191677, 44.84115689613034], [-0.653501395462662, 44.84121795367785], [-0.6534254321242209, 44.84121865346148], [-0.6514926878770332, 44.841147109907276], [-0.6510129941119676, 44.8411926450865], [-0.6508567619546408, 44.841147315611764], [-0.6505305105219938, 44.84131217613198], [-0.6502536209191665, 44.84137897253236], [-0.648207078248396, 44.84175905979414], [-0.6473550448246396, 44.84182583898247], [-0.6466704691467228, 44.841798778991276]]]]}, "properties": {"cleabs": "IRIS____0000000332810101", "code_insee": "33281", "nom_commune": "Mérignac", "iris": "0101", "code_iris": "332810101", "nom_iris": "Centre Ville 1", "type_iris": "H"}}, {"type": "Feature", "geometry": {"type": "MultiPolygon", "coordinates": [[[[-0.5173788300233919, 44.98819191489299], [-0.5132593722898157, 44.98797786093548], [-0.5124481753394138, 44.9878619891735], [-0.5080395971716829, 44.98757305831335], [-0.5074985515877842, 44.98530182628412], [-0.5018449939755122, 44.98473828504869], [-0.500144248054208, 44.97930859743118], [-0.4968628798333676, 44.96767305055804], [-0.4884980549086242, 44.96017525881321], [-0.4877512308631239, 44.95969940808284], [-0.48724202781672205, 44.95914580046035], [-0.48574308552231593, 44.95784276113734], [-0.4847953399560665, 44.95715599494674], [-0.4854171128576837, 44.95682647028088], [-0.4849086939606166, 44.95640711428766], [-0.480085626199053, 44.95551190726772], [-0.4800175731714402, 44.954722751150236], [-0.4797132264769774, 44.95474760197294], [-0.4790654622394696, 44.954454251474026], [-0.4785761882216565, 44.953667466147756], [-0.475662038926089, 44.95178493883019], [-0.4756413850634545, 44.9499173250144], [-0.47821399413248583, 44.946278754834765], [-0.47835484506719217, 44.94631940757733], [-0.47863172809960297, 44.94630262877577], [-0.4787470827411696, 44.94628009151277], [-0.4788436644300851, 44.94620046281361], [-0.4785290478614974, 44.94542533666479], [-0.47845097458654845, 44.94492399053325], [-0.4784928573866232, 44.94469917319573], [-0.4785999630826173, 44.94456423989897], [-0.4790657781694287, 44.94409543357085], [-0.4797593426411471, 44.94349331993638], [-0.48095741708647133, 44.94257618704477], [-0.4817342899760641, 44.94206968480092], [-0.4825848045224155, 44.94129860894629], [-0.48280170251589, 44.94105208151954], [-0.4831163674813093, 44.94107195830293], [-0.48458904729065994, 44.94181796856966], [-0.4853859938506719, 44.94212462728898], [-0.48569965874949994, 44.94212830607967], [-0.4857877437360151, 44.942218370140026], [-0.48595760765198937, 44.94225630036693], [-0.4861584226962666, 44.94246539566217], [-0.4864011080417682, 44.94308233897192], [-0.4865105288552006, 44.94325014082953], [-0.48736187236490686, 44.94406337830059], [-0.48833527675621374, 44.94471686386172], [-0.48923285616534795, 44.94508973339133], [-0.4898262524151547, 44.94526486469896], [-0.4906331893946873, 44.94344875296365], [-0.4916606666342468, 44.94132378875156], [-0.4917989246926508, 44.94095624390824], [-0.49194161766577277, 44.94031368121073], [-0.49578103080604474, 44.93168162580334], [-0.4964690591084569, 44.92973492404981], [-0.49668352987155157, 44.92971555588204], [-0.5002432360059971, 44.931478931920594], [-0.5036028305352345, 44.932493270668736], [-0.5060859673192686, 44.93330716156727], [-0.5069117786567036, 44.9344400980498], [-0.5074556488749916, 44.935000627333245], [-0.5080112350384295, 44.93546435100833], [-0.509078496864929, 44.93611559371214], [-0.5115286023349058, 44.93718817208515], [-0.512063274113212, 44.93632499804132], [-0.5122216745646649, 44.93563323848988], [-0.5123038965146798, 44.93496101091118], [-0.5135664985888135, 44.93538793334923], [-0.5144792094833486, 44.93555643745704], [-0.5149250372266343, 44.93570545927285], [-0.5153477837606533, 44.93599219986871], [-0.515918020924865, 44.936627561960876], [-0.517014308488016, 44.93749681800583], [-0.5173541042473595, 44.93771497883854], [-0.518008941226624, 44.93801959737149], [-0.5221795384115226, 44.93958992703142], [-0.5244175736077482, 44.94051213922774], [-0.5261277661910696, 44.94094996272643], [-0.5293232456795005, 44.94196065675298], [-0.5281094349222768, 44.94350250718574], [-0.5277594425958846, 44.94431303706603], [-0.5275651012574806, 44.94447151998894], [-0.5275582393860182, 44.945027814945824], [-0.5274892824916316, 44.94518231698843], [-0.5273333071823144, 44.94520439250302], [-0.5269811518049384, 44.94656565793534], [-0.5260527821055494, 44.95151690186564], [-0.5242582571485757, 44.951398082309396], [-0.5238248029723638, 44.95142805072923], [-0.5235241504157372, 44.95173319709528], [-0.5235075953218807, 44.9519139738724], [-0.5237395531453972, 44.95223197361256], [-0.5225751539216991, 44.953737941761744], [-0.5216550481114374, 44.95386083402049], [-0.5207802880610811, 44.95409944554489], [-0.5206920469119335, 44.95437171739312], [-0.5188932632824295, 44.954327747921916], [-0.5180382869409643, 44.955791420949126], [-0.5182513629456106, 44.959204950285326], [-0.5196188286711194, 44.95935181958512], [-0.5197809557219703, 44.96057870705956], [-0.5208003398342543, 44.96314475407838], [-0.5190651797070859, 44.96373415134297], [-0.5185230637050179, 44.96377384514073], [-0.5182647799209444, 44.963966779208675], [-0.5176465357731206, 44.9641891302202], [-0.518513921773485, 44.97213783657466], [-0.518565091090343, 44.97353858113614], [-0.5185732214471456, 44.97405204345499], [-0.5179913527826535, 44.97523939564694], [-0.5184433210490347, 44.97685547734362], [-0.5185273989307371, 44.97748640461674], [-0.5189356804073147, 44.98172114087515], [-0.5191107249196345, 44.98569919362465], [-0.518679472719932, 44.98568760589093], [-0.5162258597016418, 44.9852424893948], [-0.5173072668178031, 44.98778049764868], [-0.5173788300233919, 44.98819191489299]]]]}, "properties": {"cleabs": "IRIS____0000000330030101", "code_insee": "33003", "nom_commune": "Ambarès-et-Lagrave", "iris": "0101", "code_iris": "330030101", "nom_iris": "Chemin de la Vie", "type_iris": "H"}}, {"type": "Feature", "geometry": {"type": "MultiPolygon", "coordinates": [[[[-0.5367040606706236, 44.87985030260813], [-0.5364124080142566, 44.880371503934896], [-0.5356372860668683, 44.882393360700526], [-0.5354087743450217, 44.88395709260193], [-0.5352556271736628, 44.88911079734253], [-0.5306077536658927, 44.889210057509665], [-0.5300347075360621, 44.88904893443023], [-0.5293979199403231, 44.88902321948094], [-0.5292238188360079, 44.88881515983114], [-0.5288436823144189, 44.88869746585803], [-0.5265643941230144, 44.88841841663477], [-0.522460110089707, 44.88794670392295], [-0.5225994122887839, 44.887883702649034], [-0.5226372120495815, 44.887718477157236], [-0.5224140656581292, 44.88767779266593], [-0.5225124197115317, 44.88686175203158], [-0.5222890846257459, 44.88683819697679], [-0.5222409651830136, 44.88637468362686], [-0.5227468259615382, 44.88635502551596], [-0.5227368401089514, 44.885832622680304], [-0.5217251170650734, 44.885831381018896], [-0.5222884190699408, 44.885414257738475], [-0.5238125420817189, 44.88560110624154], [-0.5238978370264483, 44.885384804175224], [-0.5241259600685211, 44.885081053171355], [-0.5247655612042227, 44.88454703641838], [-0.5248482821464994, 44.88420914766169], [-0.5256713621334028, 44.883730582843555], [-0.5259909766891915, 44.88341040278953], [-0.5262477526439224, 44.88334096090498], [-0.5265932504872862, 44.883331786430325], [-0.5266984130475563, 44.883290592880016], [-0.5268169193108786, 44.8831390236797], [-0.526766355848428, 44.88293965332962], [-0.5261586990777349, 44.882468684304634], [-0.5260463659362885, 44.882335264297716], [-0.5259177586036188, 44.88204374269612], [-0.5258963772373201, 44.88166319683166], [-0.5259835335451434, 44.88125486946469], [-0.5263354976238728, 44.880461410032034], [-0.5264921001529497, 44.880169839593734], [-0.5265863173119993, 44.879712620361765], [-0.5267091415582722, 44.87954919787775], [-0.5268892461441886, 44.879429918312375], [-0.5268303607877863, 44.87938041879991], [-0.5273241476137995, 44.87918988565053], [-0.528121732683583, 44.87897256953557], [-0.5285722277178718, 44.87887983969648], [-0.5294795707982441, 44.87877528417436], [-0.5301840849945703, 44.87875107479483], [-0.5312594965186433, 44.878819604680615], [-0.5367040606706236, 44.87985030260813]]]]}, "properties": {"cleabs": "IRIS____0000000332490101", "code_insee": "33249", "nom_commune": "Lormont", "iris": "0101", "code_iris": "332490101", "nom_iris": "Cité Carriet 1", "type_iris": "H"}}, {"type": "Feature", "geometry": {"type": "MultiPolygon", "coordinates": [[[[-0.5887819173406496, 44.7788499629831], [-0.5901122335819131, 44.779926206936], [-0.5908323021454257, 44.78149176566441], [-0.5892181578112364, 44.781836972906696], [-0.5895002265926074, 44.78302378644795], [-0.5932467577395896, 44.78264008282219], [-0.5932801527820004, 44.78302383212034], [-0.5930114353378422, 44.783887829865485], [-0.5925479715200908, 44.784516607370364], [-0.5919055037106604, 44.785691032630226], [-0.591965503525333, 44.7858179658836], [-0.5918501646513861, 44.786943757477516], [-0.5907287495869419, 44.787119797110265], [-0.5890729849823504, 44.7872121950303], [-0.5873856443941424, 44.78756334644377], [-0.5869298954072538, 44.788373899978744], [-0.5867523916830861, 44.78947916496444], [-0.5847332877958582, 44.790642218230616], [-0.5847072686624941, 44.79098823667445], [-0.584509355591156, 44.791496632203284], [-0.5822242314829158, 44.79371007954729], [-0.5814317983596782, 44.79452247852259], [-0.5813545066146681, 44.79525588547827], [-0.5806703687046205, 44.795126583468196], [-0.5790805907657112, 44.797033598970394], [-0.5772352097236623, 44.7988442957123], [-0.5767122790185047, 44.79961731638035], [-0.5767865089876407, 44.79968972397842], [-0.5766079181537298, 44.800105553196666], [-0.57592675492099, 44.80067999501825], [-0.5749755761345433, 44.80212382927349], [-0.5741453106487668, 44.803180727167764], [-0.5739117084513161, 44.80396603266468], [-0.5736071931054, 44.80445260880023], [-0.5727868796570952, 44.805428062680456], [-0.5725638120896945, 44.805543401874424], [-0.571215794882079, 44.80250008914791], [-0.5706399697101333, 44.801088372166404], [-0.5697253112593077, 44.799403677364076], [-0.5681807492563229, 44.796609107487036], [-0.5680264654586495, 44.79611298662602], [-0.5668178686113212, 44.79093193104311], [-0.566517407200905, 44.78767372423027], [-0.5669230109632772, 44.78760389057401], [-0.5691650222741204, 44.786898127464745], [-0.5696958259478784, 44.78680712699293], [-0.5705856915456957, 44.78675051706267], [-0.5709671734467998, 44.786679643091176], [-0.5732114180474012, 44.78610981042247], [-0.5747042932900152, 44.785864286522234], [-0.5762471679112106, 44.78554953544783], [-0.5754511276732036, 44.78445498658645], [-0.5754004977941948, 44.784454817897945], [-0.5765576765457685, 44.78360815873285], [-0.5770941053241779, 44.78326819815447], [-0.5774396392760629, 44.78309031291443], [-0.577712288401447, 44.783159015758585], [-0.5779016052355315, 44.783131272704594], [-0.5779862675647085, 44.78316909447593], [-0.5780201713570682, 44.78330408669044], [-0.5782251884775967, 44.78346329380531], [-0.5783084168585221, 44.78349845795011], [-0.5784623715017074, 44.78349168327207], [-0.5794823639219898, 44.782995498444244], [-0.5798409900174523, 44.78270542874676], [-0.5810192171462657, 44.78215094314795], [-0.5816486185745391, 44.78217836416252], [-0.5824069967233345, 44.782263797039384], [-0.5825982046609426, 44.78220624370347], [-0.5826556096894739, 44.78215391798221], [-0.5827088460590032, 44.781798008825035], [-0.583523293088399, 44.7820285231999], [-0.5837448673752784, 44.78191140496328], [-0.5855794472720289, 44.7824621898492], [-0.5855085076960095, 44.78206433390843], [-0.5855317643063945, 44.781635491146545], [-0.585683999609251, 44.78116552333595], [-0.5859295629168377, 44.780789868831754], [-0.586501668806909, 44.78025674098097], [-0.5876777104016656, 44.779570670602965], [-0.587938930084601, 44.77951985287229], [-0.5880588316850215, 44.77935644977767], [-0.5887819173406496, 44.7788499629831]]]]}, "properties": {"cleabs": "IRIS____0000000335500101", "code_insee": "33550", "nom_commune": "Villenave-d'Ornon", "iris": "0101", "code_iris": "335500101", "nom_iris": "Croix de Leysotte-Chanteloiseau-Saint-Bris", "type_iris": "H"}}, {"type": "Feature", "geometry": {"type": "MultiPolygon", "coordinates": [[[[-0.6051797891542737, 44.858148795937154], [-0.6078784434285797, 44.85958152113934], [-0.6086445535902049, 44.85990810301777], [-0.6095612891451558, 44.86013334270697], [-0.6124537184475133, 44.86061601962773], [-0.6127404471084913, 44.86064093185726], [-0.6127144884189903, 44.86069044627726], [-0.6125997200115662, 44.86073834612978], [-0.612555389234258, 44.861211159121304], [-0.6122203485668208, 44.86189262033177], [-0.6116613269633303, 44.86214605345957], [-0.6115489468876582, 44.862664342550694], [-0.6113004708835377, 44.86311586024459], [-0.6110056450852688, 44.863536439735995], [-0.6105255154510046, 44.86403154580578], [-0.6098257867447684, 44.864954692053274], [-0.6084079242649442, 44.86472231697879], [-0.6079482139638014, 44.86472735251667], [-0.6076852935434314, 44.86477736055079], [-0.6065531986241739, 44.865343215281136], [-0.605461453694603, 44.86578787673437], [-0.6057484663130659, 44.866073267938226], [-0.6028884403694292, 44.867500062642414], [-0.6023009467505439, 44.867015323563606], [-0.6019086920396028, 44.866748661879804], [-0.6011599807113746, 44.865884306060565], [-0.6006765096755885, 44.86585493259107], [-0.6006359140992593, 44.86581479129743], [-0.6005765887441117, 44.86581851899533], [-0.6003997088409809, 44.86560975518916], [-0.5998792362269201, 44.86516158494399], [-0.6011981469432017, 44.8651953941202], [-0.6012188005049561, 44.86458906674451], [-0.6011445263829877, 44.86390560705668], [-0.6008223938625941, 44.86257857030838], [-0.6017344220298607, 44.86192077859803], [-0.6008407559191871, 44.86130447378791], [-0.5999924363755852, 44.860821882172445], [-0.5996716200860813, 44.86052225351655], [-0.5992984983143034, 44.85996024800346], [-0.6034633563202163, 44.85873000345949], [-0.6051797891542737, 44.858148795937154]]]]}, "properties": {"cleabs": "IRIS____0000000330690101", "code_insee": "33069", "nom_commune": "Le Bouscat", "iris": "0101", "code_iris": "330690101", "nom_iris": "Jean Moulin", "type_iris": "H"}}, {"type": "Feature", "geometry": {"type": "MultiPolygon", "coordinates": [[[[-0.5738757182321208, 44.80867348855931], [-0.5739727259213021, 44.80938234416644], [-0.5739165015475809, 44.810647702425875], [-0.5739148721113443, 44.810741484461005], [-0.573573562961278, 44.81098861421999], [-0.5730001508010243, 44.81109001266931], [-0.571284672729325, 44.81117052803684], [-0.5673660327754293, 44.81256385105219], [-0.5672111452304851, 44.81237777195669], [-0.5666157564749084, 44.81251228852402], [-0.5664878694231865, 44.81247224221642], [-0.5660029610071816, 44.8126518679634], [-0.565347235925328, 44.812553995683395], [-0.5650623261463139, 44.81267311011907], [-0.5649115808853565, 44.81293120671774], [-0.5645693290607221, 44.81310443579414], [-0.5643304633815858, 44.813111215030474], [-0.5644083323080282, 44.81328084833266], [-0.5595540246245381, 44.81248151182917], [-0.5595984564807296, 44.812643209255725], [-0.5594025145024316, 44.812608043895075], [-0.5593909717481826, 44.81260571080183], [-0.5591476470581797, 44.81140316073097], [-0.5587813021739567, 44.810117140489425], [-0.5572542515546272, 44.80561581568147], [-0.5575121041119212, 44.805589515373704], [-0.5578560325134291, 44.805683019588024], [-0.5583865070417554, 44.806063435803345], [-0.5589464848353315, 44.806369902343825], [-0.5591417209705163, 44.806394275558176], [-0.5593659872374817, 44.806357333390785], [-0.5596693991477707, 44.806770269830125], [-0.5605436631090734, 44.80762089627604], [-0.560671753736464, 44.807684374514956], [-0.5606822804100338, 44.80777055516498], [-0.5610547186425502, 44.80797398654613], [-0.5614726946849664, 44.80831654679841], [-0.5619389104534662, 44.808800852474384], [-0.5622744281983866, 44.80928034438794], [-0.5634165330530602, 44.8089633498604], [-0.5644793395105299, 44.80873360973234], [-0.5654010845083929, 44.8091338572347], [-0.5662919270378963, 44.80958556126234], [-0.5664098853697415, 44.809588976103804], [-0.5688569015039497, 44.81026275694244], [-0.5694478869404681, 44.81015901155089], [-0.5694397712067681, 44.810031296419105], [-0.5700479423051575, 44.80948087909517], [-0.5738757182321208, 44.80867348855931]]]]}, "properties": {"cleabs": "IRIS____0000000330390101", "code_insee": "33039", "nom_commune": "Bègles", "iris": "0101", "code_iris": "330390101", "nom_iris": "La Castagne-La Ferrade", "type_iris": "H"}}, {"type": "Feature", "geometry": {"type": "MultiPolygon", "coordinates": [[[[-0.5327128000708464, 44.816324082400286], [-0.5352731254508634, 44.82053050785069], [-0.537595974305219, 44.82281042869355], [-0.5346969047023186, 44.82429168209618], [-0.5351022761078762, 44.82455543594091], [-0.5366109997953231, 44.82597092190859], [-0.5364714027910411, 44.82616733642184], [-0.5333254085082522, 44.82787362037929], [-0.5342422084151075, 44.82825446276746], [-0.5371637291053296, 44.82996106740521], [-0.5430039384942243, 44.83312000770532], [-0.5480006018623983, 44.83568740495511], [-0.5470737313485038, 44.83673455304405], [-0.5421330555537587, 44.84174112132445], [-0.5414220963965574, 44.84235864147625], [-0.5422632400881363, 44.84097361499753], [-0.5424070943455677, 44.84086447687937], [-0.5426819783211871, 44.84080432634674], [-0.5427825504885968, 44.84049108792947], [-0.5427629237025431, 44.83979866288464], [-0.5425686449149026, 44.839148767584916], [-0.5420616274309744, 44.838420539544146], [-0.5415305252922161, 44.83779221491015], [-0.5408693547973615, 44.83723022637378], [-0.5405083753397936, 44.8369894049065], [-0.5388086755922674, 44.83604688794554], [-0.5371277180995573, 44.83658718010591], [-0.5368216232707516, 44.836935806245144], [-0.5367874612730075, 44.837036932673534], [-0.53267614846203, 44.83645599597617], [-0.5302787931754634, 44.83626016364374], [-0.53027647713401, 44.835820436958485], [-0.530179632495881, 44.83550899040126], [-0.5294855548890717, 44.83569059974152], [-0.529014601375878, 44.835734426453996], [-0.5293323695489071, 44.835248464916624], [-0.5292219323878972, 44.835143831915005], [-0.5292574723250791, 44.834943529176904], [-0.5290507283552354, 44.83451571584968], [-0.5285646919869517, 44.83387598814521], [-0.5284969070660839, 44.83386552772033], [-0.5276738218930761, 44.83288053522479], [-0.5271169342612216, 44.832443128844396], [-0.5269824561916762, 44.83247985016562], [-0.5267491385829706, 44.832374617095255], [-0.526566304345442, 44.83212538423306], [-0.5264431813416005, 44.83218157080409], [-0.5256407110327793, 44.83126169967537], [-0.5264530165730954, 44.8308861947511], [-0.5272293524876089, 44.830180176136615], [-0.5266959450102894, 44.829894329431234], [-0.5256157831313363, 44.829513211969946], [-0.524682916186119, 44.82909766227005], [-0.5234924352716932, 44.82845146675886], [-0.5229105266954179, 44.828058096154656], [-0.5216138460344696, 44.82559658783241], [-0.5215474200425227, 44.82536528081278], [-0.5214689215641006, 44.82459812978786], [-0.5212837882796689, 44.82394791953234], [-0.5212509020633307, 44.82328205960707], [-0.5211633631044388, 44.82283512994298], [-0.520930746547582, 44.82251807725302], [-0.520638923903293, 44.8222867177738], [-0.519996029435232, 44.8219493450926], [-0.5194616036328373, 44.82174641266113], [-0.5193195997512342, 44.8215616638686], [-0.5192498801477203, 44.82135839861008], [-0.51912213020584, 44.82150214261031], [-0.5189238412595091, 44.821550793449916], [-0.5187822113823124, 44.82153365913156], [-0.5184810589065776, 44.821759509146894], [-0.5179872638938723, 44.82192207694335], [-0.517184010538114, 44.82209716320215], [-0.5164424634027117, 44.82216574505989], [-0.5159130724911684, 44.82212395435692], [-0.5151117536071064, 44.82194568633836], [-0.5143035222403206, 44.82169733680289], [-0.5136770193764327, 44.82137833500399], [-0.5145982274760842, 44.82122657173047], [-0.5153276958253327, 44.82120795187445], [-0.5163674391653803, 44.82106863730199], [-0.5171271742700874, 44.82086609811963], [-0.518036509418454, 44.8204037616685], [-0.5184500797617624, 44.82007250750245], [-0.5193535384494269, 44.81955717414105], [-0.5197404005961076, 44.81940610539569], [-0.5211664253345136, 44.81912740856955], [-0.5218122271048659, 44.8188653690267], [-0.5228958820913553, 44.81930588447909], [-0.5235454062430804, 44.81940600756946], [-0.523921809904979, 44.819350785786916], [-0.5245242153696313, 44.81900269086702], [-0.5254496387861419, 44.81829374581806], [-0.5327128000708464, 44.816324082400286]]]]}, "properties": {"cleabs": "IRIS____0000000331670101", "code_insee": "33167", "nom_commune": "Floirac", "iris": "0101", "code_iris": "331670101", "nom_iris": "La Souys", "type_iris": "H"}}, {"type": "Feature", "geometry": {"type": "MultiPolygon", "coordinates": [[[[-0.6519036222378818, 44.91690997274555], [-0.6542201323946923, 44.917808096499726], [-0.6567854015326562, 44.91911529500054], [-0.6584408132117978, 44.91979444997074], [-0.6586497231170366, 44.91972988343036], [-0.658641766046859, 44.91962739498494], [-0.6589503186523661, 44.9195928941121], [-0.6597633219757911, 44.91927948554355], [-0.6614241081343042, 44.91838921840562], [-0.6706839492841472, 44.92273799621477], [-0.6721696687134995, 44.925547899285874], [-0.6697443281291185, 44.92999319538729], [-0.670522239072851, 44.92997560437161], [-0.6698227031723517, 44.93134530469222], [-0.6692670318733305, 44.93280038105678], [-0.6665738718256684, 44.93831981718185], [-0.666012969632061, 44.93830047199348], [-0.6610801625157895, 44.93938609939227], [-0.6576915618577062, 44.94017911773749], [-0.6539296810283453, 44.94116547328235], [-0.6388234693389611, 44.944832095754066], [-0.6379732935803184, 44.94481487010968], [-0.6364760948180657, 44.944644862370836], [-0.6338657234001489, 44.94474649059483], [-0.6331211290019831, 44.94563339827022], [-0.6314407767998198, 44.94565317908949], [-0.6308191571690739, 44.94822330988696], [-0.6290907862672903, 44.94818874029445], [-0.626531618300783, 44.94800550642918], [-0.6241594160767698, 44.94741593449504], [-0.6225252163807815, 44.94740433018994], [-0.621629595034595, 44.94731275011558], [-0.6215327781634813, 44.946875165749205], [-0.6215846702036202, 44.94589104809208], [-0.621442506339894, 44.94473209285616], [-0.62142930456119, 44.94358515822686], [-0.6206016124856824, 44.94100825730739], [-0.6201113369379446, 44.94090345836619], [-0.617777938966952, 44.94090916302343], [-0.6174693341515609, 44.94131848973857], [-0.616659843627104, 44.941812620745665], [-0.6161715877041766, 44.94193576871152], [-0.6152196965218949, 44.94193429957241], [-0.6149610058584934, 44.94217345065035], [-0.6136292105406062, 44.94175170238711], [-0.6101328465799859, 44.94035118021134], [-0.6096014878174552, 44.93994303112543], [-0.6082239415855795, 44.93900626315104], [-0.6074458121709175, 44.93866740746768], [-0.6058741173600662, 44.93770987809477], [-0.6071514450331718, 44.93693295245327], [-0.6087634000090146, 44.935756681661005], [-0.6094717653057773, 44.93503245768552], [-0.61025733571182, 44.93412816373901], [-0.611019887270036, 44.93302452343893], [-0.6114707218227711, 44.932636729478936], [-0.6122103026007474, 44.93212237560949], [-0.6127550119758071, 44.930907735295605], [-0.6141558892918887, 44.92919746377955], [-0.6148791464876809, 44.929552475119706], [-0.6154245308988509, 44.92970687370952], [-0.6161727579988888, 44.92979968706668], [-0.6170255523100208, 44.92966466644577], [-0.617486817071979, 44.92963612605355], [-0.6178621341182531, 44.92967167162641], [-0.6189362452447954, 44.929898961734764], [-0.6209689991015053, 44.930470840059805], [-0.6228053766315624, 44.93061465838465], [-0.6237664171649129, 44.93064279700206], [-0.6257059898354067, 44.93043980352312], [-0.6273508175764293, 44.93015266514563], [-0.6280384413703648, 44.930132011106956], [-0.6294994238720782, 44.93021947991337], [-0.6307141642520195, 44.930187893910706], [-0.6315187318969531, 44.93009219243649], [-0.6338085723841633, 44.929675710659225], [-0.6349651283382552, 44.929862295825444], [-0.6378742179451631, 44.93048360403791], [-0.6387632824859804, 44.930282332841244], [-0.6392087823956807, 44.93026503429647], [-0.6400682037891154, 44.930310782274645], [-0.641452853819875, 44.93023835947443], [-0.6420617985372454, 44.930158908390496], [-0.6427988321462653, 44.93000044420182], [-0.6443961448192732, 44.93005710871172], [-0.6449254385834001, 44.93004064318455], [-0.6453781181954575, 44.92995818939777], [-0.646736255841101, 44.92959544487063], [-0.6506531936890663, 44.929090931104575], [-0.6505883023930334, 44.92865952930866], [-0.6503565385308201, 44.928451730905806], [-0.650013195209068, 44.928303480473694], [-0.6492049795938115, 44.928069555024045], [-0.6478194890679454, 44.92715335894155], [-0.6474503967042654, 44.92686263737778], [-0.6464902642806644, 44.92563862884781], [-0.6465429426815968, 44.925551274355655], [-0.646367465392471, 44.9252136339255], [-0.6456443176167161, 44.924277471278565], [-0.6454903865503728, 44.924173464600095], [-0.6455935696741817, 44.92236564533011], [-0.6454646475229382, 44.92190479870022], [-0.6451364932077627, 44.92115035353139], [-0.6451443668745411, 44.91926184254219], [-0.6450736847182773, 44.919130768036005], [-0.6449192220006937, 44.918998837959776], [-0.6430004820395354, 44.918110008648796], [-0.6427249340871267, 44.9179496005155], [-0.642657141532742, 44.917823837854115], [-0.6426267679634429, 44.91690729872842], [-0.6434192097669946, 44.916920961081956], [-0.6465601870364563, 44.9168449076644], [-0.6485670051435137, 44.91661134890677], [-0.6487537520041692, 44.916537614702385], [-0.6492205423317269, 44.91667369776797], [-0.6516146911901245, 44.91683655253313], [-0.6519036222378818, 44.91690997274555]]]]}, "properties": {"cleabs": "IRIS____0000000330560101", "code_insee": "33056", "nom_commune": "Blanquefort", "iris": "0101", "code_iris": "330560101", "nom_iris": "Marnières", "type_iris": "H"}}, {"type": "Feature", "geometry": {"type": "MultiPolygon", "coordinates": [[[[-0.5053643977774254, 44.85343913412089], [-0.5054940713600631, 44.85462284854621], [-0.5053132311995303, 44.855947052339445], [-0.5044494696687425, 44.85995053910748], [-0.5040408046376232, 44.86235529589088], [-0.5039810511866216, 44.86342783802567], [-0.504116542424237, 44.866592267933605], [-0.504218681740226, 44.867111753499906], [-0.50433593963168, 44.86716302522095], [-0.5047389408972012, 44.86825880593974], [-0.5045835045640406, 44.86958491371121], [-0.5045594630859576, 44.869788449073695], [-0.504168214313751, 44.87007838257306], [-0.5041191816046061, 44.870307941341494], [-0.5037328009291422, 44.87041206671261], [-0.5038745353703751, 44.87067255223728], [-0.5036552104786589, 44.8710570912927], [-0.5037857602138897, 44.871767642522784], [-0.5036838891813111, 44.871841154635604], [-0.5034673446692837, 44.871742547738535], [-0.5034855802035395, 44.87185192173494], [-0.5033643953816425, 44.871961191146426], [-0.5033548611023292, 44.8724580683071], [-0.5025752590242859, 44.87237452986962], [-0.5023680603019923, 44.87244595768012], [-0.5019971137308078, 44.87233059135882], [-0.5014650593475537, 44.872375318222275], [-0.5026417223495366, 44.8729113658113], [-0.5015575016358208, 44.87416133612271], [-0.500879067277606, 44.87389164399532], [-0.5003156253625712, 44.8744086963254], [-0.4983418643720541, 44.874077998620486], [-0.49727971316143005, 44.87543988133377], [-0.4967733267454607, 44.87681218142309], [-0.495548056274898, 44.87616765180071], [-0.4921506964134993, 44.87563023168055], [-0.48933381427774947, 44.874337261654915], [-0.4858242878547732, 44.8736031097895], [-0.4831010841930823, 44.87271259533201], [-0.47977786984615556, 44.87199584220034], [-0.4760651024865641, 44.87157687996264], [-0.47356921390955237, 44.870587096007824], [-0.47224769903399755, 44.87014179975915], [-0.4706981813060126, 44.86937017212606], [-0.47016733488702606, 44.86924978994825], [-0.47046954540603353, 44.86809129671807], [-0.47145300117863015, 44.86708812943531], [-0.47286810351890946, 44.86585244990391], [-0.472892595214233, 44.86551102601176], [-0.4744397801228691, 44.86542744372747], [-0.47447890702626416, 44.86517928685955], [-0.4746114680465498, 44.86500751074976], [-0.4763126815687732, 44.864669442929085], [-0.47665969888239534, 44.864563943256506], [-0.4774380993401479, 44.864303433542574], [-0.47933763167291993, 44.86352652067013], [-0.48028464196679044, 44.86324718470691], [-0.4805246426565446, 44.86321442256157], [-0.482683919170682, 44.86327554200319], [-0.48334341603094055, 44.86322329732404], [-0.48372507806641474, 44.863084243557346], [-0.48491932897238277, 44.862501505604456], [-0.48535039724839457, 44.862341968696455], [-0.4862328280214022, 44.86214571853595], [-0.4879722605234947, 44.86234339160182], [-0.488277758833486, 44.86232477533355], [-0.4885232704328058, 44.86225847735836], [-0.4898230169138928, 44.86129475768665], [-0.49054323612283807, 44.86107834023927], [-0.49074893132912195, 44.86096282154841], [-0.49083640826805947, 44.86080055380934], [-0.4910425389019652, 44.86063094777701], [-0.492156998914595, 44.85990824656054], [-0.492776252594672, 44.85955620415826], [-0.49313844904321075, 44.859410519726744], [-0.49451835495056196, 44.85837302127985], [-0.4955429421835963, 44.85736832933838], [-0.49593622848289237, 44.85678636685791], [-0.4962411390978679, 44.85600621613249], [-0.49633521944751985, 44.8558689696032], [-0.4965247565738916, 44.85573862793005], [-0.49683419274188384, 44.85564145676467], [-0.4975513771882197, 44.85549988797784], [-0.49802490159665475, 44.855331751140014], [-0.498985401585131, 44.854804889508344], [-0.4990962870584299, 44.854795083622925], [-0.499253247908641, 44.85465044375462], [-0.5007487321615849, 44.85402738281851], [-0.5009840464800039, 44.853981204498254], [-0.5014570524347538, 44.853987905595794], [-0.5044352179267293, 44.85359376033389], [-0.5053643977774254, 44.85343913412089]]]]}, "properties": {"cleabs": "IRIS____0000000330130101", "code_insee": "33013", "nom_commune": "Artigues-près-Bordeaux", "iris": "0101", "code_iris": "330130101", "nom_iris": "Nord", "type_iris": "H"}}, {"type": "Feature", "geometry": {"type": "MultiPolygon", "coordinates": [[[[-0.5144045483071265, 44.91989690775678], [-0.5139576238627674, 44.920558143374706], [-0.5133933939863028, 44.920663414086874], [-0.5098354619094072, 44.919694413117504], [-0.5088602772572339, 44.91921241893597], [-0.5067112936720127, 44.91762741379866], [-0.5054418639416657, 44.91698254528849], [-0.5042632153377293, 44.91797235235301], [-0.5037566060318529, 44.91857324084978], [-0.5018089833941296, 44.91821919501234], [-0.5029243425766086, 44.91591109598658], [-0.5037920103678953, 44.913618910721105], [-0.5038835172189716, 44.910212045533804], [-0.5027701093397351, 44.910011047353734], [-0.5029058340752169, 44.909544431233016], [-0.5029561675379493, 44.908238753144396], [-0.5032088071166957, 44.907410657335404], [-0.5031192383256655, 44.90563173814409], [-0.5036389813493698, 44.9046338929831], [-0.5041799105061462, 44.90419864930682], [-0.5053879601796191, 44.90264914315655], [-0.5058485863814987, 44.90239036454857], [-0.5061051862394196, 44.90268147274924], [-0.5064374173733375, 44.90282329034451], [-0.5063151816629781, 44.903302102611015], [-0.5064694995645558, 44.90347837803888], [-0.5074148310735788, 44.90399467043166], [-0.5087376184738633, 44.90442242306603], [-0.5086418151508951, 44.905141034204995], [-0.5081895392886239, 44.90575645112303], [-0.5080195767838631, 44.905897907968196], [-0.5095691930711814, 44.90628153530421], [-0.5117773164885652, 44.90656861323019], [-0.5126598409867689, 44.90662721777776], [-0.5136257731261816, 44.906782312762175], [-0.5136525004363955, 44.90684455397457], [-0.5137343238453604, 44.90687531074903], [-0.5137260935183999, 44.90696659664909], [-0.5134985883064136, 44.9073027489232], [-0.5130830540924421, 44.90765386205305], [-0.5129635524003662, 44.90801363334776], [-0.5137113323629849, 44.90845140996852], [-0.5142822855457341, 44.90888035840876], [-0.5149348890653641, 44.90921569417842], [-0.5151028973048442, 44.909427575702615], [-0.5155029653538076, 44.90947709670239], [-0.5163631163444168, 44.90984550855848], [-0.5165884224589197, 44.91002042517011], [-0.5167257127545413, 44.91000526245119], [-0.5168397540919663, 44.90990251389127], [-0.5170611969885932, 44.909854043260005], [-0.5196502204735672, 44.90992252077931], [-0.5211364992480002, 44.91002140429691], [-0.5200776669297261, 44.91705496100352], [-0.5199117822408117, 44.91782718091311], [-0.519599804348889, 44.918737415210764], [-0.5190345336785509, 44.91844169299525], [-0.518504368286197, 44.91809889233361], [-0.518002862016213, 44.918556390550236], [-0.5170362072539875, 44.91839323791704], [-0.5163689422553694, 44.91841256390653], [-0.5161493329939987, 44.918531271379145], [-0.5144045483071265, 44.91989690775678]]]]}, "properties": {"cleabs": "IRIS____0000000330320101", "code_insee": "33032", "nom_commune": "Bassens", "iris": "0101", "code_iris": "330320101", "nom_iris": "Nord", "type_iris": "H"}}, {"type": "Feature", "geometry": {"type": "MultiPolygon", "coordinates": [[[[-0.5018089833941296, 44.91821919501234], [-0.49812074298293174, 44.917900126632226], [-0.49662245565950436, 44.917183960865096], [-0.49573570448440585, 44.916978455646365], [-0.4942389717987297, 44.916469494772926], [-0.49223942815457283, 44.91658285714742], [-0.4898536229503037, 44.917093147955114], [-0.48841837024962426, 44.9172860406251], [-0.4869551219531875, 44.91762038555334], [-0.4863645426065764, 44.91726131024258], [-0.48580113094790667, 44.916645429838354], [-0.48510545027505636, 44.91641131333697], [-0.48502079342258064, 44.91600841628668], [-0.48428730103682377, 44.91588002423749], [-0.4842050388750343, 44.9152093865303], [-0.48455197550294304, 44.914995724843166], [-0.48450434137249704, 44.91473946775603], [-0.48473366270645335, 44.914592581731206], [-0.4847575592099718, 44.91448728926402], [-0.4845707182291606, 44.91427685681096], [-0.48470834117858336, 44.91389942954566], [-0.4859797973275769, 44.91350083653285], [-0.48776570002955705, 44.91219745937749], [-0.4878152277978669, 44.911811078447705], [-0.48745235036279333, 44.910809492299265], [-0.4872670777903381, 44.91062424986195], [-0.4883307886433569, 44.910006843618476], [-0.48967836529736397, 44.90903984109618], [-0.4908651507592322, 44.90787419779301], [-0.49162177378432165, 44.90682751182987], [-0.49266359420886535, 44.904577718667895], [-0.4952052906989239, 44.89829636760833], [-0.4973757882402146, 44.89715284666448], [-0.498024738719842, 44.89670161303604], [-0.4987746321773545, 44.89701504363299], [-0.49953622041333595, 44.89721094063036], [-0.5001129160174165, 44.89761363661015], [-0.5004939203839393, 44.89776564871782], [-0.5009898147866864, 44.89782841955842], [-0.5009974424549757, 44.89776779640336], [-0.5025860628191016, 44.89792767679983], [-0.5026950965071583, 44.89786655793255], [-0.5028055468322653, 44.89766570297244], [-0.5034206153539857, 44.89784997453779], [-0.5039635949636768, 44.898321308233655], [-0.5070722461855609, 44.89882067360284], [-0.5073337849142151, 44.898907041580024], [-0.5073518962672032, 44.89903444504662], [-0.5083030023947576, 44.899157605168114], [-0.5076139534271972, 44.9003861329126], [-0.5071335810962915, 44.901525150720225], [-0.5066410451885482, 44.90202377065675], [-0.5058485863814987, 44.90239036454857], [-0.5053879601796191, 44.90264914315655], [-0.5041799105061462, 44.90419864930682], [-0.5036389813493698, 44.9046338929831], [-0.5031192383256655, 44.90563173814409], [-0.5032088071166957, 44.907410657335404], [-0.5029561675379493, 44.908238753144396], [-0.5029058340752169, 44.909544431233016], [-0.5027701093397351, 44.910011047353734], [-0.5038835172189716, 44.910212045533804], [-0.5037920103678953, 44.913618910721105], [-0.5029243425766086, 44.91591109598658], [-0.5018089833941296, 44.91821919501234]]]]}, "properties": {"cleabs": "IRIS____0000000330960101", "code_insee": "33096", "nom_commune": "Carbon-Blanc", "iris": "0101", "code_iris": "330960101", "nom_iris": "Nord", "type_iris": "H"}}, {"type": "Feature", "geometry": {"type": "MultiPolygon", "coordinates": [[[[-0.8363357369901391, 44.84075765509916], [-0.8364122259426481, 44.840875795958866], [-0.8547147169116414, 44.847832760958305], [-0.8547968992635127, 44.847977735435], [-0.8540816761716495, 44.848467717318506], [-0.8531075890379564, 44.848786406193405], [-0.8371164858191784, 44.85546037832952], [-0.8263482402888449, 44.857780258421904], [-0.8208451069451356, 44.859337352471634], [-0.816713836164046, 44.860701850810585], [-0.8152094541117189, 44.860906834022785], [-0.8097577792230446, 44.86141958669172], [-0.8074746837366555, 44.86150517830112], [-0.8017904781431703, 44.86204805020262], [-0.7984475346481305, 44.86224187989165], [-0.788757961638185, 44.86308158751212], [-0.7744240911578079, 44.864238081154895], [-0.7745410561715949, 44.86333904396204], [-0.7750373127918524, 44.85636000332319], [-0.77469473185591, 44.854620308509816], [-0.7734838738761487, 44.85214129222974], [-0.773169502487122, 44.85132904178599], [-0.7728504919976914, 44.847865140758906], [-0.7728547945001899, 44.847533293222206], [-0.772942007874793, 44.847266227488305], [-0.7742837848479849, 44.84434523066098], [-0.7744362121093968, 44.8443887168333], [-0.7754238279467541, 44.84530243344098], [-0.7762453114917435, 44.84579905979193], [-0.7766663727945435, 44.846106509499485], [-0.7789669532787309, 44.846346329072354], [-0.779160565276515, 44.84376453352256], [-0.7792142393793253, 44.84371493223734], [-0.7792172001331936, 44.843589541723], [-0.7793262579860545, 44.84355337629593], [-0.779432333042266, 44.84358581609115], [-0.7794776808093546, 44.843487824739896], [-0.7795319338513094, 44.84231780792532], [-0.7805600327666656, 44.84232693275449], [-0.7808198100477348, 44.84229013461501], [-0.7820368886911483, 44.842377531368626], [-0.7827048950417418, 44.84247643321549], [-0.7827378377196338, 44.84251406832366], [-0.7828102427933867, 44.84249807818526], [-0.7858006952993102, 44.84308738483105], [-0.7862556961558007, 44.842263325191944], [-0.7866009067325875, 44.84146464501018], [-0.7867472406389582, 44.84124872845972], [-0.7870428792938238, 44.84052294742098], [-0.78718015990315, 44.83981609409261], [-0.7874993860520357, 44.8391021253416], [-0.7879049258864972, 44.83929198307215], [-0.7886371330124764, 44.83929130753445], [-0.7891357112991899, 44.83933917166082], [-0.7898779358208391, 44.83969328499649], [-0.7903963457205072, 44.839884684954946], [-0.7909984550037303, 44.83992719955956], [-0.7915274600995241, 44.840012771984235], [-0.7921149347954155, 44.84023244952132], [-0.7927142054210287, 44.84025161642529], [-0.7936577149602101, 44.84009675796936], [-0.7962625072465367, 44.839816530155574], [-0.7964585038620621, 44.83975483685633], [-0.7966475322417459, 44.83962758156243], [-0.7971755315759076, 44.839136283095854], [-0.8240112734795685, 44.84035313666561], [-0.8249660340929782, 44.84036437801693], [-0.8253308035170246, 44.84047438495377], [-0.8261258639012017, 44.84052177228185], [-0.8336155876877367, 44.840812961416326], [-0.8338865501301461, 44.840754918940036], [-0.8341144923398991, 44.84075334816303], [-0.8355253218000611, 44.84080101099904], [-0.8361559845886105, 44.84087113920661], [-0.8363225279418322, 44.840823913868526], [-0.8363357369901391, 44.84075765509916]]]]}, "properties": {"cleabs": "IRIS____0000000332730101", "code_insee": "33273", "nom_commune": "Martignas-sur-Jalle", "iris": "0101", "code_iris": "332730101", "nom_iris": "Nord", "type_iris": "H"}}, {"type": "Feature", "geometry": {"type": "MultiPolygon", "coordinates": [[[[-0.621629595034595, 44.94731275011558], [-0.6230806659199213, 44.950263201556645], [-0.623108864143474, 44.95113114545595], [-0.6239606716680773, 44.952428296489146], [-0.6253011100409246, 44.9553913525339], [-0.6259267458979421, 44.95611452454827], [-0.6282945672843924, 44.95788493851634], [-0.6286836737925441, 44.95854191167573], [-0.6292673909043649, 44.959087074921804], [-0.6281832278265639, 44.961575855304616], [-0.6283855496420047, 44.96401362056532], [-0.6283341766993366, 44.96423972550625], [-0.6281811154973216, 44.96432674184122], [-0.6266232247705379, 44.964207236641435], [-0.621967636358276, 44.964245481350765], [-0.6215015168586414, 44.964144400503976], [-0.6215783537728805, 44.964076101029605], [-0.6214617311213807, 44.96378427027816], [-0.6183316705929843, 44.96414849421311], [-0.6179796789860782, 44.96422214305244], [-0.6174475349928614, 44.96447470595441], [-0.6162076989005324, 44.96442401880727], [-0.6143443438402614, 44.964803691386635], [-0.6139399351495968, 44.96475374963904], [-0.6153253665652929, 44.959624407702805], [-0.6149306128314919, 44.95934973092122], [-0.6137996285816415, 44.95838696190336], [-0.6121923911204977, 44.957203521301686], [-0.6114758575963104, 44.95654451991748], [-0.6109682017590968, 44.955935509996664], [-0.6104711702834622, 44.955235121239745], [-0.6097511033791584, 44.953712775764394], [-0.60904465808075, 44.952756003841735], [-0.6083302914671751, 44.95224743334601], [-0.6060794887452635, 44.950881117684155], [-0.6054224899165226, 44.94735762029207], [-0.6053712103680406, 44.94723129954213], [-0.605582525133839, 44.9469846968322], [-0.6071192283448024, 44.94331339504034], [-0.6072355671562776, 44.94330691409758], [-0.6073134350236804, 44.943254814466016], [-0.6072879611429196, 44.943016796972316], [-0.607329999232941, 44.94290096698872], [-0.6082126593211192, 44.94095974634093], [-0.6083487811485906, 44.940767855057935], [-0.6086204545966448, 44.940552633590045], [-0.6096014878174552, 44.93994303112543], [-0.6101328465799859, 44.94035118021134], [-0.6136292105406062, 44.94175170238711], [-0.6149610058584934, 44.94217345065035], [-0.6152196965218949, 44.94193429957241], [-0.6161715877041766, 44.94193576871152], [-0.616659843627104, 44.941812620745665], [-0.6174693341515609, 44.94131848973857], [-0.617777938966952, 44.94090916302343], [-0.6201113369379446, 44.94090345836619], [-0.6206016124856824, 44.94100825730739], [-0.62142930456119, 44.94358515822686], [-0.621442506339894, 44.94473209285616], [-0.6215846702036202, 44.94589104809208], [-0.6215327781634813, 44.946875165749205], [-0.621629595034595, 44.94731275011558]]]]}, "properties": {"cleabs": "IRIS____0000000333120101", "code_insee": "33312", "nom_commune": "Parempuyre", "iris": "0101", "code_iris": "333120101", "nom_iris": "Ouest", "type_iris": "H"}}, {"type": "Feature", "geometry": {"type": "MultiPolygon", "coordinates": [[[[-0.522842614695755, 44.86373632240471], [-0.5213201323108042, 44.86378825572394], [-0.5198540120461531, 44.86415291049861], [-0.5199098340314868, 44.86405290522938], [-0.5199991118204839, 44.86400140640281], [-0.5198352118961853, 44.86391377886284], [-0.5194410402031415, 44.86352883867844], [-0.5193601827431574, 44.86327004590128], [-0.520117376365624, 44.861078561121936], [-0.5201514420613097, 44.859641817279474], [-0.5226339924563158, 44.85996857803676], [-0.5227817499856797, 44.860041392684245], [-0.5236518805054404, 44.86015615625363], [-0.5243794605757691, 44.857476208594306], [-0.5245442052468938, 44.8571537407218], [-0.5258281928984292, 44.85732202855867], [-0.5260398418396243, 44.85661684544934], [-0.5258485216450731, 44.8565967901941], [-0.5252219768224813, 44.85642563916113], [-0.5252138072171473, 44.85627539272521], [-0.5250798533529608, 44.85620034054762], [-0.5248723000696405, 44.856204231535095], [-0.5242331296252505, 44.85607403181542], [-0.5240968451223881, 44.85571967032139], [-0.5239105060810183, 44.85561744143185], [-0.5240312569590314, 44.85562351937542], [-0.5243676860994202, 44.85555335072149], [-0.525135871589019, 44.85553885764342], [-0.5255317179313969, 44.85542624187446], [-0.5262477335594744, 44.855125905307446], [-0.5267195300072894, 44.85509288331081], [-0.5275105704070221, 44.85520021492254], [-0.528010370636317, 44.855209556267845], [-0.5282653234733096, 44.8552744481448], [-0.5285154552492919, 44.85522233223375], [-0.5287265787385605, 44.85559774078314], [-0.5291300352241658, 44.855848067813994], [-0.5294047192441365, 44.85612592242095], [-0.5295846103936946, 44.85658884199917], [-0.529601284002205, 44.85675323772496], [-0.5294544382363084, 44.857702404974006], [-0.5295118365906339, 44.85795022140521], [-0.5298294644481941, 44.858346573814316], [-0.5302371752674118, 44.85856341670565], [-0.5299394635551078, 44.85898745832417], [-0.5297196398929698, 44.85946129285725], [-0.5295761744290868, 44.86002101898302], [-0.5295073556848193, 44.860599098755394], [-0.5295481676141383, 44.8611069994729], [-0.5296902091694502, 44.861612581146225], [-0.5301549556132541, 44.86269550295633], [-0.530193601569834, 44.86290696556162], [-0.5301335090196988, 44.863099939986114], [-0.5299110227484478, 44.86335035271151], [-0.5296021832818214, 44.86349716588513], [-0.5279609200947285, 44.86401800757762], [-0.5259779823283705, 44.863962076225725], [-0.522842614695755, 44.86373632240471]]]]}, "properties": {"cleabs": "IRIS____0000000331190101", "code_insee": "33119", "nom_commune": "Cenon", "iris": "0101", "code_iris": "331190101", "nom_iris": "Palmer 1", "type_iris": "H"}}, {"type": "Feature", "geometry": {"type": "MultiPolygon", "coordinates": [[[[-0.5935045506882803, 44.81794007867977], [-0.5910833342122608, 44.81811586836853], [-0.5891185567642249, 44.81814254193368], [-0.5883346431881104, 44.81812105227547], [-0.5870680218978286, 44.81805569359444], [-0.5850289838865963, 44.81787110045003], [-0.5859843086179636, 44.81625399790991], [-0.5864236393782489, 44.81575761563131], [-0.5870553697117585, 44.81528024124396], [-0.5870065493217648, 44.81515023792315], [-0.586858076958648, 44.81369771573285], [-0.5866497091561095, 44.8133295363931], [-0.5863492796546081, 44.812947211407085], [-0.5862103537735053, 44.812556056121295], [-0.5860866085111647, 44.810716999409905], [-0.5862157443129423, 44.80720695512978], [-0.5861961666202083, 44.806701987052996], [-0.5864444234456918, 44.8060892156606], [-0.5867116255617986, 44.80434566301391], [-0.5881711748745844, 44.804641798870136], [-0.5884908547811036, 44.804632350654394], [-0.5889509419619351, 44.80475985163816], [-0.5923129136196945, 44.8054467462607], [-0.5917390182521596, 44.8068460644016], [-0.5914925001762867, 44.8076832053104], [-0.591420024314734, 44.80971788062112], [-0.5913440479549222, 44.81045035796945], [-0.5913858702146355, 44.810609426235324], [-0.5934944993694861, 44.810302256645556], [-0.5941787755463755, 44.810291788044346], [-0.5942650462541463, 44.81037370879079], [-0.5944207964592743, 44.81037406604119], [-0.5944662205344639, 44.8103518642176], [-0.5945279323638749, 44.81016871068511], [-0.5944392443619977, 44.810049015793766], [-0.5944760378704048, 44.80991173309756], [-0.5945730076231925, 44.80970580609758], [-0.5948224379101608, 44.80940931547046], [-0.5954474298413424, 44.80898708482061], [-0.5958299940044428, 44.80883227674142], [-0.5963713466496352, 44.808685834375886], [-0.597869098315845, 44.80850835019728], [-0.5980825449485011, 44.80844103762167], [-0.598253055560176, 44.808474256702446], [-0.5983391320140439, 44.80843451091583], [-0.5983752935041212, 44.80834681631874], [-0.5988839316271998, 44.80834201951837], [-0.5992399061052055, 44.80824664431124], [-0.5998080338289682, 44.80822188638157], [-0.6003300636956805, 44.808268019711804], [-0.6001586528711433, 44.80999859561409], [-0.6004372555899492, 44.81122427146417], [-0.6005682914968192, 44.812537656549395], [-0.6002588977068485, 44.81251075375944], [-0.5991305704795128, 44.81270511384782], [-0.5963506928629313, 44.813504624162434], [-0.5943185299963913, 44.81390039264697], [-0.592971261205894, 44.8139783150882], [-0.5920915480124371, 44.81396266253723], [-0.5920183259887557, 44.81402541926209], [-0.593438019993443, 44.81779082390795], [-0.593500572852169, 44.81781853785145], [-0.5935045506882803, 44.81794007867977]]]]}, "properties": {"cleabs": "IRIS____0000000335220101", "code_insee": "33522", "nom_commune": "Talence", "iris": "0101", "code_iris": "335220101", "nom_iris": "Poste-Mairie", "type_iris": "H"}}, {"type": "Feature", "geometry": {"type": "MultiPolygon", "coordinates": [[[[-0.6098323013163113, 44.778490520330664], [-0.6092089362519285, 44.77942380015518], [-0.606943336722032, 44.783181006819014], [-0.6059703903566913, 44.7829080529653], [-0.6060458773593828, 44.78191511882214], [-0.6049063252694816, 44.78111584021683], [-0.6037001930595285, 44.78059990729088], [-0.6023339996714927, 44.780093672796944], [-0.6020627169999844, 44.779829414320524], [-0.6016276921861768, 44.77918203972475], [-0.6012542349735697, 44.778863421189214], [-0.6010700223058151, 44.77877297532262], [-0.600809133925285, 44.778710256287894], [-0.5985352714800957, 44.778453379650465], [-0.5993415456734789, 44.77671842105521], [-0.5993280236925549, 44.77656654947781], [-0.5995420340447889, 44.776490200035354], [-0.600190673258545, 44.776068067254], [-0.6010515039619803, 44.775699416818064], [-0.6016644958526022, 44.775333409785205], [-0.6017168619905379, 44.77520282869613], [-0.6027686856683193, 44.77507039052836], [-0.6030604281448204, 44.77510145841211], [-0.6033435346047906, 44.77523464764423], [-0.6063983625061216, 44.777114389894614], [-0.6081759802176114, 44.77788025328847], [-0.6098323013163113, 44.778490520330664]]]]}, "properties": {"cleabs": "IRIS____0000000331920102", "code_insee": "33192", "nom_commune": "Gradignan", "iris": "0102", "code_iris": "331920102", "nom_iris": "Saint-Géry", "type_iris": "H"}}, {"type": "Feature", "geometry": {"type": "MultiPolygon", "coordinates": [[[[-0.6172439241431568, 44.873515047423325], [-0.622130118438953, 44.876733698812544], [-0.6244010537668113, 44.8782746687225], [-0.6258041137060434, 44.878957983590176], [-0.627188492134749, 44.87984197964179], [-0.6293443047525458, 44.88163718092701], [-0.6290457617925, 44.88188218109296], [-0.6283505067447289, 44.8828341471129], [-0.6288091765150854, 44.88316344630366], [-0.6285544611679771, 44.8831258079627], [-0.6281986605075351, 44.88372057728109], [-0.6284503687948816, 44.88380968864502], [-0.628270132773063, 44.88410038991302], [-0.6281051766285455, 44.88405891485306], [-0.6272065828759824, 44.885474475910335], [-0.6269771178734057, 44.88537652299765], [-0.6263381269379423, 44.8860625570476], [-0.6263825747009721, 44.886299046636786], [-0.6265299845653847, 44.8863239731479], [-0.6248865471319272, 44.888888662437175], [-0.6256724081206176, 44.88927759178895], [-0.6265530464659954, 44.889406550287596], [-0.6266706214866048, 44.89016610637518], [-0.6265828408742508, 44.89078906587319], [-0.6270416077860577, 44.89213863936915], [-0.6271397230448098, 44.89277355157145], [-0.6292900532901047, 44.89692585278331], [-0.6297585422633775, 44.89805158124761], [-0.628453011515983, 44.89827632069787], [-0.6271168512340571, 44.898635437356255], [-0.6245388859043854, 44.89946049875628], [-0.6236125728735625, 44.89964756227898], [-0.6225538412331071, 44.89974790776169], [-0.621233120569782, 44.90017043966211], [-0.620567034312565, 44.900008299269196], [-0.6168476603276005, 44.90040172100581], [-0.6157217336184155, 44.90042397449483], [-0.6112809135241273, 44.890835487636515], [-0.6097109066702711, 44.887658144153875], [-0.6101650243844331, 44.88744509210673], [-0.6101574332867933, 44.88730744218313], [-0.6102619624789027, 44.88698138182858], [-0.6106732737346581, 44.88606401255313], [-0.6109281820393215, 44.88561228719435], [-0.6120748496630359, 44.88607429020852], [-0.6122089691237111, 44.88622765077535], [-0.6122296619421955, 44.88633242795194], [-0.6121528540638389, 44.88663595747785], [-0.6118045907949363, 44.88729171078567], [-0.6117845080901838, 44.887393308437325], [-0.6118718673322843, 44.88752926404612], [-0.6134943030420446, 44.887877531394246], [-0.6147361750881534, 44.888025465397334], [-0.6146363810440165, 44.88718510886618], [-0.6151494337988347, 44.886313076944944], [-0.6154243078346899, 44.885050431329546], [-0.6154855421641309, 44.88491865115286], [-0.6161395604577823, 44.884149275535215], [-0.6164597633176423, 44.88362961460563], [-0.6156451460394375, 44.883401991491624], [-0.6165165895601301, 44.881266387528115], [-0.6136949860828489, 44.88052280222915], [-0.6138732870737642, 44.880260129913154], [-0.6141180620316866, 44.880006108041236], [-0.6149068477543745, 44.879400891432255], [-0.6150289165327847, 44.87893455529786], [-0.6150720434635925, 44.87848250723656], [-0.6149053827358567, 44.877627207543746], [-0.6147507291558003, 44.877548425362875], [-0.6149991852771793, 44.87721406688867], [-0.615202460897774, 44.877024484100424], [-0.6156456264330119, 44.87640708613901], [-0.6172439241431568, 44.873515047423325]]]]}, "properties": {"cleabs": "IRIS____0000000330750101", "code_insee": "33075", "nom_commune": "Bruges", "iris": "0101", "code_iris": "330750101", "nom_iris": "Tour de Gassies-Treulon", "type_iris": "H"}}, {"type": "Feature", "geometry": {"type": "MultiPolygon", "coordinates": [[[[-0.6929580861886151, 44.80697809474996], [-0.686901907523153, 44.810152211365725], [-0.6854309618000527, 44.81067791760872], [-0.6828197061347135, 44.81144338723875], [-0.6798168879840389, 44.81270759388761], [-0.6792434148173461, 44.81280594412192], [-0.6752192836742511, 44.813093558422366], [-0.6730857985407264, 44.813075044196566], [-0.6724166314898763, 44.812988158251585], [-0.6720807558862013, 44.812944305945216], [-0.6722047690042358, 44.812652683921264], [-0.6721402855334825, 44.812169922196304], [-0.671785380455245, 44.81135068302354], [-0.6713312069754421, 44.8105815985954], [-0.6709584063627383, 44.81006939123595], [-0.6705101328125724, 44.80954526145416], [-0.6698772986306566, 44.80890917130805], [-0.6691305124117846, 44.80829217230881], [-0.6682717165085894, 44.80768518502279], [-0.6624941709953776, 44.80422151004178], [-0.6627251593985128, 44.80386147258288], [-0.6629345498922472, 44.80328674017409], [-0.6633781351976852, 44.80244018875672], [-0.6648648798430847, 44.802836273654826], [-0.666100791397228, 44.80320999279039], [-0.6675020769879833, 44.803808957353034], [-0.6679257382212515, 44.80296845251348], [-0.6687448117909874, 44.800409612972494], [-0.6687778961820738, 44.80010207857418], [-0.6686428958712761, 44.79962435656172], [-0.6701033988333256, 44.799309217417324], [-0.6706076309672272, 44.79933487867625], [-0.6707107401203288, 44.79940176437332], [-0.6728507638707859, 44.80016726279283], [-0.6786774665489013, 44.80167115067407], [-0.6793077943889109, 44.8017854214018], [-0.6818691440967337, 44.801829245532325], [-0.6827925913676903, 44.80176070904261], [-0.6832657157258597, 44.801678290104114], [-0.6836348938047203, 44.80155516034558], [-0.6852080006634579, 44.8008340981146], [-0.6853731298440229, 44.80095839442848], [-0.6854628501304948, 44.80097523950662], [-0.685644889573192, 44.800952061065566], [-0.6857701233049711, 44.80085416094115], [-0.685928454889283, 44.80093271618551], [-0.6874118591541084, 44.80125650952214], [-0.6881003205912519, 44.80150399184133], [-0.6883747334042108, 44.80178868430866], [-0.688841986296556, 44.80261945664067], [-0.6891248374033551, 44.80289755768486], [-0.6896931974506136, 44.80330134914198], [-0.6900574849212526, 44.803643433506934], [-0.6929580861886151, 44.80697809474996]]]]}, "properties": {"cleabs": "IRIS____0000000333180102", "code_insee": "33318", "nom_commune": "Pessac", "iris": "0102", "code_iris": "333180102", "nom_iris": "3 m", "type_iris": "H"}}, {"type": "Feature", "geometry": {"type": "MultiPolygon", "coordinates": [[[[-0.6686493754914166, 44.87800146343768], [-0.6685317388104066, 44.87796659565473], [-0.6684600690953826, 44.87518390439057], [-0.6680902159293194, 44.874761697194984], [-0.6672619333781196, 44.873240617425665], [-0.6665495697848438, 44.87291084298223], [-0.6655566758810347, 44.87207027476344], [-0.6648468381084492, 44.87205045781781], [-0.6639104566927009, 44.87176411836485], [-0.6631876819381011, 44.87174021157286], [-0.6613249327098938, 44.87132039016929], [-0.6618149214828567, 44.87036055125703], [-0.6627676999308341, 44.86936470426525], [-0.6633104209684169, 44.86857256335016], [-0.6637571193069681, 44.86706704953355], [-0.6644408772342495, 44.86548520528438], [-0.664580541673003, 44.864926287627554], [-0.6658758801155258, 44.863220581584144], [-0.6662532366216074, 44.85914231013756], [-0.6664134358972991, 44.85837450947451], [-0.6665481526034006, 44.85828353160463], [-0.6750627793738229, 44.858886882533184], [-0.6758231710824122, 44.8588103158283], [-0.6769234148962733, 44.85850526393029], [-0.6772252121784036, 44.8584889516447], [-0.6774115448091674, 44.85858642629215], [-0.677510789217348, 44.85878593207536], [-0.67773773558867, 44.86017995221594], [-0.6786496012704626, 44.86343861929357], [-0.6791927249078611, 44.865575657182035], [-0.6790064699318545, 44.865576425357226], [-0.6779398250008347, 44.865409893690405], [-0.6778520725186326, 44.86546327623924], [-0.678381218858973, 44.86643988665773], [-0.6784041941817007, 44.86667436856925], [-0.6779446670158231, 44.86658595064331], [-0.6777454567164729, 44.86650512627078], [-0.6744696326449051, 44.86616300262971], [-0.675453780389919, 44.87054595029989], [-0.6754067086961837, 44.87073678583635], [-0.676446319626526, 44.87134047822196], [-0.6766832570920736, 44.87145520686971], [-0.6769778986655625, 44.87152205576997], [-0.6770238207077172, 44.87158452757648], [-0.6769751302795148, 44.871731253085926], [-0.6770044654691695, 44.87181139956587], [-0.6780493745680893, 44.87321076667086], [-0.676642996033684, 44.87499961972962], [-0.6769436888182776, 44.87556469788602], [-0.6770754056987373, 44.87598845973895], [-0.6772347254635321, 44.87762628469839], [-0.6771817518440613, 44.877901139651954], [-0.6772573348730817, 44.87799056974751], [-0.6771873347948034, 44.87808302111737], [-0.6770248948872731, 44.878080291530246], [-0.6769791395668258, 44.877981761136674], [-0.6765887386601113, 44.878137103936545], [-0.6764173130896582, 44.87801659839505], [-0.6748004669873525, 44.87752395060697], [-0.6741138778010977, 44.877415091533955], [-0.6734721258601448, 44.877371441582326], [-0.6731485175982224, 44.87740468598647], [-0.6728653594352538, 44.8774942749667], [-0.6722953378812013, 44.8777718167769], [-0.6718072312869605, 44.87788711230331], [-0.6686493754914166, 44.87800146343768]]]]}, "properties": {"cleabs": "IRIS____0000000332000102", "code_insee": "33200", "nom_commune": "Le Haillan", "iris": "0102", "code_iris": "332000102", "nom_iris": "Béchade", "type_iris": "H"}}, {"type": "Feature", "geometry": {"type": "MultiPolygon", "coordinates": [[[[-0.6389357446760319, 44.895316726707584], [-0.6380795966146184, 44.895684579006705], [-0.6377438913206203, 44.895963267207954], [-0.6372522997331632, 44.89661479355774], [-0.6367909172116935, 44.8969697004511], [-0.6357679546809525, 44.897503430283436], [-0.6346881273868794, 44.89788398791884], [-0.6339546893954391, 44.89801345048058], [-0.6302906460715604, 44.898259507654615], [-0.6297588258860588, 44.8982714891008], [-0.6297585422633775, 44.89805158124761], [-0.6292900532901047, 44.89692585278331], [-0.6271397230448098, 44.89277355157145], [-0.6270416077860577, 44.89213863936915], [-0.6265828408742508, 44.89078906587319], [-0.6266706214866048, 44.89016610637518], [-0.6265530464659954, 44.889406550287596], [-0.6256724081206176, 44.88927759178895], [-0.6248865471319272, 44.888888662437175], [-0.6265299845653847, 44.8863239731479], [-0.6263825747009721, 44.886299046636786], [-0.6263381269379423, 44.8860625570476], [-0.6269771178734057, 44.88537652299765], [-0.6272065828759824, 44.885474475910335], [-0.6281051766285455, 44.88405891485306], [-0.628270132773063, 44.88410038991302], [-0.6284503687948816, 44.88380968864502], [-0.6281986605075351, 44.88372057728109], [-0.6285544611679771, 44.8831258079627], [-0.6288091765150854, 44.88316344630366], [-0.6283505067447289, 44.8828341471129], [-0.6290457617925, 44.88188218109296], [-0.6293443047525458, 44.88163718092701], [-0.6315776793527597, 44.88310083486715], [-0.6382128090145405, 44.88571631913107], [-0.6386364184346216, 44.88554290271986], [-0.6394270819796529, 44.88536015348948], [-0.641057513309903, 44.885360758042246], [-0.640305378487578, 44.88390999843937], [-0.6401467706010997, 44.883478069405655], [-0.640095226259301, 44.883094003104475], [-0.6400919897355759, 44.882653373143526], [-0.6401900386651522, 44.88205439756225], [-0.6401840464998859, 44.88198158874456], [-0.6400835478600138, 44.88187853144576], [-0.6403645058353387, 44.881695365271725], [-0.6403418757094529, 44.88154198514117], [-0.6406058912228269, 44.88084383006381], [-0.6409447727407847, 44.87985390077808], [-0.6410699765590844, 44.879165706183244], [-0.6412657011437931, 44.87868520066186], [-0.6424576236027338, 44.87712829664571], [-0.6475463590937995, 44.87974888932138], [-0.6474128422347225, 44.880600503143214], [-0.6481337982354731, 44.88201799296009], [-0.6482374318431182, 44.88234446405007], [-0.6478150838190243, 44.88325784854585], [-0.6490956569734229, 44.88357176866853], [-0.6498418729894695, 44.88385638002873], [-0.6506638078529544, 44.88427188954304], [-0.651374468958929, 44.884477444346054], [-0.6508431662304048, 44.88578108723222], [-0.6501349772045301, 44.886860711062525], [-0.6482948139818441, 44.88884099357519], [-0.6484538278312734, 44.88941440612091], [-0.6467290388949153, 44.88905648382087], [-0.6422292886897933, 44.88729886962717], [-0.6421568456289789, 44.88755000643541], [-0.6422782057583111, 44.887856973811886], [-0.6422582172338458, 44.88799823304696], [-0.6412951246382964, 44.88890409558826], [-0.6412274448169755, 44.88909198423149], [-0.6412286683345173, 44.8893452103018], [-0.6410365058905997, 44.889920236136724], [-0.6405585873609404, 44.88992149080703], [-0.6404271017085849, 44.88996636175338], [-0.6385839441099211, 44.88993305954964], [-0.6379533791241478, 44.88998527297458], [-0.6377874832947972, 44.889949250024095], [-0.6378387473537687, 44.890035897528705], [-0.6377721087718028, 44.890181388405566], [-0.6378210813700438, 44.89046729871448], [-0.6389357446760319, 44.895316726707584]]]]}, "properties": {"cleabs": "IRIS____0000000331620102", "code_insee": "33162", "nom_commune": "Eysines", "iris": "0102", "code_iris": "331620102", "nom_iris": "Bourg", "type_iris": "H"}}, {"type": "Feature", "geometry": {"type": "MultiPolygon", "coordinates": [[[[-0.7301131059677551, 44.89413635287697], [-0.7277857797559847, 44.89365299183997], [-0.7278047870776482, 44.892794267858555], [-0.7263382408404104, 44.89270740518106], [-0.7260813258288676, 44.89263851339043], [-0.7277522457211151, 44.89177480255356], [-0.7277201279214728, 44.891673127257384], [-0.7280386840295957, 44.891372194057084], [-0.7281226722844774, 44.89112871273063], [-0.7281476645187033, 44.89079888055347], [-0.7275234404663774, 44.89062154776939], [-0.727097372370668, 44.889533504887886], [-0.7271607085895876, 44.8885975805959], [-0.726892910286004, 44.888078382512404], [-0.7275734977288896, 44.88767335613179], [-0.7280652498185406, 44.88744141771636], [-0.7318267989926853, 44.88646413420936], [-0.7318665205241325, 44.88627982444517], [-0.731755778767519, 44.88553001882113], [-0.7318137153880432, 44.88502872267952], [-0.731923645020727, 44.88477535233922], [-0.7320970470589231, 44.88456130965942], [-0.732187159722742, 44.883895786962114], [-0.7321615000290101, 44.88375784190299], [-0.7320011861720502, 44.883539697923794], [-0.7314843518091552, 44.88314606041548], [-0.7316494260504334, 44.882825939167105], [-0.7318844565101346, 44.88271888791575], [-0.7329150452308298, 44.88256434935576], [-0.7332326657628451, 44.882574396793395], [-0.7333348376297462, 44.88254752479099], [-0.7335568029889845, 44.88241567154145], [-0.7342285565497765, 44.881822516045084], [-0.7346563312798177, 44.88156385565226], [-0.735938627833514, 44.881210632338615], [-0.7367889158286914, 44.88116668277357], [-0.7373505099792375, 44.8810900854917], [-0.7375833786541439, 44.88108404589093], [-0.7375563488821864, 44.88103988857942], [-0.7376554198936868, 44.88090946136017], [-0.7383484193349937, 44.88054090176317], [-0.7386220880948554, 44.88046227867008], [-0.7391849376199101, 44.8803856295169], [-0.7393333355417406, 44.880253538681735], [-0.7394314657183875, 44.880223191619265], [-0.739724800911194, 44.88023043295971], [-0.7410931797570655, 44.88004730729722], [-0.7416744292561276, 44.88005655502221], [-0.7425455193156375, 44.880305700962964], [-0.7435631543324338, 44.88035700709572], [-0.7449467437668077, 44.88053476434553], [-0.7454594851801917, 44.88067609955678], [-0.7457108408293933, 44.880681136540254], [-0.7460820753346971, 44.88062083425456], [-0.7490386735824605, 44.87971247647576], [-0.7496730646431019, 44.87958738731475], [-0.7497601748205079, 44.87948709728413], [-0.7495347857883478, 44.87903592130395], [-0.7495457332024908, 44.87870655567694], [-0.7499344505152936, 44.87839597301744], [-0.7500192715518703, 44.87828043700448], [-0.7500428401703242, 44.87813993003934], [-0.7502048843708835, 44.877965900086835], [-0.7505930247449588, 44.87787436450126], [-0.7506926544755175, 44.877809704860375], [-0.7515057714211272, 44.87899274526984], [-0.750040232082115, 44.88014914638659], [-0.7516132126227953, 44.882703617284385], [-0.7535590612971735, 44.88213125828575], [-0.755130708281935, 44.88738982315026], [-0.7552732557245919, 44.88860995384159], [-0.7554241489446795, 44.88904561564113], [-0.7559721594170223, 44.88992032515269], [-0.7559780612828897, 44.89000845919464], [-0.7563601212835827, 44.890487675472365], [-0.7566118753717037, 44.89116058761203], [-0.7566719957950286, 44.89156597014783], [-0.7549787496211127, 44.891067121481846], [-0.7530379255044777, 44.89060095625708], [-0.7515104516111759, 44.89030466644973], [-0.750370405832046, 44.8901512020165], [-0.749465492398295, 44.890043865268744], [-0.7477454238745436, 44.88991988088207], [-0.7428817997880056, 44.889716237717145], [-0.7428190834092484, 44.88972646475917], [-0.7432497569929863, 44.89072687065342], [-0.7431001041325422, 44.89074543773227], [-0.7418074091997902, 44.890603342921494], [-0.7412086382889294, 44.89059918952712], [-0.7411633167028978, 44.89087022283397], [-0.7409733681735758, 44.89106410704816], [-0.7410762767200363, 44.891656435775964], [-0.7414803540397078, 44.89184021359241], [-0.741389091786757, 44.892867231939526], [-0.741205039762704, 44.89411911182783], [-0.7391957145682884, 44.894051610304956], [-0.7381827440840462, 44.894092938326715], [-0.7367292171534748, 44.89418333972246], [-0.7346648605700373, 44.89418430906397], [-0.7327256695152259, 44.89425584357414], [-0.7320600164503541, 44.894314279215756], [-0.7308732635540454, 44.894259529909284], [-0.7301131059677551, 44.89413635287697]]]]}, "properties": {"cleabs": "IRIS____0000000334490102", "code_insee": "33449", "nom_commune": "Saint-Médard-en-Jalles", "iris": "0102", "code_iris": "334490102", "nom_iris": "Caupian-Sans Souci", "type_iris": "H"}}, {"type": "Feature", "geometry": {"type": "MultiPolygon", "coordinates": [[[[-0.6343697863098009, 44.917842989278725], [-0.6356175005743342, 44.917795840922935], [-0.6363137782018696, 44.917715361048046], [-0.6370446449027198, 44.91758146805093], [-0.6383979991140109, 44.917539841566295], [-0.6394890740044561, 44.91742477502217], [-0.6400419918913832, 44.91732463418218], [-0.6414640254677112, 44.91697337187493], [-0.6419304313933711, 44.916908505300725], [-0.6426267679634429, 44.91690729872842], [-0.642657141532742, 44.917823837854115], [-0.6427249340871267, 44.9179496005155], [-0.6430004820395354, 44.918110008648796], [-0.6449192220006937, 44.918998837959776], [-0.6450736847182773, 44.919130768036005], [-0.6451443668745411, 44.91926184254219], [-0.6451364932077627, 44.92115035353139], [-0.6454646475229382, 44.92190479870022], [-0.6455935696741817, 44.92236564533011], [-0.6454903865503728, 44.924173464600095], [-0.6456443176167161, 44.924277471278565], [-0.646367465392471, 44.9252136339255], [-0.6465429426815968, 44.925551274355655], [-0.6464902642806644, 44.92563862884781], [-0.6474503967042654, 44.92686263737778], [-0.6478194890679454, 44.92715335894155], [-0.6492049795938115, 44.928069555024045], [-0.650013195209068, 44.928303480473694], [-0.6503565385308201, 44.928451730905806], [-0.6505883023930334, 44.92865952930866], [-0.6506531936890663, 44.929090931104575], [-0.646736255841101, 44.92959544487063], [-0.6453781181954575, 44.92995818939777], [-0.6449254385834001, 44.93004064318455], [-0.6443961448192732, 44.93005710871172], [-0.6427988321462653, 44.93000044420182], [-0.6420617985372454, 44.930158908390496], [-0.641452853819875, 44.93023835947443], [-0.6400682037891154, 44.930310782274645], [-0.6392087823956807, 44.93026503429647], [-0.6387632824859804, 44.930282332841244], [-0.6378742179451631, 44.93048360403791], [-0.6349651283382552, 44.929862295825444], [-0.6338085723841633, 44.929675710659225], [-0.6315187318969531, 44.93009219243649], [-0.6307141642520195, 44.930187893910706], [-0.6294994238720782, 44.93021947991337], [-0.6280384413703648, 44.930132011106956], [-0.6273508175764293, 44.93015266514563], [-0.6257059898354067, 44.93043980352312], [-0.6237664171649129, 44.93064279700206], [-0.6228053766315624, 44.93061465838465], [-0.6209689991015053, 44.930470840059805], [-0.6215839227508321, 44.928755440454566], [-0.6225098229149149, 44.927337240168235], [-0.6230109447291751, 44.92641418396894], [-0.6243789786550106, 44.92373143502565], [-0.6244686006073408, 44.92350859227532], [-0.624535260599406, 44.92302872588315], [-0.6249332298081232, 44.92266963714571], [-0.6253610022559828, 44.92214373408876], [-0.6263988281297014, 44.92118421300669], [-0.6266884411318748, 44.92085659579641], [-0.6274300732321203, 44.9199274657995], [-0.6281382291870328, 44.918893069999676], [-0.6281776451163957, 44.91873765924084], [-0.6281273589148771, 44.9185878828843], [-0.6282798596549058, 44.91861174250026], [-0.6284412355859182, 44.91857672714215], [-0.6285606039961926, 44.918461065328025], [-0.6286283034550636, 44.9182722833044], [-0.6289134980170131, 44.91815120282256], [-0.6292124579130539, 44.91812521005771], [-0.6310418388120024, 44.91812760287451], [-0.6328377975755274, 44.917790364915305], [-0.633319268452696, 44.91776199579626], [-0.6339400732499421, 44.91776962424046], [-0.6342261548208139, 44.91789726152027], [-0.6343697863098009, 44.917842989278725]]]]}, "properties": {"cleabs": "IRIS____0000000330560102", "code_insee": "33056", "nom_commune": "Blanquefort", "iris": "0102", "code_iris": "330560102", "nom_iris": "Caychac Bourg", "type_iris": "H"}}, {"type": "Feature", "geometry": {"type": "MultiPolygon", "coordinates": [[[[-0.5058485863814987, 44.90239036454857], [-0.5066410451885482, 44.90202377065675], [-0.5071335810962915, 44.901525150720225], [-0.5076139534271972, 44.9003861329126], [-0.5083030023947576, 44.899157605168114], [-0.5087499864743265, 44.899289480392035], [-0.5097871591819281, 44.8994910194737], [-0.5099945691580245, 44.89958359875267], [-0.5102632092110931, 44.89978329164741], [-0.5104048745188707, 44.89995996153356], [-0.5104905780695471, 44.900174450259556], [-0.510402314493631, 44.900911750538405], [-0.510453134874344, 44.90093357593943], [-0.5104508044113579, 44.90099763758274], [-0.5129191648030326, 44.90143417461923], [-0.5140255880700718, 44.9017281152113], [-0.5143071695487613, 44.9017696724629], [-0.5149072129707484, 44.901712826167476], [-0.5155939094561495, 44.90150092304092], [-0.5163657132930103, 44.90135211080167], [-0.5166548659743893, 44.90159530055342], [-0.5168574690420432, 44.901590685765235], [-0.51705143158977, 44.90154939337278], [-0.5173603121623185, 44.9013791874253], [-0.517943888261282, 44.90128229026044], [-0.5180499929582476, 44.901396991093684], [-0.5181482696421293, 44.902033759587404], [-0.51839348554926, 44.90260729121641], [-0.518371608691604, 44.90318838522451], [-0.5187997845247977, 44.903221681121096], [-0.520069034017978, 44.90315891813459], [-0.5202639748396709, 44.9037998313204], [-0.5213964114638994, 44.9038603554012], [-0.5217547738180613, 44.90373092631781], [-0.5217142610289255, 44.90443878773757], [-0.5220252886005878, 44.90440368748185], [-0.5211364992480002, 44.91002140429691], [-0.5196502204735672, 44.90992252077931], [-0.5170611969885932, 44.909854043260005], [-0.5168397540919663, 44.90990251389127], [-0.5167257127545413, 44.91000526245119], [-0.5165884224589197, 44.91002042517011], [-0.5163631163444168, 44.90984550855848], [-0.5155029653538076, 44.90947709670239], [-0.5151028973048442, 44.909427575702615], [-0.5149348890653641, 44.90921569417842], [-0.5142822855457341, 44.90888035840876], [-0.5137113323629849, 44.90845140996852], [-0.5129635524003662, 44.90801363334776], [-0.5130830540924421, 44.90765386205305], [-0.5134985883064136, 44.9073027489232], [-0.5137260935183999, 44.90696659664909], [-0.5137343238453604, 44.90687531074903], [-0.5136525004363955, 44.90684455397457], [-0.5136257731261816, 44.906782312762175], [-0.5126598409867689, 44.90662721777776], [-0.5117773164885652, 44.90656861323019], [-0.5095691930711814, 44.90628153530421], [-0.5080195767838631, 44.905897907968196], [-0.5081895392886239, 44.90575645112303], [-0.5086418151508951, 44.905141034204995], [-0.5087376184738633, 44.90442242306603], [-0.5074148310735788, 44.90399467043166], [-0.5064694995645558, 44.90347837803888], [-0.5063151816629781, 44.903302102611015], [-0.5064374173733375, 44.90282329034451], [-0.5061051862394196, 44.90268147274924], [-0.5058485863814987, 44.90239036454857]]]]}, "properties": {"cleabs": "IRIS____0000000330320102", "code_insee": "33032", "nom_commune": "Bassens", "iris": "0102", "code_iris": "330320102", "nom_iris": "Centre", "type_iris": "H"}}, {"type": "Feature", "geometry": {"type": "MultiPolygon", "coordinates": [[[[-0.6139399351495968, 44.96475374963904], [-0.6135778376293382, 44.96478895654219], [-0.6131183253950427, 44.96463264623649], [-0.6127256296926811, 44.96462648352078], [-0.6120497870671274, 44.96477733596565], [-0.6119154799148668, 44.964879943148574], [-0.6108895400131936, 44.96460232644628], [-0.6095992621223156, 44.96455680966384], [-0.6080492985796648, 44.96414566604067], [-0.6069883865955688, 44.96436937433332], [-0.6065856809172512, 44.96438514619789], [-0.6024019523267848, 44.963646559020624], [-0.5987303683327683, 44.96441623842015], [-0.5986870279953576, 44.962634868079284], [-0.5985733961447433, 44.96120187403132], [-0.5986541604065337, 44.96107578083862], [-0.5983884322538787, 44.959251140171645], [-0.5982450558724121, 44.957868682212094], [-0.5985952177898267, 44.95656127588351], [-0.5987858182519419, 44.95634690374543], [-0.5987181186597699, 44.95614269850969], [-0.5988122338882687, 44.95575028954922], [-0.5994982770609679, 44.95368482567597], [-0.6000085045624726, 44.95190625833891], [-0.600065666209587, 44.95113650002658], [-0.5999855285316826, 44.95091647551605], [-0.5993634981075349, 44.94988751464297], [-0.5993422413172871, 44.949576354139325], [-0.599425137716331, 44.94928615495991], [-0.6000308494615426, 44.94804617536777], [-0.6006495822039714, 44.948115355960844], [-0.6007742625375908, 44.948041014455754], [-0.6022274531776446, 44.94798129539193], [-0.6030057792951309, 44.94786773307721], [-0.605213801305392, 44.94736889807511], [-0.6054224899165226, 44.94735762029207], [-0.6060794887452635, 44.950881117684155], [-0.6083302914671751, 44.95224743334601], [-0.60904465808075, 44.952756003841735], [-0.6097511033791584, 44.953712775764394], [-0.6104711702834622, 44.955235121239745], [-0.6109682017590968, 44.955935509996664], [-0.6114758575963104, 44.95654451991748], [-0.6121923911204977, 44.957203521301686], [-0.6137996285816415, 44.95838696190336], [-0.6149306128314919, 44.95934973092122], [-0.6153253665652929, 44.959624407702805], [-0.6139399351495968, 44.96475374963904]]]]}, "properties": {"cleabs": "IRIS____0000000333120102", "code_insee": "33312", "nom_commune": "Parempuyre", "iris": "0102", "code_iris": "333120102", "nom_iris": "Centre", "type_iris": "H"}}, {"type": "Feature", "geometry": {"type": "MultiPolygon", "coordinates": [[[[-0.5971190333432859, 44.861682063529265], [-0.5971604807983816, 44.86169604136056], [-0.598561579932924, 44.86097735529932], [-0.5996716200860813, 44.86052225351655], [-0.5999924363755852, 44.860821882172445], [-0.6008407559191871, 44.86130447378791], [-0.6017344220298607, 44.86192077859803], [-0.6008223938625941, 44.86257857030838], [-0.6011445263829877, 44.86390560705668], [-0.6012188005049561, 44.86458906674451], [-0.6011981469432017, 44.8651953941202], [-0.5998792362269201, 44.86516158494399], [-0.6003997088409809, 44.86560975518916], [-0.6005765887441117, 44.86581851899533], [-0.6006359140992593, 44.86581479129743], [-0.6006765096755885, 44.86585493259107], [-0.6011599807113746, 44.865884306060565], [-0.6019086920396028, 44.866748661879804], [-0.6023009467505439, 44.867015323563606], [-0.6003951615442186, 44.86794871256801], [-0.601281608020842, 44.868490453916166], [-0.6020899934271604, 44.869217682134746], [-0.602358378251965, 44.869291886968774], [-0.6029773991223172, 44.87036594013159], [-0.6028611588900741, 44.87039134499742], [-0.6004708252518672, 44.870332836760745], [-0.5993054563065429, 44.870244464581226], [-0.5989374172542025, 44.870335714098715], [-0.5982533777933767, 44.870578709937526], [-0.5977539663376075, 44.87008388010459], [-0.5975380827386785, 44.869761012775854], [-0.5971399114275762, 44.868571620945595], [-0.5968540256456821, 44.86798694877071], [-0.5964621927759077, 44.86739038855692], [-0.5960366883831594, 44.86684178481145], [-0.5951396805033579, 44.86589657646743], [-0.5950674565869823, 44.865758318094606], [-0.5947599351199168, 44.86477598100313], [-0.5946554115015569, 44.863856465071365], [-0.5947581226533165, 44.863758503854775], [-0.594718791839051, 44.86367866368238], [-0.594545932050729, 44.86365091694082], [-0.5944127815694648, 44.86353085510556], [-0.5936348451597052, 44.86305855288548], [-0.5933572179916868, 44.86274038343094], [-0.5930844064407083, 44.8622796567435], [-0.5932874924490433, 44.86226496822614], [-0.5943602508904259, 44.862334767434945], [-0.5949957253964577, 44.86232409259102], [-0.5954142516708045, 44.862269973485255], [-0.5963035275672545, 44.86200772274984], [-0.597083862255162, 44.861726464893785], [-0.5971190333432859, 44.861682063529265]]]]}, "properties": {"cleabs": "IRIS____0000000330690102", "code_insee": "33069", "nom_commune": "Le Bouscat", "iris": "0102", "code_iris": "330690102", "nom_iris": "Centre-Ermitage", "type_iris": "H"}}, {"type": "Feature", "geometry": {"type": "MultiPolygon", "coordinates": [[[[-0.6097109066702711, 44.887658144153875], [-0.6086380091899944, 44.88542629726341], [-0.6081963981774401, 44.88463130035284], [-0.6076782366871736, 44.883927116377755], [-0.6053553168570422, 44.88151415535463], [-0.606102937049811, 44.88042455078756], [-0.606270514545682, 44.88031005056702], [-0.6055160905930411, 44.87943958900564], [-0.6055626577545833, 44.879414642831584], [-0.6055583092935978, 44.87930753157521], [-0.6057699241426033, 44.87934572058708], [-0.6076327427697966, 44.88004586548567], [-0.6087745254824118, 44.88043415070676], [-0.6110215100827264, 44.880681020921394], [-0.6118376549870124, 44.88085454901593], [-0.6122305755200993, 44.87998734264124], [-0.6126913516236274, 44.87940633723448], [-0.6133294863295211, 44.880240883182886], [-0.6134869448764068, 44.88040249458786], [-0.6136949860828489, 44.88052280222915], [-0.6165165895601301, 44.881266387528115], [-0.6156451460394375, 44.883401991491624], [-0.6164597633176423, 44.88362961460563], [-0.6161395604577823, 44.884149275535215], [-0.6154855421641309, 44.88491865115286], [-0.6154243078346899, 44.885050431329546], [-0.6151494337988347, 44.886313076944944], [-0.6146363810440165, 44.88718510886618], [-0.6147361750881534, 44.888025465397334], [-0.6134943030420446, 44.887877531394246], [-0.6118718673322843, 44.88752926404612], [-0.6117845080901838, 44.887393308437325], [-0.6118045907949363, 44.88729171078567], [-0.6121528540638389, 44.88663595747785], [-0.6122296619421955, 44.88633242795194], [-0.6122089691237111, 44.88622765077535], [-0.6120748496630359, 44.88607429020852], [-0.6109281820393215, 44.88561228719435], [-0.6106732737346581, 44.88606401255313], [-0.6102619624789027, 44.88698138182858], [-0.6101574332867933, 44.88730744218313], [-0.6101650243844331, 44.88744509210673], [-0.6097109066702711, 44.887658144153875]]]]}, "properties": {"cleabs": "IRIS____0000000330750102", "code_insee": "33075", "nom_commune": "Bruges", "iris": "0102", "code_iris": "330750102", "nom_iris": "Centre Ville", "type_iris": "H"}}, {"type": "Feature", "geometry": {"type": "MultiPolygon", "coordinates": [[[[-0.6469541776932599, 44.837098225797455], [-0.647216829347155, 44.8353500962263], [-0.6479806730303708, 44.83295277401211], [-0.6493249038953297, 44.833211378374], [-0.649976464124086, 44.83329718789104], [-0.6525947255496053, 44.83304604029705], [-0.6571944709367477, 44.832530311418395], [-0.6573569775633944, 44.832691691384476], [-0.6587266768996672, 44.83481773069076], [-0.6590695182801556, 44.83518045701796], [-0.6596382562404475, 44.83556907591874], [-0.6603719519379864, 44.83586482162463], [-0.6606534611424081, 44.83606372926127], [-0.660844115815909, 44.83642336274421], [-0.6609619759193702, 44.83778403809553], [-0.6610437158400083, 44.838027394304945], [-0.6611625423113556, 44.8381595676749], [-0.6615015016445502, 44.83838451744045], [-0.6618859594483929, 44.838471867720905], [-0.661999327575583, 44.83855915556107], [-0.6619675926057197, 44.83867466851149], [-0.6617203190596992, 44.83882613986555], [-0.6612902615027888, 44.83971009255702], [-0.6610234898813666, 44.841155570917515], [-0.660711129563477, 44.842115851573965], [-0.6602226538415175, 44.842784514586604], [-0.6597789419507538, 44.843284957648294], [-0.6596539243930316, 44.84352432211791], [-0.6595828839307591, 44.843911521213386], [-0.6596197659405842, 44.84430236975562], [-0.6590707360879234, 44.844159151360984], [-0.658612136542007, 44.84417878648138], [-0.6571544135577363, 44.84379694283471], [-0.656865770831282, 44.843566714709006], [-0.655393150178189, 44.84315018951676], [-0.6553452843311367, 44.843057130848585], [-0.6553693517581162, 44.84253178257984], [-0.6549164271331038, 44.842482717204895], [-0.6548471445551957, 44.84244984975823], [-0.6548045814385762, 44.842321465603035], [-0.6552328629905458, 44.8413889298175], [-0.6539291436217338, 44.84126965649093], [-0.653826785929716, 44.841254101508305], [-0.6537113414873134, 44.84115425574119], [-0.653603834191677, 44.84115689613034], [-0.6536738598514286, 44.840850852513086], [-0.6537259340583307, 44.839899171229355], [-0.6536968435667432, 44.83945218572534], [-0.6531181702160643, 44.83877454751262], [-0.6529595202504747, 44.83876985911208], [-0.6529219616636465, 44.83873774832826], [-0.6529130317015448, 44.83861997284284], [-0.6529632775945629, 44.83859398285089], [-0.6522851730169115, 44.8379259252734], [-0.6504102172605256, 44.837182802722566], [-0.6500168572190638, 44.83707497686891], [-0.6471755401094238, 44.83713240536947], [-0.6469541776932599, 44.837098225797455]]]]}, "properties": {"cleabs": "IRIS____0000000332810102", "code_insee": "33281", "nom_commune": "Mérignac", "iris": "0102", "code_iris": "332810102", "nom_iris": "Centre Ville 2", "type_iris": "H"}}, {"type": "Feature", "geometry": {"type": "MultiPolygon", "coordinates": [[[[-0.522460110089707, 44.88794670392295], [-0.5211956979989832, 44.88820221699295], [-0.5190280587999483, 44.888428673663455], [-0.5185217102435292, 44.88836000821155], [-0.5171076280425857, 44.88796772111675], [-0.5173878860194948, 44.886978293217986], [-0.5166300736506164, 44.88704376107136], [-0.5145021276898678, 44.88701292132291], [-0.5131716388078797, 44.886861273273475], [-0.5122343889567964, 44.88667283414861], [-0.5121979459053977, 44.88631349297773], [-0.5117542197799987, 44.8856651242609], [-0.5104211042393942, 44.886078601772525], [-0.5095143647111324, 44.88613431123779], [-0.5090356020100301, 44.886060225249274], [-0.508615328300705, 44.886232127744535], [-0.5087141466858737, 44.88588653528254], [-0.5087257781663423, 44.88558605677668], [-0.5094523933483849, 44.88536661667019], [-0.5101891602968851, 44.885289245629856], [-0.5114119427577819, 44.88536142160663], [-0.5118326918673509, 44.88533909809668], [-0.512161441586485, 44.88526470868072], [-0.5125387368753315, 44.88509505355248], [-0.5127818330919927, 44.88490801457291], [-0.5129232924324778, 44.884737710295724], [-0.5158274177673206, 44.88477553798794], [-0.5169179119643594, 44.884678805748166], [-0.5178718845933026, 44.884487253447354], [-0.5173884042513837, 44.88381222759026], [-0.5169178903012497, 44.88358650666198], [-0.5168714354056798, 44.88353300312923], [-0.5168713825944132, 44.88339060932135], [-0.5170478131161652, 44.88329309273357], [-0.5171641953820814, 44.88306679926888], [-0.5171371227120466, 44.88291805176679], [-0.5169829088559228, 44.882722863737655], [-0.5169358377824124, 44.88251797197395], [-0.5171815255416616, 44.88281750863175], [-0.517384767131849, 44.88298590809273], [-0.5178619420765358, 44.88321682321131], [-0.5184948471747852, 44.883303108012115], [-0.5188543346279706, 44.88323403245338], [-0.5191705979006334, 44.88324383267933], [-0.5194812274990126, 44.88320424252916], [-0.5198389873206184, 44.88308745286077], [-0.5212382528604949, 44.88243743746979], [-0.5215679620510238, 44.88260091609127], [-0.5252806058076214, 44.88011459775742], [-0.5259730353737705, 44.88038190034077], [-0.5263354976238728, 44.880461410032034], [-0.5259835335451434, 44.88125486946469], [-0.5258963772373201, 44.88166319683166], [-0.5259177586036188, 44.88204374269612], [-0.5260463659362885, 44.882335264297716], [-0.5261586990777349, 44.882468684304634], [-0.526766355848428, 44.88293965332962], [-0.5268169193108786, 44.8831390236797], [-0.5266984130475563, 44.883290592880016], [-0.5265932504872862, 44.883331786430325], [-0.5262477526439224, 44.88334096090498], [-0.5259909766891915, 44.88341040278953], [-0.5256713621334028, 44.883730582843555], [-0.5248482821464994, 44.88420914766169], [-0.5247655612042227, 44.88454703641838], [-0.5241259600685211, 44.885081053171355], [-0.5238978370264483, 44.885384804175224], [-0.5238125420817189, 44.88560110624154], [-0.5222884190699408, 44.885414257738475], [-0.5217251170650734, 44.885831381018896], [-0.5227368401089514, 44.885832622680304], [-0.5227468259615382, 44.88635502551596], [-0.5222409651830136, 44.88637468362686], [-0.5222890846257459, 44.88683819697679], [-0.5225124197115317, 44.88686175203158], [-0.5224140656581292, 44.88767779266593], [-0.5226372120495815, 44.887718477157236], [-0.5225994122887839, 44.887883702649034], [-0.522460110089707, 44.88794670392295]]]]}, "properties": {"cleabs": "IRIS____0000000332490102", "code_insee": "33249", "nom_commune": "Lormont", "iris": "0102", "code_iris": "332490102", "nom_iris": "Cité Carriet 2-La Croix Rouge", "type_iris": "H"}}, {"type": "Feature", "geometry": {"type": "MultiPolygon", "coordinates": [[[[-0.5414220963965574, 44.84235864147625], [-0.5393262942627461, 44.8422488973888], [-0.531572523556968, 44.84341711447516], [-0.5305882545409166, 44.8436187823235], [-0.5296899476892187, 44.843817705699195], [-0.5291204115450968, 44.84382591497422], [-0.5293371120779122, 44.84376674837177], [-0.5294340281747966, 44.8431724562224], [-0.5297688591364549, 44.84261475318644], [-0.5296502357009969, 44.842521195178165], [-0.5295318711851097, 44.84251234461417], [-0.5298852663273822, 44.8416052737082], [-0.5298288480877938, 44.841312366483436], [-0.5298444892809898, 44.84101716594693], [-0.5297828907583335, 44.84090376871753], [-0.5300903545153723, 44.84085793387661], [-0.5300093685496389, 44.840254883883986], [-0.5306550608888682, 44.84018926946223], [-0.5305547167599468, 44.839862612945176], [-0.5304841569507681, 44.83934484846773], [-0.5305539203218926, 44.83916508510542], [-0.5306276962365379, 44.839109563895455], [-0.5336080580682317, 44.83892632608455], [-0.5359398126076574, 44.83892320695238], [-0.5361434553011217, 44.838978899377494], [-0.537591234243357, 44.83893813652213], [-0.5374665849635466, 44.838568099932054], [-0.5385280961453169, 44.83834768113315], [-0.5386423778283624, 44.83855312143004], [-0.5407567197833071, 44.837954811405226], [-0.5407764431609876, 44.83800645341814], [-0.5415305252922161, 44.83779221491015], [-0.5420616274309744, 44.838420539544146], [-0.5425686449149026, 44.839148767584916], [-0.5427629237025431, 44.83979866288464], [-0.5427825504885968, 44.84049108792947], [-0.5426819783211871, 44.84080432634674], [-0.5424070943455677, 44.84086447687937], [-0.5422632400881363, 44.84097361499753], [-0.5414220963965574, 44.84235864147625]]]]}, "properties": {"cleabs": "IRIS____0000000331670102", "code_insee": "33167", "nom_commune": "Floirac", "iris": "0102", "code_iris": "331670102", "nom_iris": "Gambetta", "type_iris": "H"}}, {"type": "Feature", "geometry": {"type": "MultiPolygon", "coordinates": [[[[-0.5739042063180411, 44.81268311114349], [-0.5735310050606001, 44.81270775981086], [-0.5738538990359774, 44.81141487800079], [-0.5739148721113443, 44.810741484461005], [-0.5739165015475809, 44.810647702425875], [-0.5753684282873338, 44.81020613583551], [-0.5756962197331648, 44.81000539979794], [-0.5761792806460765, 44.809896988150626], [-0.5763480318498243, 44.81008170677507], [-0.5765713744878317, 44.81008982200303], [-0.580702869601611, 44.80846667804612], [-0.5807453310656748, 44.80825892059017], [-0.5806979838079906, 44.80797295199116], [-0.5809652452773503, 44.80803461550007], [-0.5828743584643663, 44.80483838076626], [-0.5837959368823082, 44.80531418731843], [-0.5851034738667951, 44.806223622306156], [-0.5861961666202083, 44.806701987052996], [-0.5862157443129423, 44.80720695512978], [-0.5860866085111647, 44.810716999409905], [-0.5862103537735053, 44.812556056121295], [-0.5863492796546081, 44.812947211407085], [-0.5866497091561095, 44.8133295363931], [-0.586858076958648, 44.81369771573285], [-0.5870065493217648, 44.81515023792315], [-0.5854813760788418, 44.81470298664779], [-0.5839022742320478, 44.81469997321967], [-0.5836651007660238, 44.81413804962665], [-0.58309552784399, 44.8141609669694], [-0.5828021325410958, 44.8136702554635], [-0.5820923932158003, 44.81340118645232], [-0.5821842439261642, 44.81321346212267], [-0.5822043074541574, 44.8129721799792], [-0.582146866572654, 44.8123692973448], [-0.5822015703593298, 44.81201604214365], [-0.5821014129629275, 44.81197421618585], [-0.5819237774311422, 44.81196823991942], [-0.5812305650788088, 44.81209698455923], [-0.580270375786069, 44.81199010928677], [-0.5782486059449248, 44.81201303024496], [-0.5772607584671666, 44.81214765497401], [-0.5763353153165613, 44.8123875058885], [-0.5749248737867912, 44.81250690235793], [-0.5739042063180411, 44.81268311114349]]]]}, "properties": {"cleabs": "IRIS____0000000335220102", "code_insee": "33522", "nom_commune": "Talence", "iris": "0102", "code_iris": "335220102", "nom_iris": "La Fauvette", "type_iris": "H"}}, {"type": "Feature", "geometry": {"type": "MultiPolygon", "coordinates": [[[[-0.47821399413248583, 44.946278754834765], [-0.4781433891369135, 44.94614307595848], [-0.47825688682851697, 44.94568169596771], [-0.4781827269785678, 44.94550917781532], [-0.47696930569511115, 44.94503525293997], [-0.4751598296930561, 44.94448532953878], [-0.47313236699955535, 44.94348887229465], [-0.4732482017366876, 44.94308510466788], [-0.4734605205279212, 44.942763937755096], [-0.47209925452165524, 44.942093610491604], [-0.47085351617341353, 44.941608015934996], [-0.4719534146763707, 44.93980093165479], [-0.47214978099444443, 44.939058490272274], [-0.4665053189451393, 44.93702042895355], [-0.46566121670197735, 44.93674845721013], [-0.46400854972202615, 44.93638903966263], [-0.46358761636410445, 44.93631204082421], [-0.4647087924077917, 44.93377978696971], [-0.46516569122755763, 44.93390522653593], [-0.4653115483970515, 44.93355550778162], [-0.4658740846273484, 44.933029668302495], [-0.4679046742639315, 44.931767668659894], [-0.46803760801229716, 44.93155803928183], [-0.46769001779804587, 44.931025450896655], [-0.46598099711239455, 44.93010095704008], [-0.46552358962367824, 44.92963847992877], [-0.46476944519410335, 44.928623794683816], [-0.4638681929298103, 44.928020144291814], [-0.46407824171223705, 44.92768284541276], [-0.46462104010689986, 44.92718736760605], [-0.46469570636815155, 44.92693810365432], [-0.46426808425148103, 44.9252120813174], [-0.4643468020792843, 44.9241867391242], [-0.46525821545100915, 44.9228623515629], [-0.46420229213444714, 44.92268981077941], [-0.4642513239297615, 44.92247739569942], [-0.4658370549391704, 44.91942145055308], [-0.46645617593764716, 44.91964906381857], [-0.4674693636196793, 44.91995179046236], [-0.467179920943793, 44.92044027664618], [-0.4682492928134428, 44.92052314696614], [-0.46804875214265756, 44.921259399524445], [-0.469118617117871, 44.92171895812419], [-0.4699042392454768, 44.922422606773175], [-0.47266146929732894, 44.92161545560265], [-0.47275495535529705, 44.92171166748426], [-0.4727579975222549, 44.92202700132226], [-0.47354592449764416, 44.92258275269757], [-0.4736746712050582, 44.92285900770861], [-0.4732049461179773, 44.92359017168043], [-0.47364545853886625, 44.923534038642465], [-0.47386567013117953, 44.92362808905923], [-0.47416351206232055, 44.923521441091474], [-0.475922549578669, 44.92333032260757], [-0.47627250743946103, 44.919870373700896], [-0.4770013925631602, 44.918635407610715], [-0.4782899034601555, 44.917773142321174], [-0.4793934548237595, 44.91744657763758], [-0.47952020527653677, 44.91724073165218], [-0.48097200312245025, 44.916680636315164], [-0.48134824483642824, 44.91671390451298], [-0.4820302074808337, 44.91658437781929], [-0.48290798147886643, 44.91529873796738], [-0.4830386326669021, 44.91540098551445], [-0.482986159844227, 44.915618024907744], [-0.4835528084734453, 44.91579672029743], [-0.48428730103682377, 44.91588002423749], [-0.48502079342258064, 44.91600841628668], [-0.48510545027505636, 44.91641131333697], [-0.48580113094790667, 44.916645429838354], [-0.4863645426065764, 44.91726131024258], [-0.4869551219531875, 44.91762038555334], [-0.48841837024962426, 44.9172860406251], [-0.4898536229503037, 44.917093147955114], [-0.49223942815457283, 44.91658285714742], [-0.4942389717987297, 44.916469494772926], [-0.49573570448440585, 44.916978455646365], [-0.49662245565950436, 44.917183960865096], [-0.49812074298293174, 44.917900126632226], [-0.5018089833941296, 44.91821919501234], [-0.5037566060318529, 44.91857324084978], [-0.5034017282928434, 44.91924774860108], [-0.5026073064163958, 44.92009473585514], [-0.5022975793026684, 44.92053799953737], [-0.5020915522991534, 44.92124025341716], [-0.5020028043692152, 44.92201271088543], [-0.5018172767251308, 44.92243403217321], [-0.5013028662442476, 44.92301262314398], [-0.5012437117264813, 44.923162291258016], [-0.5010009471133933, 44.92333757417008], [-0.5008836265020534, 44.923327753453115], [-0.5009030533286054, 44.92345601848585], [-0.5001644050911251, 44.92412098035893], [-0.4988110310880219, 44.92577052981124], [-0.49845224384096987, 44.926302747177324], [-0.4978571652706507, 44.926972182764786], [-0.49764276800062307, 44.927785543324376], [-0.4973343653777614, 44.92839367679549], [-0.49727084913754915, 44.92845335587589], [-0.49690112547493037, 44.928607391330196], [-0.4954141270815344, 44.92899215686289], [-0.49482577585482546, 44.92909899006224], [-0.49444799845759463, 44.92885942921068], [-0.4926672296321752, 44.92811333283256], [-0.4913291944785301, 44.92742719646346], [-0.49040431817534297, 44.92712100222302], [-0.4887859773541718, 44.926027274183426], [-0.48866627556245495, 44.92606077450904], [-0.4881169283905075, 44.926447532820525], [-0.48737714922416386, 44.92650590914533], [-0.48644244302777734, 44.92663258397411], [-0.4852881816221247, 44.92698243588361], [-0.4846807279354076, 44.92708801227299], [-0.48386036356562245, 44.92705426339501], [-0.4836110244038219, 44.927104441177526], [-0.48345720153476773, 44.927038067779], [-0.48293689971506565, 44.926974173475436], [-0.4823105559090918, 44.92677571273854], [-0.48124421029572434, 44.92635581789091], [-0.4789001303359105, 44.92746477047631], [-0.47874440271226243, 44.92761294311685], [-0.4785929660192733, 44.927952943168314], [-0.4784221918695688, 44.92808356189572], [-0.47822261536592775, 44.928138477649995], [-0.477963775503728, 44.92809701450698], [-0.47746417147502335, 44.92916439101225], [-0.47716144758390455, 44.929990381544464], [-0.47683628503580083, 44.931395663217884], [-0.4767394876249288, 44.93233056484532], [-0.47674773469524195, 44.933261277902965], [-0.4768702108259016, 44.93443805730672], [-0.4775073741986245, 44.93910452096768], [-0.47871347242187196, 44.939012690044834], [-0.47896355399628854, 44.93905532865172], [-0.47997096468123973, 44.93983038368637], [-0.4816791904297672, 44.940815089302596], [-0.48222493256413096, 44.941041320037876], [-0.4825404915482247, 44.94107559019435], [-0.48280170251589, 44.94105208151954], [-0.4825848045224155, 44.94129860894629], [-0.4817342899760641, 44.94206968480092], [-0.48095741708647133, 44.94257618704477], [-0.4797593426411471, 44.94349331993638], [-0.4790657781694287, 44.94409543357085], [-0.4785999630826173, 44.94456423989897], [-0.4784928573866232, 44.94469917319573], [-0.47845097458654845, 44.94492399053325], [-0.4785290478614974, 44.94542533666479], [-0.4788436644300851, 44.94620046281361], [-0.4787470827411696, 44.94628009151277], [-0.47863172809960297, 44.94630262877577], [-0.47835484506719217, 44.94631940757733], [-0.47821399413248583, 44.946278754834765]]]]}, "properties": {"cleabs": "IRIS____0000000330030102", "code_insee": "33003", "nom_commune": "Ambarès-et-Lagrave", "iris": "0102", "code_iris": "330030102", "nom_iris": "Lagrave-Le Bourg", "type_iris": "H"}}, {"type": "Feature", "geometry": {"type": "MultiPolygon", "coordinates": [[[[-0.571215794882079, 44.80250008914791], [-0.5725638120896945, 44.805543401874424], [-0.5738757182321208, 44.80867348855931], [-0.5700479423051575, 44.80948087909517], [-0.5694397712067681, 44.810031296419105], [-0.5694478869404681, 44.81015901155089], [-0.5688569015039497, 44.81026275694244], [-0.5664098853697415, 44.809588976103804], [-0.5662919270378963, 44.80958556126234], [-0.5654010845083929, 44.8091338572347], [-0.5644793395105299, 44.80873360973234], [-0.5634165330530602, 44.8089633498604], [-0.5622744281983866, 44.80928034438794], [-0.5619389104534662, 44.808800852474384], [-0.5614726946849664, 44.80831654679841], [-0.5610547186425502, 44.80797398654613], [-0.5606822804100338, 44.80777055516498], [-0.560671753736464, 44.807684374514956], [-0.5605436631090734, 44.80762089627604], [-0.5596693991477707, 44.806770269830125], [-0.5593659872374817, 44.806357333390785], [-0.559093739189824, 44.80575683979739], [-0.5589365475229573, 44.80521393563736], [-0.5597432290768458, 44.80501859888707], [-0.5602174513368667, 44.804631157143746], [-0.5604629481093455, 44.80448988840965], [-0.561320612740132, 44.80428028467989], [-0.561179920044028, 44.803658445706205], [-0.5614918243498693, 44.802548014117775], [-0.5616942963673608, 44.80202780315059], [-0.5650843064737597, 44.80242711046508], [-0.5649555204567489, 44.80299092177411], [-0.5663355315903508, 44.80305377362722], [-0.5679763878740517, 44.802858568315976], [-0.5680905862520673, 44.802902657742145], [-0.5681809890894324, 44.80318994665863], [-0.571215794882079, 44.80250008914791]]]]}, "properties": {"cleabs": "IRIS____0000000330390102", "code_insee": "33039", "nom_commune": "Bègles", "iris": "0102", "code_iris": "330390102", "nom_iris": "La Raze", "type_iris": "H"}}, {"type": "Feature", "geometry": {"type": "MultiPolygon", "coordinates": [[[[-0.505103766599415, 44.888586237040585], [-0.5056376975184248, 44.88814309307328], [-0.5067425616371741, 44.88754492371807], [-0.507804438830145, 44.886827335899476], [-0.5082213682847144, 44.886378863613245], [-0.508615328300705, 44.886232127744535], [-0.5090356020100301, 44.886060225249274], [-0.5095143647111324, 44.88613431123779], [-0.5104211042393942, 44.886078601772525], [-0.5117542197799987, 44.8856651242609], [-0.5121979459053977, 44.88631349297773], [-0.5122343889567964, 44.88667283414861], [-0.5131716388078797, 44.886861273273475], [-0.5145021276898678, 44.88701292132291], [-0.5166300736506164, 44.88704376107136], [-0.5173878860194948, 44.886978293217986], [-0.5171076280425857, 44.88796772111675], [-0.5164310384472314, 44.88943023700919], [-0.5162591706164217, 44.89004581987949], [-0.5162870664670954, 44.89109758331495], [-0.5161127930032554, 44.89288845834662], [-0.516847395843085, 44.89457484119432], [-0.5168794503752385, 44.89488385243566], [-0.5162148241005529, 44.8971453887835], [-0.5148523863244565, 44.89691275167029], [-0.5142860490035289, 44.896697259127805], [-0.514173607984156, 44.896602583228905], [-0.5141615070989742, 44.89630826094949], [-0.5140496976409601, 44.896081984031085], [-0.5138309161975403, 44.895848277987035], [-0.5136837521756643, 44.89578624407368], [-0.5121981831479656, 44.89548988001809], [-0.5109201812287433, 44.89551137801353], [-0.5088354759983363, 44.8954673360085], [-0.508802028782992, 44.8950745528129], [-0.5093043616153147, 44.89475405697853], [-0.5092973498593883, 44.89450012992776], [-0.5092625906119488, 44.89443093224571], [-0.5087686276788169, 44.894317668783515], [-0.5087455698282537, 44.893361284903165], [-0.508593263065683, 44.8929533326989], [-0.5068270787431254, 44.89301364552253], [-0.506765693526524, 44.89306605377033], [-0.5063260747984628, 44.892929433724284], [-0.5029228212910278, 44.891584986837394], [-0.5035528926867047, 44.89048813026457], [-0.5042640517406991, 44.88953290715606], [-0.505103766599415, 44.888586237040585]]]]}, "properties": {"cleabs": "IRIS____0000000330960102", "code_insee": "33096", "nom_commune": "Carbon-Blanc", "iris": "0102", "code_iris": "330960102", "nom_iris": "Sud", "type_iris": "H"}}, {"type": "Feature", "geometry": {"type": "MultiPolygon", "coordinates": [[[[-0.6971101372970865, 44.92756064019023], [-0.6872497468407716, 44.93115846755812], [-0.6818934104684804, 44.93086203687341], [-0.6813761645835097, 44.930888193942195], [-0.6813664670246619, 44.930837139187055], [-0.675549756766079, 44.93038801371064], [-0.6724271820499386, 44.93005955694824], [-0.670522239072851, 44.92997560437161], [-0.6697443281291185, 44.92999319538729], [-0.6721696687134995, 44.925547899285874], [-0.6706839492841472, 44.92273799621477], [-0.6614241081343042, 44.91838921840562], [-0.6617703658209525, 44.918330031945175], [-0.6635064671206703, 44.91832144639341], [-0.6656444060994011, 44.91817248413773], [-0.6663319072254349, 44.91801639335311], [-0.6674012191096806, 44.91768545165878], [-0.6680739189779991, 44.91705123486732], [-0.6686908005137507, 44.91602948514086], [-0.6690690090888223, 44.915683499578705], [-0.6690902070360271, 44.91546467848552], [-0.6689068545013074, 44.91512462746849], [-0.6687783170307069, 44.91465297452972], [-0.6687720047753779, 44.91391680074783], [-0.6696777961624141, 44.91399593178884], [-0.6710983087995385, 44.914419472297055], [-0.6714527799594652, 44.91460243982257], [-0.6718350184119325, 44.91499629991533], [-0.6720699814739625, 44.915097591130106], [-0.6725691065943846, 44.915203665846136], [-0.6732554436639769, 44.91522422919373], [-0.6743125802171548, 44.915115347566655], [-0.6792692037099567, 44.915510961387724], [-0.679879556012834, 44.9156106146548], [-0.6827402211417056, 44.916385569094416], [-0.6830424301887261, 44.91642872528693], [-0.6838130955959528, 44.916458144588645], [-0.6846128112163791, 44.9165821360899], [-0.6847468023642683, 44.91667142899158], [-0.6848583582095013, 44.91663167409521], [-0.6867230504423023, 44.91674644664394], [-0.6883743908472221, 44.91695390136014], [-0.689274810403969, 44.91685368775537], [-0.6907644770565159, 44.91637785668735], [-0.6917404138092598, 44.91611467475508], [-0.6917981801911203, 44.91614430117218], [-0.6918628003737538, 44.916085368626995], [-0.6920407026611863, 44.91605151264863], [-0.6931321555693131, 44.915905256838144], [-0.6939295855531816, 44.91560923393338], [-0.6941504372535865, 44.915380158015815], [-0.6944542380766132, 44.91481212270921], [-0.6945846292108231, 44.914249856055704], [-0.6944302587170841, 44.913889949919394], [-0.6935246582296513, 44.91265910367579], [-0.6933036712987557, 44.911903922599066], [-0.6932939033092382, 44.91106239868935], [-0.693393140927686, 44.91102845245789], [-0.6938740013231627, 44.91108816946407], [-0.69430143489604, 44.911068541569975], [-0.6948218780704422, 44.910978216868166], [-0.6950304971898196, 44.91089105586651], [-0.6950993060833768, 44.910741848051536], [-0.6951159417330186, 44.91035912725039], [-0.6948823666143418, 44.90958634159619], [-0.6942366206098085, 44.90943026420432], [-0.6940913217393125, 44.90932333247562], [-0.6948661881137566, 44.90874412962913], [-0.6955248708747671, 44.90836527945451], [-0.6965009966999905, 44.90772258148307], [-0.6971809773653569, 44.907186178987374], [-0.6973645869837827, 44.906970053212426], [-0.6974363676878833, 44.906962254865554], [-0.6979995632595074, 44.90652077102977], [-0.6988652307277601, 44.9057618515354], [-0.6991643257764579, 44.90533546860887], [-0.7008714018579311, 44.9037012369765], [-0.701172332323808, 44.90334148594511], [-0.7015491301384211, 44.9030359889792], [-0.7028605086503206, 44.90174931246592], [-0.7038648100388175, 44.90218901538387], [-0.7051955469420308, 44.902559228947005], [-0.7054581482799467, 44.90256037954469], [-0.7060758358363575, 44.9027723082497], [-0.7076288044841714, 44.903856149192066], [-0.7084934056780747, 44.904195922332214], [-0.7119391415821551, 44.90413575633193], [-0.7133132282758513, 44.90468018933689], [-0.7140838552873383, 44.90488335487161], [-0.7142236306410472, 44.90515539238497], [-0.7145553636078352, 44.906659458520366], [-0.7144778179074871, 44.90767156166726], [-0.7117123236587974, 44.91757070160377], [-0.711269593358371, 44.91950627205359], [-0.7110490688252376, 44.919988652161315], [-0.710762123261381, 44.921115912915695], [-0.7107389824317119, 44.921762953420725], [-0.710362873295594, 44.92317261056789], [-0.7101365809031351, 44.92331897804086], [-0.6991569445266086, 44.92694898119786], [-0.6971101372970865, 44.92756064019023]]]]}, "properties": {"cleabs": "IRIS____0000000335190102", "code_insee": "33519", "nom_commune": "Le Taillan-Médoc", "iris": "0102", "code_iris": "335190102", "nom_iris": "Nord des Jalles", "type_iris": "H"}}, {"type": "Feature", "geometry": {"type": "MultiPolygon", "coordinates": [[[[-0.5199251397741261, 44.855488011947735], [-0.5242331296252505, 44.85607403181542], [-0.5248723000696405, 44.856204231535095], [-0.5250798533529608, 44.85620034054762], [-0.5252138072171473, 44.85627539272521], [-0.5252219768224813, 44.85642563916113], [-0.5258485216450731, 44.8565967901941], [-0.5260398418396243, 44.85661684544934], [-0.5258281928984292, 44.85732202855867], [-0.5245442052468938, 44.8571537407218], [-0.5243794605757691, 44.857476208594306], [-0.5236518805054404, 44.86015615625363], [-0.5227817499856797, 44.860041392684245], [-0.5226339924563158, 44.85996857803676], [-0.5201514420613097, 44.859641817279474], [-0.5200931713188547, 44.859339049660015], [-0.5193455847592753, 44.85804606722678], [-0.5192189329784652, 44.85754179042931], [-0.5193509520639815, 44.85649487843525], [-0.5196146884764238, 44.8558916993982], [-0.5195920274204954, 44.85571217218641], [-0.5198119516617327, 44.85574394776214], [-0.5198888294874713, 44.85571717539181], [-0.5199251397741261, 44.855488011947735]]]]}, "properties": {"cleabs": "IRIS____0000000331190102", "code_insee": "33119", "nom_commune": "Cenon", "iris": "0102", "code_iris": "331190102", "nom_iris": "Palmer 2", "type_iris": "H"}}, {"type": "Feature", "geometry": {"type": "MultiPolygon", "coordinates": [[[[-0.5883193310869909, 44.75787056937105], [-0.5888148369734334, 44.75951008557491], [-0.5900286315789243, 44.762770179926655], [-0.5904343907299276, 44.76387456366799], [-0.5906012502188323, 44.76624932881123], [-0.5905174477798302, 44.76679909817798], [-0.5900282384154437, 44.76781533172798], [-0.590062821848929, 44.768436066774655], [-0.5899426994749704, 44.76924927402962], [-0.5898056099449018, 44.769440273710714], [-0.5897440529051389, 44.76982349346147], [-0.5883276513693527, 44.770050534832734], [-0.5868555138766465, 44.770395622421844], [-0.5870618298379765, 44.77071428914191], [-0.5862882822537453, 44.77001203552452], [-0.5853008459303245, 44.77020081543028], [-0.5836239691937904, 44.77070840001299], [-0.5821461475882737, 44.77122304014537], [-0.5821230231148717, 44.771177824826125], [-0.5822985950729643, 44.770974776190464], [-0.584746920514525, 44.767149126450015], [-0.584905078538374, 44.767070106358176], [-0.5844951021496091, 44.76593790204693], [-0.5815545830455809, 44.76610872669329], [-0.5813823714800983, 44.76610618389591], [-0.5813178747502518, 44.76606681245279], [-0.5811626382105627, 44.76559597943328], [-0.5819037094307412, 44.76547288094962], [-0.5816006869955985, 44.76458865459084], [-0.5821935034295495, 44.76329063098373], [-0.5811240455349088, 44.76302420231431], [-0.5817073399769221, 44.76227173641472], [-0.5819006264656497, 44.76195005362874], [-0.5828506565726268, 44.75891370875391], [-0.5830967837200498, 44.75836951193296], [-0.5835754649019474, 44.757604197381525], [-0.5883193310869909, 44.75787056937105]]]]}, "properties": {"cleabs": "IRIS____0000000335500102", "code_insee": "33550", "nom_commune": "Villenave-d'Ornon", "iris": "0102", "code_iris": "335500102", "nom_iris": "Petit Chambéry-Brown", "type_iris": "H"}}, {"type": "Feature", "geometry": {"type": "MultiPolygon", "coordinates": [[[[-0.7463921084282162, 44.850447502764055], [-0.7507970926672112, 44.849659576518455], [-0.7510892751015011, 44.84940542973207], [-0.751782139867849, 44.84923147023687], [-0.7531517114390403, 44.84904001843109], [-0.7543847328552394, 44.84665567569528], [-0.7562400225358354, 44.84662350457036], [-0.7569403602277761, 44.84669442623956], [-0.7570513055332911, 44.84642116359156], [-0.7570817674362476, 44.84583515370947], [-0.7567700118779084, 44.84549328508694], [-0.7560221994016308, 44.84520494210595], [-0.7557906322432271, 44.84494418118079], [-0.7557947956134956, 44.84457088056592], [-0.7560999939567019, 44.844190089326666], [-0.7558871536063559, 44.84383044727536], [-0.7556434895876495, 44.84371070684725], [-0.7551848102995157, 44.84365322875699], [-0.7550186191619865, 44.84351734359024], [-0.7549187046288356, 44.84333054137034], [-0.7550184059537524, 44.8428323241464], [-0.7548179693310688, 44.84265793886429], [-0.754233985316112, 44.842450568572524], [-0.7539705358379832, 44.84218637725135], [-0.7538900769585715, 44.84187362819294], [-0.7541861360643314, 44.84128043326661], [-0.7535873823281494, 44.84075718655519], [-0.7538910010893958, 44.84052337509362], [-0.753761375598413, 44.83818695920496], [-0.7538346125643992, 44.83249967881329], [-0.7607186272228825, 44.83234122917543], [-0.7624526124974914, 44.831847954814], [-0.7780739587770132, 44.8290318461561], [-0.7796446992351201, 44.82861957166553], [-0.7887280321705726, 44.82684123502471], [-0.7899532487199259, 44.826472164697314], [-0.7910719563377866, 44.82623291347825], [-0.7916362614172266, 44.82599909142381], [-0.7928958859769956, 44.82576491702519], [-0.7931946912961936, 44.82563210857309], [-0.7964458207439822, 44.82484300094515], [-0.801058335642694, 44.823660100834104], [-0.8015479269574399, 44.82361447014531], [-0.8028987534610479, 44.823176046020436], [-0.804173047166751, 44.823346854169614], [-0.8357509053817672, 44.8287686296906], [-0.8358429550315676, 44.82909625565791], [-0.8359306489822509, 44.83095459502841], [-0.8360589329493406, 44.83149730171173], [-0.8359326388545942, 44.83168825911694], [-0.8363357369901391, 44.84075765509916], [-0.8363225279418322, 44.840823913868526], [-0.8361559845886105, 44.84087113920661], [-0.8355253218000611, 44.84080101099904], [-0.8341144923398991, 44.84075334816303], [-0.8338865501301461, 44.840754918940036], [-0.8336155876877367, 44.840812961416326], [-0.8261258639012017, 44.84052177228185], [-0.8253308035170246, 44.84047438495377], [-0.8249660340929782, 44.84036437801693], [-0.8240112734795685, 44.84035313666561], [-0.7971755315759076, 44.839136283095854], [-0.7966475322417459, 44.83962758156243], [-0.7964585038620621, 44.83975483685633], [-0.7962625072465367, 44.839816530155574], [-0.7936577149602101, 44.84009675796936], [-0.7927142054210287, 44.84025161642529], [-0.7921149347954155, 44.84023244952132], [-0.7915274600995241, 44.840012771984235], [-0.7909984550037303, 44.83992719955956], [-0.7903963457205072, 44.839884684954946], [-0.7898779358208391, 44.83969328499649], [-0.7891357112991899, 44.83933917166082], [-0.7886371330124764, 44.83929130753445], [-0.7879049258864972, 44.83929198307215], [-0.7874993860520357, 44.8391021253416], [-0.78718015990315, 44.83981609409261], [-0.7870428792938238, 44.84052294742098], [-0.7867472406389582, 44.84124872845972], [-0.7866009067325875, 44.84146464501018], [-0.7862556961558007, 44.842263325191944], [-0.7858006952993102, 44.84308738483105], [-0.7828102427933867, 44.84249807818526], [-0.7827378377196338, 44.84251406832366], [-0.7827048950417418, 44.84247643321549], [-0.7820368886911483, 44.842377531368626], [-0.7808198100477348, 44.84229013461501], [-0.7805600327666656, 44.84232693275449], [-0.7795319338513094, 44.84231780792532], [-0.7794776808093546, 44.843487824739896], [-0.779432333042266, 44.84358581609115], [-0.7793262579860545, 44.84355337629593], [-0.7792172001331936, 44.843589541723], [-0.7792142393793253, 44.84371493223734], [-0.779160565276515, 44.84376453352256], [-0.7789669532787309, 44.846346329072354], [-0.7766663727945435, 44.846106509499485], [-0.7762453114917435, 44.84579905979193], [-0.7754238279467541, 44.84530243344098], [-0.7744362121093968, 44.8443887168333], [-0.7742837848479849, 44.84434523066098], [-0.772942007874793, 44.847266227488305], [-0.7728547945001899, 44.847533293222206], [-0.7728504919976914, 44.847865140758906], [-0.773169502487122, 44.85132904178599], [-0.7734838738761487, 44.85214129222974], [-0.77469473185591, 44.854620308509816], [-0.7750373127918524, 44.85636000332319], [-0.7745410561715949, 44.86333904396204], [-0.7744240911578079, 44.864238081154895], [-0.7734070551075554, 44.864305125745744], [-0.7664738635819768, 44.865130206551406], [-0.7584243454945289, 44.86705987859321], [-0.7579632955829387, 44.86625075165956], [-0.7565108535866112, 44.86405555573308], [-0.755459995762409, 44.862954520401345], [-0.7534719156231234, 44.85970210747684], [-0.7529466085701467, 44.859199797942], [-0.7515526543722651, 44.85692596120215], [-0.7500408084105082, 44.85512389942988], [-0.7488098954963867, 44.853447529989204], [-0.7463921084282162, 44.850447502764055]]]]}, "properties": {"cleabs": "IRIS____0000000332730102", "code_insee": "33273", "nom_commune": "Martignas-sur-Jalle", "iris": "0102", "code_iris": "332730102", "nom_iris": "Sud", "type_iris": "H"}}, {"type": "Feature", "geometry": {"type": "MultiPolygon", "coordinates": [[[[-0.5935203765138977, 44.85386931161141], [-0.5930950714564267, 44.85443015759247], [-0.5895005348199127, 44.859306114562955], [-0.5866764853196307, 44.85719205051527], [-0.5831503568543086, 44.855013179220265], [-0.583930589923079, 44.85498887680447], [-0.5883890393516766, 44.85331800712476], [-0.5914237057113277, 44.85246814519714], [-0.5925703710144069, 44.85322052576694], [-0.5927120070936666, 44.85341421761933], [-0.5932659835072772, 44.85377480744092], [-0.5935203765138977, 44.85386931161141]]]]}, "properties": {"cleabs": "IRIS____0000000330630603", "code_insee": "33063", "nom_commune": "Bordeaux", "iris": "0603", "code_iris": "330630603", "nom_iris": "Saint-Seurin-Fondaudège 3", "type_iris": "H"}}, {"type": "Feature", "geometry": {"type": "MultiPolygon", "coordinates": [[[[-0.5136290673152197, 44.84702500847019], [-0.5144918568360518, 44.84704634144407], [-0.5171655263803814, 44.8467732403911], [-0.517589824206946, 44.84685261224241], [-0.5183099930060536, 44.84714520152705], [-0.5187405918120015, 44.84710270352842], [-0.5199845853525172, 44.84657657100785], [-0.5225961992382111, 44.84590065488413], [-0.5243202415353256, 44.845233053338816], [-0.5257887843389129, 44.844431151356], [-0.5260213573923256, 44.84410021644711], [-0.5265205718872352, 44.84392032147536], [-0.5275199335041864, 44.84375696325974], [-0.5291204115450968, 44.84382591497422], [-0.5296899476892187, 44.843817705699195], [-0.5305882545409166, 44.8436187823235], [-0.5306715366193372, 44.84377474830332], [-0.5317635017009888, 44.844741254148985], [-0.5320369587107762, 44.8448794477496], [-0.5324990583793192, 44.84503596639184], [-0.5324100303277154, 44.84505051772776], [-0.5322806937122139, 44.84520964886231], [-0.531918764861123, 44.84539691469524], [-0.5319007030077275, 44.845532674914516], [-0.5324653896326286, 44.84669530987043], [-0.5325872476273358, 44.847262811897096], [-0.5325098372891082, 44.84750230192658], [-0.5322350161437259, 44.8479265228586], [-0.5321577551076138, 44.84812815599846], [-0.5319543892365879, 44.848701508262266], [-0.5318820808017541, 44.84924365032969], [-0.5316080721696297, 44.84982195485042], [-0.5314803827866491, 44.84998734107929], [-0.5313101580053478, 44.850100908360886], [-0.5311792638428018, 44.85013481592596], [-0.5312265490735786, 44.85032257004236], [-0.5313052051363009, 44.85034439949035], [-0.5310586407517637, 44.85099663136545], [-0.5307750924730636, 44.85224936124401], [-0.5306199308546006, 44.852521966509904], [-0.5308632286982224, 44.85262327242825], [-0.5308654249100452, 44.852899881839996], [-0.530750379085659, 44.852883716330396], [-0.5307416103920447, 44.85314715619903], [-0.530629904797701, 44.85352652666445], [-0.5304183298011792, 44.85376848253235], [-0.5297490589592541, 44.85505331146508], [-0.5293044862090127, 44.85499535679378], [-0.5289878397182648, 44.85489638041875], [-0.5285154552492919, 44.85522233223375], [-0.5282653234733096, 44.8552744481448], [-0.528010370636317, 44.855209556267845], [-0.5275105704070221, 44.85520021492254], [-0.5267195300072894, 44.85509288331081], [-0.5262477335594744, 44.855125905307446], [-0.5255317179313969, 44.85542624187446], [-0.525135871589019, 44.85553885764342], [-0.5243676860994202, 44.85555335072149], [-0.5240312569590314, 44.85562351937542], [-0.5239105060810183, 44.85561744143185], [-0.5240968451223881, 44.85571967032139], [-0.5242331296252505, 44.85607403181542], [-0.5199251397741261, 44.855488011947735], [-0.519081804684052, 44.85533452023865], [-0.5177357243986028, 44.85472021440155], [-0.5173484811371465, 44.85460632070756], [-0.5167724656947068, 44.85451282968798], [-0.5166954051649602, 44.85445579140511], [-0.5166612842436404, 44.85457853891373], [-0.516527873359846, 44.85463323667963], [-0.5165649942661895, 44.8541336805219], [-0.5169037130471783, 44.85300812319498], [-0.5169491208968655, 44.85268134016674], [-0.5170717695905995, 44.852495403619756], [-0.5175984811083161, 44.85079160372933], [-0.5175155536595576, 44.85074196208417], [-0.5171788730399396, 44.85070667480411], [-0.5170214510955786, 44.85062064191802], [-0.5167380715819238, 44.85024299936451], [-0.5161132607288916, 44.849228196841295], [-0.5159172743546871, 44.84901180587689], [-0.513710116463761, 44.847186464095955], [-0.5136290673152197, 44.84702500847019]]]]}, "properties": {"cleabs": "IRIS____0000000331190103", "code_insee": "33119", "nom_commune": "Cenon", "iris": "0103", "code_iris": "331190103", "nom_iris": "Cavaillès-Camparian", "type_iris": "H"}}, {"type": "Feature", "geometry": {"type": "MultiPolygon", "coordinates": [[[[-0.4952052906989239, 44.89829636760833], [-0.4959192865671854, 44.89701667093094], [-0.49703722948668055, 44.895607085770095], [-0.503503565531807, 44.889738960561715], [-0.5047883254236678, 44.888427666550065], [-0.505103766599415, 44.888586237040585], [-0.5042640517406991, 44.88953290715606], [-0.5035528926867047, 44.89048813026457], [-0.5029228212910278, 44.891584986837394], [-0.5063260747984628, 44.892929433724284], [-0.506765693526524, 44.89306605377033], [-0.5068270787431254, 44.89301364552253], [-0.508593263065683, 44.8929533326989], [-0.5087455698282537, 44.893361284903165], [-0.5087686276788169, 44.894317668783515], [-0.5092625906119488, 44.89443093224571], [-0.5092973498593883, 44.89450012992776], [-0.5093043616153147, 44.89475405697853], [-0.508802028782992, 44.8950745528129], [-0.5088354759983363, 44.8954673360085], [-0.5109201812287433, 44.89551137801353], [-0.5121981831479656, 44.89548988001809], [-0.5136837521756643, 44.89578624407368], [-0.5138309161975403, 44.895848277987035], [-0.5140496976409601, 44.896081984031085], [-0.5141615070989742, 44.89630826094949], [-0.514173607984156, 44.896602583228905], [-0.5142860490035289, 44.896697259127805], [-0.5123152068341493, 44.89685245528182], [-0.5102152378074776, 44.89733524323087], [-0.5092570142264766, 44.89717897959139], [-0.5086749465709801, 44.897948107032526], [-0.5083030023947576, 44.899157605168114], [-0.5073518962672032, 44.89903444504662], [-0.5073337849142151, 44.898907041580024], [-0.5070722461855609, 44.89882067360284], [-0.5039635949636768, 44.898321308233655], [-0.5034206153539857, 44.89784997453779], [-0.5028055468322653, 44.89766570297244], [-0.5026950965071583, 44.89786655793255], [-0.5025860628191016, 44.89792767679983], [-0.5009974424549757, 44.89776779640336], [-0.5009898147866864, 44.89782841955842], [-0.5004939203839393, 44.89776564871782], [-0.5001129160174165, 44.89761363661015], [-0.49953622041333595, 44.89721094063036], [-0.4987746321773545, 44.89701504363299], [-0.498024738719842, 44.89670161303604], [-0.4973757882402146, 44.89715284666448], [-0.4952052906989239, 44.89829636760833]]]]}, "properties": {"cleabs": "IRIS____0000000330960103", "code_insee": "33096", "nom_commune": "Carbon-Blanc", "iris": "0103", "code_iris": "330960103", "nom_iris": "Centre", "type_iris": "H"}}, {"type": "Feature", "geometry": {"type": "MultiPolygon", "coordinates": [[[[-0.6560286669924069, 44.84960146847173], [-0.6556491605496995, 44.849435519140606], [-0.6552523803256652, 44.849335031367666], [-0.653909400765859, 44.84921884777042], [-0.6532979663311118, 44.849110101895455], [-0.6529622292486893, 44.849013003421064], [-0.6523261010635639, 44.848719398283535], [-0.6506268434087578, 44.84744953017988], [-0.6500579633070964, 44.846884212393405], [-0.6490860119157073, 44.84625734622766], [-0.6487447089482835, 44.84609372318493], [-0.6479064420044554, 44.84582747407746], [-0.6474866043551689, 44.845624970773564], [-0.6472808719685456, 44.845461391626635], [-0.6467340415991253, 44.84488361704078], [-0.6464321725684586, 44.84466371201622], [-0.6459963277832816, 44.84452662295895], [-0.6450875985939165, 44.844325760621835], [-0.6459427707377196, 44.84327288278015], [-0.6464281492233893, 44.84255391769339], [-0.6465712208310749, 44.84243565088183], [-0.6466704691467228, 44.841798778991276], [-0.6473550448246396, 44.84182583898247], [-0.648207078248396, 44.84175905979414], [-0.6502536209191665, 44.84137897253236], [-0.6505305105219938, 44.84131217613198], [-0.6508567619546408, 44.841147315611764], [-0.6510129941119676, 44.8411926450865], [-0.6514926878770332, 44.841147109907276], [-0.6534254321242209, 44.84121865346148], [-0.653501395462662, 44.84121795367785], [-0.653603834191677, 44.84115689613034], [-0.6537113414873134, 44.84115425574119], [-0.653826785929716, 44.841254101508305], [-0.6539291436217338, 44.84126965649093], [-0.6552328629905458, 44.8413889298175], [-0.6548045814385762, 44.842321465603035], [-0.6548471445551957, 44.84244984975823], [-0.6549164271331038, 44.842482717204895], [-0.6553693517581162, 44.84253178257984], [-0.6553452843311367, 44.843057130848585], [-0.655393150178189, 44.84315018951676], [-0.656865770831282, 44.843566714709006], [-0.6571544135577363, 44.84379694283471], [-0.658612136542007, 44.84417878648138], [-0.6590707360879234, 44.844159151360984], [-0.6596197659405842, 44.84430236975562], [-0.6596116358456582, 44.84454689033249], [-0.6594238785838271, 44.84524257989768], [-0.6591878210825006, 44.845741576568194], [-0.6580982593975742, 44.84727727989631], [-0.6565770583500171, 44.848917331405175], [-0.6561475582613283, 44.84940377028565], [-0.6560286669924069, 44.84960146847173]]]]}, "properties": {"cleabs": "IRIS____0000000332810103", "code_insee": "33281", "nom_commune": "Mérignac", "iris": "0103", "code_iris": "332810103", "nom_iris": "Centre Ville 3", "type_iris": "H"}}, {"type": "Feature", "geometry": {"type": "MultiPolygon", "coordinates": [[[[-0.5593909717481826, 44.81260571080183], [-0.5591595372273128, 44.81256988215322], [-0.5591473217309708, 44.812417063867926], [-0.5586378852951961, 44.812329776538], [-0.5576379345782012, 44.81233393397027], [-0.5566250858570367, 44.81261427466775], [-0.5554427820472091, 44.81323800448109], [-0.5544278806898745, 44.81224584519248], [-0.5539706123751411, 44.811942369981956], [-0.5535216329441883, 44.81180986201659], [-0.5527496272038251, 44.81173456967061], [-0.5521148590768692, 44.81160710913721], [-0.5519079396169896, 44.811598418361505], [-0.5518251657583739, 44.811530774272036], [-0.5516540380350944, 44.81122713396944], [-0.5515597683958835, 44.81071735226297], [-0.5516204740155968, 44.80979524782446], [-0.5518639614966154, 44.809261125882124], [-0.5518848408048992, 44.80893060544567], [-0.5515424113448916, 44.8076194685889], [-0.5513179324443304, 44.80761314227341], [-0.5511682047957542, 44.80636612746281], [-0.5511730477002917, 44.805882010670615], [-0.5516458662134831, 44.80416984160069], [-0.5517800390039387, 44.803288643754136], [-0.5511948847281819, 44.80322357897072], [-0.5508814808757425, 44.80014780633289], [-0.5522301416819316, 44.79997661406541], [-0.5531876783394478, 44.79976567373548], [-0.5535638660782337, 44.799609415612785], [-0.5539629731494706, 44.79933526111345], [-0.5538641816251422, 44.799094195307326], [-0.5541311329478228, 44.79907211640321], [-0.5549680035510408, 44.79887494313685], [-0.5572542515546272, 44.80561581568147], [-0.5587813021739567, 44.810117140489425], [-0.5591476470581797, 44.81140316073097], [-0.5593909717481826, 44.81260571080183]]]]}, "properties": {"cleabs": "IRIS____0000000330390103", "code_insee": "33039", "nom_commune": "Bègles", "iris": "0103", "code_iris": "330390103", "nom_iris": "Centujean", "type_iris": "H"}}, {"type": "Feature", "geometry": {"type": "MultiPolygon", "coordinates": [[[[-0.5811240455349088, 44.76302420231431], [-0.5821935034295495, 44.76329063098373], [-0.5816006869955985, 44.76458865459084], [-0.5819037094307412, 44.76547288094962], [-0.5811626382105627, 44.76559597943328], [-0.5813178747502518, 44.76606681245279], [-0.5813823714800983, 44.76610618389591], [-0.5815545830455809, 44.76610872669329], [-0.5844951021496091, 44.76593790204693], [-0.584905078538374, 44.767070106358176], [-0.584746920514525, 44.767149126450015], [-0.5822985950729643, 44.770974776190464], [-0.5821230231148717, 44.771177824826125], [-0.5814440211358054, 44.771402558115454], [-0.5814157763749292, 44.77149539746898], [-0.5813170058801321, 44.77151391177031], [-0.5812460181367192, 44.77147204615452], [-0.5788287220227869, 44.77241355276945], [-0.5785744585489202, 44.77255334734628], [-0.5779680280869007, 44.77276580047154], [-0.5777335175879735, 44.77281843640522], [-0.5767960855722087, 44.77280004163915], [-0.5768133791512623, 44.772694038759376], [-0.5777708984984579, 44.7712589932543], [-0.5783915573475701, 44.77019711763446], [-0.5791731758366465, 44.76906064230147], [-0.5705966911212155, 44.7674250195369], [-0.5707932655664989, 44.763887664741176], [-0.5707897639561039, 44.762677427128885], [-0.5707288633271309, 44.76193767936217], [-0.5733958118392297, 44.76114780578812], [-0.5747744525962797, 44.76152329008938], [-0.5811240455349088, 44.76302420231431]]]]}, "properties": {"cleabs": "IRIS____0000000335500103", "code_insee": "33550", "nom_commune": "Villenave-d'Ornon", "iris": "0103", "code_iris": "335500103", "nom_iris": "Chambéry", "type_iris": "H"}}, {"type": "Feature", "geometry": {"type": "MultiPolygon", "coordinates": [[[[-0.5907287495869419, 44.787119797110265], [-0.5918501646513861, 44.786943757477516], [-0.5927810690857513, 44.78701451685428], [-0.5929224554456567, 44.78696937621033], [-0.5933696614716328, 44.78707564146763], [-0.5956135146645948, 44.78681899584725], [-0.5963133774997629, 44.786977433996256], [-0.5982743702540868, 44.78781772392828], [-0.5988787407028502, 44.788302796746834], [-0.6012255594883356, 44.78986953324449], [-0.6021064845291866, 44.790857514345525], [-0.6023744041120195, 44.790397276648065], [-0.6031551395432808, 44.790473734356546], [-0.605125733080905, 44.79049345683991], [-0.6050243030981202, 44.791062745057545], [-0.6051876776407059, 44.79311589805282], [-0.6049937129033974, 44.79409736733485], [-0.6046128680344569, 44.7947505490895], [-0.6034870239577642, 44.795865967166826], [-0.6045524713222897, 44.79657124929443], [-0.6057101864510461, 44.79719511085691], [-0.6068166338220947, 44.798084698556494], [-0.606878168461922, 44.79803763295819], [-0.6074419687266897, 44.798400514679585], [-0.6062027905741728, 44.79976208869018], [-0.6060433449228907, 44.8001178663325], [-0.6056334763668574, 44.806413880901836], [-0.6058571286336072, 44.80753137861813], [-0.6057170354500173, 44.807617049393215], [-0.6056123988163646, 44.80760423046483], [-0.6054531679027152, 44.807648164166615], [-0.6053649815603913, 44.80771412085158], [-0.6053406702427808, 44.80782847045348], [-0.6052454673187061, 44.807864012396166], [-0.6046085705744146, 44.80796133303957], [-0.6040009300808598, 44.80796216516008], [-0.6016554922813093, 44.807812184234436], [-0.6010432004733613, 44.807582429195506], [-0.6007350378547479, 44.80731755651255], [-0.6005184044393054, 44.80747330121053], [-0.6004107622699022, 44.80761108513636], [-0.6003300636956805, 44.808268019711804], [-0.5998080338289682, 44.80822188638157], [-0.5992399061052055, 44.80824664431124], [-0.5988839316271998, 44.80834201951837], [-0.5983752935041212, 44.80834681631874], [-0.5983391320140439, 44.80843451091583], [-0.598253055560176, 44.808474256702446], [-0.5980825449485011, 44.80844103762167], [-0.597869098315845, 44.80850835019728], [-0.5963713466496352, 44.808685834375886], [-0.5958299940044428, 44.80883227674142], [-0.5954474298413424, 44.80898708482061], [-0.5948224379101608, 44.80940931547046], [-0.5945730076231925, 44.80970580609758], [-0.5944760378704048, 44.80991173309756], [-0.5944392443619977, 44.810049015793766], [-0.5945279323638749, 44.81016871068511], [-0.5944662205344639, 44.8103518642176], [-0.5944207964592743, 44.81037406604119], [-0.5942650462541463, 44.81037370879079], [-0.5941787755463755, 44.810291788044346], [-0.5934944993694861, 44.810302256645556], [-0.5913858702146355, 44.810609426235324], [-0.5913440479549222, 44.81045035796945], [-0.591420024314734, 44.80971788062112], [-0.5914925001762867, 44.8076832053104], [-0.5917390182521596, 44.8068460644016], [-0.5920310864739078, 44.80682037727308], [-0.5927027253582605, 44.80663277897082], [-0.5938318185182172, 44.80647180300191], [-0.5956256263519277, 44.80605492804659], [-0.5963627758308828, 44.80592196087127], [-0.5998416716308426, 44.805941513587904], [-0.6003519211115997, 44.80509308013758], [-0.6002733687744852, 44.80511185433981], [-0.6001686756675199, 44.80507830339925], [-0.5999894553848009, 44.8036249897665], [-0.600073625887002, 44.80357539050101], [-0.5999411449682827, 44.80330571157781], [-0.5997196105563616, 44.80306866635795], [-0.5970416268720633, 44.8013594096239], [-0.5970175566585036, 44.801299806779745], [-0.5961413954731932, 44.80074332525987], [-0.5960030432593166, 44.80057927989507], [-0.5960088216835256, 44.800452015654656], [-0.596130590025435, 44.80033721047524], [-0.5963695059274651, 44.80029250662328], [-0.596548836863224, 44.800345268765405], [-0.5967315700320369, 44.80015458167253], [-0.5981520152738461, 44.79930725977547], [-0.6001022496778532, 44.798135382003316], [-0.5997476227353028, 44.79781614082365], [-0.5985891995623017, 44.7971210425543], [-0.5976346925729243, 44.79674376485608], [-0.5961886682257365, 44.796399554098954], [-0.5949837821028449, 44.796282729672754], [-0.5923190006088294, 44.796197903605695], [-0.5924176471098064, 44.795127625650416], [-0.5924010241466903, 44.79482804826175], [-0.5918688115792238, 44.79374938018958], [-0.5915324848555786, 44.793061812868096], [-0.591483952471992, 44.79283717231438], [-0.5913702874542547, 44.79088064058956], [-0.5907375758145863, 44.789337480109424], [-0.5906802487720757, 44.78804424557712], [-0.5907287495869419, 44.787119797110265]]]]}, "properties": {"cleabs": "IRIS____0000000335220103", "code_insee": "33522", "nom_commune": "Talence", "iris": "0103", "code_iris": "335220103", "nom_iris": "Combattants-Bijou", "type_iris": "H"}}, {"type": "Feature", "geometry": {"type": "MultiPolygon", "coordinates": [[[[-0.5987303683327683, 44.96441623842015], [-0.5880679794034758, 44.966625731272636], [-0.5849408821176967, 44.96704118313319], [-0.5817661498606507, 44.9676653780724], [-0.5742919047026238, 44.96925700254202], [-0.5652448188985963, 44.97107882500664], [-0.5617016688079419, 44.97194587889032], [-0.5585275011906835, 44.97358602314553], [-0.5578201111936397, 44.9738835559288], [-0.5573244094838165, 44.97435546811758], [-0.5538874992866433, 44.97530088036708], [-0.5530401947857407, 44.97543521585217], [-0.5517993022066389, 44.97549018952193], [-0.5500118384183736, 44.97529582546474], [-0.5490807830652149, 44.974990277109725], [-0.5486562829730047, 44.97456310323621], [-0.5475337455383461, 44.97424112283908], [-0.5470833060516977, 44.97370481556145], [-0.5464429149137459, 44.97357743745082], [-0.5454906170184843, 44.97355734167986], [-0.5454313039610899, 44.97346279678279], [-0.5452899652991775, 44.97345648902472], [-0.5452359877338616, 44.97354653547989], [-0.5405453059625837, 44.97406374505792], [-0.5395554645117576, 44.97156088559178], [-0.5399992368554652, 44.959677912262705], [-0.54010706061385, 44.95881286401062], [-0.5404040129702982, 44.95762634673559], [-0.5415096466964199, 44.954313202539936], [-0.5420902031635847, 44.953296994762745], [-0.5426542228382595, 44.951537763750544], [-0.5451743250534499, 44.945550474492535], [-0.5468700260665809, 44.94284662726573], [-0.5490698910930025, 44.938828819773455], [-0.5557530507919579, 44.94064298988878], [-0.5573515585485888, 44.94091627838123], [-0.5587702173085752, 44.941374658902575], [-0.5602952200010447, 44.94146910429422], [-0.5613270770659098, 44.94181096506722], [-0.5633662128737658, 44.942027684599466], [-0.5649765683313306, 44.9425258055689], [-0.5656765360740844, 44.94259707716475], [-0.5659137097073348, 44.94227582053854], [-0.566604289752308, 44.939467802704556], [-0.5669445828853017, 44.938693495339805], [-0.5672999139921703, 44.93701922856471], [-0.5681306354396591, 44.93713224909561], [-0.568966152487197, 44.93738030128599], [-0.5701807250042424, 44.937582819567346], [-0.5708901009703558, 44.93634870116627], [-0.5710511957114469, 44.93433637400754], [-0.5724377669804754, 44.934013298085546], [-0.5981963436203932, 44.93562536229057], [-0.5983976232903508, 44.93561794150614], [-0.598750528614085, 44.93542264602703], [-0.5996700104617827, 44.93513869119112], [-0.6002192305100693, 44.93515514271408], [-0.6003105602322608, 44.93509540133214], [-0.6014576053451742, 44.93566749667206], [-0.6021028330514648, 44.93587460513336], [-0.6058741173600662, 44.93770987809477], [-0.6074458121709175, 44.93866740746768], [-0.6082239415855795, 44.93900626315104], [-0.6096014878174552, 44.93994303112543], [-0.6086204545966448, 44.940552633590045], [-0.6083487811485906, 44.940767855057935], [-0.6082126593211192, 44.94095974634093], [-0.607329999232941, 44.94290096698872], [-0.6072879611429196, 44.943016796972316], [-0.6073134350236804, 44.943254814466016], [-0.6072355671562776, 44.94330691409758], [-0.6071192283448024, 44.94331339504034], [-0.605582525133839, 44.9469846968322], [-0.6053712103680406, 44.94723129954213], [-0.6054224899165226, 44.94735762029207], [-0.605213801305392, 44.94736889807511], [-0.6030057792951309, 44.94786773307721], [-0.6022274531776446, 44.94798129539193], [-0.6007742625375908, 44.948041014455754], [-0.6006495822039714, 44.948115355960844], [-0.6000308494615426, 44.94804617536777], [-0.599425137716331, 44.94928615495991], [-0.5993422413172871, 44.949576354139325], [-0.5993634981075349, 44.94988751464297], [-0.5999855285316826, 44.95091647551605], [-0.600065666209587, 44.95113650002658], [-0.6000085045624726, 44.95190625833891], [-0.5994982770609679, 44.95368482567597], [-0.5988122338882687, 44.95575028954922], [-0.5987181186597699, 44.95614269850969], [-0.5987858182519419, 44.95634690374543], [-0.5985952177898267, 44.95656127588351], [-0.5982450558724121, 44.957868682212094], [-0.5983884322538787, 44.959251140171645], [-0.5986541604065337, 44.96107578083862], [-0.5985733961447433, 44.96120187403132], [-0.5986870279953576, 44.962634868079284], [-0.5987303683327683, 44.96441623842015]]]]}, "properties": {"cleabs": "IRIS____0000000333120103", "code_insee": "33312", "nom_commune": "Parempuyre", "iris": "0103", "code_iris": "333120103", "nom_iris": "Est", "type_iris": "H"}}, {"type": "Feature", "geometry": {"type": "MultiPolygon", "coordinates": [[[[-0.5415305252922161, 44.83779221491015], [-0.5407764431609876, 44.83800645341814], [-0.5407567197833071, 44.837954811405226], [-0.5386423778283624, 44.83855312143004], [-0.5385280961453169, 44.83834768113315], [-0.5374665849635466, 44.838568099932054], [-0.537591234243357, 44.83893813652213], [-0.5361434553011217, 44.838978899377494], [-0.5359398126076574, 44.83892320695238], [-0.5336080580682317, 44.83892632608455], [-0.5306276962365379, 44.839109563895455], [-0.5305539203218926, 44.83916508510542], [-0.5304841569507681, 44.83934484846773], [-0.5305547167599468, 44.839862612945176], [-0.5306550608888682, 44.84018926946223], [-0.5300093685496389, 44.840254883883986], [-0.5293458370233433, 44.839613595818086], [-0.5290519037718755, 44.83644881584969], [-0.5286455761163877, 44.836331967887965], [-0.5287220167847018, 44.836197956175226], [-0.5287342863034986, 44.83588934526756], [-0.5288049301943183, 44.83580418433152], [-0.529014601375878, 44.835734426453996], [-0.5294855548890717, 44.83569059974152], [-0.530179632495881, 44.83550899040126], [-0.53027647713401, 44.835820436958485], [-0.5302787931754634, 44.83626016364374], [-0.53267614846203, 44.83645599597617], [-0.5367874612730075, 44.837036932673534], [-0.5368216232707516, 44.836935806245144], [-0.5371277180995573, 44.83658718010591], [-0.5388086755922674, 44.83604688794554], [-0.5405083753397936, 44.8369894049065], [-0.5408693547973615, 44.83723022637378], [-0.5415305252922161, 44.83779221491015]]]]}, "properties": {"cleabs": "IRIS____0000000331670103", "code_insee": "33167", "nom_commune": "Floirac", "iris": "0103", "code_iris": "331670103", "nom_iris": "Gravette", "type_iris": "H"}}, {"type": "Feature", "geometry": {"type": "MultiPolygon", "coordinates": [[[[-0.7381827440840462, 44.894092938326715], [-0.7391957145682884, 44.894051610304956], [-0.741205039762704, 44.89411911182783], [-0.741389091786757, 44.892867231939526], [-0.7414803540397078, 44.89184021359241], [-0.7410762767200363, 44.891656435775964], [-0.7409733681735758, 44.89106410704816], [-0.7411633167028978, 44.89087022283397], [-0.7412086382889294, 44.89059918952712], [-0.7418074091997902, 44.890603342921494], [-0.7431001041325422, 44.89074543773227], [-0.7432497569929863, 44.89072687065342], [-0.7428190834092484, 44.88972646475917], [-0.7428817997880056, 44.889716237717145], [-0.7477454238745436, 44.88991988088207], [-0.749465492398295, 44.890043865268744], [-0.750370405832046, 44.8901512020165], [-0.7515104516111759, 44.89030466644973], [-0.7530379255044777, 44.89060095625708], [-0.7549787496211127, 44.891067121481846], [-0.7566719957950286, 44.89156597014783], [-0.7565832439661976, 44.892361274304356], [-0.7567454229392517, 44.89287046558118], [-0.757016050635267, 44.893389506785915], [-0.7568894692907306, 44.893525390475745], [-0.7537869803677638, 44.892983170455835], [-0.7537772588469971, 44.894296787532035], [-0.7541576045277643, 44.89437135740122], [-0.7544170904408072, 44.89447795611114], [-0.7546475947895599, 44.89464412327979], [-0.755388714111048, 44.894765975838645], [-0.7551476951806534, 44.89535190486965], [-0.7548299167409428, 44.895833167180044], [-0.7544184262901413, 44.89663848416179], [-0.7547048448836008, 44.8969767242085], [-0.7546974285833972, 44.89709325127965], [-0.7542595799829072, 44.89708822969818], [-0.752870046785208, 44.89720732282106], [-0.7522067762679497, 44.89741542478187], [-0.7519558156516681, 44.89753116944621], [-0.7511198736043664, 44.89811556126146], [-0.7502658789421007, 44.898373360980024], [-0.7497601220346166, 44.89832013903839], [-0.7497641414762898, 44.89800092050209], [-0.7494403750828467, 44.89691399558087], [-0.7492958344317172, 44.896895441997046], [-0.748264639673935, 44.89721509570904], [-0.7483457119291479, 44.89662557120941], [-0.7480980203760162, 44.89661951266928], [-0.7480619769495288, 44.89596634058626], [-0.7479109199237658, 44.896021015654405], [-0.7468510522882825, 44.89602524655976], [-0.7467593793241188, 44.8974813358531], [-0.7457976060368866, 44.89762556140972], [-0.7448144070211961, 44.89763890254671], [-0.7442816057415581, 44.89759828606052], [-0.7427014097587747, 44.89721711732857], [-0.7428477886386029, 44.896408169328986], [-0.7430077448348507, 44.8959737289152], [-0.7422965177626687, 44.89586250403285], [-0.742202321362737, 44.8961802538352], [-0.7393067491580871, 44.89575504055592], [-0.7384659925582264, 44.895469685950005], [-0.7385452058453613, 44.894793704665304], [-0.7381942591187883, 44.89477938416101], [-0.7381827440840462, 44.894092938326715]]]]}, "properties": {"cleabs": "IRIS____0000000334490103", "code_insee": "33449", "nom_commune": "Saint-Médard-en-Jalles", "iris": "0103", "code_iris": "334490103", "nom_iris": "Hastignan", "type_iris": "H"}}, {"type": "Feature", "geometry": {"type": "MultiPolygon", "coordinates": [[[[-0.5933339928794059, 44.870551556600745], [-0.59318562980139, 44.87074833195765], [-0.5920486947768232, 44.87037145715092], [-0.5905164751958569, 44.87011551481589], [-0.5891949327052832, 44.870240283925185], [-0.5875443013398458, 44.8701936206248], [-0.5859202997353946, 44.869552136169844], [-0.5850392605252581, 44.869449920437624], [-0.5839884633293148, 44.86919005146831], [-0.5833673397962743, 44.869188480844464], [-0.582885844680135, 44.8694086164349], [-0.5817594979548851, 44.86935485233045], [-0.5816312502717715, 44.86857669272289], [-0.5809795778790193, 44.86829490006512], [-0.5833355001794653, 44.86807464160233], [-0.5841905938165016, 44.86802899896213], [-0.584073349715478, 44.867324389982805], [-0.5875819681839834, 44.86705598556863], [-0.5879884062239081, 44.86697074216947], [-0.5881184918439523, 44.86658710134428], [-0.5880527080494027, 44.86581593991133], [-0.5874654676319438, 44.864757912527736], [-0.5869613139761688, 44.863571920860785], [-0.5868528982018276, 44.86348169393972], [-0.5867944939064975, 44.86326187022684], [-0.5868154178128953, 44.86305390231496], [-0.5872236021708855, 44.862064633279985], [-0.5880729728092515, 44.862228236914454], [-0.5881375282012279, 44.862306362034516], [-0.5881416155743854, 44.86254867089705], [-0.5901627241579417, 44.86244723897486], [-0.5915956662288381, 44.862442320494516], [-0.5930844064407083, 44.8622796567435], [-0.5933572179916868, 44.86274038343094], [-0.5936348451597052, 44.86305855288548], [-0.5944127815694648, 44.86353085510556], [-0.594545932050729, 44.86365091694082], [-0.594718791839051, 44.86367866368238], [-0.5947581226533165, 44.863758503854775], [-0.5946554115015569, 44.863856465071365], [-0.5947599351199168, 44.86477598100313], [-0.5950674565869823, 44.865758318094606], [-0.5951396805033579, 44.86589657646743], [-0.5960366883831594, 44.86684178481145], [-0.5964621927759077, 44.86739038855692], [-0.5968540256456821, 44.86798694877071], [-0.5971399114275762, 44.868571620945595], [-0.5965494438355634, 44.86861329289121], [-0.5956166757339347, 44.868613780248076], [-0.5948496436552705, 44.86857013577827], [-0.5941980465858144, 44.868488498655694], [-0.5940691502442251, 44.86889013497214], [-0.5939544669361044, 44.86895964240581], [-0.5940052409413913, 44.869040013704776], [-0.5937852472970094, 44.86966180694199], [-0.5933339928794059, 44.870551556600745]]]]}, "properties": {"cleabs": "IRIS____0000000330690103", "code_insee": "33069", "nom_commune": "Le Bouscat", "iris": "0103", "code_iris": "330690103", "nom_iris": "La Garenne-Baudin", "type_iris": "H"}}, {"type": "Feature", "geometry": {"type": "MultiPolygon", "coordinates": [[[[-0.6622058149645326, 44.857706818298055], [-0.6665481526034006, 44.85828353160463], [-0.6664134358972991, 44.85837450947451], [-0.6662532366216074, 44.85914231013756], [-0.6658758801155258, 44.863220581584144], [-0.664580541673003, 44.864926287627554], [-0.6644408772342495, 44.86548520528438], [-0.6637571193069681, 44.86706704953355], [-0.6633104209684169, 44.86857256335016], [-0.6627676999308341, 44.86936470426525], [-0.6618149214828567, 44.87036055125703], [-0.6613249327098938, 44.87132039016929], [-0.6631876819381011, 44.87174021157286], [-0.6639104566927009, 44.87176411836485], [-0.6648468381084492, 44.87205045781781], [-0.6655566758810347, 44.87207027476344], [-0.6665495697848438, 44.87291084298223], [-0.6672619333781196, 44.873240617425665], [-0.6680902159293194, 44.874761697194984], [-0.6684600690953826, 44.87518390439057], [-0.6685317388104066, 44.87796659565473], [-0.6686493754914166, 44.87800146343768], [-0.6689363637146633, 44.878086613929106], [-0.6698904078686062, 44.87871843692502], [-0.6698875765680422, 44.88162076750962], [-0.6696128925499131, 44.88189844230175], [-0.6691688025233937, 44.8827648685568], [-0.6692557343968807, 44.88291161308044], [-0.6691618408874035, 44.883976467875954], [-0.6694459392815204, 44.884889122611824], [-0.6693345446456848, 44.885628280016554], [-0.669218917509404, 44.885876359452936], [-0.6690601019981854, 44.88596813594641], [-0.6688027120407319, 44.88668507929995], [-0.6679063259671223, 44.88842991089672], [-0.6679508216319351, 44.888974638756274], [-0.6682179275285937, 44.88962737895326], [-0.6644867982053239, 44.8898074019866], [-0.6642566549560172, 44.889778045609816], [-0.6641575355543358, 44.889716422909835], [-0.6640126892143924, 44.88969236216291], [-0.6638388483464143, 44.889787330580965], [-0.6629777154165407, 44.88964810652668], [-0.6625872573834398, 44.88955193181769], [-0.6622204335411421, 44.889409910301545], [-0.6596678747540324, 44.887598637004025], [-0.6582323157331429, 44.88695194974245], [-0.6578502965306287, 44.88673200156652], [-0.6577117781607198, 44.886610382818205], [-0.6566685030699912, 44.88548477146468], [-0.6564416926970914, 44.88538949420835], [-0.6563666055488572, 44.8851711468265], [-0.6555264439373009, 44.884146091398556], [-0.6549318942749843, 44.883057061837775], [-0.6542248045888965, 44.88199156447278], [-0.6540566593064437, 44.881842976917575], [-0.6518441133688335, 44.88090273165779], [-0.6508896216524471, 44.88068988062346], [-0.6496719323382856, 44.88056228816439], [-0.6491121463921078, 44.88045361132294], [-0.648676134196635, 44.88031832998277], [-0.6475463590937995, 44.87974888932138], [-0.6424576236027338, 44.87712829664571], [-0.6385132593863383, 44.87527843710143], [-0.6367708834605381, 44.87456313989056], [-0.6416441221934084, 44.8717625208063], [-0.6531396724023291, 44.86513322506352], [-0.6555752135535685, 44.86361092163059], [-0.6572805765009316, 44.86239834676626], [-0.6591326137438461, 44.860870857502], [-0.6610261202186157, 44.8590481408336], [-0.6622058149645326, 44.857706818298055]]]]}, "properties": {"cleabs": "IRIS____0000000331620103", "code_insee": "33162", "nom_commune": "Eysines", "iris": "0103", "code_iris": "331620103", "nom_iris": "La Lesque", "type_iris": "H"}}, {"type": "Feature", "geometry": {"type": "MultiPolygon", "coordinates": [[[[-0.6012943446362699, 44.87437628235412], [-0.6017545374636682, 44.87394315408895], [-0.6020942757381308, 44.87394384349949], [-0.6025114846955136, 44.87382845584468], [-0.6031343347290908, 44.873461241958076], [-0.6032908478672603, 44.8731154766011], [-0.6038605275742269, 44.872828396053315], [-0.6050923124101022, 44.87241074954047], [-0.6059258025797708, 44.87226469951452], [-0.6066183871218885, 44.871997043579434], [-0.6080041770720789, 44.87178706036272], [-0.6127123777253928, 44.8712877847618], [-0.6136950890249242, 44.87103857708966], [-0.6164537365187411, 44.872897283918206], [-0.6172439241431568, 44.873515047423325], [-0.6156456264330119, 44.87640708613901], [-0.615202460897774, 44.877024484100424], [-0.6149991852771793, 44.87721406688867], [-0.6147507291558003, 44.877548425362875], [-0.6149053827358567, 44.877627207543746], [-0.6150720434635925, 44.87848250723656], [-0.6150289165327847, 44.87893455529786], [-0.6149068477543745, 44.879400891432255], [-0.6141180620316866, 44.880006108041236], [-0.6138732870737642, 44.880260129913154], [-0.6136949860828489, 44.88052280222915], [-0.6134869448764068, 44.88040249458786], [-0.6133294863295211, 44.880240883182886], [-0.6126913516236274, 44.87940633723448], [-0.6122305755200993, 44.87998734264124], [-0.6118376549870124, 44.88085454901593], [-0.6110215100827264, 44.880681020921394], [-0.6087745254824118, 44.88043415070676], [-0.6076327427697966, 44.88004586548567], [-0.6057699241426033, 44.87934572058708], [-0.6055583092935978, 44.87930753157521], [-0.6054170787547499, 44.87927967359971], [-0.6053588954659767, 44.87930139194758], [-0.604976140001502, 44.878848764256574], [-0.6041236327615598, 44.878068905160156], [-0.6025295030378047, 44.875747594890925], [-0.602007055549807, 44.87521116836954], [-0.601406509039453, 44.87478092136969], [-0.6015353505003519, 44.87453699999807], [-0.6012943446362699, 44.87437628235412]]]]}, "properties": {"cleabs": "IRIS____0000000330750103", "code_insee": "33075", "nom_commune": "Bruges", "iris": "0103", "code_iris": "330750103", "nom_iris": "La Marianne-Sainte Germaine", "type_iris": "H"}}, {"type": "Feature", "geometry": {"type": "MultiPolygon", "coordinates": [[[[-0.536985462161958, 44.86629833352617], [-0.536848912605918, 44.867288645603715], [-0.5366941570752535, 44.867608111971535], [-0.5369087676227592, 44.868379044249785], [-0.5377090336223638, 44.86842833658337], [-0.5389489692170265, 44.86835545249245], [-0.5411199969827065, 44.868778270970175], [-0.5407023077601057, 44.870212863566316], [-0.5400485699051314, 44.87395316233689], [-0.5394562072744161, 44.875513188013656], [-0.5383209240781768, 44.87712747222327], [-0.5367040606706236, 44.87985030260813], [-0.5312594965186433, 44.878819604680615], [-0.5301840849945703, 44.87875107479483], [-0.5294795707982441, 44.87877528417436], [-0.5285722277178718, 44.87887983969648], [-0.528121732683583, 44.87897256953557], [-0.5273241476137995, 44.87918988565053], [-0.5268303607877863, 44.87938041879991], [-0.5268892461441886, 44.879429918312375], [-0.5267091415582722, 44.87954919787775], [-0.5265863173119993, 44.879712620361765], [-0.5264921001529497, 44.880169839593734], [-0.5263354976238728, 44.880461410032034], [-0.5259730353737705, 44.88038190034077], [-0.5252806058076214, 44.88011459775742], [-0.5215679620510238, 44.88260091609127], [-0.5212382528604949, 44.88243743746979], [-0.5198389873206184, 44.88308745286077], [-0.5194812274990126, 44.88320424252916], [-0.5191705979006334, 44.88324383267933], [-0.5188543346279706, 44.88323403245338], [-0.5184948471747852, 44.883303108012115], [-0.5178619420765358, 44.88321682321131], [-0.517384767131849, 44.88298590809273], [-0.5171815255416616, 44.88281750863175], [-0.5169358377824124, 44.88251797197395], [-0.5169114300851521, 44.8821690654335], [-0.5170183726452048, 44.88167089773256], [-0.5175008692636198, 44.88018749276927], [-0.5173899613456885, 44.88017748913696], [-0.5172392010953983, 44.8800777234539], [-0.5171993588686955, 44.87988702270876], [-0.5173038059905427, 44.87977376187207], [-0.5174583628561262, 44.879731912983345], [-0.5176631427319786, 44.87976327472893], [-0.5178048858937581, 44.87990117756712], [-0.5184136766582723, 44.87992694175077], [-0.5191192169366154, 44.87987843722695], [-0.5203277411846888, 44.87966436997683], [-0.5205226309630392, 44.87877046888455], [-0.5209188463040975, 44.878196428733396], [-0.5216156118289746, 44.87691799618305], [-0.5226025083436396, 44.87636485901604], [-0.5230875739064801, 44.87599527489838], [-0.5236990776061432, 44.87515663499855], [-0.524021597603103, 44.87462097205731], [-0.5242976697320177, 44.87407236333514], [-0.5245451139295753, 44.87341110705139], [-0.524839257405375, 44.872888058798026], [-0.5257654492424689, 44.871067875452276], [-0.5260255699229472, 44.87024579237229], [-0.5260706364214401, 44.869773012852505], [-0.5261124617773582, 44.86969237486409], [-0.5264130705942963, 44.86943408051762], [-0.5271457266611896, 44.86856903834324], [-0.5274394730054162, 44.86848399685775], [-0.5276134305095355, 44.868489281668474], [-0.5285457343801838, 44.868824641161325], [-0.5301634439357866, 44.86927698141572], [-0.5309038438726538, 44.86958327856095], [-0.5324088900151738, 44.87011758032129], [-0.5325446804652647, 44.87018085075318], [-0.5326931566024646, 44.87032482891668], [-0.532813770175618, 44.87032819901933], [-0.5329321934780509, 44.870397429367074], [-0.5329290795930713, 44.870227193829464], [-0.5330733858906467, 44.870043252295076], [-0.5333257687467491, 44.86986488173349], [-0.5334578591675777, 44.86982913227064], [-0.5333493093715215, 44.869534277703366], [-0.5333527826399326, 44.869327782774775], [-0.5334345609508939, 44.868935842412036], [-0.5335769546897643, 44.86858072515109], [-0.5339534471491182, 44.86815957170442], [-0.5342002311896229, 44.86799309335554], [-0.5345058199526004, 44.86795542138688], [-0.5348105800896888, 44.86800519543092], [-0.5350979696811593, 44.86794016306193], [-0.5350493131504587, 44.867650611988715], [-0.5346843473399819, 44.867308951703066], [-0.5345754376433444, 44.86702852985064], [-0.5345530231948051, 44.86671290806905], [-0.5347045591651646, 44.86634217688474], [-0.5347424005982372, 44.86607780892108], [-0.5347198202979069, 44.86594063831285], [-0.5346661711297945, 44.865893680317214], [-0.5352468030354783, 44.86587698493741], [-0.536985462161958, 44.86629833352617]]]]}, "properties": {"cleabs": "IRIS____0000000332490103", "code_insee": "33249", "nom_commune": "Lormont", "iris": "0103", "code_iris": "332490103", "nom_iris": "Le Bourg-Le Vieux Bourg", "type_iris": "H"}}, {"type": "Feature", "geometry": {"type": "MultiPolygon", "coordinates": [[[[-0.5757140153382994, 44.86599344311909], [-0.5760628535499404, 44.869279922537785], [-0.5761939587953722, 44.87127740443286], [-0.57646429027324, 44.87283418858195], [-0.5766307392165622, 44.875047738864154], [-0.5769228992079403, 44.87722479362806], [-0.5744237291544526, 44.878286792606296], [-0.5739565908708836, 44.87859474805348], [-0.5734948851468771, 44.87900797448273], [-0.5731578424522037, 44.87891067448066], [-0.5710699137688943, 44.878031550050615], [-0.5696256456144088, 44.877286704585174], [-0.5694592749821584, 44.87700275048245], [-0.569252422609425, 44.87691927711616], [-0.5690716400427513, 44.876946721489695], [-0.5689463764985283, 44.87704988869873], [-0.5686113425184077, 44.87720306180838], [-0.5638463490035734, 44.877458923559374], [-0.5665573673647503, 44.870375352091855], [-0.5667903502820739, 44.869973112136634], [-0.5669998786810437, 44.869720333321354], [-0.5675110642468346, 44.869447942371394], [-0.5757140153382994, 44.86599344311909]]]]}, "properties": {"cleabs": "IRIS____0000000330630103", "code_insee": "33063", "nom_commune": "Bordeaux", "iris": "0103", "code_iris": "330630103", "nom_iris": "Le Lac 3", "type_iris": "H"}}, {"type": "Feature", "geometry": {"type": "MultiPolygon", "coordinates": [[[[-0.63213777730061, 44.851396678727866], [-0.6333854958798402, 44.8516072764478], [-0.6345278298894428, 44.851559939623854], [-0.6352025957191926, 44.85160993201569], [-0.6371440972379054, 44.85196809381584], [-0.6372027535343245, 44.853029693465764], [-0.6370699109520671, 44.853775811391536], [-0.6364563505665818, 44.8537517630476], [-0.6360540805256687, 44.85505289338498], [-0.6367675466360238, 44.855269249418996], [-0.6369966877307447, 44.85518783134598], [-0.6373835453154576, 44.855174246177384], [-0.6369576597784654, 44.85614988750399], [-0.6380971810644043, 44.85644870521632], [-0.6374797840278819, 44.85660053928005], [-0.6349363325496439, 44.85724180554538], [-0.6343192833744692, 44.85728185008683], [-0.6338368590387302, 44.85726791059302], [-0.631986931365743, 44.85705449845447], [-0.6294629258935318, 44.856469248556905], [-0.6266545271277981, 44.85597255386773], [-0.6286767007580215, 44.85308900548731], [-0.6308220301947718, 44.85127031112298], [-0.6318826481497177, 44.851311298357686], [-0.6317901711264805, 44.85144861795915], [-0.6321055342463878, 44.851466232332065], [-0.63213777730061, 44.851396678727866]]]]}, "properties": {"cleabs": "IRIS____0000000330630807", "code_insee": "33063", "nom_commune": "Bordeaux", "iris": "0807", "code_iris": "330630807", "nom_iris": "Lestonnat-Monséjour 7", "type_iris": "H"}}, {"type": "Feature", "geometry": {"type": "MultiPolygon", "coordinates": [[[[-0.6720807558862013, 44.812944305945216], [-0.6717448808066269, 44.812900452622515], [-0.671209031132817, 44.813012836622235], [-0.6651197954791398, 44.81351536681646], [-0.6634058566704648, 44.81026157467229], [-0.6633358509363334, 44.81017826557925], [-0.6630952819578446, 44.81013934869714], [-0.6621158325036905, 44.81032222764593], [-0.6619130541637276, 44.810241501577195], [-0.6616598230407074, 44.81039677747599], [-0.6611680064644436, 44.81040761514266], [-0.6598763781253558, 44.8106963212744], [-0.6596130319898209, 44.810851926240645], [-0.6591157502057551, 44.81099272083549], [-0.6593006919763579, 44.81153820519379], [-0.6587711320705102, 44.81172783196214], [-0.6565547420403097, 44.81214615928993], [-0.6557470853793064, 44.81028099431257], [-0.6546717925386335, 44.81058683878223], [-0.6535760496873898, 44.81075364704896], [-0.652761787117266, 44.81079039664468], [-0.6513570888446613, 44.81068435953061], [-0.6503822769061568, 44.810744405789], [-0.6502971248064001, 44.81050566554626], [-0.6495466999934653, 44.80943982095869], [-0.6494425028810116, 44.80875196661555], [-0.6493165143225215, 44.80772865103348], [-0.6493365523302885, 44.80684833854186], [-0.6491397720446761, 44.80557319260824], [-0.653003691067806, 44.80524312283168], [-0.6571931145066142, 44.80501303527341], [-0.6578315262533615, 44.80507668914223], [-0.6608589113359236, 44.805742833158305], [-0.661110217283918, 44.8057525582455], [-0.6612635051966641, 44.80563753752164], [-0.6613451662473385, 44.80533651321297], [-0.6615830956291422, 44.805005090362755], [-0.6622351958179864, 44.80448242857357], [-0.6624941709953776, 44.80422151004178], [-0.6682717165085894, 44.80768518502279], [-0.6691305124117846, 44.80829217230881], [-0.6698772986306566, 44.80890917130805], [-0.6705101328125724, 44.80954526145416], [-0.6709584063627383, 44.81006939123595], [-0.6713312069754421, 44.8105815985954], [-0.671785380455245, 44.81135068302354], [-0.6721402855334825, 44.812169922196304], [-0.6722047690042358, 44.812652683921264], [-0.6720807558862013, 44.812944305945216]]]]}, "properties": {"cleabs": "IRIS____0000000333180103", "code_insee": "33318", "nom_commune": "Pessac", "iris": "0103", "code_iris": "333180103", "nom_iris": "Madran", "type_iris": "H"}}, {"type": "Feature", "geometry": {"type": "MultiPolygon", "coordinates": [[[[-0.6168476603276005, 44.90040172100581], [-0.620567034312565, 44.900008299269196], [-0.621233120569782, 44.90017043966211], [-0.6225538412331071, 44.89974790776169], [-0.6236125728735625, 44.89964756227898], [-0.6245388859043854, 44.89946049875628], [-0.6271168512340571, 44.898635437356255], [-0.628453011515983, 44.89827632069787], [-0.6297585422633775, 44.89805158124761], [-0.6297588258860588, 44.8982714891008], [-0.6302906460715604, 44.898259507654615], [-0.6339546893954391, 44.89801345048058], [-0.6346881273868794, 44.89788398791884], [-0.6357679546809525, 44.897503430283436], [-0.6367909172116935, 44.8969697004511], [-0.6372522997331632, 44.89661479355774], [-0.6377438913206203, 44.895963267207954], [-0.6380795966146184, 44.895684579006705], [-0.6389357446760319, 44.895316726707584], [-0.639814008989806, 44.89511398229958], [-0.6408040421153164, 44.894992287787275], [-0.6424433762649123, 44.8949303991161], [-0.6424795095660039, 44.8952329534842], [-0.6458421095708264, 44.89708291378658], [-0.6472413836848793, 44.89816448866823], [-0.647243316230525, 44.89862319144182], [-0.6471120020130327, 44.89878793839155], [-0.6470526327688798, 44.90054654041015], [-0.6474751520952469, 44.90205136706299], [-0.6482472697558709, 44.902710994172274], [-0.6494236419088822, 44.90317075820372], [-0.649661335048816, 44.90352977885974], [-0.6497584828839621, 44.904184543024854], [-0.6497235039623502, 44.90479678236867], [-0.6495670129881791, 44.9051399183636], [-0.6488431341360005, 44.90606051509463], [-0.6484713850879916, 44.90621423715636], [-0.6476534423686662, 44.90668365516824], [-0.6468014965460225, 44.906786448639814], [-0.6466382831974451, 44.90689005200232], [-0.6465546147616817, 44.907085680403], [-0.6466101765539116, 44.9083691254508], [-0.6465410873138144, 44.9085354330887], [-0.6463549748236996, 44.908696570542155], [-0.646095758993297, 44.90876727307818], [-0.6455401672044144, 44.90880534423056], [-0.6448510573430677, 44.908799124654124], [-0.6426842245359298, 44.908400648145026], [-0.6422449340420902, 44.90823750073503], [-0.6412359277305127, 44.90760182279761], [-0.6410123245349938, 44.9075568793965], [-0.6393068744580129, 44.90744604845875], [-0.6373498267653501, 44.90736686777042], [-0.6368220456543973, 44.90742291196305], [-0.6366350028333333, 44.90727671745177], [-0.6363366230505648, 44.90717382639322], [-0.6356185074473077, 44.90713064534838], [-0.6348351209496618, 44.906980538537894], [-0.6332796404183482, 44.9068935483012], [-0.6328389530696278, 44.90694311844965], [-0.6324570167793746, 44.90694029182773], [-0.6324602833345181, 44.90650125016222], [-0.632393635452223, 44.906040160603894], [-0.63183166813012, 44.90535282350924], [-0.6315795661773664, 44.9054746335737], [-0.6308266124425287, 44.906087808698764], [-0.6299313205625774, 44.90730409638878], [-0.6297469970675935, 44.90745433042285], [-0.6295960339664807, 44.907747681993776], [-0.6297121673234696, 44.9082486150755], [-0.6297054822189637, 44.9084588370872], [-0.6287899159482048, 44.90842206579116], [-0.6287433920719842, 44.90836950809167], [-0.6286683999827656, 44.90840620830201], [-0.6277922156832703, 44.90825277525354], [-0.6265510831037041, 44.908123873716356], [-0.6250128495345185, 44.90779375413169], [-0.6227563741415589, 44.90763396179715], [-0.6223738652458766, 44.90764193464213], [-0.6223075346485166, 44.90773422838426], [-0.622058965363732, 44.907577399488986], [-0.6214803871636887, 44.906827464364234], [-0.6212007405859267, 44.90664100328585], [-0.6211940612884553, 44.906537571901204], [-0.6212507443687938, 44.906472632439964], [-0.6210951016589852, 44.906144228381805], [-0.6168476603276005, 44.90040172100581]]]]}, "properties": {"cleabs": "IRIS____0000000330560103", "code_insee": "33056", "nom_commune": "Blanquefort", "iris": "0103", "code_iris": "330560103", "nom_iris": "Majolan", "type_iris": "H"}}, {"type": "Feature", "geometry": {"type": "MultiPolygon", "coordinates": [[[[-0.6058610926106177, 44.76905577509217], [-0.6053536469403847, 44.76950759599061], [-0.6048722002522154, 44.769812565981105], [-0.6035385346360823, 44.770540007629165], [-0.6024856425426693, 44.77085183875773], [-0.6010360991492709, 44.77109454119217], [-0.6003310773623284, 44.7713860295187], [-0.5997382477985198, 44.77143413580082], [-0.5995014918701795, 44.77184648891598], [-0.5992081596894308, 44.772066911715356], [-0.5991088443349936, 44.77219541179774], [-0.5991231796574112, 44.772399528990626], [-0.5993997068678231, 44.7727267092327], [-0.599380856591422, 44.772867014974445], [-0.5992827408140073, 44.772974747562294], [-0.599081267490451, 44.773108369302776], [-0.5986686440182702, 44.77322451654615], [-0.5978029607240609, 44.773319327655265], [-0.5974717816722496, 44.7734823936874], [-0.5969822364408721, 44.773859689998744], [-0.5968108637568675, 44.773870661820666], [-0.5967493803659588, 44.771525815125955], [-0.5947528721205895, 44.77223771549434], [-0.5946033842594735, 44.76906928761647], [-0.5948791872987867, 44.769049522196646], [-0.5949913678896533, 44.76896386831654], [-0.5948477538063538, 44.76875583580188], [-0.5952513392002287, 44.76861746442256], [-0.5947043959747533, 44.76791872728166], [-0.594671717079377, 44.76732857258491], [-0.5942390863473486, 44.76734892053954], [-0.5937753605138891, 44.767436967592815], [-0.5939392912468919, 44.76592477211836], [-0.594459995482935, 44.76589706067712], [-0.5948773217824046, 44.765677132444736], [-0.5953007965575224, 44.76553360857603], [-0.5953614211077652, 44.76533426863252], [-0.5956498560853472, 44.76511671858304], [-0.5961546614604191, 44.76511745356473], [-0.5962165456875411, 44.764581908678835], [-0.5963316294036841, 44.764423158311644], [-0.596560357726459, 44.7644193363481], [-0.5976314193009145, 44.76415563631616], [-0.5984455030207628, 44.76384980522895], [-0.5991364604302541, 44.76365611826249], [-0.5995730378179359, 44.76346078064412], [-0.6002704075592806, 44.764196962172264], [-0.6005680879632559, 44.764341398441225], [-0.6006535535398472, 44.764431448319506], [-0.6008007566053919, 44.76495208867761], [-0.6007610024329226, 44.76500294954082], [-0.6007510972486874, 44.76532231231429], [-0.6008260340153664, 44.765524458836616], [-0.6012076969423087, 44.765972586955655], [-0.6018793586019281, 44.76608953924163], [-0.6033305406770033, 44.766209971004564], [-0.6051745847224558, 44.76649874845653], [-0.60485730173207, 44.76792313294204], [-0.6060507372740813, 44.76798883145034], [-0.6058357854828458, 44.76872043306805], [-0.6058610926106177, 44.76905577509217]]]]}, "properties": {"cleabs": "IRIS____0000000331920103", "code_insee": "33192", "nom_commune": "Gradignan", "iris": "0103", "code_iris": "331920103", "nom_iris": "Malartic", "type_iris": "H"}}, {"type": "Feature", "geometry": {"type": "MultiPolygon", "coordinates": [[[[-0.6870651212106496, 44.8774290027247], [-0.6868482416011317, 44.87804460198355], [-0.6869610288965001, 44.8787384800033], [-0.686342966143396, 44.87951882827353], [-0.6862346347616494, 44.87997308881396], [-0.6865102310684515, 44.88081027838531], [-0.6875977231867221, 44.88171333073563], [-0.687804369613779, 44.882021928435194], [-0.6876947079699866, 44.88234013497522], [-0.6868050830482363, 44.88344497247876], [-0.6858821595540597, 44.88427510229412], [-0.684243617254047, 44.88511636199583], [-0.6834153766290407, 44.88439665392033], [-0.6794907557456978, 44.883302836475615], [-0.6794697155897967, 44.88327198774417], [-0.6797929654092562, 44.88286559047093], [-0.6805375312572038, 44.8820405274784], [-0.6809577018095144, 44.88148850337195], [-0.6809966940550215, 44.88125196505688], [-0.6809583255965964, 44.88076381980875], [-0.6805027732132918, 44.8805445846534], [-0.6804492386430716, 44.880578807595356], [-0.6803051759103222, 44.8805664599059], [-0.6797594580927069, 44.88117582209888], [-0.6785572201753841, 44.88217468254843], [-0.6772828357491805, 44.883427387766986], [-0.6754971192863755, 44.88457803699699], [-0.675039068675731, 44.88482394260476], [-0.6749727513124859, 44.884779269816946], [-0.6748457221557228, 44.88349819406387], [-0.6751914401362618, 44.881344310712095], [-0.6759622084982517, 44.87942871798313], [-0.6762730148838298, 44.87846482737307], [-0.6762492544780249, 44.878276337538004], [-0.6765887386601113, 44.878137103936545], [-0.6769791395668258, 44.877981761136674], [-0.6770248948872731, 44.878080291530246], [-0.6771873347948034, 44.87808302111737], [-0.6772573348730817, 44.87799056974751], [-0.6771817518440613, 44.877901139651954], [-0.6772347254635321, 44.87762628469839], [-0.6770754056987373, 44.87598845973895], [-0.6769436888182776, 44.87556469788602], [-0.676642996033684, 44.87499961972962], [-0.6780493745680893, 44.87321076667086], [-0.6770044654691695, 44.87181139956587], [-0.6769751302795148, 44.871731253085926], [-0.6770238207077172, 44.87158452757648], [-0.6772474812964472, 44.8715933396145], [-0.6777318775089122, 44.87171248376267], [-0.6808258627783256, 44.87254276097176], [-0.6809274803348618, 44.872352817055166], [-0.6810603388695753, 44.87128665557802], [-0.6816998421534154, 44.87058223892304], [-0.681576004200956, 44.8686755514152], [-0.682275392483896, 44.868691100363336], [-0.6835229499406429, 44.868175597580155], [-0.6836984559355144, 44.868204021202935], [-0.6845865106934417, 44.868544977536935], [-0.6842056837212113, 44.86899926991475], [-0.6841084335712468, 44.86917825634736], [-0.6836929785982258, 44.869626485942526], [-0.6845397611426263, 44.86962811449386], [-0.684914493428614, 44.86969859201614], [-0.6874979456900475, 44.870687143330315], [-0.6874765873612857, 44.87076716948953], [-0.6875182533794554, 44.87082256816315], [-0.6872478818578385, 44.871086627118906], [-0.6862631371999387, 44.872535322512235], [-0.6860662885487144, 44.872703198310674], [-0.6861230712425903, 44.87285363556823], [-0.6862133553799534, 44.87289660388004], [-0.6860733178062997, 44.87290666366179], [-0.6859356785338361, 44.87297252558484], [-0.6855875670233182, 44.87330766279766], [-0.6842805171668002, 44.8754087842788], [-0.6838062032647532, 44.875926566951236], [-0.6832661819425314, 44.87638974499839], [-0.6832630550740363, 44.87647727700306], [-0.6831892880302501, 44.87651217293], [-0.6833021924498206, 44.877034797641215], [-0.6858964580791955, 44.87719923009438], [-0.6869356057458569, 44.877348581237264], [-0.6870651212106496, 44.8774290027247]]]]}, "properties": {"cleabs": "IRIS____0000000332000103", "code_insee": "33200", "nom_commune": "Le Haillan", "iris": "0103", "code_iris": "332000103", "nom_iris": "Miotte", "type_iris": "H"}}, {"type": "Feature", "geometry": {"type": "MultiPolygon", "coordinates": [[[[-0.5037566060318529, 44.91857324084978], [-0.5042632153377293, 44.91797235235301], [-0.5054418639416657, 44.91698254528849], [-0.5067112936720127, 44.91762741379866], [-0.5088602772572339, 44.91921241893597], [-0.5098354619094072, 44.919694413117504], [-0.5133933939863028, 44.920663414086874], [-0.5139576238627674, 44.920558143374706], [-0.5144045483071265, 44.91989690775678], [-0.5148999828165607, 44.91998937929593], [-0.5151458006428813, 44.92012670027186], [-0.5157421972461915, 44.920514285467156], [-0.5156551063818352, 44.92076398390781], [-0.5166765594787274, 44.92117325786852], [-0.5167488933204756, 44.92167927127582], [-0.5169892711391394, 44.92185100828978], [-0.5195187781592052, 44.92253874702002], [-0.5195992601170248, 44.92236586058418], [-0.5208402081933112, 44.92261312771285], [-0.5227712040236036, 44.92269790238728], [-0.5231499148648412, 44.92218389336832], [-0.5289136735587066, 44.923646605295765], [-0.5298617621386952, 44.923855311635855], [-0.530165162654296, 44.9238384591367], [-0.5305285685515372, 44.92400896212671], [-0.5324209230662236, 44.92436517635181], [-0.5322621917490006, 44.92544992967957], [-0.5363438567438741, 44.92573914012819], [-0.5357100702854007, 44.927457287908126], [-0.5349092601842064, 44.92914289407236], [-0.5340231251024913, 44.93038148006914], [-0.5331961064074295, 44.930304142849764], [-0.5323119238259356, 44.93012497261811], [-0.5314266885052406, 44.93224493767584], [-0.5326045366509116, 44.93261395609148], [-0.5310521394758779, 44.93715518414156], [-0.5307987548374659, 44.93716143471657], [-0.5288705919204335, 44.93662606392813], [-0.5275906079193152, 44.93638912651833], [-0.5274943812936751, 44.936977097899565], [-0.5277536682074572, 44.93710495479539], [-0.5277725148111524, 44.9374648593907], [-0.5274809962413499, 44.939022476501265], [-0.526151803471057, 44.93846803815195], [-0.5241916700631961, 44.93728289394408], [-0.5238177170530812, 44.93716767856277], [-0.5234294539657443, 44.93728904472039], [-0.523167431619812, 44.937601978599176], [-0.5231206811453696, 44.93817035078156], [-0.5221795384115226, 44.93958992703142], [-0.518008941226624, 44.93801959737149], [-0.5173541042473595, 44.93771497883854], [-0.517014308488016, 44.93749681800583], [-0.515918020924865, 44.936627561960876], [-0.5153477837606533, 44.93599219986871], [-0.5149250372266343, 44.93570545927285], [-0.5144792094833486, 44.93555643745704], [-0.5135664985888135, 44.93538793334923], [-0.5123038965146798, 44.93496101091118], [-0.5122216745646649, 44.93563323848988], [-0.512063274113212, 44.93632499804132], [-0.5115286023349058, 44.93718817208515], [-0.509078496864929, 44.93611559371214], [-0.5080112350384295, 44.93546435100833], [-0.5074556488749916, 44.935000627333245], [-0.5069117786567036, 44.9344400980498], [-0.5060859673192686, 44.93330716156727], [-0.5036028305352345, 44.932493270668736], [-0.5002432360059971, 44.931478931920594], [-0.49668352987155157, 44.92971555588204], [-0.4964690591084569, 44.92973492404981], [-0.49482577585482546, 44.92909899006224], [-0.4954141270815344, 44.92899215686289], [-0.49690112547493037, 44.928607391330196], [-0.49727084913754915, 44.92845335587589], [-0.4973343653777614, 44.92839367679549], [-0.49764276800062307, 44.927785543324376], [-0.4978571652706507, 44.926972182764786], [-0.49845224384096987, 44.926302747177324], [-0.4988110310880219, 44.92577052981124], [-0.5001644050911251, 44.92412098035893], [-0.5009030533286054, 44.92345601848585], [-0.5008836265020534, 44.923327753453115], [-0.5010009471133933, 44.92333757417008], [-0.5012437117264813, 44.923162291258016], [-0.5013028662442476, 44.92301262314398], [-0.5018172767251308, 44.92243403217321], [-0.5020028043692152, 44.92201271088543], [-0.5020915522991534, 44.92124025341716], [-0.5022975793026684, 44.92053799953737], [-0.5026073064163958, 44.92009473585514], [-0.5034017282928434, 44.91924774860108], [-0.5037566060318529, 44.91857324084978]]]]}, "properties": {"cleabs": "IRIS____0000000330030103", "code_insee": "33003", "nom_commune": "Ambarès-et-Lagrave", "iris": "0103", "code_iris": "330030103", "nom_iris": "Sabarèges", "type_iris": "H"}}, {"type": "Feature", "geometry": {"type": "MultiPolygon", "coordinates": [[[[-0.5083030023947576, 44.899157605168114], [-0.5086749465709801, 44.897948107032526], [-0.5092570142264766, 44.89717897959139], [-0.5102152378074776, 44.89733524323087], [-0.5123152068341493, 44.89685245528182], [-0.5142860490035289, 44.896697259127805], [-0.5148523863244565, 44.89691275167029], [-0.5162148241005529, 44.8971453887835], [-0.5168794503752385, 44.89488385243566], [-0.516847395843085, 44.89457484119432], [-0.5161127930032554, 44.89288845834662], [-0.5162870664670954, 44.89109758331495], [-0.5162591706164217, 44.89004581987949], [-0.5164310384472314, 44.88943023700919], [-0.5171076280425857, 44.88796772111675], [-0.5185217102435292, 44.88836000821155], [-0.5190280587999483, 44.888428673663455], [-0.5211956979989832, 44.88820221699295], [-0.522460110089707, 44.88794670392295], [-0.5265643941230144, 44.88841841663477], [-0.5237336052477457, 44.896292352093035], [-0.523225747324698, 44.89789646276962], [-0.5226477018833334, 44.90024091742434], [-0.5221840821329169, 44.90303506583401], [-0.5220252886005878, 44.90440368748185], [-0.5217142610289255, 44.90443878773757], [-0.5217547738180613, 44.90373092631781], [-0.5213964114638994, 44.9038603554012], [-0.5202639748396709, 44.9037998313204], [-0.520069034017978, 44.90315891813459], [-0.5187997845247977, 44.903221681121096], [-0.518371608691604, 44.90318838522451], [-0.51839348554926, 44.90260729121641], [-0.5181482696421293, 44.902033759587404], [-0.5180499929582476, 44.901396991093684], [-0.517943888261282, 44.90128229026044], [-0.5173603121623185, 44.9013791874253], [-0.51705143158977, 44.90154939337278], [-0.5168574690420432, 44.901590685765235], [-0.5166548659743893, 44.90159530055342], [-0.5163657132930103, 44.90135211080167], [-0.5155939094561495, 44.90150092304092], [-0.5149072129707484, 44.901712826167476], [-0.5143071695487613, 44.9017696724629], [-0.5140255880700718, 44.9017281152113], [-0.5129191648030326, 44.90143417461923], [-0.5104508044113579, 44.90099763758274], [-0.510453134874344, 44.90093357593943], [-0.510402314493631, 44.900911750538405], [-0.5104905780695471, 44.900174450259556], [-0.5104048745188707, 44.89995996153356], [-0.5102632092110931, 44.89978329164741], [-0.5099945691580245, 44.89958359875267], [-0.5097871591819281, 44.8994910194737], [-0.5087499864743265, 44.899289480392035], [-0.5083030023947576, 44.899157605168114]]]]}, "properties": {"cleabs": "IRIS____0000000330320103", "code_insee": "33032", "nom_commune": "Bassens", "iris": "0103", "code_iris": "330320103", "nom_iris": "Sud", "type_iris": "H"}}, {"type": "Feature", "geometry": {"type": "MultiPolygon", "coordinates": [[[[-0.6614241081343042, 44.91838921840562], [-0.6597633219757911, 44.91927948554355], [-0.6589503186523661, 44.9195928941121], [-0.658641766046859, 44.91962739498494], [-0.6586497231170366, 44.91972988343036], [-0.6584408132117978, 44.91979444997074], [-0.6567854015326562, 44.91911529500054], [-0.6542201323946923, 44.917808096499726], [-0.6519036222378818, 44.91690997274555], [-0.6525674584798445, 44.91549470540663], [-0.6536563493434318, 44.91375088991326], [-0.6537782605709173, 44.91297445045083], [-0.6550953426206303, 44.9111717355664], [-0.6560331596472422, 44.91040088082855], [-0.6569011754728834, 44.90996039579919], [-0.6550234375671385, 44.909621134231756], [-0.6552420297746634, 44.90898572131191], [-0.6551108110767048, 44.908899007887506], [-0.6521213615644585, 44.90872427520444], [-0.6521021454488225, 44.90788398101446], [-0.6516343518139969, 44.90786782033666], [-0.6516114660273049, 44.90648415512131], [-0.6494143958728282, 44.9060687796894], [-0.6488431341360005, 44.90606051509463], [-0.6495670129881791, 44.9051399183636], [-0.6497235039623502, 44.90479678236867], [-0.6497584828839621, 44.904184543024854], [-0.649661335048816, 44.90352977885974], [-0.6494236419088822, 44.90317075820372], [-0.6482472697558709, 44.902710994172274], [-0.6474751520952469, 44.90205136706299], [-0.6470526327688798, 44.90054654041015], [-0.6471120020130327, 44.89878793839155], [-0.647243316230525, 44.89862319144182], [-0.6472413836848793, 44.89816448866823], [-0.6458421095708264, 44.89708291378658], [-0.6424795095660039, 44.8952329534842], [-0.6424433762649123, 44.8949303991161], [-0.6436742257950397, 44.89498284073131], [-0.6449694458729983, 44.895596472060966], [-0.6460936358328275, 44.895665909053804], [-0.6487936614866341, 44.89617836949717], [-0.6522639590858904, 44.89609489752692], [-0.6534653175091949, 44.89598596596863], [-0.6551610623786696, 44.89608877639526], [-0.6560989968105436, 44.896315665893624], [-0.6569971560698112, 44.896788114011194], [-0.6577337995706455, 44.89729201530594], [-0.6580305821703956, 44.89737056528972], [-0.6583482304109627, 44.89730241395767], [-0.6587625692625446, 44.89696698985728], [-0.6591990627276884, 44.896776846831045], [-0.6597211975725598, 44.89667491156646], [-0.6619947909582908, 44.895780639643945], [-0.662854319942362, 44.895602664127175], [-0.6659261956733271, 44.8954769284933], [-0.6665013624483241, 44.89535247898651], [-0.6675684231540525, 44.89555608012122], [-0.6692366693479486, 44.89552889321946], [-0.6697288478675566, 44.8954927951577], [-0.6702773449060797, 44.89499966615018], [-0.6714845522300119, 44.89461273765691], [-0.6717209207841857, 44.89440753055707], [-0.6725028656195811, 44.89430415059627], [-0.6738034734259093, 44.89400784341342], [-0.6745753825179969, 44.89363528537655], [-0.6755721042759512, 44.8934427531462], [-0.6766594828483337, 44.893550053713554], [-0.6777244020842788, 44.893353440443626], [-0.6782878672234213, 44.893418594131965], [-0.678847604872741, 44.89391019498022], [-0.6792811204908108, 44.89406257226169], [-0.680027330167418, 44.89465163957054], [-0.6805168961372715, 44.89488507619577], [-0.6818797885766427, 44.89551857986032], [-0.6820672843298486, 44.89466601545038], [-0.6859681155694547, 44.89418864667806], [-0.686881114118539, 44.89582848986356], [-0.6865693148108011, 44.895927175124534], [-0.6865739612428933, 44.896017153736246], [-0.6867035077543334, 44.89605881933953], [-0.6870981197108026, 44.896756862526324], [-0.6881559435085887, 44.89784027461417], [-0.6886895936351849, 44.89789465074635], [-0.6921376985907278, 44.89880123681922], [-0.6920983029043344, 44.89889628563965], [-0.6931838417252568, 44.89920448776891], [-0.6937128261246223, 44.899457289061694], [-0.6943959984970194, 44.89966349576114], [-0.6951776815234414, 44.899824958214786], [-0.6962667286228692, 44.89982025130004], [-0.6968795305239001, 44.89992062581891], [-0.6978537200645641, 44.90027034790243], [-0.7002799736997036, 44.90113861561538], [-0.7028605086503206, 44.90174931246592], [-0.7015491301384211, 44.9030359889792], [-0.701172332323808, 44.90334148594511], [-0.7008714018579311, 44.9037012369765], [-0.6991643257764579, 44.90533546860887], [-0.6988652307277601, 44.9057618515354], [-0.6979995632595074, 44.90652077102977], [-0.6974363676878833, 44.906962254865554], [-0.6973645869837827, 44.906970053212426], [-0.6971809773653569, 44.907186178987374], [-0.6965009966999905, 44.90772258148307], [-0.6950420344970629, 44.90738987775208], [-0.69373819471663, 44.90733231061744], [-0.6938192271380752, 44.907137630277845], [-0.6936183149025297, 44.90697576419204], [-0.692577120285798, 44.90643804791534], [-0.6921758793681023, 44.90614223338825], [-0.691866203393181, 44.905618940650285], [-0.6916166176619492, 44.9045249074428], [-0.691561956659496, 44.90442667678901], [-0.6913779190349575, 44.90432824097384], [-0.6895692671383425, 44.903998983495626], [-0.6862275740563591, 44.90382786547357], [-0.6854408688309299, 44.90370616411296], [-0.6844344053097469, 44.90344393212724], [-0.6839756310572817, 44.90337172678775], [-0.6818957075772264, 44.90344883376325], [-0.6813711883213992, 44.90351489862527], [-0.6811563917183743, 44.90358511357018], [-0.6806948459670072, 44.90377977980782], [-0.6794157574194656, 44.904542336853865], [-0.6785237122824992, 44.90511539556231], [-0.6776744250200802, 44.90577986703433], [-0.6773226786438467, 44.90590868990083], [-0.6773460853107144, 44.9059755141995], [-0.677278077738433, 44.90604085947842], [-0.6770854737667864, 44.906004875863545], [-0.6764009844487733, 44.90624295945526], [-0.6753848449154808, 44.90670382908428], [-0.6745058236776632, 44.9069348198166], [-0.6731111998203371, 44.90707830756354], [-0.6719657959645181, 44.90711529159586], [-0.6709233690333322, 44.90688477135874], [-0.6703935640798441, 44.90667695536904], [-0.6694988416076344, 44.90626127492675], [-0.6692476158942375, 44.906104635344896], [-0.668974552467692, 44.906001894899106], [-0.6689136734274725, 44.9082310753718], [-0.6689564268947166, 44.90886509558348], [-0.6690133463825961, 44.90907592712498], [-0.6689408513432878, 44.90915042843151], [-0.6689753748197861, 44.90923220944783], [-0.6689470616985524, 44.91067976945166], [-0.6688432687332845, 44.9111095250657], [-0.6689250029101025, 44.911331254185335], [-0.6688907693243829, 44.91140899783123], [-0.6689207870542475, 44.91167389662697], [-0.6688609921212967, 44.91374531302799], [-0.668845331761097, 44.91377737679171], [-0.668781868806871, 44.91377676953986], [-0.6687720047753779, 44.91391680074783], [-0.6687783170307069, 44.91465297452972], [-0.6689068545013074, 44.91512462746849], [-0.6690902070360271, 44.91546467848552], [-0.6690690090888223, 44.915683499578705], [-0.6686908005137507, 44.91602948514086], [-0.6680739189779991, 44.91705123486732], [-0.6674012191096806, 44.91768545165878], [-0.6663319072254349, 44.91801639335311], [-0.6656444060994011, 44.91817248413773], [-0.6635064671206703, 44.91832144639341], [-0.6617703658209525, 44.918330031945175], [-0.6614241081343042, 44.91838921840562]]]]}, "properties": {"cleabs": "IRIS____0000000335190103", "code_insee": "33519", "nom_commune": "Le Taillan-Médoc", "iris": "0103", "code_iris": "335190103", "nom_iris": "Sud-Est", "type_iris": "H"}}, {"type": "Feature", "geometry": {"type": "MultiPolygon", "coordinates": [[[[-0.6136950890249242, 44.87103857708966], [-0.6127123777253928, 44.8712877847618], [-0.6080041770720789, 44.87178706036272], [-0.6066183871218885, 44.871997043579434], [-0.6059258025797708, 44.87226469951452], [-0.6050923124101022, 44.87241074954047], [-0.6038605275742269, 44.872828396053315], [-0.6032908478672603, 44.8731154766011], [-0.6031343347290908, 44.873461241958076], [-0.6025114846955136, 44.87382845584468], [-0.6020942757381308, 44.87394384349949], [-0.6017545374636682, 44.87394315408895], [-0.6012943446362699, 44.87437628235412], [-0.6011043529959572, 44.87449691011194], [-0.6008768305073323, 44.87444751252736], [-0.6001592976573041, 44.87377410539423], [-0.5997828952287638, 44.87359704784967], [-0.5988297636651806, 44.873399939232975], [-0.5985571772344953, 44.87310234500324], [-0.5974590137230521, 44.873272240932295], [-0.5961141225656262, 44.873369907989876], [-0.5947088964235069, 44.87333702572831], [-0.5937683230313482, 44.87315749308138], [-0.593800025003608, 44.87288067662693], [-0.594283860262835, 44.87220257010965], [-0.5951928732685025, 44.8713556677688], [-0.5941383875699329, 44.87078236837831], [-0.5933339928794059, 44.870551556600745], [-0.5937852472970094, 44.86966180694199], [-0.5940052409413913, 44.869040013704776], [-0.5939544669361044, 44.86895964240581], [-0.5940691502442251, 44.86889013497214], [-0.5941980465858144, 44.868488498655694], [-0.5948496436552705, 44.86857013577827], [-0.5956166757339347, 44.868613780248076], [-0.5965494438355634, 44.86861329289121], [-0.5971399114275762, 44.868571620945595], [-0.5975380827386785, 44.869761012775854], [-0.5977539663376075, 44.87008388010459], [-0.5982533777933767, 44.870578709937526], [-0.5989374172542025, 44.870335714098715], [-0.5993054563065429, 44.870244464581226], [-0.6004708252518672, 44.870332836760745], [-0.6028611588900741, 44.87039134499742], [-0.6029773991223172, 44.87036594013159], [-0.602358378251965, 44.869291886968774], [-0.6020899934271604, 44.869217682134746], [-0.601281608020842, 44.868490453916166], [-0.6003951615442186, 44.86794871256801], [-0.6023009467505439, 44.867015323563606], [-0.6028884403694292, 44.867500062642414], [-0.6057484663130659, 44.866073267938226], [-0.6067088986268542, 44.867036163054564], [-0.6079435576759742, 44.86838038906251], [-0.6086568729773495, 44.86879070882611], [-0.6126851909968211, 44.87043245098035], [-0.6132231182834231, 44.870755621412265], [-0.6136950890249242, 44.87103857708966]]]]}, "properties": {"cleabs": "IRIS____0000000330690104", "code_insee": "33069", "nom_commune": "Le Bouscat", "iris": "0104", "code_iris": "330690104", "nom_iris": "Ausone-Les Écus", "type_iris": "H"}}, {"type": "Feature", "geometry": {"type": "MultiPolygon", "coordinates": [[[[-0.5881120074117685, 44.778028999514504], [-0.5878682410215631, 44.77795668365929], [-0.5873963816246491, 44.777998100007665], [-0.5857680735148029, 44.77883399318008], [-0.585449567148654, 44.779097550307604], [-0.5859713830365696, 44.77835155713286], [-0.5867174333304706, 44.77768932726158], [-0.5870351199361954, 44.77699680164702], [-0.5864791268070596, 44.77675073868341], [-0.5868753265560206, 44.775742039920054], [-0.5872889626426477, 44.77502657962188], [-0.5871316450585149, 44.77490099377508], [-0.5872138884826975, 44.77468293405171], [-0.5871242957938836, 44.77448846337161], [-0.5871395981148786, 44.77147692346731], [-0.5870618298379765, 44.77071428914191], [-0.5868555138766465, 44.770395622421844], [-0.5883276513693527, 44.770050534832734], [-0.5897440529051389, 44.76982349346147], [-0.5898056099449018, 44.769440273710714], [-0.5899426994749704, 44.76924927402962], [-0.590062821848929, 44.768436066774655], [-0.5900282384154437, 44.76781533172798], [-0.5905174477798302, 44.76679909817798], [-0.5906012502188323, 44.76624932881123], [-0.5904343907299276, 44.76387456366799], [-0.5900286315789243, 44.762770179926655], [-0.5904621489906893, 44.762784065684166], [-0.5916295105069226, 44.76337438078141], [-0.592338773680834, 44.7624375214379], [-0.5954719893723066, 44.76194020759782], [-0.595548577006076, 44.76220809372067], [-0.5963710203442233, 44.76223095941755], [-0.5970771141933987, 44.76235312951486], [-0.5981327605746166, 44.76012972177453], [-0.6002968280847124, 44.758347933417184], [-0.6011201897750129, 44.75791199948936], [-0.6013389618085351, 44.75767416734447], [-0.6019960420069602, 44.75770326768428], [-0.6032825608494459, 44.75760644087421], [-0.6046112541315815, 44.75771371008856], [-0.6082345748186463, 44.75849245865845], [-0.608668450898014, 44.75758608740045], [-0.6091924705680851, 44.75702015157677], [-0.6096361034991624, 44.75618736038923], [-0.6126596701156966, 44.7530263268238], [-0.6151168844943208, 44.74971696387212], [-0.615156217882222, 44.749561566362274], [-0.6163102668654091, 44.74864696831814], [-0.6184540039199006, 44.74862830613248], [-0.6188993792973416, 44.748690357222074], [-0.6191004321529041, 44.7481592589876], [-0.621025949690023, 44.74789442730465], [-0.621193513147953, 44.74798267751827], [-0.6264002280321698, 44.74729585811972], [-0.6299969135033753, 44.74547283058041], [-0.6292387928249588, 44.74266143857582], [-0.632862187795742, 44.74219742562044], [-0.6330917775259524, 44.74404827983406], [-0.6334004695965851, 44.744148103301576], [-0.6342716957564851, 44.745105483686935], [-0.634241172015479, 44.74570942608759], [-0.6336595224008569, 44.74690465554922], [-0.6335394297248919, 44.74749261082171], [-0.6341164969970594, 44.750042255997805], [-0.633576445438109, 44.75033576362778], [-0.6321416616103944, 44.7509145773211], [-0.631495975921, 44.7513548389547], [-0.6307686732955499, 44.75227453742275], [-0.6305865626644311, 44.75284289247362], [-0.6307157188097234, 44.75308019475923], [-0.6308369407861663, 44.75388014157513], [-0.6304494483223236, 44.754323646718156], [-0.6305848212030057, 44.75465718010369], [-0.6307900994164862, 44.75480005865872], [-0.6310331123837861, 44.75492006942386], [-0.6316243996024328, 44.75498810233765], [-0.6317973454460828, 44.75515907721514], [-0.6348979279659365, 44.755087090203645], [-0.6348884094337912, 44.75495942374903], [-0.6353403861872742, 44.754946389873034], [-0.6353937861685032, 44.75579182139402], [-0.6354869152775493, 44.755804085573246], [-0.6354978759574623, 44.756071400080835], [-0.635435300736037, 44.7576858095864], [-0.6360056772615554, 44.75748863470365], [-0.6375838145166569, 44.76137172208708], [-0.6372952747282218, 44.76152630192954], [-0.6368815756541475, 44.76160387733011], [-0.6361520486980244, 44.76160980569068], [-0.6354153041284021, 44.761895357430205], [-0.6358453178724489, 44.762754565111656], [-0.635796736868231, 44.762844483648664], [-0.634915214210973, 44.762945519055414], [-0.6347461404725429, 44.76291321477907], [-0.6342093842350663, 44.76222243680688], [-0.6340782834871417, 44.76230785211441], [-0.6332345367543325, 44.762425660026835], [-0.6328097198555224, 44.76260542706179], [-0.6324674247560927, 44.76286810573126], [-0.6321755190394968, 44.762931754659384], [-0.6305789790849768, 44.76298950830125], [-0.6299009677947762, 44.76285310971125], [-0.6289837012306763, 44.763204016589604], [-0.6288854281497984, 44.76338658708965], [-0.6286430248543385, 44.76351169271763], [-0.628596128966751, 44.76356910718553], [-0.6286565785106262, 44.76360407836539], [-0.6284025227848964, 44.76380346843504], [-0.6276726896944433, 44.764059899993725], [-0.6275147594210194, 44.764200261398216], [-0.6273016260732316, 44.76481829509156], [-0.6270341093469767, 44.76498567729169], [-0.626736874926542, 44.76508463496657], [-0.6263500777358457, 44.76528566261279], [-0.625932670260616, 44.76562017589352], [-0.625443176289603, 44.765778597898056], [-0.6249162871563861, 44.76563181380772], [-0.6246655950570443, 44.76549131046535], [-0.6246303856401839, 44.76535727404205], [-0.6242042032234353, 44.76502603839828], [-0.6240143826715288, 44.76494662995176], [-0.6236689584017403, 44.76498496923048], [-0.6233261099420649, 44.764925887416915], [-0.6228922584120581, 44.76496621571544], [-0.6222653694626953, 44.76519130424304], [-0.621583968274535, 44.765336157192586], [-0.6200049087812977, 44.76558785555008], [-0.6193921783783409, 44.765620497215], [-0.6188893934201257, 44.76574958257884], [-0.6187247333403795, 44.76570719584933], [-0.6186663220467287, 44.76591999779254], [-0.6184057854435103, 44.76590147173349], [-0.6178815751316072, 44.766208799412205], [-0.6177126105595232, 44.76637474149536], [-0.617383986345598, 44.76651705754577], [-0.617243119152304, 44.76664783357064], [-0.6172070998090594, 44.7668941509997], [-0.6174147145618127, 44.76709285675787], [-0.6174418808690455, 44.767239775268585], [-0.6170357771461504, 44.767377410459254], [-0.6166311969823136, 44.76757808214692], [-0.6163155985474803, 44.76762804155408], [-0.615567849937469, 44.767843517563975], [-0.6144818853956807, 44.768347611373386], [-0.6139611777115648, 44.768513308302985], [-0.6136904997189114, 44.76878981139179], [-0.6132062436392421, 44.768991266756814], [-0.6128457776618147, 44.76920941123649], [-0.6113121801331678, 44.76916659160782], [-0.6107788765115446, 44.76903797446847], [-0.6096093096256489, 44.76902922819211], [-0.6073364550214596, 44.7688419077535], [-0.6065783633916008, 44.76883775356435], [-0.6063747803291794, 44.76891828440357], [-0.6059662074305135, 44.76899827829354], [-0.6058610926106177, 44.76905577509217], [-0.6058357854828458, 44.76872043306805], [-0.6060507372740813, 44.76798883145034], [-0.60485730173207, 44.76792313294204], [-0.6051745847224558, 44.76649874845653], [-0.6033305406770033, 44.766209971004564], [-0.6018793586019281, 44.76608953924163], [-0.6012076969423087, 44.765972586955655], [-0.6008260340153664, 44.765524458836616], [-0.6007510972486874, 44.76532231231429], [-0.6007610024329226, 44.76500294954082], [-0.6008007566053919, 44.76495208867761], [-0.6006535535398472, 44.764431448319506], [-0.6005680879632559, 44.764341398441225], [-0.6002704075592806, 44.764196962172264], [-0.5995730378179359, 44.76346078064412], [-0.5991364604302541, 44.76365611826249], [-0.5984455030207628, 44.76384980522895], [-0.5976314193009145, 44.76415563631616], [-0.596560357726459, 44.7644193363481], [-0.5963316294036841, 44.764423158311644], [-0.5962165456875411, 44.764581908678835], [-0.5961546614604191, 44.76511745356473], [-0.5956498560853472, 44.76511671858304], [-0.5953614211077652, 44.76533426863252], [-0.5953007965575224, 44.76553360857603], [-0.5948773217824046, 44.765677132444736], [-0.594459995482935, 44.76589706067712], [-0.5939392912468919, 44.76592477211836], [-0.5937753605138891, 44.767436967592815], [-0.5942390863473486, 44.76734892053954], [-0.594671717079377, 44.76732857258491], [-0.5947043959747533, 44.76791872728166], [-0.5952513392002287, 44.76861746442256], [-0.5948477538063538, 44.76875583580188], [-0.5949913678896533, 44.76896386831654], [-0.5948791872987867, 44.769049522196646], [-0.5946033842594735, 44.76906928761647], [-0.5947528721205895, 44.77223771549434], [-0.5967493803659588, 44.771525815125955], [-0.5968108637568675, 44.773870661820666], [-0.5965078318675643, 44.77388050039529], [-0.596125125628338, 44.7738118124918], [-0.5956414904033341, 44.773530100476556], [-0.5953397803006458, 44.77354079425214], [-0.5948291181672881, 44.77364749127409], [-0.5941229030418516, 44.77364427011334], [-0.5934688844404935, 44.77386376105059], [-0.5930500375172765, 44.774931802393255], [-0.592690536303457, 44.77560227124682], [-0.5922081678935324, 44.77593425016657], [-0.5912052889975198, 44.776417386477796], [-0.5903711280654022, 44.77676887138998], [-0.5881120074117685, 44.778028999514504]]]]}, "properties": {"cleabs": "IRIS____0000000331920104", "code_insee": "33192", "nom_commune": "Gradignan", "iris": "0104", "code_iris": "331920104", "nom_iris": "Beausoleil", "type_iris": "H"}}, {"type": "Feature", "geometry": {"type": "MultiPolygon", "coordinates": [[[[-0.6393068744580129, 44.90744604845875], [-0.6383810089232943, 44.90945926640881], [-0.6379075830849298, 44.91021655377307], [-0.6357087321663418, 44.91321691546233], [-0.6355634916146461, 44.91332441957646], [-0.6356246900385547, 44.913368382644855], [-0.6356309712358587, 44.913445689404014], [-0.6355706754709316, 44.91351345884928], [-0.635438763433483, 44.91353309964163], [-0.6349662915580169, 44.91448232013505], [-0.6347930895405561, 44.91499993173663], [-0.6347192394110701, 44.9159739579511], [-0.6346170158172243, 44.91647122003075], [-0.6342827650191546, 44.91747900492925], [-0.6343171690897583, 44.91767706799867], [-0.6343975675246558, 44.917762765053745], [-0.6343697863098009, 44.917842989278725], [-0.6342261548208139, 44.91789726152027], [-0.6339400732499421, 44.91776962424046], [-0.633319268452696, 44.91776199579626], [-0.6328377975755274, 44.917790364915305], [-0.6310418388120024, 44.91812760287451], [-0.6292124579130539, 44.91812521005771], [-0.6289134980170131, 44.91815120282256], [-0.6286283034550636, 44.9182722833044], [-0.6285606039961926, 44.918461065328025], [-0.6284412355859182, 44.91857672714215], [-0.6282798596549058, 44.91861174250026], [-0.6281273589148771, 44.9185878828843], [-0.628024256104111, 44.918523653255946], [-0.6272006848300273, 44.91869566453409], [-0.6241379087372464, 44.91888398141161], [-0.6237113367191834, 44.91754414509153], [-0.6235749410693288, 44.91741610418448], [-0.6232932131802633, 44.91668803152916], [-0.6231815492282964, 44.91662858356531], [-0.6229945908717966, 44.91607136975893], [-0.6224059940165886, 44.914834157514214], [-0.6215139103178219, 44.91469110487165], [-0.621463997365966, 44.91464496369875], [-0.6214706347273659, 44.914492427565946], [-0.6213787647878074, 44.91442512212908], [-0.6212933767703183, 44.91441889363462], [-0.6198617112730939, 44.914444840561465], [-0.6184140088726191, 44.9143991876825], [-0.6182521960330108, 44.91497768569905], [-0.6180528861961067, 44.9149751664256], [-0.61790745007955, 44.91490329430943], [-0.6153024302654251, 44.91461409395027], [-0.615468338101012, 44.914334698412816], [-0.6155324909407186, 44.91410998947977], [-0.6160580789006315, 44.911678302643956], [-0.6153420770992667, 44.9116880967515], [-0.6150476360497692, 44.911606651758525], [-0.6148126761889969, 44.911621510968665], [-0.613843086749157, 44.91155392708667], [-0.6122664621871471, 44.91135646842558], [-0.6118365516251245, 44.91118027954256], [-0.6107957651835946, 44.910617471295424], [-0.6106390898854339, 44.9104495175359], [-0.6107395671825246, 44.91037504823273], [-0.6107831868905261, 44.910264573384076], [-0.6107489213532435, 44.91018547251361], [-0.610561904611451, 44.91009781909991], [-0.6106120580776779, 44.909793353905876], [-0.6108187255204305, 44.90888624214247], [-0.6108953167893226, 44.90812576434556], [-0.6109483645520976, 44.90800416733431], [-0.6110654641238924, 44.907931860956204], [-0.6138632653796486, 44.907832726414945], [-0.6142915816864505, 44.907964795120314], [-0.6146461895427355, 44.907720718038284], [-0.6149076533824022, 44.907704094516326], [-0.6158668054689548, 44.90729612302284], [-0.6161332593315114, 44.90747491508391], [-0.6179353499269652, 44.90723685372733], [-0.6185241411123326, 44.90720234528383], [-0.6189458930491959, 44.90721293511173], [-0.6202898290316706, 44.90740256062411], [-0.622058965363732, 44.907577399488986], [-0.6223075346485166, 44.90773422838426], [-0.6223738652458766, 44.90764193464213], [-0.6227563741415589, 44.90763396179715], [-0.6250128495345185, 44.90779375413169], [-0.6265510831037041, 44.908123873716356], [-0.6277922156832703, 44.90825277525354], [-0.6286683999827656, 44.90840620830201], [-0.6287433920719842, 44.90836950809167], [-0.6287899159482048, 44.90842206579116], [-0.6297054822189637, 44.9084588370872], [-0.6297121673234696, 44.9082486150755], [-0.6295960339664807, 44.907747681993776], [-0.6297469970675935, 44.90745433042285], [-0.6299313205625774, 44.90730409638878], [-0.6308266124425287, 44.906087808698764], [-0.6315795661773664, 44.9054746335737], [-0.63183166813012, 44.90535282350924], [-0.632393635452223, 44.906040160603894], [-0.6324602833345181, 44.90650125016222], [-0.6324570167793746, 44.90694029182773], [-0.6328389530696278, 44.90694311844965], [-0.6332796404183482, 44.9068935483012], [-0.6348351209496618, 44.906980538537894], [-0.6356185074473077, 44.90713064534838], [-0.6363366230505648, 44.90717382639322], [-0.6366350028333333, 44.90727671745177], [-0.6368220456543973, 44.90742291196305], [-0.6373498267653501, 44.90736686777042], [-0.6393068744580129, 44.90744604845875]]]]}, "properties": {"cleabs": "IRIS____0000000330560104", "code_insee": "33056", "nom_commune": "Blanquefort", "iris": "0104", "code_iris": "330560104", "nom_iris": "Centre Ville", "type_iris": "H"}}, {"type": "Feature", "geometry": {"type": "MultiPolygon", "coordinates": [[[[-0.6450875985939165, 44.844325760621835], [-0.6417683013519835, 44.84395350855082], [-0.6404791919812399, 44.84400123630839], [-0.6395974794721907, 44.843962576578654], [-0.6396306160870331, 44.84357483606992], [-0.6395717018587629, 44.84319372145771], [-0.6392901892114757, 44.842642357328664], [-0.6392462039135144, 44.84249148281056], [-0.6392647845316652, 44.84232864115445], [-0.6396919776929637, 44.84100414899083], [-0.6398419839895897, 44.84030883902298], [-0.6401738918069005, 44.84044575683891], [-0.6402266956564587, 44.84032234971339], [-0.6401818726450254, 44.84019764052199], [-0.6403101117433019, 44.84012403208997], [-0.6402684796340616, 44.83924754363822], [-0.6404547395245372, 44.83868172964519], [-0.641040181933097, 44.838020793039234], [-0.6416267960080166, 44.83757341994223], [-0.6417007907642838, 44.837444809743594], [-0.6416629481769497, 44.837291030780925], [-0.6414579250344782, 44.83703999458734], [-0.6414455382963942, 44.83694666733368], [-0.6416427861657278, 44.836120919334725], [-0.6410835368291302, 44.83597434691868], [-0.6405848740168916, 44.83279655706568], [-0.6462267652411527, 44.83264633762946], [-0.6469374262753868, 44.832725714818864], [-0.6479806730303708, 44.83295277401211], [-0.647216829347155, 44.8353500962263], [-0.6469541776932599, 44.837098225797455], [-0.6466746237689965, 44.83922995994249], [-0.6467200387246103, 44.839519583854035], [-0.6470065112615977, 44.84030239944135], [-0.6470310551657923, 44.840524211518485], [-0.6466704691467228, 44.841798778991276], [-0.6465712208310749, 44.84243565088183], [-0.6464281492233893, 44.84255391769339], [-0.6459427707377196, 44.84327288278015], [-0.6450875985939165, 44.844325760621835]]]]}, "properties": {"cleabs": "IRIS____0000000332810104", "code_insee": "33281", "nom_commune": "Mérignac", "iris": "0104", "code_iris": "332810104", "nom_iris": "Centre Ville 4", "type_iris": "H"}}, {"type": "Feature", "geometry": {"type": "MultiPolygon", "coordinates": [[[[-0.5769313961125432, 44.87729842360308], [-0.5769228992079403, 44.87722479362806], [-0.5766307392165622, 44.875047738864154], [-0.57646429027324, 44.87283418858195], [-0.5761939587953722, 44.87127740443286], [-0.5760628535499404, 44.869279922537785], [-0.5817594979548851, 44.86935485233045], [-0.582885844680135, 44.8694086164349], [-0.5833673397962743, 44.869188480844464], [-0.5839884633293148, 44.86919005146831], [-0.5850392605252581, 44.869449920437624], [-0.5859202997353946, 44.869552136169844], [-0.5875443013398458, 44.8701936206248], [-0.5891949327052832, 44.870240283925185], [-0.5905164751958569, 44.87011551481589], [-0.5920486947768232, 44.87037145715092], [-0.59318562980139, 44.87074833195765], [-0.5933339928794059, 44.870551556600745], [-0.5941383875699329, 44.87078236837831], [-0.5951928732685025, 44.8713556677688], [-0.594283860262835, 44.87220257010965], [-0.593800025003608, 44.87288067662693], [-0.5937683230313482, 44.87315749308138], [-0.5947088964235069, 44.87333702572831], [-0.5961141225656262, 44.873369907989876], [-0.5974590137230521, 44.873272240932295], [-0.5985571772344953, 44.87310234500324], [-0.5988297636651806, 44.873399939232975], [-0.5997828952287638, 44.87359704784967], [-0.6001592976573041, 44.87377410539423], [-0.6008768305073323, 44.87444751252736], [-0.6011043529959572, 44.87449691011194], [-0.6012943446362699, 44.87437628235412], [-0.6015353505003519, 44.87453699999807], [-0.601406509039453, 44.87478092136969], [-0.602007055549807, 44.87521116836954], [-0.6025295030378047, 44.875747594890925], [-0.6041236327615598, 44.878068905160156], [-0.604976140001502, 44.878848764256574], [-0.6053588954659767, 44.87930139194758], [-0.6054170787547499, 44.87927967359971], [-0.6055583092935978, 44.87930753157521], [-0.6055626577545833, 44.879414642831584], [-0.6055160905930411, 44.87943958900564], [-0.606270514545682, 44.88031005056702], [-0.606102937049811, 44.88042455078756], [-0.6053553168570422, 44.88151415535463], [-0.6076782366871736, 44.883927116377755], [-0.6081963981774401, 44.88463130035284], [-0.6086380091899944, 44.88542629726341], [-0.6081336458958557, 44.88535076292277], [-0.6064112512054393, 44.88482631346289], [-0.6056613096139728, 44.884815528159336], [-0.6051234658487876, 44.884850123348045], [-0.6044032842843607, 44.88475003721748], [-0.6040337227344269, 44.88466109417115], [-0.6038737217156764, 44.88459779197211], [-0.6037955431597136, 44.88450569572091], [-0.6036373458675318, 44.88450993080696], [-0.603610565204255, 44.884566679798425], [-0.6021147472775407, 44.88445030009909], [-0.6018653301136596, 44.884396205921036], [-0.6003789628050762, 44.88385409209042], [-0.599925713878151, 44.88388321430301], [-0.5993723970967367, 44.88413098570505], [-0.5992434756158014, 44.884156797157964], [-0.5989129886532962, 44.884143179132344], [-0.5984062639751877, 44.88393158483856], [-0.597044220440851, 44.883133039238274], [-0.5967671408788874, 44.883003221834144], [-0.5963366447961509, 44.882892795411735], [-0.5959455028010375, 44.88290186356895], [-0.5956605220686977, 44.88296517292539], [-0.5952290299348425, 44.88309631689998], [-0.5940460612019447, 44.88362762816204], [-0.5938690543939681, 44.88357567802416], [-0.5917841908052166, 44.88075277570585], [-0.5915815283492152, 44.88045830841118], [-0.591421984163309, 44.8800452798611], [-0.5911452876202106, 44.88003981294747], [-0.5910820333162111, 44.88000220358991], [-0.5897468291047272, 44.878451045511994], [-0.589579274978644, 44.878447452277136], [-0.5895041187638331, 44.8783624596117], [-0.5856226079594788, 44.87855913306689], [-0.58449589947977, 44.87858201023416], [-0.583972704900824, 44.87866650243912], [-0.5828985741448658, 44.87915542443892], [-0.5825342009736887, 44.87906714607761], [-0.5808729691148157, 44.877885118958154], [-0.5803610884217859, 44.87759069646853], [-0.5799165888554487, 44.87739864536644], [-0.5794652433450873, 44.87725818565255], [-0.578311036729756, 44.87714759894939], [-0.5776458381627058, 44.87715192092199], [-0.5769313961125432, 44.87729842360308]]]]}, "properties": {"cleabs": "IRIS____0000000330750104", "code_insee": "33075", "nom_commune": "Bruges", "iris": "0104", "code_iris": "330750104", "nom_iris": "Cimetière Nord-Petit Bruges", "type_iris": "H"}}, {"type": "Feature", "geometry": {"type": "MultiPolygon", "coordinates": [[[[-0.5291204115450968, 44.84382591497422], [-0.5275199335041864, 44.84375696325974], [-0.5265205718872352, 44.84392032147536], [-0.5260213573923256, 44.84410021644711], [-0.5257887843389129, 44.844431151356], [-0.5243202415353256, 44.845233053338816], [-0.5225961992382111, 44.84590065488413], [-0.5199845853525172, 44.84657657100785], [-0.5187405918120015, 44.84710270352842], [-0.5183099930060536, 44.84714520152705], [-0.517589824206946, 44.84685261224241], [-0.5171655263803814, 44.8467732403911], [-0.5144918568360518, 44.84704634144407], [-0.5136290673152197, 44.84702500847019], [-0.5118455557972522, 44.846987761523025], [-0.5122703444054387, 44.845738733482214], [-0.5124396454144456, 44.84569101497367], [-0.5133426038291781, 44.84582824340311], [-0.5134632457962656, 44.84581270617738], [-0.5135508116733407, 44.845734229592345], [-0.5137068296324717, 44.84502903587807], [-0.5136789494632569, 44.84494790762908], [-0.5137836154071637, 44.844798593623025], [-0.5138284203297488, 44.844502473836904], [-0.5141292370090628, 44.84451186947291], [-0.514368915613355, 44.84362558171421], [-0.514370711008865, 44.84316860405113], [-0.5146491983434979, 44.84306425004471], [-0.5155240214970501, 44.84261114747156], [-0.5156231449711938, 44.84265667178095], [-0.5157201532787312, 44.84264818955979], [-0.5157867009747663, 44.842598315228436], [-0.5157933476158559, 44.842522401651905], [-0.5189156334554895, 44.84201332881927], [-0.5189569274422985, 44.8414595669971], [-0.5191893396270558, 44.84090334617537], [-0.5193475005684114, 44.84088030313507], [-0.5195196180569946, 44.84095865555877], [-0.5200689087380306, 44.84099169242071], [-0.5201610540128649, 44.84013801007173], [-0.5212493666468863, 44.83997999475678], [-0.521357657283639, 44.83994951979349], [-0.5214253147547875, 44.839877075955435], [-0.5213282943181009, 44.839259211074776], [-0.521350925940399, 44.83832752543212], [-0.5215975266444915, 44.83704896618425], [-0.5202280421979636, 44.83718617122514], [-0.5188436170136796, 44.83750948554472], [-0.5186452861552552, 44.837356261309054], [-0.5184904491536928, 44.8365428617337], [-0.5180501758159072, 44.835823232427266], [-0.517741194368331, 44.835622147198734], [-0.5169992763979585, 44.83603140170081], [-0.5167901987321144, 44.835888428816936], [-0.5162344455909373, 44.835872705563865], [-0.5168819170889916, 44.83541147680034], [-0.5167518904037415, 44.83527681174093], [-0.5162730679243596, 44.834992788546174], [-0.5163259018322386, 44.83496678032727], [-0.5160942706506193, 44.83480739823702], [-0.5156920435925527, 44.83443172328029], [-0.5155801814300695, 44.83438480099503], [-0.5155839050711706, 44.83430267171787], [-0.515515603125485, 44.8342029988052], [-0.5150495123482541, 44.83385908666938], [-0.5154356350564169, 44.83347193896638], [-0.5160439144650331, 44.83327511407124], [-0.5166893997769929, 44.83286351613452], [-0.517453457301582, 44.832545485360306], [-0.5176065730689847, 44.83240184030696], [-0.5177895182156892, 44.83210764579239], [-0.5182963491902708, 44.83192934680909], [-0.5185403968853737, 44.831983788125136], [-0.5191189661172475, 44.83181852987829], [-0.5192426792423226, 44.83199394735784], [-0.5199030532401798, 44.83188106348846], [-0.5208193212542407, 44.831567189409824], [-0.5210034148845933, 44.831453197440524], [-0.5210310332150547, 44.83136850666138], [-0.521023262627032, 44.83084063602649], [-0.5212068402259614, 44.83092042324192], [-0.521517571731415, 44.83098806129602], [-0.5217810257664791, 44.831250963263564], [-0.5216551797448404, 44.83132435416004], [-0.5218926702874814, 44.8314357735059], [-0.522839469892238, 44.831285836732285], [-0.5231301946409304, 44.831115281278244], [-0.5231125888313742, 44.831036532806486], [-0.5235550870384196, 44.8307214641978], [-0.5242190988640502, 44.83036420620716], [-0.5247816295570856, 44.83012552666858], [-0.5249880355317044, 44.830084719030964], [-0.5249598513185968, 44.829958542104], [-0.5248880194837487, 44.82992387520622], [-0.5245495422922742, 44.829232579277424], [-0.524682916186119, 44.82909766227005], [-0.5256157831313363, 44.829513211969946], [-0.5266959450102894, 44.829894329431234], [-0.5272293524876089, 44.830180176136615], [-0.5264530165730954, 44.8308861947511], [-0.5256407110327793, 44.83126169967537], [-0.5264431813416005, 44.83218157080409], [-0.526566304345442, 44.83212538423306], [-0.5267491385829706, 44.832374617095255], [-0.5269824561916762, 44.83247985016562], [-0.5271169342612216, 44.832443128844396], [-0.5276738218930761, 44.83288053522479], [-0.5284969070660839, 44.83386552772033], [-0.5285646919869517, 44.83387598814521], [-0.5290507283552354, 44.83451571584968], [-0.5292574723250791, 44.834943529176904], [-0.5292219323878972, 44.835143831915005], [-0.5293323695489071, 44.835248464916624], [-0.529014601375878, 44.835734426453996], [-0.5288049301943183, 44.83580418433152], [-0.5287342863034986, 44.83588934526756], [-0.5287220167847018, 44.836197956175226], [-0.5286455761163877, 44.836331967887965], [-0.5290519037718755, 44.83644881584969], [-0.5293458370233433, 44.839613595818086], [-0.5300093685496389, 44.840254883883986], [-0.5300903545153723, 44.84085793387661], [-0.5297828907583335, 44.84090376871753], [-0.5298444892809898, 44.84101716594693], [-0.5298288480877938, 44.841312366483436], [-0.5298852663273822, 44.8416052737082], [-0.5295318711851097, 44.84251234461417], [-0.5296502357009969, 44.842521195178165], [-0.5297688591364549, 44.84261475318644], [-0.5294340281747966, 44.8431724562224], [-0.5293371120779122, 44.84376674837177], [-0.5291204115450968, 44.84382591497422]]]]}, "properties": {"cleabs": "IRIS____0000000331670104", "code_insee": "33167", "nom_commune": "Floirac", "iris": "0104", "code_iris": "331670104", "nom_iris": "Coteaux", "type_iris": "H"}}, {"type": "Feature", "geometry": {"type": "MultiPolygon", "coordinates": [[[[-0.684243617254047, 44.88511636199583], [-0.6862987350144149, 44.88687150754506], [-0.6863947133150371, 44.88719369877056], [-0.6870860686685982, 44.887507831250446], [-0.6867600659807567, 44.88796842226225], [-0.6863936715797699, 44.88816175827724], [-0.6860358442775907, 44.888485500888834], [-0.6857118473965761, 44.88901542403911], [-0.685686780331663, 44.890389878626316], [-0.6852461271399546, 44.89078486928962], [-0.6852934172768205, 44.89135023398683], [-0.6849707671098837, 44.891611514476054], [-0.6842403580245392, 44.89164927943753], [-0.6839769166519022, 44.891731030327186], [-0.6837767640682824, 44.89192695139099], [-0.6839729084009097, 44.89277039306664], [-0.683676146485357, 44.893310221587875], [-0.6836069554391038, 44.89337651183813], [-0.682313313513911, 44.89333380622169], [-0.6811731852860523, 44.894490166034274], [-0.6805168961372715, 44.89488507619577], [-0.680027330167418, 44.89465163957054], [-0.6792811204908108, 44.89406257226169], [-0.678847604872741, 44.89391019498022], [-0.6782878672234213, 44.893418594131965], [-0.6777244020842788, 44.893353440443626], [-0.6766594828483337, 44.893550053713554], [-0.6755721042759512, 44.8934427531462], [-0.6745753825179969, 44.89363528537655], [-0.6738034734259093, 44.89400784341342], [-0.6725028656195811, 44.89430415059627], [-0.6717209207841857, 44.89440753055707], [-0.6714845522300119, 44.89461273765691], [-0.6702773449060797, 44.89499966615018], [-0.6697288478675566, 44.8954927951577], [-0.6692366693479486, 44.89552889321946], [-0.6690204374100169, 44.89445265401236], [-0.6683699003581041, 44.89348270256724], [-0.6683203348395441, 44.89297689809706], [-0.6685090060413287, 44.89295353803229], [-0.6686297784885262, 44.89121360723573], [-0.6682179275285937, 44.88962737895326], [-0.6679508216319351, 44.888974638756274], [-0.6679063259671223, 44.88842991089672], [-0.6688027120407319, 44.88668507929995], [-0.6690601019981854, 44.88596813594641], [-0.669218917509404, 44.885876359452936], [-0.6693345446456848, 44.885628280016554], [-0.6694459392815204, 44.884889122611824], [-0.6691618408874035, 44.883976467875954], [-0.6692557343968807, 44.88291161308044], [-0.6691688025233937, 44.8827648685568], [-0.6696128925499131, 44.88189844230175], [-0.6698875765680422, 44.88162076750962], [-0.6698904078686062, 44.87871843692502], [-0.6689363637146633, 44.878086613929106], [-0.6686493754914166, 44.87800146343768], [-0.6718072312869605, 44.87788711230331], [-0.6722953378812013, 44.8777718167769], [-0.6728653594352538, 44.8774942749667], [-0.6731485175982224, 44.87740468598647], [-0.6734721258601448, 44.877371441582326], [-0.6741138778010977, 44.877415091533955], [-0.6748004669873525, 44.87752395060697], [-0.6764173130896582, 44.87801659839505], [-0.6765887386601113, 44.878137103936545], [-0.6762492544780249, 44.878276337538004], [-0.6762730148838298, 44.87846482737307], [-0.6759622084982517, 44.87942871798313], [-0.6751914401362618, 44.881344310712095], [-0.6748457221557228, 44.88349819406387], [-0.6749727513124859, 44.884779269816946], [-0.675039068675731, 44.88482394260476], [-0.6754971192863755, 44.88457803699699], [-0.6772828357491805, 44.883427387766986], [-0.6785572201753841, 44.88217468254843], [-0.6797594580927069, 44.88117582209888], [-0.6803051759103222, 44.8805664599059], [-0.6804492386430716, 44.880578807595356], [-0.6805027732132918, 44.8805445846534], [-0.6809583255965964, 44.88076381980875], [-0.6809966940550215, 44.88125196505688], [-0.6809577018095144, 44.88148850337195], [-0.6805375312572038, 44.8820405274784], [-0.6797929654092562, 44.88286559047093], [-0.6794697155897967, 44.88327198774417], [-0.6794907557456978, 44.883302836475615], [-0.6834153766290407, 44.88439665392033], [-0.684243617254047, 44.88511636199583]]]]}, "properties": {"cleabs": "IRIS____0000000332000104", "code_insee": "33200", "nom_commune": "Le Haillan", "iris": "0104", "code_iris": "332000104", "nom_iris": "Gasquet", "type_iris": "H"}}, {"type": "Feature", "geometry": {"type": "MultiPolygon", "coordinates": [[[[-0.524839257405375, 44.872888058798026], [-0.5245451139295753, 44.87341110705139], [-0.5242976697320177, 44.87407236333514], [-0.524021597603103, 44.87462097205731], [-0.5236990776061432, 44.87515663499855], [-0.5230875739064801, 44.87599527489838], [-0.5226025083436396, 44.87636485901604], [-0.5216156118289746, 44.87691799618305], [-0.5196308254967813, 44.876637587706], [-0.5192491252928424, 44.87661454402196], [-0.5193278761402245, 44.87653634290089], [-0.5193358231613223, 44.87623868285575], [-0.5197577213390152, 44.87451836131514], [-0.5203431989355404, 44.87247651546336], [-0.5204693550038956, 44.872366167551625], [-0.5204561692258395, 44.87223680788807], [-0.52149598080889, 44.87234621159981], [-0.5226774540368047, 44.87261243036903], [-0.5242839680853927, 44.87274437344215], [-0.524839257405375, 44.872888058798026]]]]}, "properties": {"cleabs": "IRIS____0000000332490104", "code_insee": "33249", "nom_commune": "Lormont", "iris": "0104", "code_iris": "332490104", "nom_iris": "Génicart 3", "type_iris": "H"}}, {"type": "Feature", "geometry": {"type": "MultiPolygon", "coordinates": [[[[-0.5198540120461531, 44.86415291049861], [-0.5090027994312235, 44.86689027131409], [-0.5060717283455731, 44.86800851942045], [-0.5047389408972012, 44.86825880593974], [-0.50433593963168, 44.86716302522095], [-0.504218681740226, 44.867111753499906], [-0.504116542424237, 44.866592267933605], [-0.5039810511866216, 44.86342783802567], [-0.5040408046376232, 44.86235529589088], [-0.5044494696687425, 44.85995053910748], [-0.5053132311995303, 44.855947052339445], [-0.5053821057525038, 44.85597461652387], [-0.5072207233715018, 44.85601744404122], [-0.5090252546167914, 44.85598111028087], [-0.5090848061816585, 44.85614324969765], [-0.5092091267767408, 44.85618618108495], [-0.5152191923895841, 44.85623383668407], [-0.5158019587917634, 44.85627304861656], [-0.5159209885699297, 44.85623142480827], [-0.5160128558315487, 44.85626185881083], [-0.516440254856628, 44.854791926560594], [-0.516527873359846, 44.85463323667963], [-0.5166612842436404, 44.85457853891373], [-0.5166954051649602, 44.85445579140511], [-0.5167724656947068, 44.85451282968798], [-0.5173484811371465, 44.85460632070756], [-0.5177357243986028, 44.85472021440155], [-0.519081804684052, 44.85533452023865], [-0.5199251397741261, 44.855488011947735], [-0.5198888294874713, 44.85571717539181], [-0.5198119516617327, 44.85574394776214], [-0.5195920274204954, 44.85571217218641], [-0.5196146884764238, 44.8558916993982], [-0.5193509520639815, 44.85649487843525], [-0.5192189329784652, 44.85754179042931], [-0.5193455847592753, 44.85804606722678], [-0.5200931713188547, 44.859339049660015], [-0.5201514420613097, 44.859641817279474], [-0.520117376365624, 44.861078561121936], [-0.5193601827431574, 44.86327004590128], [-0.5194410402031415, 44.86352883867844], [-0.5198352118961853, 44.86391377886284], [-0.5199991118204839, 44.86400140640281], [-0.5199098340314868, 44.86405290522938], [-0.5198540120461531, 44.86415291049861]]]]}, "properties": {"cleabs": "IRIS____0000000331190104", "code_insee": "33119", "nom_commune": "Cenon", "iris": "0104", "code_iris": "331190104", "nom_iris": "Gravières-Gravette-Beaulieu-Lagrue-Plaisance", "type_iris": "H"}}, {"type": "Feature", "geometry": {"type": "MultiPolygon", "coordinates": [[[[-0.744867192728324, 44.90688059164388], [-0.7438502310510657, 44.90602974922781], [-0.7428107500018457, 44.905696138347786], [-0.7415675507886682, 44.905540642260696], [-0.7407167898551803, 44.905335856756416], [-0.7397623393868923, 44.90547797591476], [-0.7367285483749795, 44.90506003836283], [-0.736414222757471, 44.90508233456735], [-0.735698179678948, 44.90531914997709], [-0.7300705699543191, 44.90358306335332], [-0.7285988083844037, 44.90300245402238], [-0.7242626736454059, 44.90264053314715], [-0.7232846212494464, 44.90116627970514], [-0.7231993433834968, 44.900894227841846], [-0.7231811758383506, 44.90044866882611], [-0.7241500957296552, 44.90052523366076], [-0.7244339234953183, 44.899967691004676], [-0.7241248919264751, 44.899840151431576], [-0.7241687356607441, 44.8997746847849], [-0.7248126557605983, 44.90001807910759], [-0.7258007101184756, 44.898951074078475], [-0.7255577288243519, 44.89880599890137], [-0.725568154759738, 44.89869568421441], [-0.7250342170368137, 44.8985423448639], [-0.7254969719582681, 44.897566877998074], [-0.7260471258387603, 44.8975826652099], [-0.7269029443261519, 44.89725558979676], [-0.7284622929204778, 44.89625680875619], [-0.7290839499839893, 44.89591775030787], [-0.7293106584289598, 44.89570372474004], [-0.7301131059677551, 44.89413635287697], [-0.7308732635540454, 44.894259529909284], [-0.7320600164503541, 44.894314279215756], [-0.7327256695152259, 44.89425584357414], [-0.7346648605700373, 44.89418430906397], [-0.7367292171534748, 44.89418333972246], [-0.7381827440840462, 44.894092938326715], [-0.7381942591187883, 44.89477938416101], [-0.7385452058453613, 44.894793704665304], [-0.7384659925582264, 44.895469685950005], [-0.7393067491580871, 44.89575504055592], [-0.742202321362737, 44.8961802538352], [-0.7422965177626687, 44.89586250403285], [-0.7430077448348507, 44.8959737289152], [-0.7428477886386029, 44.896408169328986], [-0.7427014097587747, 44.89721711732857], [-0.7442816057415581, 44.89759828606052], [-0.7448144070211961, 44.89763890254671], [-0.7457976060368866, 44.89762556140972], [-0.7467593793241188, 44.8974813358531], [-0.7468510522882825, 44.89602524655976], [-0.7479109199237658, 44.896021015654405], [-0.7480619769495288, 44.89596634058626], [-0.7480980203760162, 44.89661951266928], [-0.7483457119291479, 44.89662557120941], [-0.748264639673935, 44.89721509570904], [-0.7492958344317172, 44.896895441997046], [-0.7494403750828467, 44.89691399558087], [-0.7497641414762898, 44.89800092050209], [-0.7497601220346166, 44.89832013903839], [-0.7494637995971727, 44.898307613637925], [-0.7494001021600872, 44.898379169999814], [-0.749212657124977, 44.89836386796152], [-0.750140657968991, 44.898966181909294], [-0.7504736304808595, 44.89937496916905], [-0.7506715784368958, 44.89977479706884], [-0.7513658932806478, 44.90090238082032], [-0.7523231734652577, 44.90161906470645], [-0.7524128323919352, 44.90165118758076], [-0.7528271871286147, 44.902024769327845], [-0.7535516210962798, 44.902559126305896], [-0.7530369454450401, 44.90277122120156], [-0.752817595056608, 44.90292375608117], [-0.7523512384925269, 44.90315674846878], [-0.7516002361170497, 44.903798662952966], [-0.7513427219758841, 44.90406335233139], [-0.7511631759995473, 44.904374981928434], [-0.7507116675250085, 44.90475438790192], [-0.7504020963672202, 44.904885628583955], [-0.7497351277616058, 44.90496404117273], [-0.7490517644550063, 44.90464550123896], [-0.7480620558061438, 44.90575875187721], [-0.7455398569043282, 44.904779357210074], [-0.745453400588512, 44.90470024979398], [-0.7452163411319912, 44.90496783934224], [-0.7453704237535701, 44.905831555901706], [-0.7453086181224754, 44.906292434852425], [-0.7452058274181828, 44.90650051175554], [-0.7449942185649601, 44.90663654447551], [-0.744867192728324, 44.90688059164388]]]]}, "properties": {"cleabs": "IRIS____0000000334490104", "code_insee": "33449", "nom_commune": "Saint-Médard-en-Jalles", "iris": "0104", "code_iris": "334490104", "nom_iris": "Hastignan-Picot", "type_iris": "H"}}, {"type": "Feature", "geometry": {"type": "MultiPolygon", "coordinates": [[[[-0.6058571286336072, 44.80753137861813], [-0.6059531216048861, 44.80796176232701], [-0.6057265001879901, 44.80843508641306], [-0.6056484891955813, 44.808876538178666], [-0.6058705259096885, 44.80943620880478], [-0.6059933193069104, 44.810639003601615], [-0.606106079478126, 44.81087687358276], [-0.6069143380346929, 44.81082534140326], [-0.6070667465277472, 44.810951065160324], [-0.6069795815741701, 44.81115127796978], [-0.6093951277115409, 44.813020283088946], [-0.6111216841820447, 44.81450972314976], [-0.611072836833799, 44.81457710672345], [-0.6083023241633001, 44.81623101333874], [-0.6066775821306314, 44.81689854604671], [-0.6053261555209076, 44.81724803239751], [-0.6048164684450492, 44.81745477322604], [-0.6029653163404393, 44.818423422591344], [-0.6019930835610503, 44.81872359089162], [-0.6011561876879219, 44.81888326387438], [-0.5996591756151023, 44.81893818889395], [-0.5990366245011995, 44.81906384807522], [-0.5959946045273138, 44.8204612741115], [-0.5944058175313415, 44.81886529399744], [-0.5940651169641565, 44.81906199860235], [-0.5938308412136282, 44.81874514025231], [-0.5935045506882803, 44.81794007867977], [-0.593500572852169, 44.81781853785145], [-0.593438019993443, 44.81779082390795], [-0.5920183259887557, 44.81402541926209], [-0.5920915480124371, 44.81396266253723], [-0.592971261205894, 44.8139783150882], [-0.5943185299963913, 44.81390039264697], [-0.5963506928629313, 44.813504624162434], [-0.5991305704795128, 44.81270511384782], [-0.6002588977068485, 44.81251075375944], [-0.6005682914968192, 44.812537656549395], [-0.6004372555899492, 44.81122427146417], [-0.6001586528711433, 44.80999859561409], [-0.6003300636956805, 44.808268019711804], [-0.6004107622699022, 44.80761108513636], [-0.6005184044393054, 44.80747330121053], [-0.6007350378547479, 44.80731755651255], [-0.6010432004733613, 44.807582429195506], [-0.6016554922813093, 44.807812184234436], [-0.6040009300808598, 44.80796216516008], [-0.6046085705744146, 44.80796133303957], [-0.6052454673187061, 44.807864012396166], [-0.6053406702427808, 44.80782847045348], [-0.6053649815603913, 44.80771412085158], [-0.6054531679027152, 44.807648164166615], [-0.6056123988163646, 44.80760423046483], [-0.6057170354500173, 44.807617049393215], [-0.6058571286336072, 44.80753137861813]]]]}, "properties": {"cleabs": "IRIS____0000000335220104", "code_insee": "33522", "nom_commune": "Talence", "iris": "0104", "code_iris": "335220104", "nom_iris": "Médoquine-Haut-Brion", "type_iris": "H"}}, {"type": "Feature", "geometry": {"type": "MultiPolygon", "coordinates": [[[[-0.6565547420403097, 44.81214615928993], [-0.6547865889609462, 44.812526230202295], [-0.653844404946562, 44.81295205428962], [-0.653232559859167, 44.81347333578933], [-0.6529200705926589, 44.81347732465859], [-0.652623115709491, 44.81370071486466], [-0.6522052524988976, 44.81371989044269], [-0.65179057994654, 44.81386604077259], [-0.651339107351158, 44.81377726453182], [-0.6503499874260831, 44.81418297267315], [-0.6489984879969428, 44.814214850359996], [-0.6458866134487236, 44.814007198741024], [-0.6441250771235485, 44.8139641763531], [-0.643826032188079, 44.813863148746464], [-0.643559330555075, 44.813655607262454], [-0.643492573639804, 44.81346582827918], [-0.6426992976228408, 44.81351443070055], [-0.64210922912035, 44.813689740849675], [-0.6415211194993874, 44.81399296536733], [-0.6404788209500245, 44.81430209030875], [-0.6391975794624457, 44.81442166905602], [-0.6386092552680975, 44.81433102508267], [-0.6383286356223272, 44.8143970161864], [-0.6383232356767075, 44.814333202542585], [-0.6374210074921729, 44.81440066425016], [-0.6374099807274906, 44.8144650169046], [-0.6370201824696834, 44.81440930915573], [-0.6367746654799261, 44.81448946632226], [-0.6354779069508423, 44.81454552000346], [-0.6353914085810648, 44.81434376646943], [-0.6355003512154149, 44.814266288912115], [-0.6354815282158303, 44.81415154258286], [-0.6353987321524949, 44.814046104456004], [-0.6352726553846436, 44.81403491725771], [-0.6354201459604449, 44.813770512339914], [-0.6352459542293855, 44.813309362742], [-0.6352516040125117, 44.81320102411212], [-0.635195801723271, 44.81316049398816], [-0.6352622495067599, 44.81309162037979], [-0.6352457386298839, 44.812993021262955], [-0.6351344667220187, 44.812897529650044], [-0.6349071734661887, 44.81292661361703], [-0.633417749434702, 44.811099885930176], [-0.6330048050446342, 44.81045098282045], [-0.6328520293124348, 44.80910678026586], [-0.6337835186189178, 44.809101483294455], [-0.6341773325072946, 44.809063336630416], [-0.6353307570709679, 44.80882903594263], [-0.6355845298034337, 44.809287574155455], [-0.6358436346481804, 44.81045434106357], [-0.635988089165965, 44.810671317074], [-0.6371068453824213, 44.81087886081581], [-0.6381465529122198, 44.8108627670572], [-0.6382373234215474, 44.810895838995435], [-0.6384932796363412, 44.81082074311996], [-0.6381602130627668, 44.8100376487648], [-0.6384049841752587, 44.8100440351791], [-0.6400472805945664, 44.809538575603696], [-0.6399334885040538, 44.80920883903232], [-0.6397502758084964, 44.80767096453343], [-0.6396654626267066, 44.80749529638101], [-0.6397285743713004, 44.80743373960126], [-0.6398354579574737, 44.80732478019341], [-0.6407267195076533, 44.807500099465074], [-0.6418395992077625, 44.80761765880203], [-0.6421282864511064, 44.807676670529396], [-0.6425613298080114, 44.807892266843375], [-0.6435519008841176, 44.807783100838655], [-0.6441046261350486, 44.80765767807404], [-0.6450268933818705, 44.80758859807417], [-0.6450947707236687, 44.808361468030554], [-0.6452955445269362, 44.80858739606831], [-0.647011176553984, 44.80839396601126], [-0.6469881222175187, 44.80794137940711], [-0.647264915046442, 44.80793407444128], [-0.6473802000232286, 44.808013198937445], [-0.6474689221051324, 44.80912606772992], [-0.6494425028810116, 44.80875196661555], [-0.6495466999934653, 44.80943982095869], [-0.6502971248064001, 44.81050566554626], [-0.6503822769061568, 44.810744405789], [-0.6513570888446613, 44.81068435953061], [-0.652761787117266, 44.81079039664468], [-0.6535760496873898, 44.81075364704896], [-0.6546717925386335, 44.81058683878223], [-0.6557470853793064, 44.81028099431257], [-0.6565547420403097, 44.81214615928993]]]]}, "properties": {"cleabs": "IRIS____0000000333180104", "code_insee": "33318", "nom_commune": "Pessac", "iris": "0104", "code_iris": "333180104", "nom_iris": "Noès", "type_iris": "H"}}, {"type": "Feature", "geometry": {"type": "MultiPolygon", "coordinates": [[[[-0.4964690591084569, 44.92973492404981], [-0.49578103080604474, 44.93168162580334], [-0.49194161766577277, 44.94031368121073], [-0.4917989246926508, 44.94095624390824], [-0.4916606666342468, 44.94132378875156], [-0.4906331893946873, 44.94344875296365], [-0.4898262524151547, 44.94526486469896], [-0.48923285616534795, 44.94508973339133], [-0.48833527675621374, 44.94471686386172], [-0.48736187236490686, 44.94406337830059], [-0.4865105288552006, 44.94325014082953], [-0.4864011080417682, 44.94308233897192], [-0.4861584226962666, 44.94246539566217], [-0.48595760765198937, 44.94225630036693], [-0.4857877437360151, 44.942218370140026], [-0.48569965874949994, 44.94212830607967], [-0.4853859938506719, 44.94212462728898], [-0.48458904729065994, 44.94181796856966], [-0.4831163674813093, 44.94107195830293], [-0.48280170251589, 44.94105208151954], [-0.4825404915482247, 44.94107559019435], [-0.48222493256413096, 44.941041320037876], [-0.4816791904297672, 44.940815089302596], [-0.47997096468123973, 44.93983038368637], [-0.47896355399628854, 44.93905532865172], [-0.47871347242187196, 44.939012690044834], [-0.4775073741986245, 44.93910452096768], [-0.4768702108259016, 44.93443805730672], [-0.47674773469524195, 44.933261277902965], [-0.4767394876249288, 44.93233056484532], [-0.47683628503580083, 44.931395663217884], [-0.47716144758390455, 44.929990381544464], [-0.47746417147502335, 44.92916439101225], [-0.477963775503728, 44.92809701450698], [-0.47822261536592775, 44.928138477649995], [-0.4784221918695688, 44.92808356189572], [-0.4785929660192733, 44.927952943168314], [-0.47874440271226243, 44.92761294311685], [-0.4789001303359105, 44.92746477047631], [-0.48124421029572434, 44.92635581789091], [-0.4823105559090918, 44.92677571273854], [-0.48293689971506565, 44.926974173475436], [-0.48345720153476773, 44.927038067779], [-0.4836110244038219, 44.927104441177526], [-0.48386036356562245, 44.92705426339501], [-0.4846807279354076, 44.92708801227299], [-0.4852881816221247, 44.92698243588361], [-0.48644244302777734, 44.92663258397411], [-0.48737714922416386, 44.92650590914533], [-0.4881169283905075, 44.926447532820525], [-0.48866627556245495, 44.92606077450904], [-0.4887859773541718, 44.926027274183426], [-0.49040431817534297, 44.92712100222302], [-0.4913291944785301, 44.92742719646346], [-0.4926672296321752, 44.92811333283256], [-0.49444799845759463, 44.92885942921068], [-0.49482577585482546, 44.92909899006224], [-0.4964690591084569, 44.92973492404981]]]]}, "properties": {"cleabs": "IRIS____0000000330030104", "code_insee": "33003", "nom_commune": "Ambarès-et-Lagrave", "iris": "0104", "code_iris": "330030104", "nom_iris": "Parabelle", "type_iris": "H"}}, {"type": "Feature", "geometry": {"type": "MultiPolygon", "coordinates": [[[[-0.5542990682661679, 44.75868913261462], [-0.5548508491984078, 44.75841367438129], [-0.5552882967333684, 44.757890443450414], [-0.5560530599190829, 44.75748287196411], [-0.5568811897084545, 44.75711741955056], [-0.5578043634317282, 44.75689490503564], [-0.5566499515317829, 44.754461742900716], [-0.5583923671928669, 44.7542345373946], [-0.5607377365994595, 44.75342285318116], [-0.5622250713434188, 44.75336240248071], [-0.565792742816128, 44.75303939968962], [-0.5662204483379469, 44.75256420050207], [-0.5662696030560698, 44.75228233710067], [-0.566058835332688, 44.7513121989603], [-0.5651146951241224, 44.75028456449925], [-0.5646832652473797, 44.74930440626607], [-0.5638814668839345, 44.74683022882941], [-0.5632240964551987, 44.744139615751166], [-0.5624374078464053, 44.74206148640559], [-0.5655789336313098, 44.741709822157446], [-0.5657198414158418, 44.74177828302208], [-0.5661867664945833, 44.74268068636029], [-0.5673271075429976, 44.74249705206455], [-0.5695788011290193, 44.74306795282363], [-0.5704262156420621, 44.74340922920121], [-0.5714742004371619, 44.743244752412885], [-0.5751168724909437, 44.7466383658163], [-0.5759033462671233, 44.747233013352954], [-0.5763983120804176, 44.7474594575856], [-0.5773024105801604, 44.74737798136364], [-0.5771090465583346, 44.74795650754567], [-0.5768075612374418, 44.748425872536686], [-0.5761998546140449, 44.74853472248338], [-0.5761290798784519, 44.74875420396185], [-0.5770918705293728, 44.74909801649624], [-0.5778372047986935, 44.749721018415514], [-0.5777194126180043, 44.749817650798626], [-0.5778160546652665, 44.74996503343985], [-0.5786935284489494, 44.750994721394015], [-0.578945892563767, 44.75060804902258], [-0.5794228709672024, 44.75051152135171], [-0.5795660278236279, 44.75079348477191], [-0.5804252125176496, 44.750581856844256], [-0.5813224645287216, 44.75235800693684], [-0.5816874315129428, 44.75264721429544], [-0.5824973733963933, 44.75295266803173], [-0.579626679435107, 44.75432885247779], [-0.5788969843607917, 44.7545290780047], [-0.5769374161217724, 44.754821301151566], [-0.5758990167337943, 44.75511979744819], [-0.5753571258900698, 44.755389637845326], [-0.5747493711396051, 44.75589682218797], [-0.5744943673551883, 44.75604384240813], [-0.5742433909004572, 44.756134855859166], [-0.5731173479480551, 44.75616939010615], [-0.5727182798832641, 44.75627869639443], [-0.5724023747027602, 44.75650247818194], [-0.5724186395286797, 44.75661911311527], [-0.5723568978532765, 44.75664273420697], [-0.57229528567992, 44.75660867251615], [-0.5718135206395997, 44.75698920868238], [-0.5733545098794038, 44.758686980089585], [-0.5734089802496777, 44.758847443790465], [-0.5733233196593585, 44.7590719099434], [-0.5738109930066401, 44.75948065330843], [-0.5733958118392297, 44.76114780578812], [-0.5707288633271309, 44.76193767936217], [-0.5659016447382474, 44.76339186768666], [-0.5657830335848362, 44.76401482892177], [-0.5605907144235432, 44.76362400843711], [-0.5603156757530666, 44.76363555338787], [-0.5601830722475218, 44.763499224881116], [-0.5607106779837082, 44.76330111868998], [-0.5607800254977124, 44.76273832812381], [-0.5605384911216673, 44.76228016044171], [-0.560075890556739, 44.76178674094587], [-0.5603010408900355, 44.76168667768617], [-0.5602598181838732, 44.76161500372999], [-0.5598751129566517, 44.76107311741874], [-0.559514702663866, 44.76073502677061], [-0.5590998572501263, 44.76013642882603], [-0.5585362905629202, 44.759206452745424], [-0.5581630633268095, 44.75838571593548], [-0.5567466785208818, 44.75898996877868], [-0.5556523071410646, 44.75952618699849], [-0.5546730241149664, 44.75904212452646], [-0.5542990682661679, 44.75868913261462]]]]}, "properties": {"cleabs": "IRIS____0000000335500104", "code_insee": "33550", "nom_commune": "Villenave-d'Ornon", "iris": "0104", "code_iris": "335500104", "nom_iris": "Peyrehaut-Carbonnieux-Trigan", "type_iris": "H"}}, {"type": "Feature", "geometry": {"type": "MultiPolygon", "coordinates": [[[[-0.5484366786805362, 44.81699441964128], [-0.537595974305219, 44.82281042869355], [-0.5352731254508634, 44.82053050785069], [-0.5327128000708464, 44.816324082400286], [-0.5297445383037385, 44.81255057575497], [-0.5293615516092125, 44.81173454597907], [-0.5330730871539039, 44.81073942530754], [-0.5334530653179353, 44.811386109162605], [-0.533916379296108, 44.811183885330045], [-0.5348869770211959, 44.81085463361244], [-0.5371695616139855, 44.80960662367329], [-0.538498254302064, 44.807787900598754], [-0.539691861115277, 44.80774438387011], [-0.539791072584705, 44.80777185738436], [-0.5401602552286118, 44.80772401813986], [-0.5414231780610718, 44.80767556520535], [-0.5415121126831296, 44.807700661854184], [-0.5423979798955881, 44.80763540468903], [-0.542312751857073, 44.80873312059309], [-0.5466582156506316, 44.80787949386991], [-0.5488990610484691, 44.80749955154011], [-0.5489544784102851, 44.807755529433656], [-0.5491139924371806, 44.8113021777493], [-0.5488215533407562, 44.8140278560891], [-0.5487160435404093, 44.81488289916675], [-0.5486627217481396, 44.81500086514745], [-0.5486875018440032, 44.81513255325422], [-0.5485679699684414, 44.816246699314064], [-0.5484366786805362, 44.81699441964128]]]]}, "properties": {"cleabs": "IRIS____0000000330390104", "code_insee": "33039", "nom_commune": "Bègles", "iris": "0104", "code_iris": "330390104", "nom_iris": "Sembat", "type_iris": "H"}}, {"type": "Feature", "geometry": {"type": "MultiPolygon", "coordinates": [[[[-0.47200357939601245, 44.86556137735371], [-0.4724266318689379, 44.863325756917526], [-0.472277391987267, 44.8628798228849], [-0.47188607830800927, 44.862412625087835], [-0.47226803615747703, 44.862196098260334], [-0.47326154704176404, 44.860559048201715], [-0.47421287830925557, 44.85934687719967], [-0.47445633895658756, 44.8588994634035], [-0.47489334765973856, 44.85852889843289], [-0.4748162305810368, 44.85799960056298], [-0.4744545252195585, 44.85762160645302], [-0.4742219811078364, 44.85752885460861], [-0.47409818531662623, 44.857064102945124], [-0.4738924553293966, 44.856872279200346], [-0.4749141062831353, 44.85687903646013], [-0.4753005114530344, 44.85532316315622], [-0.4753694721510547, 44.8545748026192], [-0.47644849289234553, 44.85473115026376], [-0.4768722159380516, 44.853430945707146], [-0.47683575699925707, 44.85288325250889], [-0.47735473989403227, 44.85285527024413], [-0.477310051503247, 44.85213390193362], [-0.47781134014061777, 44.851861343256566], [-0.47718970571757996, 44.851602356561024], [-0.4775385989512323, 44.85113991479303], [-0.47807413146757094, 44.851461078708915], [-0.47901687735068127, 44.85150451493186], [-0.48018559539352446, 44.84961406896927], [-0.4813039928343323, 44.84889495809965], [-0.4815958633078252, 44.848412662934486], [-0.4822863411502717, 44.84780069703734], [-0.48332215260495603, 44.84801781035789], [-0.48370808215226857, 44.84790836001556], [-0.48524957907186717, 44.84837362800305], [-0.48874418766848304, 44.84838363623477], [-0.4901039108169989, 44.84851209413887], [-0.49008575709201757, 44.847873704925995], [-0.4900206771743384, 44.84762161036066], [-0.4897706563874391, 44.847308644526834], [-0.48973189721896326, 44.84699083449436], [-0.4901053929492641, 44.846681683193935], [-0.4903212458096217, 44.84634324495822], [-0.4902811081392679, 44.84555504537751], [-0.49044724389874095, 44.84525241734428], [-0.4903026451280934, 44.843721301294615], [-0.4904088951017078, 44.84345390262249], [-0.4905233188176097, 44.84337910604702], [-0.4923905659734939, 44.84405211406942], [-0.49396334486384913, 44.84396202764434], [-0.4941279630007561, 44.84379822828571], [-0.4946799058111463, 44.842571409995564], [-0.4949876515147205, 44.842305768396955], [-0.4956272489099737, 44.841999026315726], [-0.496192649414336, 44.841517981119], [-0.49924193376263776, 44.842579883206824], [-0.5015541164491861, 44.84289083138067], [-0.5015985236681373, 44.843277854350376], [-0.5019722218193933, 44.84498377836032], [-0.5031855661451775, 44.847984376556404], [-0.5044519507072852, 44.85095986115313], [-0.5053643977774254, 44.85343913412089], [-0.5044352179267293, 44.85359376033389], [-0.5014570524347538, 44.853987905595794], [-0.5009840464800039, 44.853981204498254], [-0.5007487321615849, 44.85402738281851], [-0.499253247908641, 44.85465044375462], [-0.4990962870584299, 44.854795083622925], [-0.498985401585131, 44.854804889508344], [-0.49802490159665475, 44.855331751140014], [-0.4975513771882197, 44.85549988797784], [-0.49683419274188384, 44.85564145676467], [-0.4965247565738916, 44.85573862793005], [-0.49633521944751985, 44.8558689696032], [-0.4962411390978679, 44.85600621613249], [-0.49593622848289237, 44.85678636685791], [-0.4955429421835963, 44.85736832933838], [-0.49451835495056196, 44.85837302127985], [-0.49313844904321075, 44.859410519726744], [-0.492776252594672, 44.85955620415826], [-0.492156998914595, 44.85990824656054], [-0.4910425389019652, 44.86063094777701], [-0.49083640826805947, 44.86080055380934], [-0.49074893132912195, 44.86096282154841], [-0.49054323612283807, 44.86107834023927], [-0.4898230169138928, 44.86129475768665], [-0.4885232704328058, 44.86225847735836], [-0.488277758833486, 44.86232477533355], [-0.4879722605234947, 44.86234339160182], [-0.4862328280214022, 44.86214571853595], [-0.48535039724839457, 44.862341968696455], [-0.48491932897238277, 44.862501505604456], [-0.48372507806641474, 44.863084243557346], [-0.48334341603094055, 44.86322329732404], [-0.482683919170682, 44.86327554200319], [-0.4805246426565446, 44.86321442256157], [-0.48028464196679044, 44.86324718470691], [-0.47933763167291993, 44.86352652067013], [-0.4774380993401479, 44.864303433542574], [-0.47665969888239534, 44.864563943256506], [-0.4763126815687732, 44.864669442929085], [-0.4746114680465498, 44.86500751074976], [-0.47447890702626416, 44.86517928685955], [-0.4744397801228691, 44.86542744372747], [-0.472892595214233, 44.86551102601176], [-0.47200357939601245, 44.86556137735371]]]]}, "properties": {"cleabs": "IRIS____0000000330130104", "code_insee": "33013", "nom_commune": "Artigues-près-Bordeaux", "iris": "0104", "code_iris": "330130104", "nom_iris": "Sud", "type_iris": "H"}}, {"type": "Feature", "geometry": {"type": "MultiPolygon", "coordinates": [[[[-0.6293443047525458, 44.88163718092701], [-0.627188492134749, 44.87984197964179], [-0.6272666596217183, 44.879874575337254], [-0.6275967360822704, 44.879823228671796], [-0.6326522164707258, 44.876926041383264], [-0.6334615936442373, 44.87793423223261], [-0.6340183126603951, 44.8784270387172], [-0.6348396963711038, 44.87903284988294], [-0.6371991213645098, 44.87981989378459], [-0.6406058912228269, 44.88084383006381], [-0.6403418757094529, 44.88154198514117], [-0.6403645058353387, 44.881695365271725], [-0.6400835478600138, 44.88187853144576], [-0.6401840464998859, 44.88198158874456], [-0.6401900386651522, 44.88205439756225], [-0.6400919897355759, 44.882653373143526], [-0.640095226259301, 44.883094003104475], [-0.6401467706010997, 44.883478069405655], [-0.640305378487578, 44.88390999843937], [-0.641057513309903, 44.885360758042246], [-0.6394270819796529, 44.88536015348948], [-0.6386364184346216, 44.88554290271986], [-0.6382128090145405, 44.88571631913107], [-0.6315776793527597, 44.88310083486715], [-0.6293443047525458, 44.88163718092701]]]]}, "properties": {"cleabs": "IRIS____0000000331620104", "code_insee": "33162", "nom_commune": "Eysines", "iris": "0104", "code_iris": "331620104", "nom_iris": "Vigean", "type_iris": "H"}}, {"type": "Feature", "geometry": {"type": "MultiPolygon", "coordinates": [[[[-0.5517163922391101, 44.787745381818475], [-0.5517904085605944, 44.787715071309066], [-0.5515416550565877, 44.787363455109826], [-0.5522795606883204, 44.78698471808805], [-0.5528253144001428, 44.786709469684446], [-0.5529129277448267, 44.786594007060415], [-0.5537410193507208, 44.78696128796389], [-0.5537936353561195, 44.78661262785944], [-0.5542262951530065, 44.7859300396465], [-0.5549939293930122, 44.785701736221995], [-0.5555204657813145, 44.78556317584681], [-0.5558232904537249, 44.78584906103805], [-0.5563923993808946, 44.785643340591875], [-0.5573233463638115, 44.78561616016469], [-0.5583833445139669, 44.78534870541927], [-0.5578511464578618, 44.7838985947907], [-0.5593747677512565, 44.78347925441333], [-0.5612246744315447, 44.78323686143825], [-0.5661775293001838, 44.78351465573865], [-0.566517407200905, 44.78767372423027], [-0.5668178686113212, 44.79093193104311], [-0.5680264654586495, 44.79611298662602], [-0.5681807492563229, 44.796609107487036], [-0.5697253112593077, 44.799403677364076], [-0.5671352879420997, 44.79950058845051], [-0.5670507124483359, 44.7991653462259], [-0.5660105089659453, 44.79918980819581], [-0.5657774794742145, 44.79894856433542], [-0.5638157233472367, 44.79895218265846], [-0.5637332295828074, 44.79821041415612], [-0.5636619930330091, 44.79816493929086], [-0.5632334094902354, 44.798073275063906], [-0.5628445756497588, 44.797809997836396], [-0.5611582120252074, 44.797604642661675], [-0.5610035660969546, 44.798280130368774], [-0.560108606424544, 44.798139450773824], [-0.5576753229307906, 44.79789224355978], [-0.5575117875058906, 44.79890777533691], [-0.5574665154314452, 44.80017185642296], [-0.557750094283921, 44.800872024689866], [-0.5580393272309746, 44.80232093686543], [-0.5582606664742082, 44.80315738688074], [-0.5581994271422669, 44.80354958756678], [-0.5584360705746536, 44.80422783033432], [-0.5587167633630035, 44.804562189151035], [-0.5589365475229573, 44.80521393563736], [-0.559093739189824, 44.80575683979739], [-0.5593659872374817, 44.806357333390785], [-0.5591417209705163, 44.806394275558176], [-0.5589464848353315, 44.806369902343825], [-0.5583865070417554, 44.806063435803345], [-0.5578560325134291, 44.805683019588024], [-0.5575121041119212, 44.805589515373704], [-0.5572542515546272, 44.80561581568147], [-0.5549680035510408, 44.79887494313685], [-0.5538822107883987, 44.79555718747818], [-0.5533514131520785, 44.79332834368367], [-0.5531108151555292, 44.79262588962352], [-0.5528434164229699, 44.79105911531284], [-0.5517163922391101, 44.787745381818475]]]]}, "properties": {"cleabs": "IRIS____0000000330390105", "code_insee": "33039", "nom_commune": "Bègles", "iris": "0105", "code_iris": "330390105", "nom_iris": "Birambits", "type_iris": "H"}}, {"type": "Feature", "geometry": {"type": "MultiPolygon", "coordinates": [[[[-0.6352726553846436, 44.81403491725771], [-0.6351361555142188, 44.81405832028127], [-0.6349601088774646, 44.81431194452568], [-0.6347452820425932, 44.81455332082583], [-0.6334818603681159, 44.814850701642804], [-0.6328583180082892, 44.81488105150116], [-0.6327301916510358, 44.81503396097144], [-0.6323079035768402, 44.8151415312038], [-0.632234556484747, 44.815280027274596], [-0.6319149556732181, 44.81531122791236], [-0.6318326616643338, 44.815252637189026], [-0.6315936997229373, 44.81535600098902], [-0.6314321155358057, 44.81518734786597], [-0.6307353179236601, 44.81504433644573], [-0.6303727282991662, 44.81474346852065], [-0.6299163751214486, 44.81469622445702], [-0.6298347153778255, 44.81441229272048], [-0.6296810714821033, 44.81432719597121], [-0.6270363914639843, 44.8146273597397], [-0.6263776371607599, 44.81489676148016], [-0.6263823687285404, 44.81500926592508], [-0.6256623805841801, 44.8155267139609], [-0.6252896512878635, 44.815480320870435], [-0.6245973122471162, 44.815543516990616], [-0.6241598185180278, 44.81578854622681], [-0.6235810593861536, 44.81590480283487], [-0.6233971476413156, 44.81607664826535], [-0.6232944575073912, 44.81617283569099], [-0.6230942636637872, 44.81701485827754], [-0.6227676266705817, 44.81711385748553], [-0.6228214910739251, 44.81700664837487], [-0.6220684748272388, 44.81514759540257], [-0.6217184848074581, 44.81453084405496], [-0.6214240119870508, 44.814146608791496], [-0.6206094296603916, 44.81319714074799], [-0.6198921062488062, 44.812538305849415], [-0.6192032549977674, 44.812124583894416], [-0.6182235156893904, 44.81169601891451], [-0.6173255606200649, 44.81145584583571], [-0.6163884878924851, 44.811296253483604], [-0.615542623971784, 44.81125534955684], [-0.614490924361944, 44.81132119168865], [-0.6137761421555135, 44.811448141892086], [-0.613116861512402, 44.81163095937505], [-0.6102842445720652, 44.81274888963852], [-0.6093951277115409, 44.813020283088946], [-0.6098007137402712, 44.81273128952221], [-0.6242796527487222, 44.8072261528507], [-0.6243821807803506, 44.80734357060347], [-0.6244739107186761, 44.80737211558937], [-0.6248836740248023, 44.80740468060244], [-0.6261500312957593, 44.807782350720736], [-0.6257778084690476, 44.80797838648078], [-0.6263337886497963, 44.808746107478385], [-0.6268579649926631, 44.809589672614], [-0.6271299353287544, 44.810448699103965], [-0.6274589398082269, 44.81177902757106], [-0.6294411002647075, 44.81151496412337], [-0.6296055364170163, 44.811453701023495], [-0.6298708614792717, 44.811445013039496], [-0.6303364478888778, 44.81136126913615], [-0.6305689109603814, 44.81141223856508], [-0.633417749434702, 44.811099885930176], [-0.6349071734661887, 44.81292661361703], [-0.6351344667220187, 44.812897529650044], [-0.6352457386298839, 44.812993021262955], [-0.6352622495067599, 44.81309162037979], [-0.635195801723271, 44.81316049398816], [-0.6352516040125117, 44.81320102411212], [-0.6352459542293855, 44.813309362742], [-0.6354201459604449, 44.813770512339914], [-0.6352726553846436, 44.81403491725771]]]]}, "properties": {"cleabs": "IRIS____0000000333180105", "code_insee": "33318", "nom_commune": "Pessac", "iris": "0105", "code_iris": "333180105", "nom_iris": "Bellegrave", "type_iris": "H"}}, {"type": "Feature", "geometry": {"type": "MultiPolygon", "coordinates": [[[[-0.5785380253774025, 44.8185629776618], [-0.5757243557586076, 44.81677195552841], [-0.5755970267847671, 44.816442600585646], [-0.5747294427997921, 44.81514574584248], [-0.5741006147636203, 44.812984103704736], [-0.5739042063180411, 44.81268311114349], [-0.5749248737867912, 44.81250690235793], [-0.5763353153165613, 44.8123875058885], [-0.5772607584671666, 44.81214765497401], [-0.5782486059449248, 44.81201303024496], [-0.580270375786069, 44.81199010928677], [-0.5812305650788088, 44.81209698455923], [-0.5819237774311422, 44.81196823991942], [-0.5821014129629275, 44.81197421618585], [-0.5822015703593298, 44.81201604214365], [-0.582146866572654, 44.8123692973448], [-0.5822043074541574, 44.8129721799792], [-0.5821842439261642, 44.81321346212267], [-0.5820923932158003, 44.81340118645232], [-0.5828021325410958, 44.8136702554635], [-0.58309552784399, 44.8141609669694], [-0.5836651007660238, 44.81413804962665], [-0.5839022742320478, 44.81469997321967], [-0.5854813760788418, 44.81470298664779], [-0.5870065493217648, 44.81515023792315], [-0.5870553697117585, 44.81528024124396], [-0.5864236393782489, 44.81575761563131], [-0.5859843086179636, 44.81625399790991], [-0.5850289838865963, 44.81787110045003], [-0.5848177158943507, 44.818231223255175], [-0.5821557751369443, 44.817928825698374], [-0.5804082506391498, 44.81776807503126], [-0.5785380253774025, 44.8185629776618]]]]}, "properties": {"cleabs": "IRIS____0000000335220105", "code_insee": "33522", "nom_commune": "Talence", "iris": "0105", "code_iris": "335220105", "nom_iris": "Caudères", "type_iris": "H"}}, {"type": "Feature", "geometry": {"type": "MultiPolygon", "coordinates": [[[[-0.7242626736454059, 44.90264053314715], [-0.7222220124539421, 44.90250616479494], [-0.7163324547676861, 44.90191568888461], [-0.7157083652360363, 44.902009586969896], [-0.7131130440701255, 44.90200177637276], [-0.7134243309819771, 44.903236122928654], [-0.7140838552873383, 44.90488335487161], [-0.7133132282758513, 44.90468018933689], [-0.7119391415821551, 44.90413575633193], [-0.7084934056780747, 44.904195922332214], [-0.7076288044841714, 44.903856149192066], [-0.7060758358363575, 44.9027723082497], [-0.7054581482799467, 44.90256037954469], [-0.7051955469420308, 44.902559228947005], [-0.7038648100388175, 44.90218901538387], [-0.7028605086503206, 44.90174931246592], [-0.7002799736997036, 44.90113861561538], [-0.6978537200645641, 44.90027034790243], [-0.6984541363417904, 44.899375149622465], [-0.6990884029172447, 44.8986473697413], [-0.6999390647544806, 44.89781683223817], [-0.7007839513818184, 44.897072107141014], [-0.7014088485442067, 44.896318486226], [-0.7018810979942064, 44.895826833035095], [-0.7020587926689554, 44.89581009122099], [-0.7034134701058009, 44.89598843787449], [-0.7047742324619192, 44.896047588495684], [-0.7049885083735955, 44.896085504169136], [-0.7090404757511316, 44.896302619554945], [-0.709664242908853, 44.8962430190953], [-0.7096997789911698, 44.896185948394915], [-0.7098271144277423, 44.89615555417653], [-0.7102534807695959, 44.89633238922423], [-0.713972537803873, 44.89592590607254], [-0.713986129025614, 44.89595880108179], [-0.7143709998968047, 44.89589184339877], [-0.7144176063002858, 44.89584882212005], [-0.7149412858269996, 44.895790737912435], [-0.7161146956836412, 44.895988517177166], [-0.7159915190786491, 44.896349573114826], [-0.7160107726005948, 44.8964679061616], [-0.7169582250703861, 44.89679582368096], [-0.7170942145840172, 44.896876898150964], [-0.7171122920001427, 44.89695831531324], [-0.7166660267344575, 44.89868220875008], [-0.7168093094854077, 44.89868191843537], [-0.7173076619499272, 44.89843268501053], [-0.717846314659176, 44.898447095466075], [-0.7189560865364237, 44.898315282508214], [-0.7202171721402861, 44.8980558043883], [-0.7203815811064039, 44.89808724996533], [-0.7204703584011015, 44.89804912218665], [-0.7204685460989113, 44.89796445622266], [-0.7206803462920279, 44.8979456402989], [-0.7207039981043143, 44.89660093801878], [-0.7213900455290867, 44.89618044749888], [-0.7210231045029991, 44.89582950476576], [-0.7215773222967383, 44.89586861231362], [-0.7220880792853733, 44.89584517862985], [-0.7253089682187079, 44.89548115357875], [-0.7263629996952942, 44.89544667790207], [-0.7263971591891132, 44.89347968668733], [-0.7277857797559847, 44.89365299183997], [-0.7301131059677551, 44.89413635287697], [-0.7293106584289598, 44.89570372474004], [-0.7290839499839893, 44.89591775030787], [-0.7284622929204778, 44.89625680875619], [-0.7269029443261519, 44.89725558979676], [-0.7260471258387603, 44.8975826652099], [-0.7254969719582681, 44.897566877998074], [-0.7250342170368137, 44.8985423448639], [-0.725568154759738, 44.89869568421441], [-0.7255577288243519, 44.89880599890137], [-0.7258007101184756, 44.898951074078475], [-0.7248126557605983, 44.90001807910759], [-0.7241687356607441, 44.8997746847849], [-0.7241248919264751, 44.899840151431576], [-0.7244339234953183, 44.899967691004676], [-0.7241500957296552, 44.90052523366076], [-0.7231811758383506, 44.90044866882611], [-0.7231993433834968, 44.900894227841846], [-0.7232846212494464, 44.90116627970514], [-0.7242626736454059, 44.90264053314715]]]]}, "properties": {"cleabs": "IRIS____0000000334490105", "code_insee": "33449", "nom_commune": "Saint-Médard-en-Jalles", "iris": "0105", "code_iris": "334490105", "nom_iris": "Centre Ville 1", "type_iris": "H"}}, {"type": "Feature", "geometry": {"type": "MultiPolygon", "coordinates": [[[[-0.622130118438953, 44.876733698812544], [-0.6229602412331405, 44.87641728747148], [-0.6243659190594549, 44.87561160027786], [-0.6262052339702624, 44.87486743372117], [-0.6304385334048158, 44.87366729966062], [-0.6305874917133687, 44.87328568578259], [-0.6305203057207003, 44.87258036889605], [-0.6309257138597779, 44.87165679861828], [-0.6314986487322463, 44.87197062733277], [-0.633002199469483, 44.872660473139575], [-0.6329991109202979, 44.87274980238335], [-0.6330609037075988, 44.87280365957366], [-0.6331616406640812, 44.87281297956318], [-0.6332492888176429, 44.87277676199404], [-0.6367708834605381, 44.87456313989056], [-0.6385132593863383, 44.87527843710143], [-0.6424576236027338, 44.87712829664571], [-0.6412657011437931, 44.87868520066186], [-0.6410699765590844, 44.879165706183244], [-0.6409447727407847, 44.87985390077808], [-0.6406058912228269, 44.88084383006381], [-0.6371991213645098, 44.87981989378459], [-0.6348396963711038, 44.87903284988294], [-0.6340183126603951, 44.8784270387172], [-0.6334615936442373, 44.87793423223261], [-0.6326522164707258, 44.876926041383264], [-0.6275967360822704, 44.879823228671796], [-0.6272666596217183, 44.879874575337254], [-0.627188492134749, 44.87984197964179], [-0.6258041137060434, 44.878957983590176], [-0.6244010537668113, 44.8782746687225], [-0.622130118438953, 44.876733698812544]]]]}, "properties": {"cleabs": "IRIS____0000000331620105", "code_insee": "33162", "nom_commune": "Eysines", "iris": "0105", "code_iris": "331620105", "nom_iris": "Derby", "type_iris": "H"}}, {"type": "Feature", "geometry": {"type": "MultiPolygon", "coordinates": [[[[-0.5165287203806777, 44.87129066599166], [-0.5181079415228694, 44.87183722820789], [-0.5187959720854449, 44.872016388952446], [-0.5198939236562476, 44.87220417382074], [-0.5203185347817876, 44.872184396232804], [-0.5204561692258395, 44.87223680788807], [-0.5204693550038956, 44.872366167551625], [-0.5203431989355404, 44.87247651546336], [-0.5197577213390152, 44.87451836131514], [-0.5193358231613223, 44.87623868285575], [-0.5193278761402245, 44.87653634290089], [-0.5192491252928424, 44.87661454402196], [-0.5196308254967813, 44.876637587706], [-0.5216156118289746, 44.87691799618305], [-0.5209188463040975, 44.878196428733396], [-0.5205226309630392, 44.87877046888455], [-0.5203277411846888, 44.87966436997683], [-0.5191192169366154, 44.87987843722695], [-0.5184136766582723, 44.87992694175077], [-0.5178048858937581, 44.87990117756712], [-0.5176631427319786, 44.87976327472893], [-0.5174583628561262, 44.879731912983345], [-0.5173038059905427, 44.87977376187207], [-0.5171993588686955, 44.87988702270876], [-0.5170094356501438, 44.87993089316493], [-0.5162719211239626, 44.8799344341799], [-0.5136216504939801, 44.879877775065886], [-0.5136643412275509, 44.87928431249783], [-0.5136011163548341, 44.87904388205184], [-0.5140234567483762, 44.878865584816076], [-0.5142741670966228, 44.8780113873509], [-0.5142491275431272, 44.87785446421401], [-0.5141463425937898, 44.87779192871709], [-0.5125941525639484, 44.877577905850615], [-0.511455262665925, 44.87797263639597], [-0.5108519048707134, 44.87811429225847], [-0.5107439583359612, 44.87817178092791], [-0.5105522250766096, 44.87802463630911], [-0.5104161282503642, 44.877429621641674], [-0.5104329238728705, 44.87717133797934], [-0.5106457952059869, 44.87644091509249], [-0.5115469431919712, 44.876278121828186], [-0.5119022579907775, 44.87616323693453], [-0.5121323934642668, 44.876053213660576], [-0.5128814437152756, 44.875546445365146], [-0.5136277486112377, 44.87572469588357], [-0.5151106241014681, 44.87592557715494], [-0.5161531808186653, 44.872113675940945], [-0.5165287203806777, 44.87129066599166]]]]}, "properties": {"cleabs": "IRIS____0000000332490105", "code_insee": "33249", "nom_commune": "Lormont", "iris": "0105", "code_iris": "332490105", "nom_iris": "Génicart 2", "type_iris": "H"}}, {"type": "Feature", "geometry": {"type": "MultiPolygon", "coordinates": [[[[-0.5817594979548851, 44.86935485233045], [-0.5760628535499404, 44.869279922537785], [-0.5757140153382994, 44.86599344311909], [-0.5835819594964845, 44.862884400766944], [-0.5874594446446632, 44.86131346226865], [-0.5872236021708855, 44.862064633279985], [-0.5868154178128953, 44.86305390231496], [-0.5867944939064975, 44.86326187022684], [-0.5868528982018276, 44.86348169393972], [-0.5869613139761688, 44.863571920860785], [-0.5874654676319438, 44.864757912527736], [-0.5880527080494027, 44.86581593991133], [-0.5881184918439523, 44.86658710134428], [-0.5879884062239081, 44.86697074216947], [-0.5875819681839834, 44.86705598556863], [-0.584073349715478, 44.867324389982805], [-0.5841905938165016, 44.86802899896213], [-0.5833355001794653, 44.86807464160233], [-0.5809795778790193, 44.86829490006512], [-0.5816312502717715, 44.86857669272289], [-0.5817594979548851, 44.86935485233045]]]]}, "properties": {"cleabs": "IRIS____0000000330690105", "code_insee": "33069", "nom_commune": "Le Bouscat", "iris": "0105", "code_iris": "330690105", "nom_iris": "Jean-Jaurès-Ravezies", "type_iris": "H"}}, {"type": "Feature", "geometry": {"type": "MultiPolygon", "coordinates": [[[[-0.6214624923193088, 44.77668606282802], [-0.6213872412890228, 44.777049927811916], [-0.6214594624863015, 44.777542358538234], [-0.6216093616676359, 44.77778710734056], [-0.6223880994419769, 44.778659302750064], [-0.6224074181388226, 44.77880197152826], [-0.6222901195086766, 44.779200558961236], [-0.6222592857760552, 44.779546749964666], [-0.6225223649440693, 44.7802122914717], [-0.6224990077974052, 44.78039961625013], [-0.623436408285492, 44.78076822105597], [-0.6235630659131786, 44.780907379256846], [-0.6235805846673431, 44.78110057760448], [-0.6234196599017876, 44.78184307309078], [-0.6221078864075693, 44.7816741697397], [-0.6201826626817788, 44.78166679545597], [-0.6180632974899088, 44.78153324273464], [-0.6176620342011329, 44.78147244251964], [-0.6171390961333956, 44.781329993805436], [-0.6164108905338576, 44.78106536322059], [-0.6160383021953854, 44.781056795529345], [-0.6157254151061838, 44.780835383898605], [-0.6148287040010477, 44.78046899294026], [-0.6140442648514269, 44.78019536728747], [-0.6132384616739109, 44.78000264492276], [-0.6123594856620026, 44.77969513952609], [-0.6111877071345996, 44.77920250081616], [-0.6105073006881722, 44.77877495086151], [-0.6098323013163113, 44.778490520330664], [-0.6115020291166544, 44.775705301081025], [-0.6118718344441252, 44.77521828379315], [-0.6121571170951727, 44.77491246949098], [-0.6132235639476987, 44.77396472029267], [-0.6138996749760748, 44.77365696791038], [-0.6139971952717944, 44.77356005596958], [-0.6146278589883303, 44.77189649205018], [-0.6155377873628178, 44.77066091789614], [-0.6164454340170363, 44.76974445414722], [-0.6172251231199414, 44.76796064763107], [-0.6184238037851709, 44.766613775545856], [-0.6186408496193772, 44.766133526100006], [-0.6186663220467287, 44.76591999779254], [-0.6188907780720595, 44.766164114554286], [-0.6193059591541777, 44.766265909431596], [-0.6194794930566306, 44.766367488243816], [-0.6195880403569434, 44.76661899637956], [-0.619642071753034, 44.76745810212751], [-0.619753564435828, 44.767932124234505], [-0.6205611574449232, 44.76915667374639], [-0.6205960312132339, 44.770365921880526], [-0.6207705933978366, 44.771288511135275], [-0.6205395228647327, 44.77202247731136], [-0.6204013224264484, 44.77278405058145], [-0.6204465350723628, 44.772955614412545], [-0.6206989219030593, 44.77329885606907], [-0.6212100122482386, 44.77378865724102], [-0.6213285178848003, 44.7739587262382], [-0.6215598266093088, 44.77546708205265], [-0.6215566141845025, 44.776025967820594], [-0.6211258438341217, 44.77627257414513], [-0.6208252290475086, 44.77649689957356], [-0.6214624923193088, 44.77668606282802]]]]}, "properties": {"cleabs": "IRIS____0000000331920105", "code_insee": "33192", "nom_commune": "Gradignan", "iris": "0105", "code_iris": "331920105", "nom_iris": "Loustalot", "type_iris": "H"}}, {"type": "Feature", "geometry": {"type": "MultiPolygon", "coordinates": [[[[-0.566517407200905, 44.78767372423027], [-0.5661775293001838, 44.78351465573865], [-0.5660284156008764, 44.78206216193181], [-0.5667879522769304, 44.78204672546732], [-0.5667663542635102, 44.78176623615657], [-0.5671237995715759, 44.78173580263638], [-0.5685502092238376, 44.78102295636737], [-0.5698390247742817, 44.780216289789514], [-0.5698886403012133, 44.780140789940496], [-0.5700955273905404, 44.78007103714008], [-0.5710081548167802, 44.77951800820696], [-0.5714779532126325, 44.779125247441506], [-0.5751058887208187, 44.77980402730686], [-0.5775673504633921, 44.780325696605864], [-0.5771535351879262, 44.780464330330666], [-0.5760354873507959, 44.780274212695936], [-0.5757254050513075, 44.780332887606264], [-0.5757029531121594, 44.7803777728288], [-0.5757001714015079, 44.78051304813543], [-0.5766411496403964, 44.78227523672419], [-0.5767038914114804, 44.78258503965863], [-0.5768318043273291, 44.78278549137891], [-0.5768916317071132, 44.78302959800281], [-0.5770941053241779, 44.78326819815447], [-0.5765576765457685, 44.78360815873285], [-0.5754004977941948, 44.784454817897945], [-0.5754511276732036, 44.78445498658645], [-0.5762471679112106, 44.78554953544783], [-0.5747042932900152, 44.785864286522234], [-0.5732114180474012, 44.78610981042247], [-0.5709671734467998, 44.786679643091176], [-0.5705856915456957, 44.78675051706267], [-0.5696958259478784, 44.78680712699293], [-0.5691650222741204, 44.786898127464745], [-0.5669230109632772, 44.78760389057401], [-0.566517407200905, 44.78767372423027]]]]}, "properties": {"cleabs": "IRIS____0000000335500105", "code_insee": "33550", "nom_commune": "Villenave-d'Ornon", "iris": "0105", "code_iris": "335500105", "nom_iris": "Saint-Martin-Canteloup-Bourleaux", "type_iris": "H"}}, {"type": "Feature", "geometry": {"type": "MultiPolygon", "coordinates": [[[[-0.5053132311995303, 44.855947052339445], [-0.5054940713600631, 44.85462284854621], [-0.5053643977774254, 44.85343913412089], [-0.5044519507072852, 44.85095986115313], [-0.5045871017823713, 44.85101417090469], [-0.5056248319185311, 44.851117466295435], [-0.5086322566572445, 44.851538787138026], [-0.5089731813643559, 44.851621730965924], [-0.5134271600813677, 44.85223958757279], [-0.5139565563750882, 44.85231744838276], [-0.5139792089069324, 44.85235548358858], [-0.5156199517742844, 44.852578373122235], [-0.5160446357499737, 44.852703702739184], [-0.5167669496342285, 44.85298902689697], [-0.5169037130471783, 44.85300812319498], [-0.5165649942661895, 44.8541336805219], [-0.516527873359846, 44.85463323667963], [-0.516440254856628, 44.854791926560594], [-0.5160128558315487, 44.85626185881083], [-0.5159209885699297, 44.85623142480827], [-0.5158019587917634, 44.85627304861656], [-0.5152191923895841, 44.85623383668407], [-0.5092091267767408, 44.85618618108495], [-0.5090848061816585, 44.85614324969765], [-0.5090252546167914, 44.85598111028087], [-0.5072207233715018, 44.85601744404122], [-0.5053821057525038, 44.85597461652387], [-0.5053132311995303, 44.855947052339445]]]]}, "properties": {"cleabs": "IRIS____0000000331190105", "code_insee": "33119", "nom_commune": "Cenon", "iris": "0105", "code_iris": "331190105", "nom_iris": "Saraillère-Ronceval-Seiglière", "type_iris": "H"}}, {"type": "Feature", "geometry": {"type": "MultiPolygon", "coordinates": [[[[-0.6488431341360005, 44.90606051509463], [-0.6494143958728282, 44.9060687796894], [-0.6516114660273049, 44.90648415512131], [-0.6516343518139969, 44.90786782033666], [-0.6521021454488225, 44.90788398101446], [-0.6521213615644585, 44.90872427520444], [-0.6551108110767048, 44.908899007887506], [-0.6552420297746634, 44.90898572131191], [-0.6550234375671385, 44.909621134231756], [-0.6569011754728834, 44.90996039579919], [-0.6560331596472422, 44.91040088082855], [-0.6550953426206303, 44.9111717355664], [-0.6537782605709173, 44.91297445045083], [-0.6536563493434318, 44.91375088991326], [-0.6525674584798445, 44.91549470540663], [-0.6519036222378818, 44.91690997274555], [-0.6516146911901245, 44.91683655253313], [-0.6492205423317269, 44.91667369776797], [-0.6487537520041692, 44.916537614702385], [-0.6485670051435137, 44.91661134890677], [-0.6465601870364563, 44.9168449076644], [-0.6434192097669946, 44.916920961081956], [-0.6426267679634429, 44.91690729872842], [-0.6419304313933711, 44.916908505300725], [-0.6414640254677112, 44.91697337187493], [-0.6400419918913832, 44.91732463418218], [-0.6394890740044561, 44.91742477502217], [-0.6383979991140109, 44.917539841566295], [-0.6370446449027198, 44.91758146805093], [-0.6363137782018696, 44.917715361048046], [-0.6356175005743342, 44.917795840922935], [-0.6343697863098009, 44.917842989278725], [-0.6343975675246558, 44.917762765053745], [-0.6343171690897583, 44.91767706799867], [-0.6342827650191546, 44.91747900492925], [-0.6346170158172243, 44.91647122003075], [-0.6347192394110701, 44.9159739579511], [-0.6347930895405561, 44.91499993173663], [-0.6349662915580169, 44.91448232013505], [-0.635438763433483, 44.91353309964163], [-0.6355706754709316, 44.91351345884928], [-0.6356309712358587, 44.913445689404014], [-0.6356246900385547, 44.913368382644855], [-0.6355634916146461, 44.91332441957646], [-0.6357087321663418, 44.91321691546233], [-0.6379075830849298, 44.91021655377307], [-0.6383810089232943, 44.90945926640881], [-0.6393068744580129, 44.90744604845875], [-0.6410123245349938, 44.9075568793965], [-0.6412359277305127, 44.90760182279761], [-0.6422449340420902, 44.90823750073503], [-0.6426842245359298, 44.908400648145026], [-0.6448510573430677, 44.908799124654124], [-0.6455401672044144, 44.90880534423056], [-0.646095758993297, 44.90876727307818], [-0.6463549748236996, 44.908696570542155], [-0.6465410873138144, 44.9085354330887], [-0.6466101765539116, 44.9083691254508], [-0.6465546147616817, 44.907085680403], [-0.6466382831974451, 44.90689005200232], [-0.6468014965460225, 44.906786448639814], [-0.6476534423686662, 44.90668365516824], [-0.6484713850879916, 44.90621423715636], [-0.6488431341360005, 44.90606051509463]]]]}, "properties": {"cleabs": "IRIS____0000000330560105", "code_insee": "33056", "nom_commune": "Blanquefort", "iris": "0105", "code_iris": "330560105", "nom_iris": "Saturne", "type_iris": "H"}}, {"type": "Feature", "geometry": {"type": "MultiPolygon", "coordinates": [[[[-0.6157217336184155, 44.90042397449483], [-0.6116267841292519, 44.90028326798365], [-0.6098877162787344, 44.90068952756573], [-0.6082430519450291, 44.901183721345255], [-0.6068777664576898, 44.90172379272958], [-0.6100276806041638, 44.90418378653004], [-0.6070829265870855, 44.9065696701584], [-0.6060288969360343, 44.90725824261573], [-0.6044548023985326, 44.908044803687275], [-0.6028610381772809, 44.90860485471637], [-0.6013256539955093, 44.90879075667902], [-0.5996140668993861, 44.90933385117883], [-0.599057349921959, 44.90939425735709], [-0.5952285458872385, 44.90916048010669], [-0.5941670553318483, 44.90928046548781], [-0.5925649869764634, 44.90931698769539], [-0.590515754451085, 44.908926318365864], [-0.5885212563382566, 44.908359896114284], [-0.5880669386304369, 44.908315994357295], [-0.5876759636906878, 44.90835025815106], [-0.5868400493799641, 44.90866567296457], [-0.5864440658789403, 44.90874065171272], [-0.5850676410758715, 44.90885449822728], [-0.5840633136312091, 44.90911494304084], [-0.5819604080258247, 44.90947120724637], [-0.5804854769102026, 44.90945298211951], [-0.580357485142358, 44.9093156085719], [-0.5803263384874546, 44.909006573562394], [-0.5790855247485334, 44.89793205416793], [-0.5788758759037417, 44.89498444080238], [-0.5789876603404994, 44.89476903803609], [-0.578857235171822, 44.89461281631536], [-0.5785369029709484, 44.89281158654277], [-0.5781370992281293, 44.887319513648016], [-0.5769313961125432, 44.87729842360308], [-0.5776458381627058, 44.87715192092199], [-0.578311036729756, 44.87714759894939], [-0.5794652433450873, 44.87725818565255], [-0.5799165888554487, 44.87739864536644], [-0.5803610884217859, 44.87759069646853], [-0.5808729691148157, 44.877885118958154], [-0.5825342009736887, 44.87906714607761], [-0.5828985741448658, 44.87915542443892], [-0.583972704900824, 44.87866650243912], [-0.58449589947977, 44.87858201023416], [-0.5856226079594788, 44.87855913306689], [-0.5895041187638331, 44.8783624596117], [-0.589579274978644, 44.878447452277136], [-0.5897468291047272, 44.878451045511994], [-0.5910820333162111, 44.88000220358991], [-0.5911452876202106, 44.88003981294747], [-0.591421984163309, 44.8800452798611], [-0.5915815283492152, 44.88045830841118], [-0.5917841908052166, 44.88075277570585], [-0.5938690543939681, 44.88357567802416], [-0.5940460612019447, 44.88362762816204], [-0.5952290299348425, 44.88309631689998], [-0.5956605220686977, 44.88296517292539], [-0.5959455028010375, 44.88290186356895], [-0.5963366447961509, 44.882892795411735], [-0.5967671408788874, 44.883003221834144], [-0.597044220440851, 44.883133039238274], [-0.5984062639751877, 44.88393158483856], [-0.5989129886532962, 44.884143179132344], [-0.5992434756158014, 44.884156797157964], [-0.5993723970967367, 44.88413098570505], [-0.599925713878151, 44.88388321430301], [-0.6003789628050762, 44.88385409209042], [-0.6018653301136596, 44.884396205921036], [-0.6021147472775407, 44.88445030009909], [-0.603610565204255, 44.884566679798425], [-0.6036373458675318, 44.88450993080696], [-0.6037955431597136, 44.88450569572091], [-0.6038737217156764, 44.88459779197211], [-0.6040337227344269, 44.88466109417115], [-0.6044032842843607, 44.88475003721748], [-0.6051234658487876, 44.884850123348045], [-0.6056613096139728, 44.884815528159336], [-0.6064112512054393, 44.88482631346289], [-0.6081336458958557, 44.88535076292277], [-0.6086380091899944, 44.88542629726341], [-0.6097109066702711, 44.887658144153875], [-0.6112809135241273, 44.890835487636515], [-0.6157217336184155, 44.90042397449483]]]]}, "properties": {"cleabs": "IRIS____0000000330750105", "code_insee": "33075", "nom_commune": "Bruges", "iris": "0105", "code_iris": "330750105", "nom_iris": "Villabois-La Hutte", "type_iris": "H"}}, {"type": "Feature", "geometry": {"type": "MultiPolygon", "coordinates": [[[[-0.726892910286004, 44.888078382512404], [-0.7271607085895876, 44.8885975805959], [-0.727097372370668, 44.889533504887886], [-0.7275234404663774, 44.89062154776939], [-0.7281476645187033, 44.89079888055347], [-0.7281226722844774, 44.89112871273063], [-0.7280386840295957, 44.891372194057084], [-0.7277201279214728, 44.891673127257384], [-0.7277522457211151, 44.89177480255356], [-0.7260813258288676, 44.89263851339043], [-0.7263382408404104, 44.89270740518106], [-0.7278047870776482, 44.892794267858555], [-0.7277857797559847, 44.89365299183997], [-0.7263971591891132, 44.89347968668733], [-0.7263629996952942, 44.89544667790207], [-0.7253089682187079, 44.89548115357875], [-0.7220880792853733, 44.89584517862985], [-0.7215773222967383, 44.89586861231362], [-0.7210231045029991, 44.89582950476576], [-0.7213900455290867, 44.89618044749888], [-0.7207039981043143, 44.89660093801878], [-0.7206803462920279, 44.8979456402989], [-0.7204685460989113, 44.89796445622266], [-0.7204703584011015, 44.89804912218665], [-0.7203815811064039, 44.89808724996533], [-0.7202171721402861, 44.8980558043883], [-0.7189560865364237, 44.898315282508214], [-0.717846314659176, 44.898447095466075], [-0.7173076619499272, 44.89843268501053], [-0.7168093094854077, 44.89868191843537], [-0.7166660267344575, 44.89868220875008], [-0.7171122920001427, 44.89695831531324], [-0.7170942145840172, 44.896876898150964], [-0.7169582250703861, 44.89679582368096], [-0.7160107726005948, 44.8964679061616], [-0.7159915190786491, 44.896349573114826], [-0.7161146956836412, 44.895988517177166], [-0.7149412858269996, 44.895790737912435], [-0.7144176063002858, 44.89584882212005], [-0.7143709998968047, 44.89589184339877], [-0.713986129025614, 44.89595880108179], [-0.713972537803873, 44.89592590607254], [-0.7102534807695959, 44.89633238922423], [-0.7098271144277423, 44.89615555417653], [-0.7096997789911698, 44.896185948394915], [-0.709664242908853, 44.8962430190953], [-0.7090404757511316, 44.896302619554945], [-0.7049885083735955, 44.896085504169136], [-0.7047742324619192, 44.896047588495684], [-0.7048006129323398, 44.895928632696034], [-0.7046983374351302, 44.89589689372529], [-0.7050473387130488, 44.893597648513904], [-0.7051113249060346, 44.893529715120465], [-0.7050528794537448, 44.893470374872564], [-0.7050222387360819, 44.893313663368346], [-0.7044291738906716, 44.89330010701254], [-0.7028693155624015, 44.89316287031394], [-0.700586231663954, 44.892691894318695], [-0.7006112164186802, 44.89259011178924], [-0.7005676225006167, 44.89250593821056], [-0.7001086113094236, 44.892083190470636], [-0.6997887797018951, 44.89165580224436], [-0.69975779194784, 44.89114758085783], [-0.7000930862467893, 44.89105979124935], [-0.7001903858141149, 44.8909970597228], [-0.7002551237164465, 44.89084437872705], [-0.7001235189248756, 44.890636952046414], [-0.6998383926787232, 44.890389575795204], [-0.6998329142863674, 44.89026807822209], [-0.7001926167186467, 44.89016595456057], [-0.7002934920295083, 44.890080570336316], [-0.7004309519462043, 44.88980017938413], [-0.7005772705345522, 44.889634863760385], [-0.701286639138384, 44.88939399001405], [-0.7015974326982719, 44.88939624467176], [-0.702293715826168, 44.88928379031048], [-0.7029331928061616, 44.88904073020896], [-0.703342368846475, 44.88903519109055], [-0.7037295959733385, 44.88917730068554], [-0.7039491016945573, 44.88919881881917], [-0.7044738406240757, 44.88898481575002], [-0.7051044355544381, 44.888626668040445], [-0.7053649273443899, 44.88855848413632], [-0.706212979618805, 44.88867077911055], [-0.7070738563104656, 44.88872765779222], [-0.7081025608865897, 44.88900245527777], [-0.7087615364917648, 44.888958806559316], [-0.7096054059091393, 44.889045978332], [-0.709744722294186, 44.88900526858577], [-0.7100095526505767, 44.88900272644739], [-0.7101600328096297, 44.88893910952749], [-0.710318844293397, 44.88834973279966], [-0.710633625439444, 44.88825899068942], [-0.7107644965178979, 44.88830148518944], [-0.7109041016030283, 44.888418498762334], [-0.7115010417842911, 44.8885679916724], [-0.7116245153274331, 44.8886711223832], [-0.7117100907049269, 44.88952363307097], [-0.7117950170488644, 44.889619039290544], [-0.7119605579835032, 44.889629727567375], [-0.7123349431539476, 44.88929002000507], [-0.7124498926035321, 44.88928347139713], [-0.7126574348944635, 44.8893540450086], [-0.7127900954966794, 44.88950013167274], [-0.7129901665705523, 44.889802599388325], [-0.7128916277361348, 44.89107228063581], [-0.712797911844442, 44.8915720547095], [-0.7140972599568138, 44.892083813345785], [-0.7154879764670845, 44.892500562370074], [-0.7170394103204282, 44.89289298487994], [-0.7177710983201699, 44.89291264728963], [-0.7179071129282074, 44.892860320478434], [-0.7181737697757867, 44.8929424247437], [-0.7194707228575136, 44.89301524816448], [-0.7201842008518545, 44.89297060799803], [-0.7210735064631295, 44.89297685409431], [-0.7238118557651408, 44.890465807368535], [-0.726892910286004, 44.888078382512404]]]]}, "properties": {"cleabs": "IRIS____0000000334490106", "code_insee": "33449", "nom_commune": "Saint-Médard-en-Jalles", "iris": "0106", "code_iris": "334490106", "nom_iris": "Centre Ville 2", "type_iris": "H"}}, {"type": "Feature", "geometry": {"type": "MultiPolygon", "coordinates": [[[[-0.5429235776176032, 44.761111087511935], [-0.5441037703918644, 44.76095076341827], [-0.5444249879737603, 44.76078908016336], [-0.5446091518847737, 44.760821037365304], [-0.5457834683035291, 44.76012646251486], [-0.5468023197840274, 44.75991539868137], [-0.5473454138407412, 44.75974209483308], [-0.5478635531315303, 44.75947405873781], [-0.5484020904007976, 44.759409041414074], [-0.5486516989417033, 44.75879452539067], [-0.5503657040317463, 44.759016266266975], [-0.5517248575922985, 44.75902676062747], [-0.554017561109404, 44.75841788752651], [-0.5541785446106802, 44.758743468741955], [-0.5542990682661679, 44.75868913261462], [-0.5546730241149664, 44.75904212452646], [-0.5556523071410646, 44.75952618699849], [-0.5567466785208818, 44.75898996877868], [-0.5581630633268095, 44.75838571593548], [-0.5585362905629202, 44.759206452745424], [-0.5590998572501263, 44.76013642882603], [-0.559514702663866, 44.76073502677061], [-0.5598751129566517, 44.76107311741874], [-0.5602598181838732, 44.76161500372999], [-0.5603010408900355, 44.76168667768617], [-0.560075890556739, 44.76178674094587], [-0.5605384911216673, 44.76228016044171], [-0.5607800254977124, 44.76273832812381], [-0.5607106779837082, 44.76330111868998], [-0.5601830722475218, 44.763499224881116], [-0.5603156757530666, 44.76363555338787], [-0.5614564336033082, 44.764789396067165], [-0.5617301047654698, 44.76515550562935], [-0.5631198579817198, 44.76658431179951], [-0.5633002301519154, 44.76683535889355], [-0.5634598985282063, 44.76719882390112], [-0.5641975712408103, 44.77141085895224], [-0.564109230237425, 44.77145425655868], [-0.5640786677293158, 44.771530943038734], [-0.5641847437348879, 44.771627566430986], [-0.5642567154074213, 44.771904631489214], [-0.5645469959684261, 44.77350939182818], [-0.564688957123372, 44.77387252530809], [-0.5647118952000892, 44.77421425429682], [-0.5648809642696475, 44.77468556419626], [-0.5649711538950063, 44.77477098240548], [-0.5649696433575158, 44.77496659783573], [-0.56532522256908, 44.77550580616292], [-0.5656105883428718, 44.7761148658009], [-0.5658394729368375, 44.7767509774592], [-0.5660381772171601, 44.77752955366875], [-0.5661499499113017, 44.77825415060109], [-0.5662013046314303, 44.7790834328947], [-0.5661528921778683, 44.780095271926285], [-0.5660547303156482, 44.78090142912677], [-0.5660557452552444, 44.781575518091614], [-0.565991768325555, 44.781664095537835], [-0.5660284156008764, 44.78206216193181], [-0.5661775293001838, 44.78351465573865], [-0.5612246744315447, 44.78323686143825], [-0.5593747677512565, 44.78347925441333], [-0.5578511464578618, 44.7838985947907], [-0.5583833445139669, 44.78534870541927], [-0.5573233463638115, 44.78561616016469], [-0.5563923993808946, 44.785643340591875], [-0.5558232904537249, 44.78584906103805], [-0.5555204657813145, 44.78556317584681], [-0.5549939293930122, 44.785701736221995], [-0.5542262951530065, 44.7859300396465], [-0.5537936353561195, 44.78661262785944], [-0.5537410193507208, 44.78696128796389], [-0.5529129277448267, 44.786594007060415], [-0.5528253144001428, 44.786709469684446], [-0.5522795606883204, 44.78698471808805], [-0.5504757254359041, 44.7764216039276], [-0.5501655509808064, 44.774936416364085], [-0.5497041358003023, 44.77331999110589], [-0.5489416353986565, 44.77142301901835], [-0.5480975054204376, 44.76963500312746], [-0.5460284306050512, 44.76613604017423], [-0.5459014850041242, 44.766229324599394], [-0.5429235776176032, 44.761111087511935]]]]}, "properties": {"cleabs": "IRIS____0000000335500106", "code_insee": "33550", "nom_commune": "Villenave-d'Ornon", "iris": "0106", "code_iris": "335500106", "nom_iris": "Clemenceau-Pontac-Sallegourde-Pont Langon", "type_iris": "H"}}, {"type": "Feature", "geometry": {"type": "MultiPolygon", "coordinates": [[[[-0.5959946045273138, 44.8204612741115], [-0.594023551469298, 44.82187527278734], [-0.5935680466212961, 44.822415471455756], [-0.5930919395534664, 44.823207786949624], [-0.590193923876157, 44.824902298463286], [-0.589225826572284, 44.82536894841636], [-0.5891216179891374, 44.82530382611799], [-0.5861111632295927, 44.823377013178494], [-0.5861134075110779, 44.82301553722593], [-0.5863903529581297, 44.82086790113354], [-0.5870166289124475, 44.82081970182383], [-0.5887108331407956, 44.820580118029405], [-0.5879120817057771, 44.81856282447235], [-0.588403870401297, 44.8186099955672], [-0.5883346431881104, 44.81812105227547], [-0.5891185567642249, 44.81814254193368], [-0.5910833342122608, 44.81811586836853], [-0.5935045506882803, 44.81794007867977], [-0.5938308412136282, 44.81874514025231], [-0.5940651169641565, 44.81906199860235], [-0.5944058175313415, 44.81886529399744], [-0.5959946045273138, 44.8204612741115]]]]}, "properties": {"cleabs": "IRIS____0000000335220106", "code_insee": "33522", "nom_commune": "Talence", "iris": "0106", "code_iris": "335220106", "nom_iris": "Émile Zola", "type_iris": "H"}}, {"type": "Feature", "geometry": {"type": "MultiPolygon", "coordinates": [[[[-0.6421901386550498, 44.86123367171685], [-0.6430610573954402, 44.86141417796797], [-0.6451103471977739, 44.86223554704974], [-0.6460957509300382, 44.86248076764951], [-0.6531089793652668, 44.86275389625482], [-0.6531304644102326, 44.86172119824476], [-0.655437187400291, 44.86092778354086], [-0.6564644134805465, 44.860394611431694], [-0.6573885466478542, 44.860127107232], [-0.6602238895790533, 44.85743423739179], [-0.6622058149645326, 44.857706818298055], [-0.6610261202186157, 44.8590481408336], [-0.6591326137438461, 44.860870857502], [-0.6572805765009316, 44.86239834676626], [-0.6555752135535685, 44.86361092163059], [-0.6531396724023291, 44.86513322506352], [-0.6416441221934084, 44.8717625208063], [-0.6412961493865557, 44.87143955824478], [-0.6419562736193555, 44.87108441406106], [-0.6420149983006089, 44.87099325810232], [-0.6372719439403951, 44.86739313189082], [-0.6383041483972447, 44.865955072671866], [-0.6383983935681884, 44.86566897559994], [-0.6384780259938627, 44.86505979274706], [-0.6385607268971935, 44.86484978288191], [-0.6386451367010416, 44.86468568294508], [-0.6394336540035239, 44.86369273130153], [-0.6399650631331898, 44.86262438844337], [-0.6402106349625774, 44.86238559997741], [-0.6404675451711939, 44.86222395025851], [-0.6412648795753406, 44.86191477806888], [-0.642017594596262, 44.86148448839451], [-0.6421310161850523, 44.86137711604172], [-0.6421901386550498, 44.86123367171685]]]]}, "properties": {"cleabs": "IRIS____0000000331620106", "code_insee": "33162", "nom_commune": "Eysines", "iris": "0106", "code_iris": "331620106", "nom_iris": "Grand Louis", "type_iris": "H"}}, {"type": "Feature", "geometry": {"type": "MultiPolygon", "coordinates": [[[[-0.5100643879989156, 44.84712975526368], [-0.5118455557972522, 44.846987761523025], [-0.5136290673152197, 44.84702500847019], [-0.513710116463761, 44.847186464095955], [-0.5159172743546871, 44.84901180587689], [-0.5161132607288916, 44.849228196841295], [-0.5167380715819238, 44.85024299936451], [-0.5170214510955786, 44.85062064191802], [-0.5171788730399396, 44.85070667480411], [-0.5175155536595576, 44.85074196208417], [-0.5175984811083161, 44.85079160372933], [-0.5170717695905995, 44.852495403619756], [-0.5169491208968655, 44.85268134016674], [-0.5169037130471783, 44.85300812319498], [-0.5167669496342285, 44.85298902689697], [-0.5160446357499737, 44.852703702739184], [-0.5156199517742844, 44.852578373122235], [-0.5139792089069324, 44.85235548358858], [-0.5139565563750882, 44.85231744838276], [-0.5134271600813677, 44.85223958757279], [-0.5089731813643559, 44.851621730965924], [-0.5086322566572445, 44.851538787138026], [-0.5091309441727524, 44.84970704717977], [-0.5098140035644323, 44.84796770479169], [-0.5100643879989156, 44.84712975526368]]]]}, "properties": {"cleabs": "IRIS____0000000331190106", "code_insee": "33119", "nom_commune": "Cenon", "iris": "0106", "code_iris": "331190106", "nom_iris": "Grand Pavois-Cimetière Saint-Paul", "type_iris": "H"}}, {"type": "Feature", "geometry": {"type": "MultiPolygon", "coordinates": [[[[-0.6378295285868244, 44.799418844106526], [-0.6378236480294466, 44.799582167933146], [-0.6379271280468053, 44.79990953922451], [-0.6378756022604049, 44.80001307466949], [-0.6379300498756801, 44.80009150093404], [-0.6380630926458913, 44.80009344262775], [-0.638134923681555, 44.800029797918775], [-0.6388498520800815, 44.79996667045913], [-0.6391966831028174, 44.7999859255969], [-0.6395099860663687, 44.80013245937569], [-0.6402700246839211, 44.8005896805403], [-0.6407158738504273, 44.800691299990454], [-0.641042479580928, 44.80069138582949], [-0.6413153901302604, 44.800624737821494], [-0.6439813839111892, 44.79959077067709], [-0.6440370848952485, 44.79970790796172], [-0.6415076877797864, 44.80068150904343], [-0.6419134891293946, 44.80262575050132], [-0.6391815085343623, 44.802800208881955], [-0.6388242964710767, 44.80287502671072], [-0.6386731438804355, 44.80304312027129], [-0.6386650916997038, 44.803153340379986], [-0.6385924600307213, 44.80322422188584], [-0.6386387280065938, 44.803332658686294], [-0.6384495744005138, 44.80389135101509], [-0.6385273215275867, 44.80475943228426], [-0.6383400296731735, 44.80528832123742], [-0.6383386971773614, 44.80546321275337], [-0.6388635287981769, 44.806666313459445], [-0.639091829138255, 44.80694632584501], [-0.6397285743713004, 44.80743373960126], [-0.6396654626267066, 44.80749529638101], [-0.6397502758084964, 44.80767096453343], [-0.6399334885040538, 44.80920883903232], [-0.6400472805945664, 44.809538575603696], [-0.6384049841752587, 44.8100440351791], [-0.6381602130627668, 44.8100376487648], [-0.6384932796363412, 44.81082074311996], [-0.6382373234215474, 44.810895838995435], [-0.6381465529122198, 44.8108627670572], [-0.6371068453824213, 44.81087886081581], [-0.635988089165965, 44.810671317074], [-0.6358436346481804, 44.81045434106357], [-0.6355845298034337, 44.809287574155455], [-0.6353307570709679, 44.80882903594263], [-0.6341773325072946, 44.809063336630416], [-0.6337835186189178, 44.809101483294455], [-0.6328520293124348, 44.80910678026586], [-0.6330048050446342, 44.81045098282045], [-0.633417749434702, 44.811099885930176], [-0.6305689109603814, 44.81141223856508], [-0.6303364478888778, 44.81136126913615], [-0.6298708614792717, 44.811445013039496], [-0.6296055364170163, 44.811453701023495], [-0.6294411002647075, 44.81151496412337], [-0.6274589398082269, 44.81177902757106], [-0.6271299353287544, 44.810448699103965], [-0.6268579649926631, 44.809589672614], [-0.6263337886497963, 44.808746107478385], [-0.6257778084690476, 44.80797838648078], [-0.6261500312957593, 44.807782350720736], [-0.6248836740248023, 44.80740468060244], [-0.6244739107186761, 44.80737211558937], [-0.6243821807803506, 44.80734357060347], [-0.6242796527487222, 44.8072261528507], [-0.6270314829441087, 44.806178989359445], [-0.6267576324690264, 44.806035635438896], [-0.6265363066573885, 44.805862622951175], [-0.625956072862645, 44.805111019594655], [-0.6256818058212809, 44.804686480599244], [-0.6256117322126511, 44.8042480516742], [-0.6271646694500194, 44.804045828313804], [-0.6316273213106699, 44.8037347619446], [-0.6314782561504069, 44.803308837630915], [-0.6312943057020725, 44.80175566297988], [-0.6312774013620488, 44.80121995981915], [-0.6310999870131064, 44.80051196511952], [-0.6337564971974048, 44.800072499473075], [-0.634228507633421, 44.80003088549823], [-0.635105067617894, 44.799824587114145], [-0.6370265405757264, 44.79962725649629], [-0.6375312755645571, 44.799524168907205], [-0.6378295285868244, 44.799418844106526]]]]}, "properties": {"cleabs": "IRIS____0000000333180106", "code_insee": "33318", "nom_commune": "Pessac", "iris": "0106", "code_iris": "333180106", "nom_iris": "Le Bourg", "type_iris": "H"}}, {"type": "Feature", "geometry": {"type": "MultiPolygon", "coordinates": [[[[-0.5554427820472091, 44.81323800448109], [-0.5484366786805362, 44.81699441964128], [-0.5485679699684414, 44.816246699314064], [-0.5486875018440032, 44.81513255325422], [-0.5486627217481396, 44.81500086514745], [-0.5487160435404093, 44.81488289916675], [-0.5488215533407562, 44.8140278560891], [-0.5491139924371806, 44.8113021777493], [-0.5489544784102851, 44.807755529433656], [-0.5488990610484691, 44.80749955154011], [-0.549792388078155, 44.80751240327554], [-0.5513179324443304, 44.80761314227341], [-0.5515424113448916, 44.8076194685889], [-0.5518848408048992, 44.80893060544567], [-0.5518639614966154, 44.809261125882124], [-0.5516204740155968, 44.80979524782446], [-0.5515597683958835, 44.81071735226297], [-0.5516540380350944, 44.81122713396944], [-0.5518251657583739, 44.811530774272036], [-0.5519079396169896, 44.811598418361505], [-0.5521148590768692, 44.81160710913721], [-0.5527496272038251, 44.81173456967061], [-0.5535216329441883, 44.81180986201659], [-0.5539706123751411, 44.811942369981956], [-0.5544278806898745, 44.81224584519248], [-0.5554427820472091, 44.81323800448109]]]]}, "properties": {"cleabs": "IRIS____0000000330390106", "code_insee": "33039", "nom_commune": "Bègles", "iris": "0106", "code_iris": "330390106", "nom_iris": "Le Prêche", "type_iris": "H"}}, {"type": "Feature", "geometry": {"type": "MultiPolygon", "coordinates": [[[[-0.5874594446446632, 44.86131346226865], [-0.5884082812904278, 44.86063476660804], [-0.5895005348199127, 44.859306114562955], [-0.5930950714564267, 44.85443015759247], [-0.5943894911463627, 44.85545082068155], [-0.5953270106441108, 44.85637849034419], [-0.5956487785101006, 44.85681238803986], [-0.5960463821656082, 44.857698067220234], [-0.5965040207738831, 44.8583339499182], [-0.5967512975366513, 44.85898926907312], [-0.5968921109768323, 44.860830508205304], [-0.5971190333432859, 44.861682063529265], [-0.597083862255162, 44.861726464893785], [-0.5963035275672545, 44.86200772274984], [-0.5954142516708045, 44.862269973485255], [-0.5949957253964577, 44.86232409259102], [-0.5943602508904259, 44.862334767434945], [-0.5932874924490433, 44.86226496822614], [-0.5930844064407083, 44.8622796567435], [-0.5915956662288381, 44.862442320494516], [-0.5901627241579417, 44.86244723897486], [-0.5881416155743854, 44.86254867089705], [-0.5881375282012279, 44.862306362034516], [-0.5880729728092515, 44.862228236914454], [-0.5872236021708855, 44.862064633279985], [-0.5874594446446632, 44.86131346226865]]]]}, "properties": {"cleabs": "IRIS____0000000330690106", "code_insee": "33069", "nom_commune": "Le Bouscat", "iris": "0106", "code_iris": "330690106", "nom_iris": "Marceau-Tivoli", "type_iris": "H"}}, {"type": "Feature", "geometry": {"type": "MultiPolygon", "coordinates": [[[[-0.5890893308273908, 44.77863091603764], [-0.5886478779977508, 44.77839557216178], [-0.5879870596181838, 44.77827187545995], [-0.5882050486935851, 44.77805933207526], [-0.5881120074117685, 44.778028999514504], [-0.5903711280654022, 44.77676887138998], [-0.5912052889975198, 44.776417386477796], [-0.5922081678935324, 44.77593425016657], [-0.592690536303457, 44.77560227124682], [-0.5930500375172765, 44.774931802393255], [-0.5934688844404935, 44.77386376105059], [-0.5941229030418516, 44.77364427011334], [-0.5948291181672881, 44.77364749127409], [-0.5953397803006458, 44.77354079425214], [-0.5956414904033341, 44.773530100476556], [-0.596125125628338, 44.7738118124918], [-0.5965078318675643, 44.77388050039529], [-0.5968108637568675, 44.773870661820666], [-0.5969822364408721, 44.773859689998744], [-0.5974717816722496, 44.7734823936874], [-0.5978029607240609, 44.773319327655265], [-0.5986686440182702, 44.77322451654615], [-0.599081267490451, 44.773108369302776], [-0.5992827408140073, 44.772974747562294], [-0.599380856591422, 44.772867014974445], [-0.5993997068678231, 44.7727267092327], [-0.5991231796574112, 44.772399528990626], [-0.5991088443349936, 44.77219541179774], [-0.5992081596894308, 44.772066911715356], [-0.5995014918701795, 44.77184648891598], [-0.5997382477985198, 44.77143413580082], [-0.6003310773623284, 44.7713860295187], [-0.6010360991492709, 44.77109454119217], [-0.6024856425426693, 44.77085183875773], [-0.6035385346360823, 44.770540007629165], [-0.6048722002522154, 44.769812565981105], [-0.6053536469403847, 44.76950759599061], [-0.6058610926106177, 44.76905577509217], [-0.6059662074305135, 44.76899827829354], [-0.6063747803291794, 44.76891828440357], [-0.6065783633916008, 44.76883775356435], [-0.6073364550214596, 44.7688419077535], [-0.6096093096256489, 44.76902922819211], [-0.6107788765115446, 44.76903797446847], [-0.6113121801331678, 44.76916659160782], [-0.6128457776618147, 44.76920941123649], [-0.6132062436392421, 44.768991266756814], [-0.6136904997189114, 44.76878981139179], [-0.6139611777115648, 44.768513308302985], [-0.6144818853956807, 44.768347611373386], [-0.615567849937469, 44.767843517563975], [-0.6163155985474803, 44.76762804155408], [-0.6166311969823136, 44.76757808214692], [-0.6170357771461504, 44.767377410459254], [-0.6174418808690455, 44.767239775268585], [-0.6174147145618127, 44.76709285675787], [-0.6172070998090594, 44.7668941509997], [-0.617243119152304, 44.76664783357064], [-0.617383986345598, 44.76651705754577], [-0.6177126105595232, 44.76637474149536], [-0.6178815751316072, 44.766208799412205], [-0.6184057854435103, 44.76590147173349], [-0.6186663220467287, 44.76591999779254], [-0.6186408496193772, 44.766133526100006], [-0.6184238037851709, 44.766613775545856], [-0.6172251231199414, 44.76796064763107], [-0.6164454340170363, 44.76974445414722], [-0.6155377873628178, 44.77066091789614], [-0.6146278589883303, 44.77189649205018], [-0.6139971952717944, 44.77356005596958], [-0.6138996749760748, 44.77365696791038], [-0.6132235639476987, 44.77396472029267], [-0.6121571170951727, 44.77491246949098], [-0.6118718344441252, 44.77521828379315], [-0.6115020291166544, 44.775705301081025], [-0.6098323013163113, 44.778490520330664], [-0.6081759802176114, 44.77788025328847], [-0.6063983625061216, 44.777114389894614], [-0.6033435346047906, 44.77523464764423], [-0.6030604281448204, 44.77510145841211], [-0.6027686856683193, 44.77507039052836], [-0.6017168619905379, 44.77520282869613], [-0.6016644958526022, 44.775333409785205], [-0.6010515039619803, 44.775699416818064], [-0.600190673258545, 44.776068067254], [-0.5995420340447889, 44.776490200035354], [-0.5993280236925549, 44.77656654947781], [-0.5993415456734789, 44.77671842105521], [-0.5985352714800957, 44.778453379650465], [-0.5969919891203538, 44.77824303651711], [-0.595391974028713, 44.777798386941924], [-0.5948273531806435, 44.77773469601094], [-0.5934754243447998, 44.77719184503813], [-0.5931842467663835, 44.77713009107895], [-0.5929345288589579, 44.777241833266025], [-0.5927894299149281, 44.77722851406011], [-0.5927294458581897, 44.777180890883926], [-0.5925748840034594, 44.77723727411809], [-0.5890893308273908, 44.77863091603764]]]]}, "properties": {"cleabs": "IRIS____0000000331920106", "code_insee": "33192", "nom_commune": "Gradignan", "iris": "0106", "code_iris": "331920106", "nom_iris": "Moulineau", "type_iris": "H"}}, {"type": "Feature", "geometry": {"type": "MultiPolygon", "coordinates": [[[[-0.49405714613619295, 44.88261419598352], [-0.4947197239598026, 44.881305484812785], [-0.49524544947515553, 44.880506666515565], [-0.49514811846467205, 44.8803889673984], [-0.49568077305820557, 44.87931505487325], [-0.4967075899595208, 44.87854370406804], [-0.4963931809448817, 44.87825800746409], [-0.4967733267454607, 44.87681218142309], [-0.49727971316143005, 44.87543988133377], [-0.4983418643720541, 44.874077998620486], [-0.5003156253625712, 44.8744086963254], [-0.500879067277606, 44.87389164399532], [-0.5015575016358208, 44.87416133612271], [-0.5026417223495366, 44.8729113658113], [-0.5014650593475537, 44.872375318222275], [-0.5019971137308078, 44.87233059135882], [-0.5023680603019923, 44.87244595768012], [-0.5025752590242859, 44.87237452986962], [-0.5033548611023292, 44.8724580683071], [-0.5033643953816425, 44.871961191146426], [-0.5034855802035395, 44.87185192173494], [-0.5034673446692837, 44.871742547738535], [-0.5036838891813111, 44.871841154635604], [-0.5037857602138897, 44.871767642522784], [-0.5036552104786589, 44.8710570912927], [-0.5038745353703751, 44.87067255223728], [-0.5037328009291422, 44.87041206671261], [-0.5041191816046061, 44.870307941341494], [-0.504168214313751, 44.87007838257306], [-0.5045594630859576, 44.869788449073695], [-0.5045835045640406, 44.86958491371121], [-0.5053527148734421, 44.870943100982146], [-0.5059454393362204, 44.87219420694865], [-0.5061761738999572, 44.872945751702154], [-0.5064560250237838, 44.87348936297199], [-0.5070319916792866, 44.874349861566934], [-0.5072279478872752, 44.87454464312433], [-0.509535305500222, 44.87876877136224], [-0.5090728811101801, 44.87865091191392], [-0.5084376539243836, 44.8785871798602], [-0.5079687133641884, 44.878608311550394], [-0.5075360939233412, 44.87868326847322], [-0.5070410918686751, 44.87883499709505], [-0.506561941641716, 44.879078148135655], [-0.5057667071035357, 44.87971971203361], [-0.5074525801360806, 44.88008461873281], [-0.5054979768352282, 44.886454990850766], [-0.5049959785851258, 44.88749013689544], [-0.5044953237832704, 44.88826297939999], [-0.5029985680864896, 44.88745855951102], [-0.4995488611274673, 44.88670399323234], [-0.49886838340513906, 44.88636315061955], [-0.49654296297843786, 44.88481061176591], [-0.49593151200115465, 44.884234160455215], [-0.4960011375360172, 44.88402919147986], [-0.49568173529446924, 44.8839689554322], [-0.49431928452412005, 44.8824878830486], [-0.49405714613619295, 44.88261419598352]]]]}, "properties": {"cleabs": "IRIS____0000000332490106", "code_insee": "33249", "nom_commune": "Lormont", "iris": "0106", "code_iris": "332490106", "nom_iris": "Résidences des Hauts de Lormont", "type_iris": "H"}}, {"type": "Feature", "geometry": {"type": "MultiPolygon", "coordinates": [[[[-0.5930950714564267, 44.85443015759247], [-0.5935203765138977, 44.85386931161141], [-0.5940158892956627, 44.85317820915153], [-0.5975567842419706, 44.85404041015953], [-0.5989493171947518, 44.8544756192827], [-0.6012912916146701, 44.855726288990176], [-0.6028615378595438, 44.856698249239216], [-0.6036196657936492, 44.857276578042736], [-0.6051797891542737, 44.858148795937154], [-0.6034633563202163, 44.85873000345949], [-0.5992984983143034, 44.85996024800346], [-0.5996716200860813, 44.86052225351655], [-0.598561579932924, 44.86097735529932], [-0.5971604807983816, 44.86169604136056], [-0.5971190333432859, 44.861682063529265], [-0.5968921109768323, 44.860830508205304], [-0.5967512975366513, 44.85898926907312], [-0.5965040207738831, 44.8583339499182], [-0.5960463821656082, 44.857698067220234], [-0.5956487785101006, 44.85681238803986], [-0.5953270106441108, 44.85637849034419], [-0.5943894911463627, 44.85545082068155], [-0.5930950714564267, 44.85443015759247]]]]}, "properties": {"cleabs": "IRIS____0000000330690107", "code_insee": "33069", "nom_commune": "Le Bouscat", "iris": "0107", "code_iris": "330690107", "nom_iris": "Barrière du Médoc", "type_iris": "H"}}, {"type": "Feature", "geometry": {"type": "MultiPolygon", "coordinates": [[[[-0.6978537200645641, 44.90027034790243], [-0.6968795305239001, 44.89992062581891], [-0.6962667286228692, 44.89982025130004], [-0.6951776815234414, 44.899824958214786], [-0.6943959984970194, 44.89966349576114], [-0.6937128261246223, 44.899457289061694], [-0.6931838417252568, 44.89920448776891], [-0.6920983029043344, 44.89889628563965], [-0.6921376985907278, 44.89880123681922], [-0.6886895936351849, 44.89789465074635], [-0.6881559435085887, 44.89784027461417], [-0.6870981197108026, 44.896756862526324], [-0.6867035077543334, 44.89605881933953], [-0.6865739612428933, 44.896017153736246], [-0.6865693148108011, 44.895927175124534], [-0.686881114118539, 44.89582848986356], [-0.6859681155694547, 44.89418864667806], [-0.6820672843298486, 44.89466601545038], [-0.6818797885766427, 44.89551857986032], [-0.6805168961372715, 44.89488507619577], [-0.6811731852860523, 44.894490166034274], [-0.682313313513911, 44.89333380622169], [-0.6836069554391038, 44.89337651183813], [-0.683676146485357, 44.893310221587875], [-0.6839729084009097, 44.89277039306664], [-0.6837767640682824, 44.89192695139099], [-0.6839769166519022, 44.891731030327186], [-0.6842403580245392, 44.89164927943753], [-0.6849707671098837, 44.891611514476054], [-0.6852934172768205, 44.89135023398683], [-0.6852461271399546, 44.89078486928962], [-0.685686780331663, 44.890389878626316], [-0.6857118473965761, 44.88901542403911], [-0.6860358442775907, 44.888485500888834], [-0.6863936715797699, 44.88816175827724], [-0.6867600659807567, 44.88796842226225], [-0.6870860686685982, 44.887507831250446], [-0.6863947133150371, 44.88719369877056], [-0.6862987350144149, 44.88687150754506], [-0.684243617254047, 44.88511636199583], [-0.6858821595540597, 44.88427510229412], [-0.6868050830482363, 44.88344497247876], [-0.6876947079699866, 44.88234013497522], [-0.687804369613779, 44.882021928435194], [-0.6875977231867221, 44.88171333073563], [-0.6865102310684515, 44.88081027838531], [-0.6862346347616494, 44.87997308881396], [-0.686342966143396, 44.87951882827353], [-0.6869610288965001, 44.8787384800033], [-0.6868482416011317, 44.87804460198355], [-0.6870651212106496, 44.8774290027247], [-0.6883440028221063, 44.877522605499585], [-0.6900148391180889, 44.87779334134317], [-0.690968498901221, 44.87787609586438], [-0.6910856904927961, 44.87794250156626], [-0.6908572737849464, 44.878112337272945], [-0.6919407342677789, 44.87866486472228], [-0.6933665977787984, 44.87919967843951], [-0.6930193004620945, 44.88014411046444], [-0.6927146010202232, 44.880753632507805], [-0.6927116226999057, 44.880881720205586], [-0.6931723173387663, 44.88117825011207], [-0.6937575242547573, 44.881632873520765], [-0.697023694627417, 44.88131230725644], [-0.6971823686755186, 44.88135389061166], [-0.6973825513946278, 44.88133280039755], [-0.6999007829739042, 44.88151296695337], [-0.7006468267044588, 44.88159895696437], [-0.7044542022848845, 44.882390396948146], [-0.7044823825008689, 44.882337178913275], [-0.7046262946648596, 44.88232786856345], [-0.7047738955353486, 44.88243200310967], [-0.7055286917684458, 44.88265016516284], [-0.7073780201693809, 44.883104870516696], [-0.7084738647674101, 44.883706406056106], [-0.7090546974846587, 44.88395829938088], [-0.7091141104569982, 44.88393648441796], [-0.7092684705830951, 44.88397008321423], [-0.7094852123772201, 44.88410344805502], [-0.7094625396637048, 44.88420155034769], [-0.7105421266633882, 44.88361744881841], [-0.711060854149147, 44.8840994469698], [-0.7116682180618179, 44.88456045212946], [-0.7125124800805831, 44.885286636527354], [-0.713406667035512, 44.885981400835725], [-0.7132202408430104, 44.88611472696091], [-0.7142998958896967, 44.88677623979498], [-0.7156638940047448, 44.88771034484604], [-0.7155544115148016, 44.88774195147504], [-0.7143398512970581, 44.88856676997357], [-0.7127900954966794, 44.88950013167274], [-0.7126574348944635, 44.8893540450086], [-0.7124498926035321, 44.88928347139713], [-0.7123349431539476, 44.88929002000507], [-0.7119605579835032, 44.889629727567375], [-0.7117950170488644, 44.889619039290544], [-0.7117100907049269, 44.88952363307097], [-0.7116245153274331, 44.8886711223832], [-0.7115010417842911, 44.8885679916724], [-0.7109041016030283, 44.888418498762334], [-0.7107644965178979, 44.88830148518944], [-0.710633625439444, 44.88825899068942], [-0.710318844293397, 44.88834973279966], [-0.7101600328096297, 44.88893910952749], [-0.7100095526505767, 44.88900272644739], [-0.709744722294186, 44.88900526858577], [-0.7096054059091393, 44.889045978332], [-0.7087615364917648, 44.888958806559316], [-0.7081025608865897, 44.88900245527777], [-0.7070738563104656, 44.88872765779222], [-0.706212979618805, 44.88867077911055], [-0.7053649273443899, 44.88855848413632], [-0.7051044355544381, 44.888626668040445], [-0.7044738406240757, 44.88898481575002], [-0.7039491016945573, 44.88919881881917], [-0.7037295959733385, 44.88917730068554], [-0.703342368846475, 44.88903519109055], [-0.7029331928061616, 44.88904073020896], [-0.702293715826168, 44.88928379031048], [-0.7015974326982719, 44.88939624467176], [-0.701286639138384, 44.88939399001405], [-0.7005772705345522, 44.889634863760385], [-0.7004309519462043, 44.88980017938413], [-0.7002934920295083, 44.890080570336316], [-0.7001926167186467, 44.89016595456057], [-0.6998329142863674, 44.89026807822209], [-0.6998383926787232, 44.890389575795204], [-0.7001235189248756, 44.890636952046414], [-0.7002551237164465, 44.89084437872705], [-0.7001903858141149, 44.8909970597228], [-0.7000930862467893, 44.89105979124935], [-0.69975779194784, 44.89114758085783], [-0.6997887797018951, 44.89165580224436], [-0.7001086113094236, 44.892083190470636], [-0.7005676225006167, 44.89250593821056], [-0.7006112164186802, 44.89259011178924], [-0.700586231663954, 44.892691894318695], [-0.7028693155624015, 44.89316287031394], [-0.7044291738906716, 44.89330010701254], [-0.7050222387360819, 44.893313663368346], [-0.7050528794537448, 44.893470374872564], [-0.7051113249060346, 44.893529715120465], [-0.7050473387130488, 44.893597648513904], [-0.7046983374351302, 44.89589689372529], [-0.7048006129323398, 44.895928632696034], [-0.7047742324619192, 44.896047588495684], [-0.7034134701058009, 44.89598843787449], [-0.7020587926689554, 44.89581009122099], [-0.7018810979942064, 44.895826833035095], [-0.7014088485442067, 44.896318486226], [-0.7007839513818184, 44.897072107141014], [-0.6999390647544806, 44.89781683223817], [-0.6990884029172447, 44.8986473697413], [-0.6984541363417904, 44.899375149622465], [-0.6978537200645641, 44.90027034790243]]]]}, "properties": {"cleabs": "IRIS____0000000334490107", "code_insee": "33449", "nom_commune": "Saint-Médard-en-Jalles", "iris": "0107", "code_iris": "334490107", "nom_iris": "Gajac", "type_iris": "H"}}, {"type": "Feature", "geometry": {"type": "MultiPolygon", "coordinates": [[[[-0.5106457952059869, 44.87644091509249], [-0.5109558471463611, 44.87540009731231], [-0.5120935455824752, 44.8709778033742], [-0.5123502966297871, 44.87015947025844], [-0.5148932052070035, 44.87077560615583], [-0.5165287203806777, 44.87129066599166], [-0.5161531808186653, 44.872113675940945], [-0.5151106241014681, 44.87592557715494], [-0.5136277486112377, 44.87572469588357], [-0.5128814437152756, 44.875546445365146], [-0.5121323934642668, 44.876053213660576], [-0.5119022579907775, 44.87616323693453], [-0.5115469431919712, 44.876278121828186], [-0.5106457952059869, 44.87644091509249]]]]}, "properties": {"cleabs": "IRIS____0000000332490107", "code_insee": "33249", "nom_commune": "Lormont", "iris": "0107", "code_iris": "332490107", "nom_iris": "Génicart 1", "type_iris": "H"}}, {"type": "Feature", "geometry": {"type": "MultiPolygon", "coordinates": [[[[-0.5117336698576271, 44.77381549650997], [-0.5114106132019668, 44.77303898766227], [-0.5114835927187342, 44.76936698363523], [-0.5139735291602018, 44.76947187046468], [-0.5153865097960417, 44.769995697465205], [-0.516208375865082, 44.77063560194309], [-0.5163347617453822, 44.770532457798296], [-0.5174324605358464, 44.77024256749787], [-0.5178271857864134, 44.76981818288687], [-0.5183164466126576, 44.76975217701522], [-0.5194157260892245, 44.76975060161507], [-0.5216662740686393, 44.76930507570385], [-0.5220362193154131, 44.769535738245864], [-0.5236995977442888, 44.77001635303976], [-0.5238587516775953, 44.76995181061344], [-0.5240925040526021, 44.769583891595865], [-0.5239973521978805, 44.76927690350552], [-0.5240295699029062, 44.76874146294814], [-0.5243698128619357, 44.76843774590379], [-0.5246591838046106, 44.76831138179838], [-0.525171952192492, 44.76829776825056], [-0.5254415145618582, 44.76817834086776], [-0.525663856589648, 44.76789098879736], [-0.5256874344622601, 44.76758112426624], [-0.5265942782737939, 44.76755766377223], [-0.5269394381842591, 44.767413295521266], [-0.5272161807093138, 44.76738826181109], [-0.529441123294334, 44.76764543059807], [-0.5296141204524677, 44.76806348660658], [-0.5323534941873855, 44.76793020259318], [-0.5330874659539097, 44.768054593027244], [-0.5334823431082041, 44.76835922382064], [-0.5338700057766724, 44.76852890178647], [-0.5344926006184798, 44.768652330382075], [-0.5348328647422925, 44.76845041570439], [-0.5348485159727864, 44.76815612111687], [-0.535137393244729, 44.768102742810655], [-0.5352477920480482, 44.7678667067214], [-0.5351545598555618, 44.7675308264938], [-0.5352179994634839, 44.76731251094311], [-0.5349657051334515, 44.76684111807787], [-0.5356239329938309, 44.76644520567201], [-0.5357107734796888, 44.766236957416105], [-0.5354906920206907, 44.76599614907391], [-0.5358295885096315, 44.76557167524631], [-0.5364541290571546, 44.765284077002235], [-0.5367581237879119, 44.76466695384093], [-0.5371020905883345, 44.764524393212206], [-0.5373808032620867, 44.763867520971964], [-0.5372844653419925, 44.763663318925445], [-0.537518247984487, 44.76345848715352], [-0.5373934357155145, 44.76320382558863], [-0.5374748104217602, 44.76313003093382], [-0.5379062206138181, 44.76284949291601], [-0.538495157120884, 44.762881147312534], [-0.538558946472531, 44.76256819116924], [-0.5388656907303786, 44.762316865911494], [-0.538865264408707, 44.76200866496112], [-0.5391860963326871, 44.761920909233496], [-0.5395599944784372, 44.761571006300095], [-0.5401222162082725, 44.76141965800419], [-0.540974809453915, 44.761440167554255], [-0.5416432865716769, 44.76136922710669], [-0.5429235776176032, 44.761111087511935], [-0.5459014850041242, 44.766229324599394], [-0.5460284306050512, 44.76613604017423], [-0.5480975054204376, 44.76963500312746], [-0.5489416353986565, 44.77142301901835], [-0.5497041358003023, 44.77331999110589], [-0.5501655509808064, 44.774936416364085], [-0.5504757254359041, 44.7764216039276], [-0.5522795606883204, 44.78698471808805], [-0.5515416550565877, 44.787363455109826], [-0.5517904085605944, 44.787715071309066], [-0.5517163922391101, 44.787745381818475], [-0.5501094399519597, 44.78839078592371], [-0.5465711676568115, 44.7893764745572], [-0.5364428362189089, 44.786581055488995], [-0.5360737452043649, 44.788015858862664], [-0.5354290760907556, 44.78963699390466], [-0.5332655390021902, 44.78924367536177], [-0.5332231991354404, 44.78957667353238], [-0.5327859233608007, 44.78992857182738], [-0.5326547151512657, 44.79019681156482], [-0.5311215805997537, 44.79032948966981], [-0.5311527270478471, 44.791227911889806], [-0.530615509672129, 44.7911981659213], [-0.5301604921107516, 44.791066664963886], [-0.5297914504890382, 44.79107481584812], [-0.5285140056760291, 44.79080548083183], [-0.5277023199647509, 44.790717770200594], [-0.5257271054039082, 44.791005936036576], [-0.5230644767902121, 44.791715160105305], [-0.5194025501436317, 44.789099948618755], [-0.5188691866490963, 44.785756275553794], [-0.5167054496915808, 44.78131082027597], [-0.5165736906719633, 44.78064089965432], [-0.515108869699492, 44.77846320736387], [-0.5140427664707963, 44.77762195737039], [-0.5130218441548579, 44.77622772917806], [-0.5120521605146244, 44.774579532824944], [-0.5117336698576271, 44.77381549650997]]]]}, "properties": {"cleabs": "IRIS____0000000335500107", "code_insee": "33550", "nom_commune": "Villenave-d'Ornon", "iris": "0107", "code_iris": "335500107", "nom_iris": "Hourcade-Geneste-Le Bourg-Courréjean", "type_iris": "H"}}, {"type": "Feature", "geometry": {"type": "MultiPolygon", "coordinates": [[[[-0.5513179324443304, 44.80761314227341], [-0.549792388078155, 44.80751240327554], [-0.5488990610484691, 44.80749955154011], [-0.5466582156506316, 44.80787949386991], [-0.542312751857073, 44.80873312059309], [-0.5423979798955881, 44.80763540468903], [-0.5415121126831296, 44.807700661854184], [-0.5414231780610718, 44.80767556520535], [-0.5401602552286118, 44.80772401813986], [-0.539791072584705, 44.80777185738436], [-0.539691861115277, 44.80774438387011], [-0.538498254302064, 44.807787900598754], [-0.5389197604972163, 44.80692278551521], [-0.539006718643119, 44.806635221751954], [-0.5390867207036945, 44.806558766902356], [-0.5391009792641768, 44.80640330077225], [-0.539245061609054, 44.806198628133565], [-0.5402369400241752, 44.80415992212482], [-0.5402676600039079, 44.80388406702795], [-0.5405329147899895, 44.803794483959805], [-0.5409872157971022, 44.80341046853434], [-0.5412308685809286, 44.80325938922736], [-0.543351918040293, 44.802407534381516], [-0.5442664248980937, 44.8020953090079], [-0.5449273032194701, 44.80207687728577], [-0.5451004286074035, 44.802232659718904], [-0.5458729992646598, 44.80268018976093], [-0.545855092987396, 44.80203548320835], [-0.5456238765714737, 44.80043779343315], [-0.5471042942264813, 44.80024802943987], [-0.5481451775312216, 44.800193983365986], [-0.5508814808757425, 44.80014780633289], [-0.5511948847281819, 44.80322357897072], [-0.5517800390039387, 44.803288643754136], [-0.5516458662134831, 44.80416984160069], [-0.5511730477002917, 44.805882010670615], [-0.5511682047957542, 44.80636612746281], [-0.5513179324443304, 44.80761314227341]]]]}, "properties": {"cleabs": "IRIS____0000000330390107", "code_insee": "33039", "nom_commune": "Bègles", "iris": "0107", "code_iris": "330390107", "nom_iris": "Mairie Bourg", "type_iris": "H"}}, {"type": "Feature", "geometry": {"type": "MultiPolygon", "coordinates": [[[[-0.605125733080905, 44.79049345683991], [-0.6031551395432808, 44.790473734356546], [-0.6023744041120195, 44.790397276648065], [-0.6021064845291866, 44.790857514345525], [-0.6012255594883356, 44.78986953324449], [-0.5988787407028502, 44.788302796746834], [-0.5982743702540868, 44.78781772392828], [-0.5963133774997629, 44.786977433996256], [-0.5956135146645948, 44.78681899584725], [-0.5933696614716328, 44.78707564146763], [-0.5929224554456567, 44.78696937621033], [-0.5927810690857513, 44.78701451685428], [-0.5918501646513861, 44.786943757477516], [-0.591965503525333, 44.7858179658836], [-0.5919055037106604, 44.785691032630226], [-0.5925479715200908, 44.784516607370364], [-0.5930114353378422, 44.783887829865485], [-0.5932801527820004, 44.78302383212034], [-0.5932467577395896, 44.78264008282219], [-0.5895002265926074, 44.78302378644795], [-0.5892181578112364, 44.781836972906696], [-0.5908323021454257, 44.78149176566441], [-0.5901122335819131, 44.779926206936], [-0.5887819173406496, 44.7788499629831], [-0.5890893308273908, 44.77863091603764], [-0.5925748840034594, 44.77723727411809], [-0.5927294458581897, 44.777180890883926], [-0.5927894299149281, 44.77722851406011], [-0.5929345288589579, 44.777241833266025], [-0.5931842467663835, 44.77713009107895], [-0.5934754243447998, 44.77719184503813], [-0.5948273531806435, 44.77773469601094], [-0.595391974028713, 44.777798386941924], [-0.5969919891203538, 44.77824303651711], [-0.5985352714800957, 44.778453379650465], [-0.600809133925285, 44.778710256287894], [-0.6010700223058151, 44.77877297532262], [-0.6012542349735697, 44.778863421189214], [-0.6016276921861768, 44.77918203972475], [-0.6020627169999844, 44.779829414320524], [-0.6023339996714927, 44.780093672796944], [-0.6037001930595285, 44.78059990729088], [-0.6049063252694816, 44.78111584021683], [-0.6060458773593828, 44.78191511882214], [-0.6059703903566913, 44.7829080529653], [-0.606943336722032, 44.783181006819014], [-0.6065259797548161, 44.78387503964942], [-0.6051179089483564, 44.786228974682096], [-0.6052116141934032, 44.786289013573445], [-0.6049710538933043, 44.787076425222], [-0.6049256335872398, 44.78739424315539], [-0.604931608720108, 44.78829620434538], [-0.6053361989319913, 44.79049922687009], [-0.605125733080905, 44.79049345683991]]]]}, "properties": {"cleabs": "IRIS____0000000331920107", "code_insee": "33192", "nom_commune": "Gradignan", "iris": "0107", "code_iris": "331920107", "nom_iris": "Le Brandier", "type_iris": "H"}}, {"type": "Feature", "geometry": {"type": "MultiPolygon", "coordinates": [[[[-0.6227676266705817, 44.81711385748553], [-0.6217876507885607, 44.81740994998145], [-0.6213194955949191, 44.81780828394429], [-0.6208869061480774, 44.817953098043205], [-0.6201946111796036, 44.81786034418007], [-0.619496719484444, 44.817621762894085], [-0.6182588615976025, 44.817885685394735], [-0.617881682684489, 44.81822245215828], [-0.6173042369559475, 44.819028103691494], [-0.6133268312049348, 44.82013027561123], [-0.6135557818142989, 44.820480617206506], [-0.6116233856593164, 44.82154399094902], [-0.6113669341738488, 44.82173079568772], [-0.6112011256871287, 44.82218502786602], [-0.6105425221878087, 44.82265620996295], [-0.6103792700197137, 44.82238213314526], [-0.6101800080273951, 44.822257036588574], [-0.6096995576538845, 44.82238714084183], [-0.6094140500065948, 44.8223387547721], [-0.6084949196306085, 44.821455690133284], [-0.6067021597308301, 44.821895260018344], [-0.605026327650152, 44.81969840473588], [-0.6038581702930161, 44.82004371410195], [-0.6029653163404393, 44.818423422591344], [-0.6048164684450492, 44.81745477322604], [-0.6053261555209076, 44.81724803239751], [-0.6066775821306314, 44.81689854604671], [-0.6083023241633001, 44.81623101333874], [-0.611072836833799, 44.81457710672345], [-0.6111216841820447, 44.81450972314976], [-0.6093951277115409, 44.813020283088946], [-0.6102842445720652, 44.81274888963852], [-0.613116861512402, 44.81163095937505], [-0.6137761421555135, 44.811448141892086], [-0.614490924361944, 44.81132119168865], [-0.615542623971784, 44.81125534955684], [-0.6163884878924851, 44.811296253483604], [-0.6173255606200649, 44.81145584583571], [-0.6182235156893904, 44.81169601891451], [-0.6192032549977674, 44.812124583894416], [-0.6198921062488062, 44.812538305849415], [-0.6206094296603916, 44.81319714074799], [-0.6214240119870508, 44.814146608791496], [-0.6217184848074581, 44.81453084405496], [-0.6220684748272388, 44.81514759540257], [-0.6228214910739251, 44.81700664837487], [-0.6227676266705817, 44.81711385748553]]]]}, "properties": {"cleabs": "IRIS____0000000333180107", "code_insee": "33318", "nom_commune": "Pessac", "iris": "0107", "code_iris": "333180107", "nom_iris": "Les Échoppes", "type_iris": "H"}}, {"type": "Feature", "geometry": {"type": "MultiPolygon", "coordinates": [[[[-0.5044519507072852, 44.85095986115313], [-0.5031855661451775, 44.847984376556404], [-0.5052063605214827, 44.847844836140396], [-0.5100643879989156, 44.84712975526368], [-0.5098140035644323, 44.84796770479169], [-0.5091309441727524, 44.84970704717977], [-0.5086322566572445, 44.851538787138026], [-0.5056248319185311, 44.851117466295435], [-0.5045871017823713, 44.85101417090469], [-0.5044519507072852, 44.85095986115313]]]]}, "properties": {"cleabs": "IRIS____0000000331190107", "code_insee": "33119", "nom_commune": "Cenon", "iris": "0107", "code_iris": "331190107", "nom_iris": "Marègue", "type_iris": "H"}}, {"type": "Feature", "geometry": {"type": "MultiPolygon", "coordinates": [[[[-0.6309257138597779, 44.87165679861828], [-0.6329882310238188, 44.86659162117174], [-0.6341912688195787, 44.865363418840815], [-0.6328792447640814, 44.865064795470545], [-0.632062776841082, 44.86478598773149], [-0.631266781082908, 44.86421628859058], [-0.6314504357129858, 44.86384255104119], [-0.6333431862706452, 44.86191491124092], [-0.6346985207182692, 44.8623941686497], [-0.6352113985030702, 44.86174285562455], [-0.6365424521587515, 44.86049781198113], [-0.6383230365803988, 44.8607341565465], [-0.6421901386550498, 44.86123367171685], [-0.6421310161850523, 44.86137711604172], [-0.642017594596262, 44.86148448839451], [-0.6412648795753406, 44.86191477806888], [-0.6404675451711939, 44.86222395025851], [-0.6402106349625774, 44.86238559997741], [-0.6399650631331898, 44.86262438844337], [-0.6394336540035239, 44.86369273130153], [-0.6386451367010416, 44.86468568294508], [-0.6385607268971935, 44.86484978288191], [-0.6384780259938627, 44.86505979274706], [-0.6383983935681884, 44.86566897559994], [-0.6383041483972447, 44.865955072671866], [-0.6372719439403951, 44.86739313189082], [-0.6420149983006089, 44.87099325810232], [-0.6419562736193555, 44.87108441406106], [-0.6412961493865557, 44.87143955824478], [-0.6416441221934084, 44.8717625208063], [-0.6367708834605381, 44.87456313989056], [-0.6332492888176429, 44.87277676199404], [-0.6331616406640812, 44.87281297956318], [-0.6330609037075988, 44.87280365957366], [-0.6329991109202979, 44.87274980238335], [-0.633002199469483, 44.872660473139575], [-0.6314986487322463, 44.87197062733277], [-0.6309257138597779, 44.87165679861828]]]]}, "properties": {"cleabs": "IRIS____0000000331620107", "code_insee": "33162", "nom_commune": "Eysines", "iris": "0107", "code_iris": "331620107", "nom_iris": "Migron", "type_iris": "H"}}, {"type": "Feature", "geometry": {"type": "MultiPolygon", "coordinates": [[[[-0.5861111632295927, 44.823377013178494], [-0.5828623110896014, 44.82134247027726], [-0.5827672501911477, 44.82128155322846], [-0.5785380253774025, 44.8185629776618], [-0.5804082506391498, 44.81776807503126], [-0.5821557751369443, 44.817928825698374], [-0.5848177158943507, 44.818231223255175], [-0.5850289838865963, 44.81787110045003], [-0.5870680218978286, 44.81805569359444], [-0.5883346431881104, 44.81812105227547], [-0.588403870401297, 44.8186099955672], [-0.5879120817057771, 44.81856282447235], [-0.5887108331407956, 44.820580118029405], [-0.5870166289124475, 44.82081970182383], [-0.5863903529581297, 44.82086790113354], [-0.5861134075110779, 44.82301553722593], [-0.5861111632295927, 44.823377013178494]]]]}, "properties": {"cleabs": "IRIS____0000000335220107", "code_insee": "33522", "nom_commune": "Talence", "iris": "0107", "code_iris": "335220107", "nom_iris": "Saint-Genès", "type_iris": "H"}}, {"type": "Feature", "geometry": {"type": "MultiPolygon", "coordinates": [[[[-0.5697253112593077, 44.799403677364076], [-0.5706399697101333, 44.801088372166404], [-0.571215794882079, 44.80250008914791], [-0.5681809890894324, 44.80318994665863], [-0.5680905862520673, 44.802902657742145], [-0.5679763878740517, 44.802858568315976], [-0.5663355315903508, 44.80305377362722], [-0.5649555204567489, 44.80299092177411], [-0.5650843064737597, 44.80242711046508], [-0.5616942963673608, 44.80202780315059], [-0.5614918243498693, 44.802548014117775], [-0.561179920044028, 44.803658445706205], [-0.561320612740132, 44.80428028467989], [-0.5604629481093455, 44.80448988840965], [-0.5602174513368667, 44.804631157143746], [-0.5597432290768458, 44.80501859888707], [-0.5589365475229573, 44.80521393563736], [-0.5587167633630035, 44.804562189151035], [-0.5584360705746536, 44.80422783033432], [-0.5581994271422669, 44.80354958756678], [-0.5582606664742082, 44.80315738688074], [-0.5580393272309746, 44.80232093686543], [-0.557750094283921, 44.800872024689866], [-0.5574665154314452, 44.80017185642296], [-0.5575117875058906, 44.79890777533691], [-0.5576753229307906, 44.79789224355978], [-0.560108606424544, 44.798139450773824], [-0.5610035660969546, 44.798280130368774], [-0.5611582120252074, 44.797604642661675], [-0.5628445756497588, 44.797809997836396], [-0.5632334094902354, 44.798073275063906], [-0.5636619930330091, 44.79816493929086], [-0.5637332295828074, 44.79821041415612], [-0.5638157233472367, 44.79895218265846], [-0.5657774794742145, 44.79894856433542], [-0.5660105089659453, 44.79918980819581], [-0.5670507124483359, 44.7991653462259], [-0.5671352879420997, 44.79950058845051], [-0.5697253112593077, 44.799403677364076]]]]}, "properties": {"cleabs": "IRIS____0000000330390108", "code_insee": "33039", "nom_commune": "Bègles", "iris": "0108", "code_iris": "330390108", "nom_iris": "Argous", "type_iris": "H"}}, {"type": "Feature", "geometry": {"type": "MultiPolygon", "coordinates": [[[[-0.5305882545409166, 44.8436187823235], [-0.531572523556968, 44.84341711447516], [-0.5393262942627461, 44.8422488973888], [-0.5414220963965574, 44.84235864147625], [-0.5410849592708692, 44.842857876521855], [-0.5400961129353811, 44.84385016152151], [-0.5403959314229823, 44.844165037490626], [-0.5386763447050212, 44.845864670286346], [-0.5381483297963278, 44.84661241773779], [-0.5378287965560563, 44.847291327818006], [-0.5377153867153072, 44.84732108079019], [-0.5364699184075419, 44.84715801771709], [-0.5353145715682125, 44.84824478709281], [-0.5345239413543474, 44.849269453622156], [-0.5342580536631267, 44.84973485223979], [-0.5339808029254542, 44.850361933475035], [-0.5337681073855319, 44.85108879724178], [-0.5335710528460063, 44.852104459357726], [-0.5334630154204082, 44.85384999166392], [-0.5336452480144707, 44.856241479260056], [-0.5320157562661069, 44.85720722394671], [-0.5316683173385266, 44.85748505086174], [-0.5308447651392699, 44.85800964811955], [-0.5302371752674118, 44.85856341670565], [-0.5298294644481941, 44.858346573814316], [-0.5295118365906339, 44.85795022140521], [-0.5294544382363084, 44.857702404974006], [-0.529601284002205, 44.85675323772496], [-0.5295846103936946, 44.85658884199917], [-0.5294047192441365, 44.85612592242095], [-0.5291300352241658, 44.855848067813994], [-0.5287265787385605, 44.85559774078314], [-0.5285154552492919, 44.85522233223375], [-0.5289878397182648, 44.85489638041875], [-0.5293044862090127, 44.85499535679378], [-0.5297490589592541, 44.85505331146508], [-0.5304183298011792, 44.85376848253235], [-0.530629904797701, 44.85352652666445], [-0.5307416103920447, 44.85314715619903], [-0.530750379085659, 44.852883716330396], [-0.5308654249100452, 44.852899881839996], [-0.5308632286982224, 44.85262327242825], [-0.5306199308546006, 44.852521966509904], [-0.5307750924730636, 44.85224936124401], [-0.5310586407517637, 44.85099663136545], [-0.5313052051363009, 44.85034439949035], [-0.5312265490735786, 44.85032257004236], [-0.5311792638428018, 44.85013481592596], [-0.5313101580053478, 44.850100908360886], [-0.5314803827866491, 44.84998734107929], [-0.5316080721696297, 44.84982195485042], [-0.5318820808017541, 44.84924365032969], [-0.5319543892365879, 44.848701508262266], [-0.5321577551076138, 44.84812815599846], [-0.5322350161437259, 44.8479265228586], [-0.5325098372891082, 44.84750230192658], [-0.5325872476273358, 44.847262811897096], [-0.5324653896326286, 44.84669530987043], [-0.5319007030077275, 44.845532674914516], [-0.531918764861123, 44.84539691469524], [-0.5322806937122139, 44.84520964886231], [-0.5324100303277154, 44.84505051772776], [-0.5324990583793192, 44.84503596639184], [-0.5320369587107762, 44.8448794477496], [-0.5317635017009888, 44.844741254148985], [-0.5306715366193372, 44.84377474830332], [-0.5305882545409166, 44.8436187823235]]]]}, "properties": {"cleabs": "IRIS____0000000331190108", "code_insee": "33119", "nom_commune": "Cenon", "iris": "0108", "code_iris": "331190108", "nom_iris": "Bas Cenon-Cours Victor Hugo-Gambetta", "type_iris": "H"}}, {"type": "Feature", "geometry": {"type": "MultiPolygon", "coordinates": [[[[-0.6127404471084913, 44.86064093185726], [-0.6140521062188153, 44.86097675031798], [-0.6165129915516037, 44.86245037101446], [-0.6182694205753843, 44.86321687750324], [-0.616403338576223, 44.86434754048387], [-0.6160595413791933, 44.86449934584309], [-0.6154788076057592, 44.864691317226075], [-0.6138338088499881, 44.86506486324061], [-0.6174784858100227, 44.86750033379271], [-0.614315823745727, 44.869971068846745], [-0.6132231182834231, 44.870755621412265], [-0.6126851909968211, 44.87043245098035], [-0.6086568729773495, 44.86879070882611], [-0.6079435576759742, 44.86838038906251], [-0.6067088986268542, 44.867036163054564], [-0.6057484663130659, 44.866073267938226], [-0.605461453694603, 44.86578787673437], [-0.6065531986241739, 44.865343215281136], [-0.6076852935434314, 44.86477736055079], [-0.6079482139638014, 44.86472735251667], [-0.6084079242649442, 44.86472231697879], [-0.6098257867447684, 44.864954692053274], [-0.6105255154510046, 44.86403154580578], [-0.6110056450852688, 44.863536439735995], [-0.6113004708835377, 44.86311586024459], [-0.6115489468876582, 44.862664342550694], [-0.6116613269633303, 44.86214605345957], [-0.6122203485668208, 44.86189262033177], [-0.612555389234258, 44.861211159121304], [-0.6125997200115662, 44.86073834612978], [-0.6127144884189903, 44.86069044627726], [-0.6127404471084913, 44.86064093185726]]]]}, "properties": {"cleabs": "IRIS____0000000330690108", "code_insee": "33069", "nom_commune": "Le Bouscat", "iris": "0108", "code_iris": "330690108", "nom_iris": "Chêneraie-Lavigne", "type_iris": "H"}}, {"type": "Feature", "geometry": {"type": "MultiPolygon", "coordinates": [[[[-0.6883440028221063, 44.877522605499585], [-0.6890185781403813, 44.87559748640033], [-0.6902163223481945, 44.87470861501334], [-0.6903710577859092, 44.87409327220535], [-0.6907924229851988, 44.873773709234214], [-0.6912648694854644, 44.87390310803699], [-0.6926669442934755, 44.87411694351616], [-0.6987730606956062, 44.87469593735954], [-0.6991561838597583, 44.87468136396573], [-0.7022467293136284, 44.87416458641359], [-0.7035302761137456, 44.87392616673712], [-0.7035523845224513, 44.873857828969804], [-0.7036398701317487, 44.87381975714322], [-0.7037069045913643, 44.87381751978514], [-0.7037962177509057, 44.873883941357434], [-0.7048655273419389, 44.87383742951864], [-0.7064150929176669, 44.87384607268121], [-0.7068512874378119, 44.87380987049289], [-0.7080092783404398, 44.873590013632686], [-0.7088761866066721, 44.8733005563255], [-0.7107687210274307, 44.872515315217115], [-0.7111200002268037, 44.8724603034078], [-0.7112321970583722, 44.872316843982446], [-0.7114395429921077, 44.87232793574947], [-0.7116659700864395, 44.872129278961076], [-0.7123374271388787, 44.87174087463951], [-0.7128818198122725, 44.871558617073745], [-0.7147184833099791, 44.871156440352046], [-0.715055775933611, 44.87102436892414], [-0.7161697943619997, 44.87044806526671], [-0.7161153919435961, 44.870640970853714], [-0.7161460471492072, 44.870721064599934], [-0.7218302800756232, 44.87541221582631], [-0.7191099776686155, 44.87713394498118], [-0.7209180702395999, 44.87874532476142], [-0.7147202167838, 44.88253578500891], [-0.7147765623068576, 44.88258257144904], [-0.711707257644884, 44.88447982869085], [-0.7116682180618179, 44.88456045212946], [-0.711060854149147, 44.8840994469698], [-0.7105421266633882, 44.88361744881841], [-0.7094625396637048, 44.88420155034769], [-0.7094852123772201, 44.88410344805502], [-0.7092684705830951, 44.88397008321423], [-0.7091141104569982, 44.88393648441796], [-0.7090546974846587, 44.88395829938088], [-0.7084738647674101, 44.883706406056106], [-0.7073780201693809, 44.883104870516696], [-0.7055286917684458, 44.88265016516284], [-0.7047738955353486, 44.88243200310967], [-0.7046262946648596, 44.88232786856345], [-0.7044823825008689, 44.882337178913275], [-0.7044542022848845, 44.882390396948146], [-0.7006468267044588, 44.88159895696437], [-0.6999007829739042, 44.88151296695337], [-0.6973825513946278, 44.88133280039755], [-0.6971823686755186, 44.88135389061166], [-0.697023694627417, 44.88131230725644], [-0.6937575242547573, 44.881632873520765], [-0.6931723173387663, 44.88117825011207], [-0.6927116226999057, 44.880881720205586], [-0.6927146010202232, 44.880753632507805], [-0.6930193004620945, 44.88014411046444], [-0.6933665977787984, 44.87919967843951], [-0.6919407342677789, 44.87866486472228], [-0.6908572737849464, 44.878112337272945], [-0.6910856904927961, 44.87794250156626], [-0.690968498901221, 44.87787609586438], [-0.6900148391180889, 44.87779334134317], [-0.6883440028221063, 44.877522605499585]]]]}, "properties": {"cleabs": "IRIS____0000000334490108", "code_insee": "33449", "nom_commune": "Saint-Médard-en-Jalles", "iris": "0108", "code_iris": "334490108", "nom_iris": "Corbiac 1", "type_iris": "H"}}, {"type": "Feature", "geometry": {"type": "MultiPolygon", "coordinates": [[[[-0.5118455557972522, 44.846987761523025], [-0.5100643879989156, 44.84712975526368], [-0.5052063605214827, 44.847844836140396], [-0.5031855661451775, 44.847984376556404], [-0.5019722218193933, 44.84498377836032], [-0.5015985236681373, 44.843277854350376], [-0.5020974126450389, 44.84313232808776], [-0.503086838507191, 44.843235364916985], [-0.5032626505176984, 44.843291996188114], [-0.5033809509818289, 44.843381085187815], [-0.5035671878674535, 44.843422066004536], [-0.5041610587559641, 44.84331678858908], [-0.5046207132408002, 44.84335453662795], [-0.5060299380413885, 44.84348573852491], [-0.510881710381626, 44.84409470443008], [-0.5138284203297488, 44.844502473836904], [-0.5137836154071637, 44.844798593623025], [-0.5136789494632569, 44.84494790762908], [-0.5137068296324717, 44.84502903587807], [-0.5135508116733407, 44.845734229592345], [-0.5134632457962656, 44.84581270617738], [-0.5133426038291781, 44.84582824340311], [-0.5124396454144456, 44.84569101497367], [-0.5122703444054387, 44.845738733482214], [-0.5118455557972522, 44.846987761523025]]]]}, "properties": {"cleabs": "IRIS____0000000331670108", "code_insee": "33167", "nom_commune": "Floirac", "iris": "0108", "code_iris": "331670108", "nom_iris": "La Marègue Étendue", "type_iris": "H"}}, {"type": "Feature", "geometry": {"type": "MultiPolygon", "coordinates": [[[[-0.5824973733963933, 44.75295266803173], [-0.5857747669148942, 44.75321609845439], [-0.5863463591161695, 44.75345263778059], [-0.5867445201488578, 44.753726334910226], [-0.5871440050612021, 44.754060370589656], [-0.587407521393862, 44.75442404431169], [-0.5876452958319515, 44.755732144723424], [-0.5882745604562899, 44.7572483645055], [-0.5883193310869909, 44.75787056937105], [-0.5835754649019474, 44.757604197381525], [-0.5830967837200498, 44.75836951193296], [-0.5828506565726268, 44.75891370875391], [-0.5819006264656497, 44.76195005362874], [-0.5817073399769221, 44.76227173641472], [-0.5811240455349088, 44.76302420231431], [-0.5747744525962797, 44.76152329008938], [-0.5733958118392297, 44.76114780578812], [-0.5738109930066401, 44.75948065330843], [-0.5733233196593585, 44.7590719099434], [-0.5734089802496777, 44.758847443790465], [-0.5733545098794038, 44.758686980089585], [-0.5718135206395997, 44.75698920868238], [-0.57229528567992, 44.75660867251615], [-0.5723568978532765, 44.75664273420697], [-0.5724186395286797, 44.75661911311527], [-0.5724023747027602, 44.75650247818194], [-0.5727182798832641, 44.75627869639443], [-0.5731173479480551, 44.75616939010615], [-0.5742433909004572, 44.756134855859166], [-0.5744943673551883, 44.75604384240813], [-0.5747493711396051, 44.75589682218797], [-0.5753571258900698, 44.755389637845326], [-0.5758990167337943, 44.75511979744819], [-0.5769374161217724, 44.754821301151566], [-0.5788969843607917, 44.7545290780047], [-0.579626679435107, 44.75432885247779], [-0.5824973733963933, 44.75295266803173]]]]}, "properties": {"cleabs": "IRIS____0000000335500108", "code_insee": "33550", "nom_commune": "Villenave-d'Ornon", "iris": "0108", "code_iris": "335500108", "nom_iris": "La Monnaie-La Taille", "type_iris": "H"}}, {"type": "Feature", "geometry": {"type": "MultiPolygon", "coordinates": [[[[-0.6474368903962251, 44.79839646426941], [-0.6521836083013848, 44.79656285203958], [-0.6535551169610413, 44.79826613267301], [-0.6542079631901759, 44.798942201511544], [-0.6549308708269215, 44.79956638601059], [-0.6563835503755322, 44.80056936679474], [-0.6624941709953776, 44.80422151004178], [-0.6622351958179864, 44.80448242857357], [-0.6615830956291422, 44.805005090362755], [-0.6613451662473385, 44.80533651321297], [-0.6612635051966641, 44.80563753752164], [-0.661110217283918, 44.8057525582455], [-0.6608589113359236, 44.805742833158305], [-0.6578315262533615, 44.80507668914223], [-0.6571931145066142, 44.80501303527341], [-0.653003691067806, 44.80524312283168], [-0.6491397720446761, 44.80557319260824], [-0.6493365523302885, 44.80684833854186], [-0.6493165143225215, 44.80772865103348], [-0.6494425028810116, 44.80875196661555], [-0.6474689221051324, 44.80912606772992], [-0.6473802000232286, 44.808013198937445], [-0.647264915046442, 44.80793407444128], [-0.6469881222175187, 44.80794137940711], [-0.647011176553984, 44.80839396601126], [-0.6452955445269362, 44.80858739606831], [-0.6450947707236687, 44.808361468030554], [-0.6450268933818705, 44.80758859807417], [-0.6441046261350486, 44.80765767807404], [-0.6435519008841176, 44.807783100838655], [-0.6425613298080114, 44.807892266843375], [-0.6421282864511064, 44.807676670529396], [-0.6418395992077625, 44.80761765880203], [-0.6407267195076533, 44.807500099465074], [-0.6398354579574737, 44.80732478019341], [-0.6397285743713004, 44.80743373960126], [-0.639091829138255, 44.80694632584501], [-0.6388635287981769, 44.806666313459445], [-0.6383386971773614, 44.80546321275337], [-0.6383400296731735, 44.80528832123742], [-0.6385273215275867, 44.80475943228426], [-0.6384495744005138, 44.80389135101509], [-0.6386387280065938, 44.803332658686294], [-0.6385924600307213, 44.80322422188584], [-0.6386650916997038, 44.803153340379986], [-0.6386731438804355, 44.80304312027129], [-0.6388242964710767, 44.80287502671072], [-0.6391815085343623, 44.802800208881955], [-0.6419134891293946, 44.80262575050132], [-0.6415076877797864, 44.80068150904343], [-0.6440370848952485, 44.79970790796172], [-0.6474368903962251, 44.79839646426941]]]]}, "properties": {"cleabs": "IRIS____0000000333180108", "code_insee": "33318", "nom_commune": "Pessac", "iris": "0108", "code_iris": "333180108", "nom_iris": "Le Monteil", "type_iris": "H"}}, {"type": "Feature", "geometry": {"type": "MultiPolygon", "coordinates": [[[[-0.522842614695755, 44.86373632240471], [-0.5259779823283705, 44.863962076225725], [-0.5279609200947285, 44.86401800757762], [-0.5296021832818214, 44.86349716588513], [-0.5299110227484478, 44.86335035271151], [-0.5301335090196988, 44.863099939986114], [-0.5307522012612487, 44.86316497024821], [-0.5307657939574252, 44.863542156663414], [-0.5308844293527183, 44.86355460372284], [-0.5316327050068297, 44.86320183679501], [-0.5317194074794411, 44.86300891562608], [-0.5314091581724114, 44.862609628208126], [-0.5314261318268064, 44.862476605885455], [-0.5323600161197283, 44.86187188758526], [-0.5325270291006302, 44.861666495213655], [-0.5338518599155394, 44.861998321018], [-0.5352557989441088, 44.86082974950369], [-0.5354772000559657, 44.860723558203624], [-0.535537271701508, 44.860530581034126], [-0.5382958707790215, 44.8613141407784], [-0.536985462161958, 44.86629833352617], [-0.5352468030354783, 44.86587698493741], [-0.5346661711297945, 44.865893680317214], [-0.5347198202979069, 44.86594063831285], [-0.5347424005982372, 44.86607780892108], [-0.5347045591651646, 44.86634217688474], [-0.5345530231948051, 44.86671290806905], [-0.5345754376433444, 44.86702852985064], [-0.5346843473399819, 44.867308951703066], [-0.5350493131504587, 44.867650611988715], [-0.5350979696811593, 44.86794016306193], [-0.5348105800896888, 44.86800519543092], [-0.5345058199526004, 44.86795542138688], [-0.5342002311896229, 44.86799309335554], [-0.5339534471491182, 44.86815957170442], [-0.5335769546897643, 44.86858072515109], [-0.5334345609508939, 44.868935842412036], [-0.5333527826399326, 44.869327782774775], [-0.5333493093715215, 44.869534277703366], [-0.5334578591675777, 44.86982913227064], [-0.5333257687467491, 44.86986488173349], [-0.5330733858906467, 44.870043252295076], [-0.5329290795930713, 44.870227193829464], [-0.5329321934780509, 44.870397429367074], [-0.532813770175618, 44.87032819901933], [-0.5326931566024646, 44.87032482891668], [-0.5325446804652647, 44.87018085075318], [-0.5324088900151738, 44.87011758032129], [-0.5309038438726538, 44.86958327856095], [-0.5301634439357866, 44.86927698141572], [-0.5285457343801838, 44.868824641161325], [-0.5276134305095355, 44.868489281668474], [-0.5274394730054162, 44.86848399685775], [-0.5271457266611896, 44.86856903834324], [-0.5264130705942963, 44.86943408051762], [-0.5261124617773582, 44.86969237486409], [-0.5260706364214401, 44.869773012852505], [-0.5259149717526422, 44.86959500781797], [-0.5257347919511923, 44.869228521608214], [-0.5252339628181409, 44.86868025877437], [-0.5252494403935186, 44.8685635074611], [-0.5246464267960291, 44.867840945079024], [-0.5241104253794543, 44.866994584930076], [-0.5239719066538151, 44.866867403676515], [-0.5236939258912658, 44.867506195581754], [-0.5236310640402596, 44.86783714298221], [-0.5233341431296622, 44.868033127139604], [-0.521826733824258, 44.86941751258075], [-0.5211924306828511, 44.870215408364274], [-0.520683978233566, 44.87124182622155], [-0.5204806096991917, 44.871939525954154], [-0.5204561692258395, 44.87223680788807], [-0.5203185347817876, 44.872184396232804], [-0.5198939236562476, 44.87220417382074], [-0.5187959720854449, 44.872016388952446], [-0.5181079415228694, 44.87183722820789], [-0.5165287203806777, 44.87129066599166], [-0.5148932052070035, 44.87077560615583], [-0.5123502966297871, 44.87015947025844], [-0.5127943734084649, 44.86818343348002], [-0.5137506304769827, 44.86793145433659], [-0.5139765853693335, 44.86795764465492], [-0.5145210480011279, 44.86819274630588], [-0.5153329863155721, 44.8684491128937], [-0.5161857890703989, 44.86881142561787], [-0.5164473959526316, 44.8688806417583], [-0.5167238679318268, 44.8689241516775], [-0.5169179220294676, 44.868764791932655], [-0.5171180388858316, 44.86872239996645], [-0.5182432873380796, 44.86900306186122], [-0.5183594256274675, 44.86871278721013], [-0.5185206936491025, 44.868515710990835], [-0.5202049528671361, 44.867262749951216], [-0.5206355505721342, 44.866813792471646], [-0.5209449427817998, 44.86623079039587], [-0.5212128683718418, 44.86585548595685], [-0.5218658427132367, 44.86517415744994], [-0.5227334318311053, 44.8641570605485], [-0.522842614695755, 44.86373632240471]]]]}, "properties": {"cleabs": "IRIS____0000000332490108", "code_insee": "33249", "nom_commune": "Lormont", "iris": "0108", "code_iris": "332490108", "nom_iris": "Lissandre", "type_iris": "H"}}, {"type": "Feature", "geometry": {"type": "MultiPolygon", "coordinates": [[[[-0.6375838145166569, 44.76137172208708], [-0.6383687018755807, 44.76079436701148], [-0.6397586076936667, 44.760007858528354], [-0.6408579331895343, 44.759540018430705], [-0.6410954163001227, 44.75953491473898], [-0.6417605004750273, 44.759784327457155], [-0.6424197869314048, 44.760315121869965], [-0.6425721591283842, 44.760577786321555], [-0.6430634322074398, 44.76079956154527], [-0.643355530884668, 44.76083681866895], [-0.643158434284347, 44.76158234050326], [-0.6426125187019917, 44.76233302605572], [-0.6423010946696571, 44.76295432648373], [-0.6423143259692271, 44.763627137269964], [-0.6420372665442997, 44.76407606617848], [-0.6421220027428969, 44.764349067309276], [-0.6432262093496138, 44.76621983332392], [-0.6435758939316704, 44.76784773748926], [-0.6450806281724661, 44.77210810177498], [-0.6449510783053747, 44.77225656792169], [-0.6434312015273993, 44.77283741629662], [-0.6429752182252513, 44.77288846367168], [-0.6420905786609714, 44.77288510702662], [-0.6401493627014174, 44.773310322553954], [-0.640135059416739, 44.77353881344914], [-0.6400212869442852, 44.77363808643107], [-0.6398410061419774, 44.77368727104952], [-0.6396549780387186, 44.773667246551184], [-0.639473772433206, 44.7735262933922], [-0.6390846363977761, 44.77363280937255], [-0.6363328934445871, 44.7736952327169], [-0.6343050776887011, 44.77333007283529], [-0.6338269452919161, 44.773195247000515], [-0.6338264632719826, 44.77357920169257], [-0.6336153676388591, 44.77563740582251], [-0.6337491811149819, 44.77663071786494], [-0.6337427817248843, 44.77803870551545], [-0.633767877612748, 44.7781919989257], [-0.6338268092371067, 44.77824233940217], [-0.6290409157122611, 44.77763133905866], [-0.6290104980099438, 44.77778735284087], [-0.6281131981472671, 44.77760855052032], [-0.6281371598081193, 44.77748970029915], [-0.6231266349577175, 44.77688580533761], [-0.6229934873670756, 44.77672432789908], [-0.6228045311681585, 44.77661965226996], [-0.6222362644948061, 44.77653909562223], [-0.6215537882412997, 44.77637484759634], [-0.6214624923193088, 44.77668606282802], [-0.6208252290475086, 44.77649689957356], [-0.6211258438341217, 44.77627257414513], [-0.6215566141845025, 44.776025967820594], [-0.6215598266093088, 44.77546708205265], [-0.6213285178848003, 44.7739587262382], [-0.6212100122482386, 44.77378865724102], [-0.6206989219030593, 44.77329885606907], [-0.6204465350723628, 44.772955614412545], [-0.6204013224264484, 44.77278405058145], [-0.6205395228647327, 44.77202247731136], [-0.6207705933978366, 44.771288511135275], [-0.6205960312132339, 44.770365921880526], [-0.6205611574449232, 44.76915667374639], [-0.619753564435828, 44.767932124234505], [-0.619642071753034, 44.76745810212751], [-0.6195880403569434, 44.76661899637956], [-0.6194794930566306, 44.766367488243816], [-0.6193059591541777, 44.766265909431596], [-0.6188907780720595, 44.766164114554286], [-0.6186663220467287, 44.76591999779254], [-0.6187247333403795, 44.76570719584933], [-0.6188893934201257, 44.76574958257884], [-0.6193921783783409, 44.765620497215], [-0.6200049087812977, 44.76558785555008], [-0.621583968274535, 44.765336157192586], [-0.6222653694626953, 44.76519130424304], [-0.6228922584120581, 44.76496621571544], [-0.6233261099420649, 44.764925887416915], [-0.6236689584017403, 44.76498496923048], [-0.6240143826715288, 44.76494662995176], [-0.6242042032234353, 44.76502603839828], [-0.6246303856401839, 44.76535727404205], [-0.6246655950570443, 44.76549131046535], [-0.6249162871563861, 44.76563181380772], [-0.625443176289603, 44.765778597898056], [-0.625932670260616, 44.76562017589352], [-0.6263500777358457, 44.76528566261279], [-0.626736874926542, 44.76508463496657], [-0.6270341093469767, 44.76498567729169], [-0.6273016260732316, 44.76481829509156], [-0.6275147594210194, 44.764200261398216], [-0.6276726896944433, 44.764059899993725], [-0.6284025227848964, 44.76380346843504], [-0.6286565785106262, 44.76360407836539], [-0.628596128966751, 44.76356910718553], [-0.6286430248543385, 44.76351169271763], [-0.6288854281497984, 44.76338658708965], [-0.6289837012306763, 44.763204016589604], [-0.6299009677947762, 44.76285310971125], [-0.6305789790849768, 44.76298950830125], [-0.6321755190394968, 44.762931754659384], [-0.6324674247560927, 44.76286810573126], [-0.6328097198555224, 44.76260542706179], [-0.6332345367543325, 44.762425660026835], [-0.6340782834871417, 44.76230785211441], [-0.6342093842350663, 44.76222243680688], [-0.6347461404725429, 44.76291321477907], [-0.634915214210973, 44.762945519055414], [-0.635796736868231, 44.762844483648664], [-0.6358453178724489, 44.762754565111656], [-0.6354153041284021, 44.761895357430205], [-0.6361520486980244, 44.76160980569068], [-0.6368815756541475, 44.76160387733011], [-0.6372952747282218, 44.76152630192954], [-0.6375838145166569, 44.76137172208708]]]]}, "properties": {"cleabs": "IRIS____0000000331920108", "code_insee": "33192", "nom_commune": "Gradignan", "iris": "0108", "code_iris": "331920108", "nom_iris": "Ornon", "type_iris": "H"}}, {"type": "Feature", "geometry": {"type": "MultiPolygon", "coordinates": [[[[-0.5738757182321208, 44.80867348855931], [-0.5725638120896945, 44.805543401874424], [-0.5727868796570952, 44.805428062680456], [-0.5736071931054, 44.80445260880023], [-0.5739117084513161, 44.80396603266468], [-0.5741453106487668, 44.803180727167764], [-0.5749755761345433, 44.80212382927349], [-0.57592675492099, 44.80067999501825], [-0.5766079181537298, 44.800105553196666], [-0.5767865089876407, 44.79968972397842], [-0.5767122790185047, 44.79961731638035], [-0.5772352097236623, 44.7988442957123], [-0.5790805907657112, 44.797033598970394], [-0.5806703687046205, 44.795126583468196], [-0.5813545066146681, 44.79525588547827], [-0.5814342030883751, 44.79581118025356], [-0.5816637947263052, 44.7959380457319], [-0.5811777123661386, 44.797148804842564], [-0.5811101634902689, 44.79741955856533], [-0.581156588678666, 44.797671308236005], [-0.5815801757165812, 44.798061377691276], [-0.5827159542474947, 44.7988015407611], [-0.5818422140657041, 44.79955077937702], [-0.5813773476414014, 44.80018135314854], [-0.5812241532049115, 44.80075679203324], [-0.5807740751300536, 44.80201685611275], [-0.5806080495244778, 44.802728796862795], [-0.5803929956140707, 44.80330713424258], [-0.5805262093736078, 44.80337132561723], [-0.5810074294963053, 44.803771253645586], [-0.5810710893031272, 44.8039954098124], [-0.5810652607020177, 44.80428129340146], [-0.5814257638324903, 44.80431651016027], [-0.5828743584643663, 44.80483838076626], [-0.5809652452773503, 44.80803461550007], [-0.5806979838079906, 44.80797295199116], [-0.5807453310656748, 44.80825892059017], [-0.580702869601611, 44.80846667804612], [-0.5765713744878317, 44.81008982200303], [-0.5763480318498243, 44.81008170677507], [-0.5761792806460765, 44.809896988150626], [-0.5756962197331648, 44.81000539979794], [-0.5753684282873338, 44.81020613583551], [-0.5739165015475809, 44.810647702425875], [-0.5739727259213021, 44.80938234416644], [-0.5738757182321208, 44.80867348855931]]]]}, "properties": {"cleabs": "IRIS____0000000335220108", "code_insee": "33522", "nom_commune": "Talence", "iris": "0108", "code_iris": "335220108", "nom_iris": "Peylanne-Leysotte", "type_iris": "H"}}, {"type": "Feature", "geometry": {"type": "MultiPolygon", "coordinates": [[[[-0.5382958707790215, 44.8613141407784], [-0.535537271701508, 44.860530581034126], [-0.5354772000559657, 44.860723558203624], [-0.5352557989441088, 44.86082974950369], [-0.5338518599155394, 44.861998321018], [-0.5325270291006302, 44.861666495213655], [-0.5323600161197283, 44.86187188758526], [-0.5314261318268064, 44.862476605885455], [-0.5314091581724114, 44.862609628208126], [-0.5317194074794411, 44.86300891562608], [-0.5316327050068297, 44.86320183679501], [-0.5308844293527183, 44.86355460372284], [-0.5307657939574252, 44.863542156663414], [-0.5307522012612487, 44.86316497024821], [-0.5301335090196988, 44.863099939986114], [-0.530193601569834, 44.86290696556162], [-0.5301549556132541, 44.86269550295633], [-0.5296902091694502, 44.861612581146225], [-0.5295481676141383, 44.8611069994729], [-0.5295073556848193, 44.860599098755394], [-0.5295761744290868, 44.86002101898302], [-0.5297196398929698, 44.85946129285725], [-0.5299394635551078, 44.85898745832417], [-0.5302371752674118, 44.85856341670565], [-0.5308447651392699, 44.85800964811955], [-0.5316683173385266, 44.85748505086174], [-0.5320157562661069, 44.85720722394671], [-0.5336452480144707, 44.856241479260056], [-0.5334630154204082, 44.85384999166392], [-0.5335710528460063, 44.852104459357726], [-0.5337681073855319, 44.85108879724178], [-0.5339808029254542, 44.850361933475035], [-0.5342580536631267, 44.84973485223979], [-0.5345239413543474, 44.849269453622156], [-0.5353145715682125, 44.84824478709281], [-0.5364699184075419, 44.84715801771709], [-0.5377153867153072, 44.84732108079019], [-0.5378287965560563, 44.847291327818006], [-0.5375876425140382, 44.84843007216667], [-0.5376672966601455, 44.84987492002675], [-0.5385135754652697, 44.85298964704621], [-0.5387762608996471, 44.85355896241431], [-0.5388862356599133, 44.8535951087745], [-0.5391567920368728, 44.854650842224615], [-0.5390227852516167, 44.85475605618405], [-0.5391467141236933, 44.85555600916057], [-0.5391341740405894, 44.85692449272799], [-0.538866286205843, 44.85832275196008], [-0.5386962583453759, 44.859605234319204], [-0.5382958707790215, 44.8613141407784]]]]}, "properties": {"cleabs": "IRIS____0000000331190109", "code_insee": "33119", "nom_commune": "Cenon", "iris": "0109", "code_iris": "331190109", "nom_iris": "Bas Cenon-Cours Verdun-Testaud", "type_iris": "H"}}, {"type": "Feature", "geometry": {"type": "MultiPolygon", "coordinates": [[[[-0.6907924229851988, 44.873773709234214], [-0.6917282896113246, 44.87304765635324], [-0.692049398138971, 44.872957656313055], [-0.6909304821386809, 44.87192230248682], [-0.691446359474331, 44.87151757229132], [-0.6919061286121311, 44.87010612384721], [-0.6931168658811647, 44.868666075417224], [-0.6943411929292415, 44.86880017534069], [-0.6942024500337857, 44.868579463313836], [-0.6940652852413055, 44.86743934691871], [-0.6941673242416903, 44.866987089782384], [-0.6945593246391907, 44.86674239709107], [-0.69672117138059, 44.8657555445207], [-0.7014027457054168, 44.863292965093336], [-0.7018311278425865, 44.863466148862614], [-0.7019562269619608, 44.863556614235165], [-0.7021998105028456, 44.863790943704124], [-0.7022557002868008, 44.86396573908761], [-0.7023962320379106, 44.864040366478605], [-0.7025789845469721, 44.86404418241496], [-0.7027787065014994, 44.86399785863532], [-0.7031826646483665, 44.86403124534629], [-0.7069368922590004, 44.865186666318394], [-0.7093652766993747, 44.86568596378251], [-0.7098074591610889, 44.86568379835592], [-0.7099602192238594, 44.86577062648607], [-0.7105206305554449, 44.8658888888891], [-0.7112670208578636, 44.86590628777382], [-0.7121919466866811, 44.86586362834524], [-0.7132170432521904, 44.86570674460495], [-0.7151012416376114, 44.86533631435704], [-0.7154599260921457, 44.86529816472061], [-0.7160927220739188, 44.86763847397177], [-0.7169429400566067, 44.87002648170651], [-0.7161697943619997, 44.87044806526671], [-0.715055775933611, 44.87102436892414], [-0.7147184833099791, 44.871156440352046], [-0.7128818198122725, 44.871558617073745], [-0.7123374271388787, 44.87174087463951], [-0.7116659700864395, 44.872129278961076], [-0.7114395429921077, 44.87232793574947], [-0.7112321970583722, 44.872316843982446], [-0.7111200002268037, 44.8724603034078], [-0.7107687210274307, 44.872515315217115], [-0.7088761866066721, 44.8733005563255], [-0.7080092783404398, 44.873590013632686], [-0.7068512874378119, 44.87380987049289], [-0.7064150929176669, 44.87384607268121], [-0.7048655273419389, 44.87383742951864], [-0.7037962177509057, 44.873883941357434], [-0.7037069045913643, 44.87381751978514], [-0.7036398701317487, 44.87381975714322], [-0.7035523845224513, 44.873857828969804], [-0.7035302761137456, 44.87392616673712], [-0.7022467293136284, 44.87416458641359], [-0.6991561838597583, 44.87468136396573], [-0.6987730606956062, 44.87469593735954], [-0.6926669442934755, 44.87411694351616], [-0.6912648694854644, 44.87390310803699], [-0.6907924229851988, 44.873773709234214]]]]}, "properties": {"cleabs": "IRIS____0000000334490109", "code_insee": "33449", "nom_commune": "Saint-Médard-en-Jalles", "iris": "0109", "code_iris": "334490109", "nom_iris": "Corbiac 2", "type_iris": "H"}}, {"type": "Feature", "geometry": {"type": "MultiPolygon", "coordinates": [[[[-0.5293615516092125, 44.81173454597907], [-0.5273407332566392, 44.80763882979197], [-0.5304997683979096, 44.8055510647432], [-0.5316589250625916, 44.80469853206694], [-0.5323422696524255, 44.80399002583373], [-0.5331330764306943, 44.80275628205259], [-0.5335661685186415, 44.8021954338637], [-0.5364277880232747, 44.798910231612254], [-0.5371871465382131, 44.79890852939292], [-0.5379910874628051, 44.798810770354706], [-0.5389443581035847, 44.79859197932922], [-0.5395668265348572, 44.79838644901834], [-0.5404286892306785, 44.79898707335481], [-0.5407323280560249, 44.798763783025585], [-0.541134804141608, 44.798582395084594], [-0.5419309654850564, 44.79836138787103], [-0.542324394632263, 44.7983578259097], [-0.5423430653384734, 44.798272513980876], [-0.5433359827558446, 44.797759518877655], [-0.5448329217899921, 44.79735115840364], [-0.5461709049797787, 44.79687125917618], [-0.547691369883195, 44.79625482375181], [-0.5487140208204259, 44.795712888247294], [-0.5519415724382194, 44.794190955366155], [-0.5525317566887324, 44.79385660728202], [-0.5529895617368304, 44.79339041460642], [-0.5533514131520785, 44.79332834368367], [-0.5538822107883987, 44.79555718747818], [-0.5549680035510408, 44.79887494313685], [-0.5541311329478228, 44.79907211640321], [-0.5538641816251422, 44.799094195307326], [-0.5539629731494706, 44.79933526111345], [-0.5535638660782337, 44.799609415612785], [-0.5531876783394478, 44.79976567373548], [-0.5522301416819316, 44.79997661406541], [-0.5508814808757425, 44.80014780633289], [-0.5481451775312216, 44.800193983365986], [-0.5471042942264813, 44.80024802943987], [-0.5456238765714737, 44.80043779343315], [-0.545855092987396, 44.80203548320835], [-0.5458729992646598, 44.80268018976093], [-0.5451004286074035, 44.802232659718904], [-0.5449273032194701, 44.80207687728577], [-0.5442664248980937, 44.8020953090079], [-0.543351918040293, 44.802407534381516], [-0.5412308685809286, 44.80325938922736], [-0.5409872157971022, 44.80341046853434], [-0.5405329147899895, 44.803794483959805], [-0.5402676600039079, 44.80388406702795], [-0.5402369400241752, 44.80415992212482], [-0.539245061609054, 44.806198628133565], [-0.5391009792641768, 44.80640330077225], [-0.5390867207036945, 44.806558766902356], [-0.539006718643119, 44.806635221751954], [-0.5389197604972163, 44.80692278551521], [-0.538498254302064, 44.807787900598754], [-0.5371695616139855, 44.80960662367329], [-0.5348869770211959, 44.81085463361244], [-0.533916379296108, 44.811183885330045], [-0.5334530653179353, 44.811386109162605], [-0.5330730871539039, 44.81073942530754], [-0.5293615516092125, 44.81173454597907]]]]}, "properties": {"cleabs": "IRIS____0000000330390109", "code_insee": "33039", "nom_commune": "Bègles", "iris": "0109", "code_iris": "330390109", "nom_iris": "Dorat Verduc", "type_iris": "H"}}, {"type": "Feature", "geometry": {"type": "MultiPolygon", "coordinates": [[[[-0.6309257138597779, 44.87165679861828], [-0.6305203057207003, 44.87258036889605], [-0.6305874917133687, 44.87328568578259], [-0.6304385334048158, 44.87366729966062], [-0.6262052339702624, 44.87486743372117], [-0.6243659190594549, 44.87561160027786], [-0.6229602412331405, 44.87641728747148], [-0.622130118438953, 44.876733698812544], [-0.6172439241431568, 44.873515047423325], [-0.6164537365187411, 44.872897283918206], [-0.6136950890249242, 44.87103857708966], [-0.6132231182834231, 44.870755621412265], [-0.614315823745727, 44.869971068846745], [-0.6174784858100227, 44.86750033379271], [-0.6138338088499881, 44.86506486324061], [-0.6154788076057592, 44.864691317226075], [-0.6160595413791933, 44.86449934584309], [-0.616403338576223, 44.86434754048387], [-0.6182694205753843, 44.86321687750324], [-0.62041150001391, 44.86416545226673], [-0.6226226047534207, 44.86596615452174], [-0.62385189363679, 44.86690751449992], [-0.6309257138597779, 44.87165679861828]]]]}, "properties": {"cleabs": "IRIS____0000000330690109", "code_insee": "33069", "nom_commune": "Le Bouscat", "iris": "0109", "code_iris": "330690109", "nom_iris": "Hippodrome-Lafon-Féline", "type_iris": "H"}}, {"type": "Feature", "geometry": {"type": "MultiPolygon", "coordinates": [[[[-0.5767960855722087, 44.77280004163915], [-0.5767807413445444, 44.772916796398384], [-0.5766920035272581, 44.77297373562982], [-0.5765222424200641, 44.77326851303891], [-0.5762039488060298, 44.77417191274919], [-0.5760686279905969, 44.77441150347234], [-0.5745566548907374, 44.77602304155729], [-0.5740765183063772, 44.777167779902925], [-0.5740703567242837, 44.77776730002184], [-0.5740178185911382, 44.77785641474089], [-0.5737803825835144, 44.77804251877315], [-0.5749851242841956, 44.77951682487438], [-0.5751032325245449, 44.77960313731897], [-0.5752984359209561, 44.77964820859329], [-0.5751058887208187, 44.77980402730686], [-0.5714779532126325, 44.779125247441506], [-0.5710081548167802, 44.77951800820696], [-0.5700955273905404, 44.78007103714008], [-0.5698886403012133, 44.780140789940496], [-0.5698390247742817, 44.780216289789514], [-0.5685502092238376, 44.78102295636737], [-0.5671237995715759, 44.78173580263638], [-0.5667663542635102, 44.78176623615657], [-0.5667879522769304, 44.78204672546732], [-0.5660284156008764, 44.78206216193181], [-0.565991768325555, 44.781664095537835], [-0.5660557452552444, 44.781575518091614], [-0.5660547303156482, 44.78090142912677], [-0.5661528921778683, 44.780095271926285], [-0.5662013046314303, 44.7790834328947], [-0.5661499499113017, 44.77825415060109], [-0.5660381772171601, 44.77752955366875], [-0.5658394729368375, 44.7767509774592], [-0.5656105883428718, 44.7761148658009], [-0.56532522256908, 44.77550580616292], [-0.5649696433575158, 44.77496659783573], [-0.5649711538950063, 44.77477098240548], [-0.5648809642696475, 44.77468556419626], [-0.5647118952000892, 44.77421425429682], [-0.564688957123372, 44.77387252530809], [-0.5645469959684261, 44.77350939182818], [-0.5642567154074213, 44.771904631489214], [-0.5641847437348879, 44.771627566430986], [-0.5640786677293158, 44.771530943038734], [-0.564109230237425, 44.77145425655868], [-0.5641975712408103, 44.77141085895224], [-0.5634598985282063, 44.76719882390112], [-0.5633002301519154, 44.76683535889355], [-0.5631198579817198, 44.76658431179951], [-0.5617301047654698, 44.76515550562935], [-0.5614564336033082, 44.764789396067165], [-0.5603156757530666, 44.76363555338787], [-0.5605907144235432, 44.76362400843711], [-0.5657830335848362, 44.76401482892177], [-0.5659016447382474, 44.76339186768666], [-0.5707288633271309, 44.76193767936217], [-0.5707897639561039, 44.762677427128885], [-0.5707932655664989, 44.763887664741176], [-0.5705966911212155, 44.7674250195369], [-0.5791731758366465, 44.76906064230147], [-0.5783915573475701, 44.77019711763446], [-0.5777708984984579, 44.7712589932543], [-0.5768133791512623, 44.772694038759376], [-0.5767960855722087, 44.77280004163915]]]]}, "properties": {"cleabs": "IRIS____0000000335500109", "code_insee": "33550", "nom_commune": "Villenave-d'Ornon", "iris": "0109", "code_iris": "335500109", "nom_iris": "Lahé-Barret-Soors", "type_iris": "H"}}, {"type": "Feature", "geometry": {"type": "MultiPolygon", "coordinates": [[[[-0.6485515070261937, 44.79199403743475], [-0.6495028173482139, 44.79138228706046], [-0.6497355574687929, 44.791380029247726], [-0.6498520944319504, 44.791323015363744], [-0.6499074207557543, 44.79110308350395], [-0.6504012195530012, 44.79065780850537], [-0.6506830044224997, 44.79031955833171], [-0.6518143850160577, 44.78918812468721], [-0.6540001712468065, 44.78685295185805], [-0.6541344552258813, 44.78671873906102], [-0.6542452485358353, 44.78667092240561], [-0.6544170476367003, 44.78670491259838], [-0.6545888389487279, 44.786874996081806], [-0.6552205233037153, 44.787713980885876], [-0.6564422189608601, 44.78948975460749], [-0.6566617858919165, 44.789888085925085], [-0.6572496487453203, 44.7907528428978], [-0.6576452574787227, 44.7909777237667], [-0.6585100822747834, 44.791605308151425], [-0.658898903231221, 44.79190070922786], [-0.6590568565267328, 44.792091072232175], [-0.6591050394776592, 44.792325617630254], [-0.659050250380557, 44.79298085788348], [-0.6595808492666999, 44.794306250554484], [-0.6598317078527068, 44.794232172059814], [-0.6629737356876669, 44.79254930327319], [-0.663084853057384, 44.79252580184048], [-0.6631598662435884, 44.792550360706784], [-0.6652484362843438, 44.79759701016689], [-0.6632461601717954, 44.79913501791783], [-0.6632180940282731, 44.79948113911674], [-0.6636687484099668, 44.79946173580367], [-0.6654853036843479, 44.79953956627744], [-0.6671852003197213, 44.79986637851584], [-0.667596639625086, 44.79984735561312], [-0.6686428958712761, 44.79962435656172], [-0.6687778961820738, 44.80010207857418], [-0.6687448117909874, 44.800409612972494], [-0.6679257382212515, 44.80296845251348], [-0.6675020769879833, 44.803808957353034], [-0.666100791397228, 44.80320999279039], [-0.6648648798430847, 44.802836273654826], [-0.6633781351976852, 44.80244018875672], [-0.6629345498922472, 44.80328674017409], [-0.6627251593985128, 44.80386147258288], [-0.6624941709953776, 44.80422151004178], [-0.6563835503755322, 44.80056936679474], [-0.6549308708269215, 44.79956638601059], [-0.6542079631901759, 44.798942201511544], [-0.6535551169610413, 44.79826613267301], [-0.6521836083013848, 44.79656285203958], [-0.6485515070261937, 44.79199403743475]]]]}, "properties": {"cleabs": "IRIS____0000000333180109", "code_insee": "33318", "nom_commune": "Pessac", "iris": "0109", "code_iris": "333180109", "nom_iris": "L'Alouette", "type_iris": "H"}}, {"type": "Feature", "geometry": {"type": "MultiPolygon", "coordinates": [[[[-0.5813545066146681, 44.79525588547827], [-0.5814317983596782, 44.79452247852259], [-0.5822242314829158, 44.79371007954729], [-0.5833902533578423, 44.79431046267688], [-0.5831105738060828, 44.794588978204914], [-0.5836517996074118, 44.794858974716604], [-0.5828142042666247, 44.7953997671484], [-0.5827990425874127, 44.79545973950225], [-0.5831422513706562, 44.79572081924922], [-0.5833309732564361, 44.79574265582641], [-0.5840008094053828, 44.79626264392081], [-0.5844610642639072, 44.795977384419146], [-0.584975158837835, 44.796040064835275], [-0.5850166678418774, 44.79611532800549], [-0.5848096611257663, 44.796818687898046], [-0.5856713605746434, 44.796933208127], [-0.5859124606266333, 44.79630805283668], [-0.5864006767097532, 44.79445821673571], [-0.5865424325236169, 44.794081414129295], [-0.5879858632411548, 44.79414914754218], [-0.589002249944017, 44.79407027138921], [-0.5892559563610597, 44.7939998683171], [-0.5918688115792238, 44.79374938018958], [-0.5924010241466903, 44.79482804826175], [-0.5924176471098064, 44.795127625650416], [-0.5923190006088294, 44.796197903605695], [-0.5921803393931936, 44.79735509756788], [-0.5880911155040489, 44.79708561054747], [-0.5874374527115402, 44.798940812370645], [-0.5870334001863646, 44.79897642186563], [-0.5850500594072828, 44.798840519826335], [-0.5849516431676962, 44.79888516073733], [-0.5848831719205286, 44.799756178086376], [-0.5848378647247108, 44.79985948456014], [-0.5848941327071359, 44.79994778928475], [-0.5848331501233663, 44.8000434915654], [-0.584906979715567, 44.8004070100603], [-0.5859921525782246, 44.800729699420216], [-0.5867526250437156, 44.800863711099225], [-0.5899686989336735, 44.801232741160845], [-0.5893233109975449, 44.80292005646431], [-0.5884908547811036, 44.804632350654394], [-0.5881711748745844, 44.804641798870136], [-0.5867116255617986, 44.80434566301391], [-0.5864444234456918, 44.8060892156606], [-0.5861961666202083, 44.806701987052996], [-0.5851034738667951, 44.806223622306156], [-0.5837959368823082, 44.80531418731843], [-0.5828743584643663, 44.80483838076626], [-0.5814257638324903, 44.80431651016027], [-0.5810652607020177, 44.80428129340146], [-0.5810710893031272, 44.8039954098124], [-0.5810074294963053, 44.803771253645586], [-0.5805262093736078, 44.80337132561723], [-0.5803929956140707, 44.80330713424258], [-0.5806080495244778, 44.802728796862795], [-0.5807740751300536, 44.80201685611275], [-0.5812241532049115, 44.80075679203324], [-0.5813773476414014, 44.80018135314854], [-0.5818422140657041, 44.79955077937702], [-0.5827159542474947, 44.7988015407611], [-0.5815801757165812, 44.798061377691276], [-0.581156588678666, 44.797671308236005], [-0.5811101634902689, 44.79741955856533], [-0.5811777123661386, 44.797148804842564], [-0.5816637947263052, 44.7959380457319], [-0.5814342030883751, 44.79581118025356], [-0.5813545066146681, 44.79525588547827]]]]}, "properties": {"cleabs": "IRIS____0000000335220109", "code_insee": "33522", "nom_commune": "Talence", "iris": "0109", "code_iris": "335220109", "nom_iris": "Plume la Poule", "type_iris": "H"}}, {"type": "Feature", "geometry": {"type": "MultiPolygon", "coordinates": [[[[-0.5138284203297488, 44.844502473836904], [-0.510881710381626, 44.84409470443008], [-0.5060299380413885, 44.84348573852491], [-0.5046207132408002, 44.84335453662795], [-0.5047710174908376, 44.84206915470857], [-0.505213950531277, 44.841981257632334], [-0.5062020204166275, 44.84165713085224], [-0.5067534469135461, 44.84144052813147], [-0.5069603574051201, 44.84128528470848], [-0.5074293489682681, 44.840681957843884], [-0.5078704552936644, 44.83955139580137], [-0.5081021291298616, 44.83914392641666], [-0.5087966712784984, 44.83854247083667], [-0.5090723900820517, 44.83835350346828], [-0.5106486321656287, 44.83777460355683], [-0.5109574332390615, 44.83758818891389], [-0.511526389021412, 44.836680670633974], [-0.5121301798166966, 44.8360063634225], [-0.5125927421277205, 44.83501839482738], [-0.5128062804978664, 44.83468629031269], [-0.5136512726042568, 44.83499297346669], [-0.5146816803317854, 44.83431594853621], [-0.5150495123482541, 44.83385908666938], [-0.515515603125485, 44.8342029988052], [-0.5155839050711706, 44.83430267171787], [-0.5155801814300695, 44.83438480099503], [-0.5156920435925527, 44.83443172328029], [-0.5160942706506193, 44.83480739823702], [-0.5163259018322386, 44.83496678032727], [-0.5162730679243596, 44.834992788546174], [-0.5167518904037415, 44.83527681174093], [-0.5168819170889916, 44.83541147680034], [-0.5162344455909373, 44.835872705563865], [-0.5167901987321144, 44.835888428816936], [-0.5169992763979585, 44.83603140170081], [-0.517741194368331, 44.835622147198734], [-0.5180501758159072, 44.835823232427266], [-0.5184904491536928, 44.8365428617337], [-0.5186452861552552, 44.837356261309054], [-0.5188436170136796, 44.83750948554472], [-0.5202280421979636, 44.83718617122514], [-0.5215975266444915, 44.83704896618425], [-0.521350925940399, 44.83832752543212], [-0.5213282943181009, 44.839259211074776], [-0.5214253147547875, 44.839877075955435], [-0.521357657283639, 44.83994951979349], [-0.5212493666468863, 44.83997999475678], [-0.5201610540128649, 44.84013801007173], [-0.5200689087380306, 44.84099169242071], [-0.5195196180569946, 44.84095865555877], [-0.5193475005684114, 44.84088030313507], [-0.5191893396270558, 44.84090334617537], [-0.5189569274422985, 44.8414595669971], [-0.5189156334554895, 44.84201332881927], [-0.5157933476158559, 44.842522401651905], [-0.5157867009747663, 44.842598315228436], [-0.5157201532787312, 44.84264818955979], [-0.5156231449711938, 44.84265667178095], [-0.5155240214970501, 44.84261114747156], [-0.5146491983434979, 44.84306425004471], [-0.514370711008865, 44.84316860405113], [-0.514368915613355, 44.84362558171421], [-0.5141292370090628, 44.84451186947291], [-0.5138284203297488, 44.844502473836904]]]]}, "properties": {"cleabs": "IRIS____0000000331670109", "code_insee": "33167", "nom_commune": "Floirac", "iris": "0109", "code_iris": "331670109", "nom_iris": "Rebedech", "type_iris": "H"}}, {"type": "Feature", "geometry": {"type": "MultiPolygon", "coordinates": [[[[-0.5870618298379765, 44.77071428914191], [-0.5871395981148786, 44.77147692346731], [-0.5871242957938836, 44.77448846337161], [-0.5872138884826975, 44.77468293405171], [-0.5871316450585149, 44.77490099377508], [-0.5872889626426477, 44.77502657962188], [-0.5868753265560206, 44.775742039920054], [-0.5864791268070596, 44.77675073868341], [-0.5870351199361954, 44.77699680164702], [-0.5867174333304706, 44.77768932726158], [-0.5859713830365696, 44.77835155713286], [-0.585449567148654, 44.779097550307604], [-0.5857680735148029, 44.77883399318008], [-0.5873963816246491, 44.777998100007665], [-0.5878682410215631, 44.77795668365929], [-0.5881120074117685, 44.778028999514504], [-0.5882050486935851, 44.77805933207526], [-0.5879870596181838, 44.77827187545995], [-0.5886478779977508, 44.77839557216178], [-0.5890893308273908, 44.77863091603764], [-0.5887819173406496, 44.7788499629831], [-0.5880588316850215, 44.77935644977767], [-0.587938930084601, 44.77951985287229], [-0.5876777104016656, 44.779570670602965], [-0.586501668806909, 44.78025674098097], [-0.5859295629168377, 44.780789868831754], [-0.585683999609251, 44.78116552333595], [-0.5855317643063945, 44.781635491146545], [-0.5855085076960095, 44.78206433390843], [-0.5855794472720289, 44.7824621898492], [-0.5837448673752784, 44.78191140496328], [-0.583523293088399, 44.7820285231999], [-0.5827088460590032, 44.781798008825035], [-0.5826556096894739, 44.78215391798221], [-0.5825982046609426, 44.78220624370347], [-0.5824069967233345, 44.782263797039384], [-0.5816486185745391, 44.78217836416252], [-0.5810192171462657, 44.78215094314795], [-0.5798409900174523, 44.78270542874676], [-0.5794823639219898, 44.782995498444244], [-0.5784623715017074, 44.78349168327207], [-0.5783084168585221, 44.78349845795011], [-0.5782251884775967, 44.78346329380531], [-0.5780201713570682, 44.78330408669044], [-0.5779862675647085, 44.78316909447593], [-0.5779016052355315, 44.783131272704594], [-0.577712288401447, 44.783159015758585], [-0.5774396392760629, 44.78309031291443], [-0.5770941053241779, 44.78326819815447], [-0.5768916317071132, 44.78302959800281], [-0.5768318043273291, 44.78278549137891], [-0.5767038914114804, 44.78258503965863], [-0.5766411496403964, 44.78227523672419], [-0.5757001714015079, 44.78051304813543], [-0.5757029531121594, 44.7803777728288], [-0.5757254050513075, 44.780332887606264], [-0.5760354873507959, 44.780274212695936], [-0.5771535351879262, 44.780464330330666], [-0.5775673504633921, 44.780325696605864], [-0.5751058887208187, 44.77980402730686], [-0.5752984359209561, 44.77964820859329], [-0.5751032325245449, 44.77960313731897], [-0.5749851242841956, 44.77951682487438], [-0.5737803825835144, 44.77804251877315], [-0.5740178185911382, 44.77785641474089], [-0.5740703567242837, 44.77776730002184], [-0.5740765183063772, 44.777167779902925], [-0.5745566548907374, 44.77602304155729], [-0.5760686279905969, 44.77441150347234], [-0.5762039488060298, 44.77417191274919], [-0.5765222424200641, 44.77326851303891], [-0.5766920035272581, 44.77297373562982], [-0.5767807413445444, 44.772916796398384], [-0.5767960855722087, 44.77280004163915], [-0.5777335175879735, 44.77281843640522], [-0.5779680280869007, 44.77276580047154], [-0.5785744585489202, 44.77255334734628], [-0.5788287220227869, 44.77241355276945], [-0.5812460181367192, 44.77147204615452], [-0.5813170058801321, 44.77151391177031], [-0.5814157763749292, 44.77149539746898], [-0.5814440211358054, 44.771402558115454], [-0.5821230231148717, 44.771177824826125], [-0.5821461475882737, 44.77122304014537], [-0.5836239691937904, 44.77070840001299], [-0.5853008459303245, 44.77020081543028], [-0.5862882822537453, 44.77001203552452], [-0.5870618298379765, 44.77071428914191]]]]}, "properties": {"cleabs": "IRIS____0000000335500110", "code_insee": "33550", "nom_commune": "Villenave-d'Ornon", "iris": "0110", "code_iris": "335500110", "nom_iris": "Baugé-Sarcignan-Versein", "type_iris": "H"}}, {"type": "Feature", "geometry": {"type": "MultiPolygon", "coordinates": [[[[-0.6826177403545777, 44.77906737774947], [-0.6846621708317971, 44.780005243406336], [-0.685553530213815, 44.7805334952762], [-0.6863354366736261, 44.78118705743244], [-0.6870545430566818, 44.78163540678571], [-0.6881796062708154, 44.782118007198385], [-0.6889875853846996, 44.78233896352864], [-0.6866691799990521, 44.7833615942112], [-0.6781184464039893, 44.787525854241956], [-0.6791149089284448, 44.788537370690754], [-0.6791842433683807, 44.788668459951275], [-0.6793977288088412, 44.79057571973986], [-0.6793901378138673, 44.79067241030412], [-0.6780464620515606, 44.791027965612756], [-0.6781641456566176, 44.79240033537248], [-0.6782469843628106, 44.792466985325504], [-0.6781691023091256, 44.792553390882084], [-0.6734346605017203, 44.79271855207672], [-0.6714432298014983, 44.79273137443248], [-0.6709916694876537, 44.79314290261885], [-0.6652484362843438, 44.79759701016689], [-0.6631598662435884, 44.792550360706784], [-0.663084853057384, 44.79252580184048], [-0.6629737356876669, 44.79254930327319], [-0.6598317078527068, 44.794232172059814], [-0.6595808492666999, 44.794306250554484], [-0.659050250380557, 44.79298085788348], [-0.6591050394776592, 44.792325617630254], [-0.6590568565267328, 44.792091072232175], [-0.658898903231221, 44.79190070922786], [-0.6585100822747834, 44.791605308151425], [-0.6584568092596028, 44.791428612853636], [-0.6588350634789457, 44.79064823024028], [-0.6588605292331468, 44.790495072458256], [-0.6592888496762186, 44.7898617467155], [-0.6600042784009439, 44.78893413042729], [-0.6601307465796017, 44.788932656825295], [-0.660207498810188, 44.78888685988393], [-0.6602058979270603, 44.788803994666885], [-0.6601510132926093, 44.788758039623445], [-0.6601725810009578, 44.78870054631713], [-0.6607976051736448, 44.787803850424844], [-0.6613982155514054, 44.7872125912912], [-0.6618907644234294, 44.786827688916595], [-0.6630030145991479, 44.7862420419465], [-0.6632129979102203, 44.7860269030486], [-0.6636246065125168, 44.785449089659075], [-0.6636315064104595, 44.78520551471643], [-0.6635219142107819, 44.78461158699668], [-0.6633764215346846, 44.783156317859216], [-0.6633474291805589, 44.78222625068212], [-0.6717744344316874, 44.77963188160127], [-0.6736447113452877, 44.77918593084176], [-0.6793302598470365, 44.77794814936019], [-0.6818843615759269, 44.77940450209189], [-0.6823084917673309, 44.779175897977346], [-0.6826177403545777, 44.77906737774947]]]]}, "properties": {"cleabs": "IRIS____0000000333180110", "code_insee": "33318", "nom_commune": "Pessac", "iris": "0110", "code_iris": "333180110", "nom_iris": "France", "type_iris": "H"}}, {"type": "Feature", "geometry": {"type": "MultiPolygon", "coordinates": [[[[-0.5923190006088294, 44.796197903605695], [-0.5949837821028449, 44.796282729672754], [-0.5961886682257365, 44.796399554098954], [-0.5976346925729243, 44.79674376485608], [-0.5985891995623017, 44.7971210425543], [-0.5997476227353028, 44.79781614082365], [-0.6001022496778532, 44.798135382003316], [-0.5981520152738461, 44.79930725977547], [-0.5981440087039049, 44.799182245371746], [-0.5979232705592478, 44.79907585366111], [-0.5964165678781778, 44.79849658387956], [-0.5933492460926041, 44.80043192900654], [-0.5936673819549497, 44.80160585967652], [-0.5937838467240968, 44.801724653690975], [-0.5936278668671827, 44.80199738335069], [-0.5929672986805412, 44.80362393055436], [-0.5893233109975449, 44.80292005646431], [-0.5899686989336735, 44.801232741160845], [-0.5867526250437156, 44.800863711099225], [-0.5859921525782246, 44.800729699420216], [-0.584906979715567, 44.8004070100603], [-0.5848331501233663, 44.8000434915654], [-0.5848941327071359, 44.79994778928475], [-0.5848378647247108, 44.79985948456014], [-0.5848831719205286, 44.799756178086376], [-0.5849516431676962, 44.79888516073733], [-0.5850500594072828, 44.798840519826335], [-0.5870334001863646, 44.79897642186563], [-0.5874374527115402, 44.798940812370645], [-0.5880911155040489, 44.79708561054747], [-0.5921803393931936, 44.79735509756788], [-0.5923190006088294, 44.796197903605695]]]]}, "properties": {"cleabs": "IRIS____0000000335220110", "code_insee": "33522", "nom_commune": "Talence", "iris": "0110", "code_iris": "335220110", "nom_iris": "Mégret", "type_iris": "H"}}, {"type": "Feature", "geometry": {"type": "MultiPolygon", "coordinates": [[[[-0.620476859996797, 44.789160185748834], [-0.6202313267106044, 44.78935657187879], [-0.6201554683800677, 44.78941673106643], [-0.6164726140079703, 44.79195507490265], [-0.6153290531817693, 44.79231864667709], [-0.6138423138084118, 44.79313231229128], [-0.6126418713426759, 44.79398979818485], [-0.6078678971346145, 44.793521657012406], [-0.6051876776407059, 44.79311589805282], [-0.6050243030981202, 44.791062745057545], [-0.605125733080905, 44.79049345683991], [-0.6053361989319913, 44.79049922687009], [-0.604931608720108, 44.78829620434538], [-0.6049256335872398, 44.78739424315539], [-0.6049710538933043, 44.787076425222], [-0.6052116141934032, 44.786289013573445], [-0.6051179089483564, 44.786228974682096], [-0.6065259797548161, 44.78387503964942], [-0.6083181221172779, 44.784233069496565], [-0.6085159593360111, 44.7842987268346], [-0.6093851783244624, 44.784768808717295], [-0.610884635239812, 44.78506152848981], [-0.6097651901671278, 44.786586880116275], [-0.6097322298731557, 44.786704215988465], [-0.6122985284627999, 44.788787205815616], [-0.6124774840182027, 44.78907067572763], [-0.6126536996228069, 44.789882372488044], [-0.620476859996797, 44.789160185748834]]]]}, "properties": {"cleabs": "IRIS____0000000331920110", "code_insee": "33192", "nom_commune": "Gradignan", "iris": "0110", "code_iris": "331920110", "nom_iris": "Naudet", "type_iris": "H"}}, {"type": "Feature", "geometry": {"type": "MultiPolygon", "coordinates": [[[[-0.5015985236681373, 44.843277854350376], [-0.5015541164491861, 44.84289083138067], [-0.49924193376263776, 44.842579883206824], [-0.496192649414336, 44.841517981119], [-0.4968426751202025, 44.84078913436524], [-0.4974840348065139, 44.84069411084029], [-0.4976001766056113, 44.84050479806991], [-0.4977941735242841, 44.839918297695796], [-0.49784690805116016, 44.838873929000414], [-0.49809037331508393, 44.83824801697913], [-0.4979511028537865, 44.83784235697722], [-0.49804286064134745, 44.83726178449097], [-0.4979104833411538, 44.83714970306288], [-0.49737936475472433, 44.83710246690986], [-0.49746998913815244, 44.836442624113296], [-0.49522282863781303, 44.83607277498046], [-0.49499853915375547, 44.83560310212097], [-0.4950922746870981, 44.83509456799365], [-0.49534764824440797, 44.83468007277604], [-0.496427737932322, 44.8341467535173], [-0.49759496733182634, 44.83379271998213], [-0.4990333804959072, 44.83368516120984], [-0.4996335494882289, 44.8334589439794], [-0.5000143422581006, 44.833167550152176], [-0.5003833745430177, 44.83323611062731], [-0.5017096437519376, 44.83041669678202], [-0.501394772442263, 44.8304446635257], [-0.5024465776363889, 44.82925699234632], [-0.5032773648791656, 44.82866839095547], [-0.5036006187659636, 44.82871405328558], [-0.5045520699907406, 44.82825320662941], [-0.5068440932520437, 44.82747959843371], [-0.5079123646058781, 44.82700421244418], [-0.5092346742959832, 44.82621706615815], [-0.5092109526286238, 44.82575639397709], [-0.5093934704326152, 44.825455018449176], [-0.5109421915071616, 44.82367204916429], [-0.5122496085685988, 44.82289164408852], [-0.5128749683956803, 44.82238247167014], [-0.5136770193764327, 44.82137833500399], [-0.5143035222403206, 44.82169733680289], [-0.5151117536071064, 44.82194568633836], [-0.5159130724911684, 44.82212395435692], [-0.5164424634027117, 44.82216574505989], [-0.517184010538114, 44.82209716320215], [-0.5179872638938723, 44.82192207694335], [-0.5184810589065776, 44.821759509146894], [-0.5187822113823124, 44.82153365913156], [-0.5189238412595091, 44.821550793449916], [-0.51912213020584, 44.82150214261031], [-0.5192498801477203, 44.82135839861008], [-0.5193195997512342, 44.8215616638686], [-0.5194616036328373, 44.82174641266113], [-0.519996029435232, 44.8219493450926], [-0.520638923903293, 44.8222867177738], [-0.520930746547582, 44.82251807725302], [-0.5211633631044388, 44.82283512994298], [-0.5212509020633307, 44.82328205960707], [-0.5212837882796689, 44.82394791953234], [-0.5214689215641006, 44.82459812978786], [-0.5215474200425227, 44.82536528081278], [-0.5216138460344696, 44.82559658783241], [-0.5229105266954179, 44.828058096154656], [-0.5234924352716932, 44.82845146675886], [-0.524682916186119, 44.82909766227005], [-0.5245495422922742, 44.829232579277424], [-0.5248880194837487, 44.82992387520622], [-0.5249598513185968, 44.829958542104], [-0.5249880355317044, 44.830084719030964], [-0.5247816295570856, 44.83012552666858], [-0.5242190988640502, 44.83036420620716], [-0.5235550870384196, 44.8307214641978], [-0.5231125888313742, 44.831036532806486], [-0.5231301946409304, 44.831115281278244], [-0.522839469892238, 44.831285836732285], [-0.5218926702874814, 44.8314357735059], [-0.5216551797448404, 44.83132435416004], [-0.5217810257664791, 44.831250963263564], [-0.521517571731415, 44.83098806129602], [-0.5212068402259614, 44.83092042324192], [-0.521023262627032, 44.83084063602649], [-0.5210310332150547, 44.83136850666138], [-0.5210034148845933, 44.831453197440524], [-0.5208193212542407, 44.831567189409824], [-0.5199030532401798, 44.83188106348846], [-0.5192426792423226, 44.83199394735784], [-0.5191189661172475, 44.83181852987829], [-0.5185403968853737, 44.831983788125136], [-0.5182963491902708, 44.83192934680909], [-0.5177895182156892, 44.83210764579239], [-0.5176065730689847, 44.83240184030696], [-0.517453457301582, 44.832545485360306], [-0.5166893997769929, 44.83286351613452], [-0.5160439144650331, 44.83327511407124], [-0.5154356350564169, 44.83347193896638], [-0.5150495123482541, 44.83385908666938], [-0.5146816803317854, 44.83431594853621], [-0.5136512726042568, 44.83499297346669], [-0.5128062804978664, 44.83468629031269], [-0.5125927421277205, 44.83501839482738], [-0.5121301798166966, 44.8360063634225], [-0.511526389021412, 44.836680670633974], [-0.5109574332390615, 44.83758818891389], [-0.5106486321656287, 44.83777460355683], [-0.5090723900820517, 44.83835350346828], [-0.5087966712784984, 44.83854247083667], [-0.5081021291298616, 44.83914392641666], [-0.5078704552936644, 44.83955139580137], [-0.5074293489682681, 44.840681957843884], [-0.5069603574051201, 44.84128528470848], [-0.5067534469135461, 44.84144052813147], [-0.5062020204166275, 44.84165713085224], [-0.505213950531277, 44.841981257632334], [-0.5047710174908376, 44.84206915470857], [-0.5046207132408002, 44.84335453662795], [-0.5041610587559641, 44.84331678858908], [-0.5035671878674535, 44.843422066004536], [-0.5033809509818289, 44.843381085187815], [-0.5032626505176984, 44.843291996188114], [-0.503086838507191, 44.843235364916985], [-0.5020974126450389, 44.84313232808776], [-0.5015985236681373, 44.843277854350376]]]]}, "properties": {"cleabs": "IRIS____0000000331670110", "code_insee": "33167", "nom_commune": "Floirac", "iris": "0110", "code_iris": "331670110", "nom_iris": "Plateaux", "type_iris": "H"}}, {"type": "Feature", "geometry": {"type": "MultiPolygon", "coordinates": [[[[-0.6314336089302782, 44.78370046918717], [-0.6284877442724577, 44.78507587902676], [-0.6282378875186474, 44.78526341303949], [-0.6252307968209578, 44.78657494437323], [-0.6233386472534319, 44.78763273223529], [-0.6228311743852771, 44.78808463602655], [-0.6219280690122694, 44.78858371812931], [-0.6214090751349008, 44.78881788578022], [-0.6206176721142266, 44.789047433253664], [-0.620476859996797, 44.789160185748834], [-0.6126536996228069, 44.789882372488044], [-0.6124774840182027, 44.78907067572763], [-0.6122985284627999, 44.788787205815616], [-0.6097322298731557, 44.786704215988465], [-0.6097651901671278, 44.786586880116275], [-0.610884635239812, 44.78506152848981], [-0.6093851783244624, 44.784768808717295], [-0.6085159593360111, 44.7842987268346], [-0.6083181221172779, 44.784233069496565], [-0.6065259797548161, 44.78387503964942], [-0.606943336722032, 44.783181006819014], [-0.6092089362519285, 44.77942380015518], [-0.6098323013163113, 44.778490520330664], [-0.6105073006881722, 44.77877495086151], [-0.6111877071345996, 44.77920250081616], [-0.6123594856620026, 44.77969513952609], [-0.6132384616739109, 44.78000264492276], [-0.6140442648514269, 44.78019536728747], [-0.6148287040010477, 44.78046899294026], [-0.6157254151061838, 44.780835383898605], [-0.6160383021953854, 44.781056795529345], [-0.6164108905338576, 44.78106536322059], [-0.6171390961333956, 44.781329993805436], [-0.6176620342011329, 44.78147244251964], [-0.6180632974899088, 44.78153324273464], [-0.6201826626817788, 44.78166679545597], [-0.6221078864075693, 44.7816741697397], [-0.6234196599017876, 44.78184307309078], [-0.6235805846673431, 44.78110057760448], [-0.6235630659131786, 44.780907379256846], [-0.623436408285492, 44.78076822105597], [-0.6224990077974052, 44.78039961625013], [-0.6225223649440693, 44.7802122914717], [-0.6222592857760552, 44.779546749964666], [-0.6222901195086766, 44.779200558961236], [-0.6224074181388226, 44.77880197152826], [-0.6223880994419769, 44.778659302750064], [-0.6216093616676359, 44.77778710734056], [-0.6214594624863015, 44.777542358538234], [-0.6213872412890228, 44.777049927811916], [-0.6214624923193088, 44.77668606282802], [-0.6215537882412997, 44.77637484759634], [-0.6222362644948061, 44.77653909562223], [-0.6228045311681585, 44.77661965226996], [-0.6229934873670756, 44.77672432789908], [-0.6231266349577175, 44.77688580533761], [-0.6281371598081193, 44.77748970029915], [-0.6281131981472671, 44.77760855052032], [-0.6290104980099438, 44.77778735284087], [-0.6290409157122611, 44.77763133905866], [-0.6338268092371067, 44.77824233940217], [-0.6323739141314372, 44.779374208578325], [-0.6309257778698681, 44.78020848362132], [-0.6288028828528712, 44.78168581287462], [-0.6282064865344953, 44.78191533983349], [-0.6280394937101094, 44.782053294237784], [-0.6280503514765379, 44.782299885208374], [-0.6287315988860577, 44.78254164559955], [-0.6314336089302782, 44.78370046918717]]]]}, "properties": {"cleabs": "IRIS____0000000331920111", "code_insee": "33192", "nom_commune": "Gradignan", "iris": "0111", "code_iris": "331920111", "nom_iris": "Brannes", "type_iris": "H"}}, {"type": "Feature", "geometry": {"type": "MultiPolygon", "coordinates": [[[[-0.6858398905031072, 44.7979235152315], [-0.6851170423218682, 44.79850185371089], [-0.684878370006668, 44.79883876433221], [-0.6846470707580998, 44.798960018592226], [-0.6843426110893539, 44.79821665446572], [-0.6822529612845895, 44.794706151867835], [-0.682119230814201, 44.79473222662313], [-0.6819956723142531, 44.79466242574719], [-0.6816453730823449, 44.79468668257089], [-0.6796608766351998, 44.79459396827098], [-0.6784926520761678, 44.79461472761773], [-0.6783543274807801, 44.79457064926596], [-0.6782961194944359, 44.79443558454326], [-0.6781691023091256, 44.792553390882084], [-0.6782469843628106, 44.792466985325504], [-0.6781641456566176, 44.79240033537248], [-0.6780464620515606, 44.791027965612756], [-0.6793901378138673, 44.79067241030412], [-0.6793977288088412, 44.79057571973986], [-0.6791842433683807, 44.788668459951275], [-0.6791149089284448, 44.788537370690754], [-0.6781184464039893, 44.787525854241956], [-0.6866691799990521, 44.7833615942112], [-0.6889875853846996, 44.78233896352864], [-0.6934642578418824, 44.787083873029594], [-0.6944998673852382, 44.78828232711522], [-0.6948890356700819, 44.788522616162474], [-0.6947849175455341, 44.788652270379714], [-0.6948587659781154, 44.78881294351243], [-0.6959379088333909, 44.79001804700756], [-0.6962231877797347, 44.790083339264555], [-0.6964040042560699, 44.79004215665474], [-0.6974418447132884, 44.789310822225666], [-0.6975176414647679, 44.78917399867534], [-0.6977768121933452, 44.78918878374558], [-0.6979921751578829, 44.78928795023542], [-0.700655671206151, 44.79131348909466], [-0.6907778288659606, 44.794567661093645], [-0.6905617098324819, 44.79555547521468], [-0.6902626384072513, 44.79599355325936], [-0.6896097852349603, 44.79619104543691], [-0.6895156284367248, 44.79606799808443], [-0.6888150473990903, 44.79629050832161], [-0.6885291366993641, 44.79642800986635], [-0.6883107009163371, 44.796667815838376], [-0.6881446848883918, 44.79678059594237], [-0.6871734469423594, 44.79704545082956], [-0.6873192452982094, 44.79718390654122], [-0.6869574337921135, 44.79755376086665], [-0.6867282811519003, 44.79764971190913], [-0.6860767202908854, 44.79775160153513], [-0.6858398905031072, 44.7979235152315]]]]}, "properties": {"cleabs": "IRIS____0000000333180111", "code_insee": "33318", "nom_commune": "Pessac", "iris": "0111", "code_iris": "333180111", "nom_iris": "Cap de Bos", "type_iris": "H"}}, {"type": "Feature", "geometry": {"type": "MultiPolygon", "coordinates": [[[[-0.5884908547811036, 44.804632350654394], [-0.5893233109975449, 44.80292005646431], [-0.5929672986805412, 44.80362393055436], [-0.5936278668671827, 44.80199738335069], [-0.5937838467240968, 44.801724653690975], [-0.5936673819549497, 44.80160585967652], [-0.5933492460926041, 44.80043192900654], [-0.5964165678781778, 44.79849658387956], [-0.5979232705592478, 44.79907585366111], [-0.5981440087039049, 44.799182245371746], [-0.5981520152738461, 44.79930725977547], [-0.5967315700320369, 44.80015458167253], [-0.596548836863224, 44.800345268765405], [-0.5963695059274651, 44.80029250662328], [-0.596130590025435, 44.80033721047524], [-0.5960088216835256, 44.800452015654656], [-0.5960030432593166, 44.80057927989507], [-0.5961413954731932, 44.80074332525987], [-0.5970175566585036, 44.801299806779745], [-0.5970416268720633, 44.8013594096239], [-0.5997196105563616, 44.80306866635795], [-0.5999411449682827, 44.80330571157781], [-0.600073625887002, 44.80357539050101], [-0.5999894553848009, 44.8036249897665], [-0.6001686756675199, 44.80507830339925], [-0.6002733687744852, 44.80511185433981], [-0.6003519211115997, 44.80509308013758], [-0.5998416716308426, 44.805941513587904], [-0.5963627758308828, 44.80592196087127], [-0.5956256263519277, 44.80605492804659], [-0.5938318185182172, 44.80647180300191], [-0.5927027253582605, 44.80663277897082], [-0.5920310864739078, 44.80682037727308], [-0.5917390182521596, 44.8068460644016], [-0.5923129136196945, 44.8054467462607], [-0.5889509419619351, 44.80475985163816], [-0.5884908547811036, 44.804632350654394]]]]}, "properties": {"cleabs": "IRIS____0000000335220111", "code_insee": "33522", "nom_commune": "Talence", "iris": "0111", "code_iris": "335220111", "nom_iris": "Lycée", "type_iris": "H"}}, {"type": "Feature", "geometry": {"type": "MultiPolygon", "coordinates": [[[[-0.6781691023091256, 44.792553390882084], [-0.6782961194944359, 44.79443558454326], [-0.6783543274807801, 44.79457064926596], [-0.6784926520761678, 44.79461472761773], [-0.6796608766351998, 44.79459396827098], [-0.6816453730823449, 44.79468668257089], [-0.6819956723142531, 44.79466242574719], [-0.682119230814201, 44.79473222662313], [-0.6822529612845895, 44.794706151867835], [-0.6843426110893539, 44.79821665446572], [-0.6846470707580998, 44.798960018592226], [-0.684878370006668, 44.79883876433221], [-0.6851170423218682, 44.79850185371089], [-0.6858398905031072, 44.7979235152315], [-0.6871617607075148, 44.79869972657887], [-0.6872128288268344, 44.798841334358286], [-0.6859583984298774, 44.80013497026912], [-0.6856370017879114, 44.80058098743122], [-0.6854708430806505, 44.80055677015541], [-0.6853178924602276, 44.800598809671676], [-0.6852411204451153, 44.80066355229324], [-0.6852080006634579, 44.8008340981146], [-0.6836348938047203, 44.80155516034558], [-0.6832657157258597, 44.801678290104114], [-0.6827925913676903, 44.80176070904261], [-0.6818691440967337, 44.801829245532325], [-0.6793077943889109, 44.8017854214018], [-0.6786774665489013, 44.80167115067407], [-0.6728507638707859, 44.80016726279283], [-0.6707107401203288, 44.79940176437332], [-0.6706076309672272, 44.79933487867625], [-0.6701033988333256, 44.799309217417324], [-0.6686428958712761, 44.79962435656172], [-0.667596639625086, 44.79984735561312], [-0.6671852003197213, 44.79986637851584], [-0.6654853036843479, 44.79953956627744], [-0.6636687484099668, 44.79946173580367], [-0.6632180940282731, 44.79948113911674], [-0.6632461601717954, 44.79913501791783], [-0.6652484362843438, 44.79759701016689], [-0.6709916694876537, 44.79314290261885], [-0.6714432298014983, 44.79273137443248], [-0.6734346605017203, 44.79271855207672], [-0.6781691023091256, 44.792553390882084]]]]}, "properties": {"cleabs": "IRIS____0000000333180112", "code_insee": "33318", "nom_commune": "Pessac", "iris": "0112", "code_iris": "333180112", "nom_iris": "Cazalet", "type_iris": "H"}}, {"type": "Feature", "geometry": {"type": "MultiPolygon", "coordinates": [[[[-0.755130708281935, 44.88738982315026], [-0.7555599853809181, 44.88745732286467], [-0.75601962647394, 44.88746700748404], [-0.7579315653000736, 44.88740859937546], [-0.758391026750465, 44.887472362190394], [-0.7607273639303399, 44.88742747643206], [-0.760475798077501, 44.88851673867121], [-0.7660523110474168, 44.889215514248306], [-0.7667125980355226, 44.889342736186805], [-0.7669079824102573, 44.88908011621623], [-0.7670415357988596, 44.88904854249867], [-0.7695529516597107, 44.8893436577572], [-0.7703032342082444, 44.88939479108306], [-0.7703863402395176, 44.88900888478219], [-0.770900128414738, 44.888163970542415], [-0.7702472240132392, 44.88633563429167], [-0.7723639136969903, 44.88645660460676], [-0.7756184166686761, 44.88652801813849], [-0.7778373853011342, 44.88673644438377], [-0.782150680570527, 44.88880152752], [-0.7926441110696696, 44.890782553263065], [-0.7881898831246776, 44.89304119247604], [-0.7872441727259993, 44.89347728271215], [-0.7870050323659669, 44.893672929242], [-0.7864608367718391, 44.89395199349617], [-0.780497554241895, 44.89621850668719], [-0.7804963127291964, 44.8968585287978], [-0.7824353708845303, 44.89736665537635], [-0.7824018828710911, 44.89752824228798], [-0.782332924595553, 44.89759639269465], [-0.7814458699432464, 44.8982458615617], [-0.7807871708955783, 44.89763642945921], [-0.7773952874546073, 44.898020509116186], [-0.7767948785564786, 44.89821941064561], [-0.7763338998172841, 44.89826664117991], [-0.7733644104052461, 44.89769158338472], [-0.7737857319457716, 44.89863812913273], [-0.7741545420650803, 44.89923762624214], [-0.7738061337324614, 44.8993747620337], [-0.7736932778358967, 44.89937499289064], [-0.7718851287877138, 44.9001341076929], [-0.7683742698675522, 44.90143053291919], [-0.7608324490992142, 44.9039910794451], [-0.760133152781465, 44.904192335443504], [-0.7599781108660298, 44.904301243926014], [-0.7588477172090575, 44.904750545359605], [-0.758042467423786, 44.90497971176], [-0.7570525736023295, 44.90512227943932], [-0.7535516210962798, 44.902559126305896], [-0.7528271871286147, 44.902024769327845], [-0.7524128323919352, 44.90165118758076], [-0.7523231734652577, 44.90161906470645], [-0.7513658932806478, 44.90090238082032], [-0.7506715784368958, 44.89977479706884], [-0.7504736304808595, 44.89937496916905], [-0.750140657968991, 44.898966181909294], [-0.749212657124977, 44.89836386796152], [-0.7494001021600872, 44.898379169999814], [-0.7494637995971727, 44.898307613637925], [-0.7497601220346166, 44.89832013903839], [-0.7502658789421007, 44.898373360980024], [-0.7511198736043664, 44.89811556126146], [-0.7519558156516681, 44.89753116944621], [-0.7522067762679497, 44.89741542478187], [-0.752870046785208, 44.89720732282106], [-0.7542595799829072, 44.89708822969818], [-0.7546974285833972, 44.89709325127965], [-0.7547048448836008, 44.8969767242085], [-0.7544184262901413, 44.89663848416179], [-0.7548299167409428, 44.895833167180044], [-0.7551476951806534, 44.89535190486965], [-0.755388714111048, 44.894765975838645], [-0.7546475947895599, 44.89464412327979], [-0.7544170904408072, 44.89447795611114], [-0.7541576045277643, 44.89437135740122], [-0.7537772588469971, 44.894296787532035], [-0.7537869803677638, 44.892983170455835], [-0.7568894692907306, 44.893525390475745], [-0.757016050635267, 44.893389506785915], [-0.7567454229392517, 44.89287046558118], [-0.7565832439661976, 44.892361274304356], [-0.7566719957950286, 44.89156597014783], [-0.7566118753717037, 44.89116058761203], [-0.7563601212835827, 44.890487675472365], [-0.7559780612828897, 44.89000845919464], [-0.7559721594170223, 44.88992032515269], [-0.7554241489446795, 44.88904561564113], [-0.7552732557245919, 44.88860995384159], [-0.755130708281935, 44.88738982315026]]]]}, "properties": {"cleabs": "IRIS____0000000334490112", "code_insee": "33449", "nom_commune": "Saint-Médard-en-Jalles", "iris": "0112", "code_iris": "334490112", "nom_iris": "Issac-Cérillan", "type_iris": "H"}}, {"type": "Feature", "geometry": {"type": "MultiPolygon", "coordinates": [[[[-0.5822242314829158, 44.79371007954729], [-0.584509355591156, 44.791496632203284], [-0.5847072686624941, 44.79098823667445], [-0.5847332877958582, 44.790642218230616], [-0.5867523916830861, 44.78947916496444], [-0.5869298954072538, 44.788373899978744], [-0.5871657907659525, 44.78939278208143], [-0.5871686626142051, 44.78957654321418], [-0.5861926370765167, 44.791575554036044], [-0.5860043267710021, 44.79179794703298], [-0.5843291820942716, 44.79327520914085], [-0.5856099836607198, 44.79400794490591], [-0.5859274206159103, 44.794083291899916], [-0.5865424325236169, 44.794081414129295], [-0.5864006767097532, 44.79445821673571], [-0.5859124606266333, 44.79630805283668], [-0.5856713605746434, 44.796933208127], [-0.5848096611257663, 44.796818687898046], [-0.5850166678418774, 44.79611532800549], [-0.584975158837835, 44.796040064835275], [-0.5844610642639072, 44.795977384419146], [-0.5840008094053828, 44.79626264392081], [-0.5833309732564361, 44.79574265582641], [-0.5831422513706562, 44.79572081924922], [-0.5827990425874127, 44.79545973950225], [-0.5828142042666247, 44.7953997671484], [-0.5836517996074118, 44.794858974716604], [-0.5831105738060828, 44.794588978204914], [-0.5833902533578423, 44.79431046267688], [-0.5822242314829158, 44.79371007954729]]]]}, "properties": {"cleabs": "IRIS____0000000335220112", "code_insee": "33522", "nom_commune": "Talence", "iris": "0112", "code_iris": "335220112", "nom_iris": "Thouars 2", "type_iris": "H"}}, {"type": "Feature", "geometry": {"type": "MultiPolygon", "coordinates": [[[[-0.6485515070261937, 44.79199403743475], [-0.6472089765393113, 44.79287732293309], [-0.6460597100808871, 44.79326754246912], [-0.6459255453927617, 44.79338461643951], [-0.6457592165512419, 44.793435152619736], [-0.6456891156786596, 44.79354471091437], [-0.6448020908144183, 44.79427057683606], [-0.6431854203370171, 44.796081227762436], [-0.6429095622760217, 44.79621917882646], [-0.6427995351074015, 44.79614258199931], [-0.6425932417701513, 44.79614305403241], [-0.6424833534760248, 44.79626383191662], [-0.6425340736109602, 44.79640186268914], [-0.642604050269756, 44.79644642899967], [-0.6427235985895381, 44.79645511731476], [-0.642741792785289, 44.796794300630395], [-0.6434367567031883, 44.79810264140078], [-0.6473374600349757, 44.79729386656125], [-0.6473739163981619, 44.79808939789007], [-0.6474368903962251, 44.79839646426941], [-0.6440370848952485, 44.79970790796172], [-0.6439813839111892, 44.79959077067709], [-0.6413153901302604, 44.800624737821494], [-0.641042479580928, 44.80069138582949], [-0.6407158738504273, 44.800691299990454], [-0.6402700246839211, 44.8005896805403], [-0.6395099860663687, 44.80013245937569], [-0.6391966831028174, 44.7999859255969], [-0.6388498520800815, 44.79996667045913], [-0.638134923681555, 44.800029797918775], [-0.6380630926458913, 44.80009344262775], [-0.6379300498756801, 44.80009150093404], [-0.6378756022604049, 44.80001307466949], [-0.6379271280468053, 44.79990953922451], [-0.6378236480294466, 44.799582167933146], [-0.6378295285868244, 44.799418844106526], [-0.6378303342238442, 44.799294441698706], [-0.6379910383821393, 44.7991566790633], [-0.6379396863028802, 44.799008753087506], [-0.6379643130619436, 44.79893944778562], [-0.6420404393702818, 44.79292654404792], [-0.6419422922489173, 44.79283783967223], [-0.6419669890086417, 44.79273067751466], [-0.641336565421238, 44.79274869132127], [-0.6402825758980373, 44.79296898310405], [-0.6394686390573469, 44.79302636167684], [-0.6391088469031451, 44.793099464416464], [-0.639218556639894, 44.79266325006599], [-0.6393782596768282, 44.79135746723723], [-0.6389166015186746, 44.79146005214428], [-0.6376960886073104, 44.79137575026407], [-0.6372506146354024, 44.79122003294581], [-0.6366209606096708, 44.79085855970487], [-0.6365196418571537, 44.790740213111825], [-0.6392882615984601, 44.78996795593858], [-0.6390443922321076, 44.789602838194675], [-0.6386316839735009, 44.78848709702081], [-0.6382151262793385, 44.78766349369052], [-0.6396162328315635, 44.78776258449513], [-0.6412567716950432, 44.78802142658433], [-0.6420099567290983, 44.78819945933649], [-0.6429699769801128, 44.788483346425274], [-0.6440479308490253, 44.78888772310178], [-0.6453569544977632, 44.78949809067064], [-0.6464779469689446, 44.79017501731515], [-0.647092915164127, 44.7906018116588], [-0.6476020358557706, 44.79103569238845], [-0.6485515070261937, 44.79199403743475]]]]}, "properties": {"cleabs": "IRIS____0000000333180113", "code_insee": "33318", "nom_commune": "Pessac", "iris": "0113", "code_iris": "333180113", "nom_iris": "Camponac", "type_iris": "H"}}, {"type": "Feature", "geometry": {"type": "MultiPolygon", "coordinates": [[[[-0.7193179188457629, 44.84707549678347], [-0.7211115805040269, 44.84726049794532], [-0.7251728882484016, 44.84793717478906], [-0.7277238053666473, 44.84807680597999], [-0.7294445014767391, 44.84826863346954], [-0.7463921084282162, 44.850447502764055], [-0.7488098954963867, 44.853447529989204], [-0.7500408084105082, 44.85512389942988], [-0.7515526543722651, 44.85692596120215], [-0.7529466085701467, 44.859199797942], [-0.7534719156231234, 44.85970210747684], [-0.755459995762409, 44.862954520401345], [-0.7565108535866112, 44.86405555573308], [-0.7579632955829387, 44.86625075165956], [-0.7567542819192877, 44.866820792684095], [-0.7563745952396655, 44.86711306915318], [-0.7557964124037128, 44.86769689282467], [-0.7557048092409236, 44.86799473777773], [-0.755709312775231, 44.868459686330276], [-0.7557952451617199, 44.86856944739829], [-0.756189208842532, 44.868698525827234], [-0.7562729748061141, 44.868794839533464], [-0.756245262499545, 44.869365436621095], [-0.7563357099763534, 44.86971300337554], [-0.7563189044796623, 44.86991637814972], [-0.7561723788661541, 44.870132256556545], [-0.7559462413192066, 44.870181374109336], [-0.7554628927891737, 44.87019412904335], [-0.7550537343995599, 44.87031163283146], [-0.7548960702737106, 44.87032327790382], [-0.7545273880752053, 44.870269053189205], [-0.7543739363053135, 44.870343650072726], [-0.754089540185399, 44.870753475584664], [-0.7539805748614083, 44.87111410006945], [-0.7537841012692548, 44.871493007962926], [-0.753432365328045, 44.871881674342355], [-0.7531087605903019, 44.872122466610826], [-0.7516848718459311, 44.87264743633608], [-0.7512645873977054, 44.872940164895766], [-0.751205546836519, 44.87311882688055], [-0.7512706476856043, 44.87371332481003], [-0.7513232766299173, 44.873798977328505], [-0.7512748845569919, 44.87408003417464], [-0.7514223560162244, 44.87431390854329], [-0.751420532263437, 44.87447621462979], [-0.7511318099606535, 44.87495468112339], [-0.7511734030943215, 44.875178614607954], [-0.7513503963675702, 44.87534208669676], [-0.7513585123925867, 44.87548242420937], [-0.7511303668675708, 44.87548292570983], [-0.750989477889924, 44.87561297693742], [-0.7507147099545803, 44.875655614602884], [-0.7505465927012068, 44.87581452762484], [-0.7503391036157702, 44.8758206388082], [-0.750287294697199, 44.87591793366373], [-0.7500856410831014, 44.875973421817726], [-0.7501676521013593, 44.87613830286029], [-0.750160772574435, 44.87624399421025], [-0.749873760995562, 44.87638799550137], [-0.7497197325997632, 44.876549135140976], [-0.7497200601203458, 44.87680060286596], [-0.7498071180258222, 44.87705995625934], [-0.7499264113820018, 44.87723259134362], [-0.7506478145866925, 44.877537207387014], [-0.7507182075720978, 44.87767994693913], [-0.7506926544755175, 44.877809704860375], [-0.7505930247449588, 44.87787436450126], [-0.7502048843708835, 44.877965900086835], [-0.7500428401703242, 44.87813993003934], [-0.7500192715518703, 44.87828043700448], [-0.7499344505152936, 44.87839597301744], [-0.7495457332024908, 44.87870655567694], [-0.7495347857883478, 44.87903592130395], [-0.7497601748205079, 44.87948709728413], [-0.7496730646431019, 44.87958738731475], [-0.7490386735824605, 44.87971247647576], [-0.7460820753346971, 44.88062083425456], [-0.7457108408293933, 44.880681136540254], [-0.7454594851801917, 44.88067609955678], [-0.7449467437668077, 44.88053476434553], [-0.7435631543324338, 44.88035700709572], [-0.7425455193156375, 44.880305700962964], [-0.7416744292561276, 44.88005655502221], [-0.7410931797570655, 44.88004730729722], [-0.739724800911194, 44.88023043295971], [-0.7394314657183875, 44.880223191619265], [-0.7393333355417406, 44.880253538681735], [-0.7391849376199101, 44.8803856295169], [-0.7386220880948554, 44.88046227867008], [-0.7383484193349937, 44.88054090176317], [-0.7376554198936868, 44.88090946136017], [-0.7375563488821864, 44.88103988857942], [-0.7375833786541439, 44.88108404589093], [-0.7373505099792375, 44.8810900854917], [-0.7369903510209713, 44.8801368656902], [-0.7369183910839132, 44.88008430633337], [-0.7366089698512142, 44.879435836999235], [-0.7362359937200542, 44.878994113587495], [-0.7360128499238121, 44.878632072105674], [-0.7356404474062154, 44.877665741893686], [-0.7353633147756202, 44.87614998636515], [-0.7345157340576227, 44.87267226656733], [-0.7340331928660258, 44.872126064434305], [-0.7337745988312286, 44.87195449659494], [-0.7337423697031636, 44.8718320964381], [-0.7334817111517324, 44.87170566484996], [-0.7334145858469153, 44.87136360866013], [-0.7333487926568641, 44.871289207805056], [-0.7331617299187962, 44.870744778396286], [-0.7330234198117742, 44.8705520366643], [-0.7328203468323738, 44.870414652989], [-0.7320655917598661, 44.87010113514266], [-0.7316743060681558, 44.86987814256035], [-0.7306579992656035, 44.86871893644618], [-0.7302564776872594, 44.86839893839921], [-0.7297979039873581, 44.86813583894211], [-0.730029588211969, 44.86773145896109], [-0.730029284160821, 44.86686888264504], [-0.7294902572163272, 44.86663462614792], [-0.728371870097127, 44.866283734425316], [-0.7277802202021098, 44.866172919681325], [-0.7274737164656965, 44.86615707832291], [-0.7267755708230453, 44.86621748573008], [-0.7262956614961105, 44.86637691784431], [-0.7254811148803432, 44.86674587970654], [-0.7252732278518546, 44.86676457721786], [-0.7239454257254421, 44.86671450982807], [-0.7234825524748801, 44.866863442861316], [-0.7233490984916471, 44.866876934782255], [-0.7232468057521106, 44.86684431384049], [-0.7230226583728314, 44.86696179885804], [-0.7220517672604763, 44.86730533503859], [-0.7169429400566067, 44.87002648170651], [-0.7160927220739188, 44.86763847397177], [-0.7154599260921457, 44.86529816472061], [-0.7151012416376114, 44.86533631435704], [-0.7132170432521904, 44.86570674460495], [-0.7121919466866811, 44.86586362834524], [-0.7112670208578636, 44.86590628777382], [-0.7105206305554449, 44.8658888888891], [-0.7099602192238594, 44.86577062648607], [-0.7098074591610889, 44.86568379835592], [-0.7093652766993747, 44.86568596378251], [-0.7069368922590004, 44.865186666318394], [-0.7031826646483665, 44.86403124534629], [-0.7027787065014994, 44.86399785863532], [-0.7025789845469721, 44.86404418241496], [-0.7023962320379106, 44.864040366478605], [-0.7022557002868008, 44.86396573908761], [-0.7021998105028456, 44.863790943704124], [-0.7019562269619608, 44.863556614235165], [-0.7018311278425865, 44.863466148862614], [-0.7014027457054168, 44.863292965093336], [-0.7070904715414235, 44.86024044020496], [-0.7077343388600316, 44.85926351351338], [-0.7090357142650532, 44.85761293981315], [-0.7106215327178929, 44.85526331724287], [-0.7113379044445196, 44.8550780142231], [-0.711808672997351, 44.854838732931505], [-0.7136769727793573, 44.85455898141919], [-0.718169572511088, 44.85339989494466], [-0.718671349546493, 44.850378027945695], [-0.7192221188977039, 44.84800077266331], [-0.7193179188457629, 44.84707549678347]]]]}, "properties": {"cleabs": "IRIS____0000000334490113", "code_insee": "33449", "nom_commune": "Saint-Médard-en-Jalles", "iris": "0113", "code_iris": "334490113", "nom_iris": "Magudas", "type_iris": "H"}}, {"type": "Feature", "geometry": {"type": "MultiPolygon", "coordinates": [[[[-0.5869298954072538, 44.788373899978744], [-0.5873856443941424, 44.78756334644377], [-0.5890729849823504, 44.7872121950303], [-0.5907287495869419, 44.787119797110265], [-0.5906802487720757, 44.78804424557712], [-0.5907375758145863, 44.789337480109424], [-0.5913702874542547, 44.79088064058956], [-0.591483952471992, 44.79283717231438], [-0.5915324848555786, 44.793061812868096], [-0.5918688115792238, 44.79374938018958], [-0.5892559563610597, 44.7939998683171], [-0.589002249944017, 44.79407027138921], [-0.5879858632411548, 44.79414914754218], [-0.5865424325236169, 44.794081414129295], [-0.5859274206159103, 44.794083291899916], [-0.5856099836607198, 44.79400794490591], [-0.5843291820942716, 44.79327520914085], [-0.5860043267710021, 44.79179794703298], [-0.5861926370765167, 44.791575554036044], [-0.5871686626142051, 44.78957654321418], [-0.5871657907659525, 44.78939278208143], [-0.5869298954072538, 44.788373899978744]]]]}, "properties": {"cleabs": "IRIS____0000000335220113", "code_insee": "33522", "nom_commune": "Talence", "iris": "0113", "code_iris": "335220113", "nom_iris": "Thouars 1", "type_iris": "H"}}, {"type": "Feature", "geometry": {"type": "MultiPolygon", "coordinates": [[[[-0.6310574061056735, 44.79413416467927], [-0.6313533429383483, 44.79416953097452], [-0.634478339279667, 44.794148197739794], [-0.6375606847716557, 44.79381994092794], [-0.6378906321144465, 44.79381361613405], [-0.6378425460844532, 44.7937160546394], [-0.6379006905902791, 44.7936366363414], [-0.6384842865470252, 44.793442629058916], [-0.6391088469031451, 44.793099464416464], [-0.6394686390573469, 44.79302636167684], [-0.6402825758980373, 44.79296898310405], [-0.641336565421238, 44.79274869132127], [-0.6419669890086417, 44.79273067751466], [-0.6419422922489173, 44.79283783967223], [-0.6420404393702818, 44.79292654404792], [-0.6379643130619436, 44.79893944778562], [-0.6379396863028802, 44.799008753087506], [-0.6379910383821393, 44.7991566790633], [-0.6378303342238442, 44.799294441698706], [-0.6378295285868244, 44.799418844106526], [-0.6375312755645571, 44.799524168907205], [-0.6370265405757264, 44.79962725649629], [-0.635105067617894, 44.799824587114145], [-0.634228507633421, 44.80003088549823], [-0.6337564971974048, 44.800072499473075], [-0.6310999870131064, 44.80051196511952], [-0.6312774013620488, 44.80121995981915], [-0.6312943057020725, 44.80175566297988], [-0.6314782561504069, 44.803308837630915], [-0.6316273213106699, 44.8037347619446], [-0.6271646694500194, 44.804045828313804], [-0.6256117322126511, 44.8042480516742], [-0.6256818058212809, 44.804686480599244], [-0.625956072862645, 44.805111019594655], [-0.6265363066573885, 44.805862622951175], [-0.6267576324690264, 44.806035635438896], [-0.6270314829441087, 44.806178989359445], [-0.6242796527487222, 44.8072261528507], [-0.6241347960149431, 44.80710020505897], [-0.623633853380185, 44.80691019219172], [-0.6224901226751324, 44.80605802454231], [-0.6224513628302536, 44.805790713128324], [-0.6225467351406376, 44.80550279512344], [-0.6232739263748999, 44.80447050567295], [-0.623421841424801, 44.804192585672496], [-0.6227145449850228, 44.80417875415807], [-0.6220879588292125, 44.80412082224326], [-0.6208336507332405, 44.80383013912198], [-0.6203351155234427, 44.80385363457266], [-0.6196837799284962, 44.80398125742033], [-0.6191432995946111, 44.803962856493726], [-0.6181560245738352, 44.803768871999], [-0.6167339540434987, 44.803369159185024], [-0.6164443682654223, 44.803256036460255], [-0.6168631070931175, 44.80199321912255], [-0.6168609327905795, 44.8019004597954], [-0.6167667731792897, 44.80181430732411], [-0.6169769108038852, 44.80134239705481], [-0.6171674872545387, 44.80048808729132], [-0.6173325307383417, 44.80041690826336], [-0.6173528402983197, 44.80028015441755], [-0.6174757229043641, 44.80018331330297], [-0.6194662153074504, 44.798973717858495], [-0.6196473480183742, 44.798641544029735], [-0.6198674955168003, 44.79787368567493], [-0.6199780378035014, 44.79770334087953], [-0.6204440081189792, 44.79737177512402], [-0.6209469975432638, 44.79702547874879], [-0.6211656021229371, 44.79705889291293], [-0.6213150213109215, 44.79700083579711], [-0.6213452510890936, 44.796861053062266], [-0.6212440817826478, 44.796764318460454], [-0.6221392071587438, 44.79613932863015], [-0.6225007399857294, 44.795758893629106], [-0.6227785317546581, 44.79515948352531], [-0.6230018636748701, 44.79452039491979], [-0.6229881830854465, 44.79440638142787], [-0.62324421984484, 44.79445118510289], [-0.6233324482203019, 44.79442576872885], [-0.623421784776188, 44.79433902995945], [-0.6235535373744954, 44.79432120292537], [-0.6244951230498751, 44.794495899175764], [-0.6251314188938869, 44.7945489899111], [-0.6255565394946899, 44.794507142964456], [-0.627090786645574, 44.79415681478355], [-0.6273645966953555, 44.794084763706955], [-0.6284322337807954, 44.79405521902865], [-0.6293232754989827, 44.79411346331044], [-0.6299997296113877, 44.79420036039579], [-0.6302874638810353, 44.79424591218121], [-0.6303620890201361, 44.79430385253984], [-0.6304617123834779, 44.794317712945876], [-0.6310574061056735, 44.79413416467927]]]]}, "properties": {"cleabs": "IRIS____0000000333180115", "code_insee": "33318", "nom_commune": "Pessac", "iris": "0115", "code_iris": "333180115", "nom_iris": "Sardine", "type_iris": "H"}}, {"type": "Feature", "geometry": {"type": "MultiPolygon", "coordinates": [[[[-0.6093951277115409, 44.813020283088946], [-0.6069795815741701, 44.81115127796978], [-0.6070667465277472, 44.810951065160324], [-0.6069143380346929, 44.81082534140326], [-0.606106079478126, 44.81087687358276], [-0.6059933193069104, 44.810639003601615], [-0.6058705259096885, 44.80943620880478], [-0.6056484891955813, 44.808876538178666], [-0.6057265001879901, 44.80843508641306], [-0.6059531216048861, 44.80796176232701], [-0.6058571286336072, 44.80753137861813], [-0.6066505821269592, 44.8068359267786], [-0.6079175668099552, 44.80588532054364], [-0.6081994127026389, 44.805740055407576], [-0.6089075167302452, 44.80543130198387], [-0.6101938606745164, 44.80507847571394], [-0.6103621878744907, 44.80497926158412], [-0.6103951575687528, 44.804861924796576], [-0.6105355835871288, 44.80478164446918], [-0.6108333964679875, 44.80480619079275], [-0.6109410116277291, 44.804944183129045], [-0.6115178324155202, 44.804405360926566], [-0.6121391897762808, 44.803456811914515], [-0.6123563845655737, 44.80325145542137], [-0.6125935283709962, 44.803100425280014], [-0.6130149839399744, 44.80292175615892], [-0.613608211976744, 44.802796067160486], [-0.6145820572499344, 44.802722853585436], [-0.6147905839496428, 44.80277643745501], [-0.6148881268464723, 44.80285617238969], [-0.6151289106097946, 44.80287986311335], [-0.6152642819036558, 44.8028195691587], [-0.615460913423341, 44.80262929715786], [-0.6158932831535914, 44.80248270620909], [-0.6162646460607525, 44.80229304083097], [-0.616620447333619, 44.801999335224956], [-0.6167667731792897, 44.80181430732411], [-0.6168609327905795, 44.8019004597954], [-0.6168631070931175, 44.80199321912255], [-0.6164443682654223, 44.803256036460255], [-0.6167339540434987, 44.803369159185024], [-0.6181560245738352, 44.803768871999], [-0.6191432995946111, 44.803962856493726], [-0.6196837799284962, 44.80398125742033], [-0.6203351155234427, 44.80385363457266], [-0.6208336507332405, 44.80383013912198], [-0.6220879588292125, 44.80412082224326], [-0.6227145449850228, 44.80417875415807], [-0.623421841424801, 44.804192585672496], [-0.6232739263748999, 44.80447050567295], [-0.6225467351406376, 44.80550279512344], [-0.6224513628302536, 44.805790713128324], [-0.6224901226751324, 44.80605802454231], [-0.623633853380185, 44.80691019219172], [-0.6241347960149431, 44.80710020505897], [-0.6242796527487222, 44.8072261528507], [-0.6098007137402712, 44.81273128952221], [-0.6093951277115409, 44.813020283088946]]]]}, "properties": {"cleabs": "IRIS____0000000333180116", "code_insee": "33318", "nom_commune": "Pessac", "iris": "0116", "code_iris": "333180116", "nom_iris": "Candau", "type_iris": "H"}}, {"type": "Feature", "geometry": {"type": "MultiPolygon", "coordinates": [[[[-0.6058571286336072, 44.80753137861813], [-0.6056334763668574, 44.806413880901836], [-0.6060433449228907, 44.8001178663325], [-0.6062027905741728, 44.79976208869018], [-0.6074419687266897, 44.798400514679585], [-0.606878168461922, 44.79803763295819], [-0.6068166338220947, 44.798084698556494], [-0.6057101864510461, 44.79719511085691], [-0.6045524713222897, 44.79657124929443], [-0.6034870239577642, 44.795865967166826], [-0.6046128680344569, 44.7947505490895], [-0.6049937129033974, 44.79409736733485], [-0.6051876776407059, 44.79311589805282], [-0.6078678971346145, 44.793521657012406], [-0.6126418713426759, 44.79398979818485], [-0.611069873958624, 44.79513245975338], [-0.610874465823597, 44.795203717712276], [-0.6108300107585257, 44.795299798472044], [-0.6095430797156214, 44.796191610506135], [-0.6095376132251977, 44.79630354470962], [-0.6098041565840937, 44.79649223868825], [-0.6104173793343111, 44.796816543700324], [-0.6118717471977843, 44.797367590225754], [-0.6126963158364148, 44.7976318208104], [-0.6129883937013201, 44.79762680540676], [-0.6132214129529494, 44.7975498113005], [-0.6134122040077763, 44.79778062254896], [-0.6146580112847251, 44.79748944506526], [-0.6169410326994155, 44.79687239694526], [-0.6169931061687819, 44.796973441421386], [-0.6170785362485421, 44.79696344303191], [-0.618156646687148, 44.796663278181455], [-0.6184116360924476, 44.79667207688912], [-0.6186687222064388, 44.796733079874365], [-0.6204440081189792, 44.79737177512402], [-0.6199780378035014, 44.79770334087953], [-0.6198674955168003, 44.79787368567493], [-0.6196473480183742, 44.798641544029735], [-0.6194662153074504, 44.798973717858495], [-0.6174757229043641, 44.80018331330297], [-0.6173528402983197, 44.80028015441755], [-0.6173325307383417, 44.80041690826336], [-0.6171674872545387, 44.80048808729132], [-0.6169769108038852, 44.80134239705481], [-0.6167667731792897, 44.80181430732411], [-0.616620447333619, 44.801999335224956], [-0.6162646460607525, 44.80229304083097], [-0.6158932831535914, 44.80248270620909], [-0.615460913423341, 44.80262929715786], [-0.6152642819036558, 44.8028195691587], [-0.6151289106097946, 44.80287986311335], [-0.6148881268464723, 44.80285617238969], [-0.6147905839496428, 44.80277643745501], [-0.6145820572499344, 44.802722853585436], [-0.613608211976744, 44.802796067160486], [-0.6130149839399744, 44.80292175615892], [-0.6125935283709962, 44.803100425280014], [-0.6123563845655737, 44.80325145542137], [-0.6121391897762808, 44.803456811914515], [-0.6115178324155202, 44.804405360926566], [-0.6109410116277291, 44.804944183129045], [-0.6108333964679875, 44.80480619079275], [-0.6105355835871288, 44.80478164446918], [-0.6103951575687528, 44.804861924796576], [-0.6103621878744907, 44.80497926158412], [-0.6101938606745164, 44.80507847571394], [-0.6089075167302452, 44.80543130198387], [-0.6081994127026389, 44.805740055407576], [-0.6079175668099552, 44.80588532054364], [-0.6066505821269592, 44.8068359267786], [-0.6058571286336072, 44.80753137861813]]]]}, "properties": {"cleabs": "IRIS____0000000333180117", "code_insee": "33318", "nom_commune": "Pessac", "iris": "0117", "code_iris": "333180117", "nom_iris": "Fac Sciences-Droit", "type_iris": "H"}}, {"type": "Feature", "geometry": {"type": "MultiPolygon", "coordinates": [[[[-0.6126418713426759, 44.79398979818485], [-0.6138423138084118, 44.79313231229128], [-0.6153290531817693, 44.79231864667709], [-0.6164726140079703, 44.79195507490265], [-0.6201554683800677, 44.78941673106643], [-0.6201334077176383, 44.78948684903411], [-0.6212589875426199, 44.78943474864543], [-0.6221453935525808, 44.78946165513742], [-0.6232931308905107, 44.789674682735146], [-0.6240053748629969, 44.790239015608165], [-0.6236976155790227, 44.79139368706855], [-0.6231323808403523, 44.794012320189445], [-0.6232902318231371, 44.794045913577314], [-0.6234190583267104, 44.794120111479224], [-0.6234586261890697, 44.79422336455431], [-0.623421784776188, 44.79433902995945], [-0.6233324482203019, 44.79442576872885], [-0.62324421984484, 44.79445118510289], [-0.6229881830854465, 44.79440638142787], [-0.6230018636748701, 44.79452039491979], [-0.6227785317546581, 44.79515948352531], [-0.6225007399857294, 44.795758893629106], [-0.6221392071587438, 44.79613932863015], [-0.6212440817826478, 44.796764318460454], [-0.6213452510890936, 44.796861053062266], [-0.6213150213109215, 44.79700083579711], [-0.6211656021229371, 44.79705889291293], [-0.6209469975432638, 44.79702547874879], [-0.6204440081189792, 44.79737177512402], [-0.6186687222064388, 44.796733079874365], [-0.6184116360924476, 44.79667207688912], [-0.618156646687148, 44.796663278181455], [-0.6170785362485421, 44.79696344303191], [-0.6169931061687819, 44.796973441421386], [-0.6169410326994155, 44.79687239694526], [-0.6146580112847251, 44.79748944506526], [-0.6134122040077763, 44.79778062254896], [-0.6132214129529494, 44.7975498113005], [-0.6129883937013201, 44.79762680540676], [-0.6126963158364148, 44.7976318208104], [-0.6118717471977843, 44.797367590225754], [-0.6104173793343111, 44.796816543700324], [-0.6098041565840937, 44.79649223868825], [-0.6095376132251977, 44.79630354470962], [-0.6095430797156214, 44.796191610506135], [-0.6108300107585257, 44.795299798472044], [-0.610874465823597, 44.795203717712276], [-0.611069873958624, 44.79513245975338], [-0.6126418713426759, 44.79398979818485]]]]}, "properties": {"cleabs": "IRIS____0000000333180118", "code_insee": "33318", "nom_commune": "Pessac", "iris": "0118", "code_iris": "333180118", "nom_iris": "Fac Lettres", "type_iris": "H"}}, {"type": "Feature", "geometry": {"type": "MultiPolygon", "coordinates": [[[[-0.6474368903962251, 44.79839646426941], [-0.6473739163981619, 44.79808939789007], [-0.6473374600349757, 44.79729386656125], [-0.6434367567031883, 44.79810264140078], [-0.642741792785289, 44.796794300630395], [-0.6427235985895381, 44.79645511731476], [-0.642604050269756, 44.79644642899967], [-0.6425340736109602, 44.79640186268914], [-0.6424833534760248, 44.79626383191662], [-0.6425932417701513, 44.79614305403241], [-0.6427995351074015, 44.79614258199931], [-0.6429095622760217, 44.79621917882646], [-0.6431854203370171, 44.796081227762436], [-0.6448020908144183, 44.79427057683606], [-0.6456891156786596, 44.79354471091437], [-0.6457592165512419, 44.793435152619736], [-0.6459255453927617, 44.79338461643951], [-0.6460597100808871, 44.79326754246912], [-0.6472089765393113, 44.79287732293309], [-0.6485515070261937, 44.79199403743475], [-0.6521836083013848, 44.79656285203958], [-0.6474368903962251, 44.79839646426941]]]]}, "properties": {"cleabs": "IRIS____0000000333180119", "code_insee": "33318", "nom_commune": "Pessac", "iris": "0119", "code_iris": "333180119", "nom_iris": "Châtaigneraie", "type_iris": "H"}}, {"type": "Feature", "geometry": {"type": "MultiPolygon", "coordinates": [[[[-0.6201554683800677, 44.78941673106643], [-0.6202313267106044, 44.78935657187879], [-0.620476859996797, 44.789160185748834], [-0.635195399092343, 44.7877806301942], [-0.6366214110834191, 44.78767795826598], [-0.6382151262793385, 44.78766349369052], [-0.6386316839735009, 44.78848709702081], [-0.6390443922321076, 44.789602838194675], [-0.6392882615984601, 44.78996795593858], [-0.6365196418571537, 44.790740213111825], [-0.6366209606096708, 44.79085855970487], [-0.6372506146354024, 44.79122003294581], [-0.6376960886073104, 44.79137575026407], [-0.6389166015186746, 44.79146005214428], [-0.6393782596768282, 44.79135746723723], [-0.639218556639894, 44.79266325006599], [-0.6391088469031451, 44.793099464416464], [-0.6384842865470252, 44.793442629058916], [-0.6379006905902791, 44.7936366363414], [-0.6378425460844532, 44.7937160546394], [-0.6378906321144465, 44.79381361613405], [-0.6375606847716557, 44.79381994092794], [-0.634478339279667, 44.794148197739794], [-0.6313533429383483, 44.79416953097452], [-0.6310574061056735, 44.79413416467927], [-0.631129829849067, 44.79402093537847], [-0.6310969277114633, 44.79394270173281], [-0.6329310111351893, 44.7918682495126], [-0.6334047441930766, 44.79128671948839], [-0.6335173183991969, 44.79107032840145], [-0.633706559563337, 44.79102176322318], [-0.6337363979104041, 44.79093516406788], [-0.633689036040372, 44.790868220628596], [-0.6340053804420311, 44.790612701003354], [-0.6345941870785863, 44.78995168475678], [-0.6312238093231216, 44.790167633024076], [-0.6311662088404436, 44.79021638656904], [-0.6312722341263431, 44.791073623973745], [-0.6306291531175626, 44.79111091882413], [-0.6303840431567502, 44.79107839233229], [-0.630003811306623, 44.79114853007475], [-0.6292591809632945, 44.79120085998289], [-0.6289627531907386, 44.791177221250685], [-0.6290635070533116, 44.7920905112712], [-0.6269380034760785, 44.79222138647198], [-0.6268538297670808, 44.792289933978196], [-0.627090786645574, 44.79415681478355], [-0.6255565394946899, 44.794507142964456], [-0.6251314188938869, 44.7945489899111], [-0.6244951230498751, 44.794495899175764], [-0.6235535373744954, 44.79432120292537], [-0.623421784776188, 44.79433902995945], [-0.6234586261890697, 44.79422336455431], [-0.6234190583267104, 44.794120111479224], [-0.6232902318231371, 44.794045913577314], [-0.6231323808403523, 44.794012320189445], [-0.6236976155790227, 44.79139368706855], [-0.6240053748629969, 44.790239015608165], [-0.6232931308905107, 44.789674682735146], [-0.6221453935525808, 44.78946165513742], [-0.6212589875426199, 44.78943474864543], [-0.6201334077176383, 44.78948684903411], [-0.6201554683800677, 44.78941673106643]]]]}, "properties": {"cleabs": "IRIS____0000000333180121", "code_insee": "33318", "nom_commune": "Pessac", "iris": "0121", "code_iris": "333180121", "nom_iris": "Saige Sud", "type_iris": "H"}}, {"type": "Feature", "geometry": {"type": "MultiPolygon", "coordinates": [[[[-0.627090786645574, 44.79415681478355], [-0.6268538297670808, 44.792289933978196], [-0.6269380034760785, 44.79222138647198], [-0.6290635070533116, 44.7920905112712], [-0.6289627531907386, 44.791177221250685], [-0.6292591809632945, 44.79120085998289], [-0.630003811306623, 44.79114853007475], [-0.6303840431567502, 44.79107839233229], [-0.6306291531175626, 44.79111091882413], [-0.6312722341263431, 44.791073623973745], [-0.6311662088404436, 44.79021638656904], [-0.6312238093231216, 44.790167633024076], [-0.6345941870785863, 44.78995168475678], [-0.6340053804420311, 44.790612701003354], [-0.633689036040372, 44.790868220628596], [-0.6337363979104041, 44.79093516406788], [-0.633706559563337, 44.79102176322318], [-0.6335173183991969, 44.79107032840145], [-0.6334047441930766, 44.79128671948839], [-0.6329310111351893, 44.7918682495126], [-0.6310969277114633, 44.79394270173281], [-0.631129829849067, 44.79402093537847], [-0.6310574061056735, 44.79413416467927], [-0.6304617123834779, 44.794317712945876], [-0.6303620890201361, 44.79430385253984], [-0.6302874638810353, 44.79424591218121], [-0.6299997296113877, 44.79420036039579], [-0.6293232754989827, 44.79411346331044], [-0.6284322337807954, 44.79405521902865], [-0.6273645966953555, 44.794084763706955], [-0.627090786645574, 44.79415681478355]]]]}, "properties": {"cleabs": "IRIS____0000000333180122", "code_insee": "33318", "nom_commune": "Pessac", "iris": "0122", "code_iris": "333180122", "nom_iris": "Saige Nord", "type_iris": "H"}}, {"type": "Feature", "geometry": {"type": "MultiPolygon", "coordinates": [[[[-0.7077576074552364, 44.77435682932213], [-0.7135343412893669, 44.772084008187846], [-0.7143982863347654, 44.77162061114799], [-0.7167182265148339, 44.77009979812624], [-0.7260450477875635, 44.7637143065823], [-0.7318730682232564, 44.76001107091209], [-0.732502579113056, 44.75952748238031], [-0.7345076556202337, 44.758499085005354], [-0.7504829945442921, 44.74940746813198], [-0.7590153801997873, 44.75542199656586], [-0.7587178877425662, 44.75551321413597], [-0.7564163269481005, 44.75741649566793], [-0.7540847479386027, 44.75915670186585], [-0.7354934480537445, 44.774229871016225], [-0.73395761522738, 44.775548905956704], [-0.7382917879602624, 44.77977504032623], [-0.7346274519427317, 44.781611138921946], [-0.7347351100338319, 44.781688628651075], [-0.734981091019953, 44.78169565863276], [-0.7392635199399832, 44.782853615165294], [-0.7351031812585206, 44.7909201883555], [-0.7353160236508296, 44.79103739629911], [-0.7363538542378956, 44.79128361904468], [-0.7363788769391144, 44.79143149394169], [-0.7337514430696996, 44.79642596923921], [-0.7330839670103921, 44.79712535178305], [-0.7319434205978869, 44.7986500518496], [-0.7294553985068329, 44.80159821758328], [-0.7235680532869896, 44.80178085532313], [-0.7232801296773244, 44.80205912238815], [-0.7215978097895275, 44.802042620624846], [-0.7132055567677704, 44.79978150278297], [-0.708762938286342, 44.80077119102248], [-0.7077861876866809, 44.79960963442759], [-0.706846701184094, 44.798187246905826], [-0.7070149388229633, 44.7981086131595], [-0.7068059349468211, 44.79797229576683], [-0.7038938310742462, 44.793835313437306], [-0.7037192636158457, 44.79387539791808], [-0.7035319604011598, 44.793837493943556], [-0.7034027687692882, 44.79372103636275], [-0.7034025581926346, 44.793564215779725], [-0.7034724692205152, 44.79347264977975], [-0.7036255827871603, 44.79341435523374], [-0.7038209136062489, 44.79342044489023], [-0.7039512444028556, 44.7934773775451], [-0.7046469981639553, 44.79310621418197], [-0.7060272430509278, 44.79261571553072], [-0.7092822613340245, 44.791610900852206], [-0.7146153475922223, 44.789799969242274], [-0.7147616615481488, 44.789639136935335], [-0.7163108174673453, 44.78661465817361], [-0.7182897029365675, 44.78398583145825], [-0.7077576074552364, 44.77435682932213]]]]}, "properties": {"cleabs": "IRIS____0000000333180123", "code_insee": "33318", "nom_commune": "Pessac", "iris": "0123", "code_iris": "333180123", "nom_iris": "Toctoucau", "type_iris": "H"}}, {"type": "Feature", "geometry": {"type": "MultiPolygon", "coordinates": [[[[-0.708762938286342, 44.80077119102248], [-0.7063656599085538, 44.80123805242381], [-0.7047051531175191, 44.800246248701825], [-0.7045017451867769, 44.800233219297816], [-0.7013943259834994, 44.80241095927106], [-0.7014523173635938, 44.802464903707616], [-0.6929580861886151, 44.80697809474996], [-0.6900574849212526, 44.803643433506934], [-0.6896931974506136, 44.80330134914198], [-0.6891248374033551, 44.80289755768486], [-0.688841986296556, 44.80261945664067], [-0.6883747334042108, 44.80178868430866], [-0.6881003205912519, 44.80150399184133], [-0.6874118591541084, 44.80125650952214], [-0.685928454889283, 44.80093271618551], [-0.6857701233049711, 44.80085416094115], [-0.685644889573192, 44.800952061065566], [-0.6854628501304948, 44.80097523950662], [-0.6853731298440229, 44.80095839442848], [-0.6852080006634579, 44.8008340981146], [-0.6852411204451153, 44.80066355229324], [-0.6853178924602276, 44.800598809671676], [-0.6854708430806505, 44.80055677015541], [-0.6856370017879114, 44.80058098743122], [-0.6859583984298774, 44.80013497026912], [-0.6872128288268344, 44.798841334358286], [-0.6871617607075148, 44.79869972657887], [-0.6858398905031072, 44.7979235152315], [-0.6860767202908854, 44.79775160153513], [-0.6867282811519003, 44.79764971190913], [-0.6869574337921135, 44.79755376086665], [-0.6873192452982094, 44.79718390654122], [-0.6871734469423594, 44.79704545082956], [-0.6881446848883918, 44.79678059594237], [-0.6883107009163371, 44.796667815838376], [-0.6885291366993641, 44.79642800986635], [-0.6888150473990903, 44.79629050832161], [-0.6895156284367248, 44.79606799808443], [-0.6896097852349603, 44.79619104543691], [-0.6902626384072513, 44.79599355325936], [-0.6905617098324819, 44.79555547521468], [-0.6907778288659606, 44.794567661093645], [-0.700655671206151, 44.79131348909466], [-0.6979921751578829, 44.78928795023542], [-0.6977768121933452, 44.78918878374558], [-0.6975176414647679, 44.78917399867534], [-0.6974418447132884, 44.789310822225666], [-0.6964040042560699, 44.79004215665474], [-0.6962231877797347, 44.790083339264555], [-0.6959379088333909, 44.79001804700756], [-0.6948587659781154, 44.78881294351243], [-0.6947849175455341, 44.788652270379714], [-0.6948890356700819, 44.788522616162474], [-0.6944998673852382, 44.78828232711522], [-0.6934642578418824, 44.787083873029594], [-0.6889875853846996, 44.78233896352864], [-0.6993552951708236, 44.7775994185774], [-0.7045857714749151, 44.77559138026991], [-0.7058443101988714, 44.7751806520423], [-0.7077576074552364, 44.77435682932213], [-0.7182897029365675, 44.78398583145825], [-0.7163108174673453, 44.78661465817361], [-0.7147616615481488, 44.789639136935335], [-0.7146153475922223, 44.789799969242274], [-0.7092822613340245, 44.791610900852206], [-0.7060272430509278, 44.79261571553072], [-0.7046469981639553, 44.79310621418197], [-0.7039512444028556, 44.7934773775451], [-0.7038209136062489, 44.79342044489023], [-0.7036255827871603, 44.79341435523374], [-0.7034724692205152, 44.79347264977975], [-0.7034025581926346, 44.793564215779725], [-0.7034027687692882, 44.79372103636275], [-0.7035319604011598, 44.793837493943556], [-0.7037192636158457, 44.79387539791808], [-0.7038938310742462, 44.793835313437306], [-0.7068059349468211, 44.79797229576683], [-0.7070149388229633, 44.7981086131595], [-0.706846701184094, 44.798187246905826], [-0.7077861876866809, 44.79960963442759], [-0.708762938286342, 44.80077119102248]]]]}, "properties": {"cleabs": "IRIS____0000000333180124", "code_insee": "33318", "nom_commune": "Pessac", "iris": "0124", "code_iris": "333180124", "nom_iris": "Magonty", "type_iris": "H"}}, {"type": "Feature", "geometry": {"type": "MultiPolygon", "coordinates": [[[[-0.6490860119157073, 44.84625734622766], [-0.6500579633070964, 44.846884212393405], [-0.6506268434087578, 44.84744953017988], [-0.6523261010635639, 44.848719398283535], [-0.6529622292486893, 44.849013003421064], [-0.6532979663311118, 44.849110101895455], [-0.653909400765859, 44.84921884777042], [-0.6552523803256652, 44.849335031367666], [-0.6556491605496995, 44.849435519140606], [-0.6560286669924069, 44.84960146847173], [-0.65553866757515, 44.850579304518085], [-0.6554272687909344, 44.85089212143208], [-0.6553085450231948, 44.85278515851275], [-0.6550158905273834, 44.8541088974411], [-0.6523317213892339, 44.85402425471978], [-0.6517682490229544, 44.85393284677057], [-0.6517214183099416, 44.853992071508706], [-0.6516457887568861, 44.853998166311804], [-0.6515614381983391, 44.85396759489286], [-0.6515503410923369, 44.853913882264806], [-0.650826897300844, 44.853953917084254], [-0.6505105199223415, 44.85392106654256], [-0.6458038497007597, 44.85264279337627], [-0.6455333088291998, 44.85257417331225], [-0.6451820073540504, 44.852549666046684], [-0.6450944708906631, 44.852157775426676], [-0.6455039390070879, 44.85141967854104], [-0.6455202263261309, 44.851221759744774], [-0.6458124756290068, 44.85111751880777], [-0.6462539548350289, 44.85077493643025], [-0.6472104113966529, 44.8497782051434], [-0.6482082864100647, 44.848639500505676], [-0.6484925035754904, 44.84804160633527], [-0.6489697549226479, 44.84635941211349], [-0.6490860119157073, 44.84625734622766]]]]}, "properties": {"cleabs": "IRIS____0000000332810201", "code_insee": "33281", "nom_commune": "Mérignac", "iris": "0201", "code_iris": "332810201", "nom_iris": "Capeyron 1", "type_iris": "H"}}, {"type": "Feature", "geometry": {"type": "MultiPolygon", "coordinates": [[[[-0.553216174269039, 44.87563135601844], [-0.5531032873462568, 44.8755700800626], [-0.5529301359643867, 44.87561798253912], [-0.5513806484301985, 44.87626961521721], [-0.5507722425950045, 44.876309811681345], [-0.5453090003256975, 44.87538404770259], [-0.5459658485024887, 44.874185128649614], [-0.5466052156366303, 44.87287050277829], [-0.5474685724783684, 44.87052849832888], [-0.5481404826542962, 44.86792583879183], [-0.5484529505244142, 44.86697494313458], [-0.54865526373845, 44.86644665011381], [-0.5494833129205661, 44.86471139708604], [-0.5534117385591418, 44.86601053472584], [-0.5549369461399716, 44.86800121325662], [-0.5546732084430691, 44.87037995644328], [-0.5545706202611667, 44.870421095278715], [-0.5545400478331861, 44.87049868107661], [-0.5546499749503756, 44.87059339636591], [-0.5545924767900582, 44.87090617045359], [-0.5545606311525169, 44.87290436766527], [-0.5538369502187885, 44.874285734387186], [-0.5535931355061899, 44.87453868293477], [-0.553216174269039, 44.87563135601844]]]]}, "properties": {"cleabs": "IRIS____0000000330630202", "code_insee": "33063", "nom_commune": "Bordeaux", "iris": "0202", "code_iris": "330630202", "nom_iris": "Bacalan 2", "type_iris": "H"}}, {"type": "Feature", "geometry": {"type": "MultiPolygon", "coordinates": [[[[-0.6391032299200035, 44.84747760065282], [-0.6390021750477373, 44.84732589418771], [-0.6389684204510535, 44.84711790231861], [-0.6395974794721907, 44.843962576578654], [-0.6404791919812399, 44.84400123630839], [-0.6417683013519835, 44.84395350855082], [-0.6450875985939165, 44.844325760621835], [-0.6459963277832816, 44.84452662295895], [-0.6464321725684586, 44.84466371201622], [-0.6467340415991253, 44.84488361704078], [-0.6472808719685456, 44.845461391626635], [-0.6474866043551689, 44.845624970773564], [-0.6479064420044554, 44.84582747407746], [-0.6487447089482835, 44.84609372318493], [-0.6490860119157073, 44.84625734622766], [-0.6489697549226479, 44.84635941211349], [-0.6484925035754904, 44.84804160633527], [-0.6482082864100647, 44.848639500505676], [-0.6472104113966529, 44.8497782051434], [-0.6462539548350289, 44.85077493643025], [-0.6458124756290068, 44.85111751880777], [-0.6455202263261309, 44.851221759744774], [-0.6455039390070879, 44.85141967854104], [-0.6450944708906631, 44.852157775426676], [-0.6449806179542247, 44.85177035474747], [-0.6445863697193074, 44.85088922493796], [-0.6436005648402668, 44.851005430616624], [-0.6427902828290549, 44.85101491857917], [-0.6425863119386933, 44.85066380346924], [-0.6418627475400738, 44.84966639742254], [-0.6405916875377032, 44.848236313134535], [-0.6403454901472905, 44.84805422106221], [-0.6392982301476379, 44.847612705361236], [-0.6391032299200035, 44.84747760065282]]]]}, "properties": {"cleabs": "IRIS____0000000332810202", "code_insee": "33281", "nom_commune": "Mérignac", "iris": "0202", "code_iris": "332810202", "nom_iris": "Capeyron 2", "type_iris": "H"}}, {"type": "Feature", "geometry": {"type": "MultiPolygon", "coordinates": [[[[-0.5426362262874116, 44.8807903738854], [-0.5427939536598757, 44.88027703446077], [-0.5432829882700613, 44.87910872469201], [-0.5453090003256975, 44.87538404770259], [-0.5507722425950045, 44.876309811681345], [-0.5513806484301985, 44.87626961521721], [-0.5529301359643867, 44.87561798253912], [-0.5531032873462568, 44.8755700800626], [-0.553216174269039, 44.87563135601844], [-0.5526460910673288, 44.87809831333224], [-0.5519812875657267, 44.879950940291806], [-0.5517478552355491, 44.880468520634274], [-0.5518395984186287, 44.88051605491288], [-0.5518542051026728, 44.880606614146856], [-0.5516634598423859, 44.88071726377913], [-0.550894512301984, 44.88238755785247], [-0.5426362262874116, 44.8807903738854]]]]}, "properties": {"cleabs": "IRIS____0000000330630203", "code_insee": "33063", "nom_commune": "Bordeaux", "iris": "0203", "code_iris": "330630203", "nom_iris": "Bacalan 3", "type_iris": "H"}}, {"type": "Feature", "geometry": {"type": "MultiPolygon", "coordinates": [[[[-0.6380971810644043, 44.85644870521632], [-0.6369576597784654, 44.85614988750399], [-0.6373835453154576, 44.855174246177384], [-0.6369966877307447, 44.85518783134598], [-0.6367675466360238, 44.855269249418996], [-0.6360540805256687, 44.85505289338498], [-0.6364563505665818, 44.8537517630476], [-0.6370699109520671, 44.853775811391536], [-0.6372027535343245, 44.853029693465764], [-0.6371440972379054, 44.85196809381584], [-0.637112999927305, 44.8518988127911], [-0.6376192829758233, 44.850385168165396], [-0.637865070760448, 44.85005264313175], [-0.6378029126120582, 44.849953737149974], [-0.637919641499726, 44.84989763407627], [-0.6379352596899595, 44.84963033995596], [-0.6380689097131852, 44.849287972761104], [-0.638956395275471, 44.84759688183872], [-0.6391032299200035, 44.84747760065282], [-0.6392982301476379, 44.847612705361236], [-0.6403454901472905, 44.84805422106221], [-0.6405916875377032, 44.848236313134535], [-0.6418627475400738, 44.84966639742254], [-0.6425863119386933, 44.85066380346924], [-0.6427902828290549, 44.85101491857917], [-0.6436005648402668, 44.851005430616624], [-0.6445863697193074, 44.85088922493796], [-0.6449806179542247, 44.85177035474747], [-0.6450944708906631, 44.852157775426676], [-0.6451820073540504, 44.852549666046684], [-0.6455333088291998, 44.85257417331225], [-0.6458038497007597, 44.85264279337627], [-0.6505105199223415, 44.85392106654256], [-0.650826897300844, 44.853953917084254], [-0.6515503410923369, 44.853913882264806], [-0.6515614381983391, 44.85396759489286], [-0.6516457887568861, 44.853998166311804], [-0.6517214183099416, 44.853992071508706], [-0.6517682490229544, 44.85393284677057], [-0.6523317213892339, 44.85402425471978], [-0.6550158905273834, 44.8541088974411], [-0.6548081232095629, 44.85496566921571], [-0.6547894933656612, 44.855243883590454], [-0.6548320920708276, 44.85582021393524], [-0.655023709957284, 44.85675846431248], [-0.6502281860765132, 44.85624308843015], [-0.649502773435687, 44.85619485119459], [-0.6460021904858826, 44.85618377473814], [-0.6439443062100491, 44.856144135699495], [-0.6437826501790781, 44.85611339375028], [-0.6435273887063623, 44.856163237322676], [-0.6424536385302403, 44.85625347687522], [-0.6389854780915196, 44.8563123166495], [-0.6380971810644043, 44.85644870521632]]]]}, "properties": {"cleabs": "IRIS____0000000332810203", "code_insee": "33281", "nom_commune": "Mérignac", "iris": "0203", "code_iris": "332810203", "nom_iris": "Capeyron 3", "type_iris": "H"}}, {"type": "Feature", "geometry": {"type": "MultiPolygon", "coordinates": [[[[-0.5364124080142566, 44.880371503934896], [-0.5367040606706236, 44.87985030260813], [-0.5383209240781768, 44.87712747222327], [-0.5394562072744161, 44.875513188013656], [-0.5400485699051314, 44.87395316233689], [-0.5407023077601057, 44.870212863566316], [-0.5411199969827065, 44.868778270970175], [-0.54184118453766, 44.86679144001486], [-0.5429052863220925, 44.86479726009358], [-0.5446454600761108, 44.862232613740034], [-0.5487460043553491, 44.85986554099387], [-0.551306422867696, 44.86214037844615], [-0.5505796554323767, 44.86287111833749], [-0.5494833129205661, 44.86471139708604], [-0.54865526373845, 44.86644665011381], [-0.5484529505244142, 44.86697494313458], [-0.5481404826542962, 44.86792583879183], [-0.5474685724783684, 44.87052849832888], [-0.5466052156366303, 44.87287050277829], [-0.5459658485024887, 44.874185128649614], [-0.5453090003256975, 44.87538404770259], [-0.5432829882700613, 44.87910872469201], [-0.5427939536598757, 44.88027703446077], [-0.5426362262874116, 44.8807903738854], [-0.542366112659169, 44.88155153875889], [-0.5398976598711163, 44.88110396598556], [-0.5366544762174466, 44.880451211503086], [-0.5364124080142566, 44.880371503934896]]]]}, "properties": {"cleabs": "IRIS____0000000330630204", "code_insee": "33063", "nom_commune": "Bordeaux", "iris": "0204", "code_iris": "330630204", "nom_iris": "Bacalan 4", "type_iris": "H"}}, {"type": "Feature", "geometry": {"type": "MultiPolygon", "coordinates": [[[[-0.6233971476413156, 44.81607664826535], [-0.6235810593861536, 44.81590480283487], [-0.6241598185180278, 44.81578854622681], [-0.6245973122471162, 44.815543516990616], [-0.6252896512878635, 44.815480320870435], [-0.6256623805841801, 44.8155267139609], [-0.6263823687285404, 44.81500926592508], [-0.6263776371607599, 44.81489676148016], [-0.6270363914639843, 44.8146273597397], [-0.6296810714821033, 44.81432719597121], [-0.6298347153778255, 44.81441229272048], [-0.6299163751214486, 44.81469622445702], [-0.6303727282991662, 44.81474346852065], [-0.6307353179236601, 44.81504433644573], [-0.6314321155358057, 44.81518734786597], [-0.6315936997229373, 44.81535600098902], [-0.6318326616643338, 44.815252637189026], [-0.6319149556732181, 44.81531122791236], [-0.632234556484747, 44.815280027274596], [-0.6323079035768402, 44.8151415312038], [-0.6327301916510358, 44.81503396097144], [-0.6328583180082892, 44.81488105150116], [-0.6334818603681159, 44.814850701642804], [-0.6347452820425932, 44.81455332082583], [-0.6349601088774646, 44.81431194452568], [-0.6343603725855166, 44.8153167051861], [-0.6340333848742337, 44.81605565740075], [-0.6340245656220282, 44.81629118010945], [-0.6341572348340438, 44.81703038573045], [-0.634511952253322, 44.81863745399966], [-0.634962574843274, 44.82053249169487], [-0.6351379579305835, 44.820953046833914], [-0.6356840311203127, 44.82185715090507], [-0.6364763139610184, 44.823531885231866], [-0.6367230620054831, 44.82382211625118], [-0.6369122936681224, 44.82422148608392], [-0.636957058610895, 44.82456070235488], [-0.63757941652968, 44.82589851890375], [-0.6382402131439361, 44.82739910590509], [-0.6388061690493498, 44.82837374930382], [-0.6392715561874542, 44.82904705726517], [-0.6395695658701479, 44.829619506104194], [-0.6380299108818531, 44.829489774736395], [-0.6372413832572417, 44.82951744549001], [-0.6337845366539828, 44.83035180903788], [-0.6333811430208051, 44.83051824563705], [-0.6333146900945047, 44.830469951261556], [-0.6327390721215798, 44.830304047760315], [-0.6304568441351432, 44.82969832552289], [-0.6293634027671027, 44.829319531513924], [-0.6283260074784854, 44.829043441705146], [-0.6277008380472548, 44.82895303936748], [-0.6267115633488473, 44.829029562950915], [-0.6262452164419504, 44.82906464302752], [-0.6261470661879336, 44.82599539798278], [-0.626011229045611, 44.8252058154461], [-0.6258707082650032, 44.82469668320534], [-0.6247575300718687, 44.82187153137113], [-0.6248895293620719, 44.82169957857911], [-0.6250657105618114, 44.82129004695531], [-0.6252724270196388, 44.820431582913876], [-0.6253309718216079, 44.81894526913831], [-0.6252837725643992, 44.81821407654988], [-0.6242032742279302, 44.816874060903785], [-0.6233971476413156, 44.81607664826535]]]]}, "properties": {"cleabs": "IRIS____0000000332810301", "code_insee": "33281", "nom_commune": "Mérignac", "iris": "0301", "code_iris": "332810301", "nom_iris": "Arlac 1", "type_iris": "H"}}, {"type": "Feature", "geometry": {"type": "MultiPolygon", "coordinates": [[[[-0.551306422867696, 44.86214037844615], [-0.5487460043553491, 44.85986554099387], [-0.5553962265820502, 44.856667688260494], [-0.5578072128820953, 44.85770253849943], [-0.5584758408736848, 44.85819570871266], [-0.5619810226807367, 44.85662319582025], [-0.5637690067659576, 44.855687052053575], [-0.5668813374549605, 44.85832504150287], [-0.5584765818238974, 44.86426291449096], [-0.5554520122662828, 44.861768778070406], [-0.5530904600450532, 44.86281777948525], [-0.5516284881619004, 44.86188312718604], [-0.5515858441842101, 44.861870072267074], [-0.551306422867696, 44.86214037844615]]]]}, "properties": {"cleabs": "IRIS____0000000330630301", "code_insee": "33063", "nom_commune": "Bordeaux", "iris": "0301", "code_iris": "330630301", "nom_iris": "Chartrons-Grand Parc 1", "type_iris": "H"}}, {"type": "Feature", "geometry": {"type": "MultiPolygon", "coordinates": [[[[-0.6135824395839025, 44.826503834763386], [-0.6138917083000902, 44.82538609370053], [-0.6141235100989022, 44.82528841115464], [-0.6149057866539964, 44.82526290950156], [-0.6150358312190337, 44.82307308834159], [-0.6148766878768605, 44.82302059584088], [-0.6140343141888648, 44.823194062947906], [-0.6131672244729056, 44.82310155322003], [-0.61315097933635, 44.82251445508079], [-0.6118856313162564, 44.822884646694206], [-0.6105425221878087, 44.82265620996295], [-0.6112011256871287, 44.82218502786602], [-0.6113669341738488, 44.82173079568772], [-0.6116233856593164, 44.82154399094902], [-0.6135557818142989, 44.820480617206506], [-0.6133268312049348, 44.82013027561123], [-0.6173042369559475, 44.819028103691494], [-0.617881682684489, 44.81822245215828], [-0.6182588615976025, 44.817885685394735], [-0.619496719484444, 44.817621762894085], [-0.6201946111796036, 44.81786034418007], [-0.6208869061480774, 44.817953098043205], [-0.6213194955949191, 44.81780828394429], [-0.6217876507885607, 44.81740994998145], [-0.6227676266705817, 44.81711385748553], [-0.6230942636637872, 44.81701485827754], [-0.6232944575073912, 44.81617283569099], [-0.6233971476413156, 44.81607664826535], [-0.6242032742279302, 44.816874060903785], [-0.6252837725643992, 44.81821407654988], [-0.6253309718216079, 44.81894526913831], [-0.6252724270196388, 44.820431582913876], [-0.6250657105618114, 44.82129004695531], [-0.6248895293620719, 44.82169957857911], [-0.6247575300718687, 44.82187153137113], [-0.6258707082650032, 44.82469668320534], [-0.626011229045611, 44.8252058154461], [-0.6261470661879336, 44.82599539798278], [-0.6262452164419504, 44.82906464302752], [-0.6255302964729339, 44.82911415783776], [-0.6251040605223499, 44.8290839308818], [-0.6244031095199764, 44.828977060786485], [-0.6231708225758812, 44.828702787611796], [-0.6200420902979245, 44.82857785502605], [-0.6194122090902822, 44.82835507313035], [-0.6183419226133847, 44.8278032749145], [-0.6182009310884369, 44.827777232423074], [-0.6181220078787116, 44.827692384239455], [-0.6169251747727929, 44.82700410403973], [-0.6166409486309116, 44.826936767004376], [-0.6156601800735375, 44.82686961301301], [-0.6135824395839025, 44.826503834763386]]]]}, "properties": {"cleabs": "IRIS____0000000332810302", "code_insee": "33281", "nom_commune": "Mérignac", "iris": "0302", "code_iris": "332810302", "nom_iris": "Arlac 2", "type_iris": "H"}}, {"type": "Feature", "geometry": {"type": "MultiPolygon", "coordinates": [[[[-0.5687420016857228, 44.85990729448474], [-0.5668813374549605, 44.85832504150287], [-0.5637690067659576, 44.855687052053575], [-0.5619810226807367, 44.85662319582025], [-0.5584758408736848, 44.85819570871266], [-0.5578072128820953, 44.85770253849943], [-0.5553962265820502, 44.856667688260494], [-0.5601873306085947, 44.85467368482798], [-0.5621866434614448, 44.85367400491966], [-0.5639899951529844, 44.85244265231613], [-0.5651941469240848, 44.851453137269274], [-0.567131148135968, 44.852047880800974], [-0.5681451184780429, 44.85245237906923], [-0.569985268024898, 44.85329623310997], [-0.5722487851863785, 44.854321098031775], [-0.5687420016857228, 44.85990729448474]]]]}, "properties": {"cleabs": "IRIS____0000000330630302", "code_insee": "33063", "nom_commune": "Bordeaux", "iris": "0302", "code_iris": "330630302", "nom_iris": "Chartrons-Grand Parc 2", "type_iris": "H"}}, {"type": "Feature", "geometry": {"type": "MultiPolygon", "coordinates": [[[[-0.5687420016857228, 44.85990729448474], [-0.5638188369957957, 44.86780643060392], [-0.5584765818238974, 44.86426291449096], [-0.5668813374549605, 44.85832504150287], [-0.5687420016857228, 44.85990729448474]]]]}, "properties": {"cleabs": "IRIS____0000000330630303", "code_insee": "33063", "nom_commune": "Bordeaux", "iris": "0303", "code_iris": "330630303", "nom_iris": "Chartrons-Grand Parc 3", "type_iris": "H"}}, {"type": "Feature", "geometry": {"type": "MultiPolygon", "coordinates": [[[[-0.5835819594964845, 44.862884400766944], [-0.5757140153382994, 44.86599344311909], [-0.5756904636466204, 44.86590227332647], [-0.5751082914807129, 44.86064324636509], [-0.5753069441199925, 44.86065847516664], [-0.5759109754989884, 44.8605723151431], [-0.5769888736733876, 44.860524950762525], [-0.5779664719438767, 44.86043484614958], [-0.5785456725051881, 44.86029719915495], [-0.5792025421398499, 44.86004618813068], [-0.5797895486905307, 44.86040848349312], [-0.5798755384306987, 44.8604255367132], [-0.5809744033741501, 44.859892577169525], [-0.5816692809463219, 44.86059476267343], [-0.5817390332104903, 44.86093318866608], [-0.5818100700479187, 44.86105346727387], [-0.5835819594964845, 44.862884400766944]]]]}, "properties": {"cleabs": "IRIS____0000000330630305", "code_insee": "33063", "nom_commune": "Bordeaux", "iris": "0305", "code_iris": "330630305", "nom_iris": "Chartrons-Grand Parc 5", "type_iris": "H"}}, {"type": "Feature", "geometry": {"type": "MultiPolygon", "coordinates": [[[[-0.5895005348199127, 44.859306114562955], [-0.5884082812904278, 44.86063476660804], [-0.5874594446446632, 44.86131346226865], [-0.5835819594964845, 44.862884400766944], [-0.5818100700479187, 44.86105346727387], [-0.5817390332104903, 44.86093318866608], [-0.5816692809463219, 44.86059476267343], [-0.5809744033741501, 44.859892577169525], [-0.5816966222605552, 44.85953399377188], [-0.5862159714002766, 44.85732229985561], [-0.5866764853196307, 44.85719205051527], [-0.5895005348199127, 44.859306114562955]]]]}, "properties": {"cleabs": "IRIS____0000000330630306", "code_insee": "33063", "nom_commune": "Bordeaux", "iris": "0306", "code_iris": "330630306", "nom_iris": "Chartrons-Grand Parc 6", "type_iris": "H"}}, {"type": "Feature", "geometry": {"type": "MultiPolygon", "coordinates": [[[[-0.5816966222605552, 44.85953399377188], [-0.5809744033741501, 44.859892577169525], [-0.5798755384306987, 44.8604255367132], [-0.5797895486905307, 44.86040848349312], [-0.5792025421398499, 44.86004618813068], [-0.5785456725051881, 44.86029719915495], [-0.5779664719438767, 44.86043484614958], [-0.5769888736733876, 44.860524950762525], [-0.5759109754989884, 44.8605723151431], [-0.5753069441199925, 44.86065847516664], [-0.5751082914807129, 44.86064324636509], [-0.5745668191894626, 44.855325236760585], [-0.5745387701944643, 44.85506387425795], [-0.5774841743391412, 44.855035623034425], [-0.5814141423257962, 44.859158273368905], [-0.5816996248167161, 44.859382484546884], [-0.5816966222605552, 44.85953399377188]]]]}, "properties": {"cleabs": "IRIS____0000000330630307", "code_insee": "33063", "nom_commune": "Bordeaux", "iris": "0307", "code_iris": "330630307", "nom_iris": "Chartrons-Grand Parc 7", "type_iris": "H"}}, {"type": "Feature", "geometry": {"type": "MultiPolygon", "coordinates": [[[[-0.5774841743391412, 44.855035623034425], [-0.5831503568543086, 44.855013179220265], [-0.5866764853196307, 44.85719205051527], [-0.5862159714002766, 44.85732229985561], [-0.5816966222605552, 44.85953399377188], [-0.5816996248167161, 44.859382484546884], [-0.5814141423257962, 44.859158273368905], [-0.5774841743391412, 44.855035623034425]]]]}, "properties": {"cleabs": "IRIS____0000000330630308", "code_insee": "33063", "nom_commune": "Bordeaux", "iris": "0308", "code_iris": "330630308", "nom_iris": "Chartrons-Grand Parc 8", "type_iris": "H"}}, {"type": "Feature", "geometry": {"type": "MultiPolygon", "coordinates": [[[[-0.5651941469240848, 44.851453137269274], [-0.5667247921859836, 44.85001960787814], [-0.567134825781643, 44.84941429958667], [-0.5675996411186671, 44.848574704387566], [-0.567790103451726, 44.84786379849393], [-0.5678617072283968, 44.847355892407485], [-0.5678726341580836, 44.8469896322509], [-0.5677091255721142, 44.845672753970135], [-0.5710023095722737, 44.845762351466206], [-0.5710655286672954, 44.84635784768632], [-0.5710450749887245, 44.846753255608334], [-0.5708963586524947, 44.84774131203602], [-0.5706577317573547, 44.84861059327236], [-0.5708911990279284, 44.84871573456307], [-0.5724845231582875, 44.84920608535397], [-0.5728387536177026, 44.849257764287465], [-0.575564464950014, 44.848788705294346], [-0.5755872605455956, 44.848888010063355], [-0.5751399438094896, 44.84960270505798], [-0.5734275873037041, 44.85241752967588], [-0.5714384501935893, 44.85156230641155], [-0.569985268024898, 44.85329623310997], [-0.5681451184780429, 44.85245237906923], [-0.567131148135968, 44.852047880800974], [-0.5651941469240848, 44.851453137269274]]]]}, "properties": {"cleabs": "IRIS____0000000330630309", "code_insee": "33063", "nom_commune": "Bordeaux", "iris": "0309", "code_iris": "330630309", "nom_iris": "Chartrons-Grand Parc 9", "type_iris": "H"}}, {"type": "Feature", "geometry": {"type": "MultiPolygon", "coordinates": [[[[-0.5745668191894626, 44.855325236760585], [-0.5739574600280093, 44.85506818326234], [-0.5738611308695667, 44.855067681548256], [-0.5769126262603528, 44.85016291932925], [-0.5785374783874558, 44.850669293774104], [-0.5787020046245349, 44.850765828358035], [-0.5778205922644842, 44.85097090729546], [-0.5782515804787625, 44.85166990187949], [-0.5800241402498645, 44.8531006918344], [-0.5831503568543086, 44.855013179220265], [-0.5774841743391412, 44.855035623034425], [-0.5745387701944643, 44.85506387425795], [-0.5745668191894626, 44.855325236760585]]]]}, "properties": {"cleabs": "IRIS____0000000330630310", "code_insee": "33063", "nom_commune": "Bordeaux", "iris": "0310", "code_iris": "330630310", "nom_iris": "Chartrons-Grand Parc 10", "type_iris": "H"}}, {"type": "Feature", "geometry": {"type": "MultiPolygon", "coordinates": [[[[-0.5722487851863785, 44.854321098031775], [-0.5738611308695667, 44.855067681548256], [-0.5739574600280093, 44.85506818326234], [-0.5745668191894626, 44.855325236760585], [-0.5751082914807129, 44.86064324636509], [-0.5756904636466204, 44.86590227332647], [-0.5754051972242421, 44.86570147178866], [-0.5752019300592567, 44.865395283613275], [-0.5734126352530038, 44.86384507377892], [-0.5687420016857228, 44.85990729448474], [-0.5722487851863785, 44.854321098031775]]]]}, "properties": {"cleabs": "IRIS____0000000330630312", "code_insee": "33063", "nom_commune": "Bordeaux", "iris": "0312", "code_iris": "330630312", "nom_iris": "Chartrons-Grand Parc 12", "type_iris": "H"}}, {"type": "Feature", "geometry": {"type": "MultiPolygon", "coordinates": [[[[-0.5638188369957957, 44.86780643060392], [-0.5687420016857228, 44.85990729448474], [-0.5734126352530038, 44.86384507377892], [-0.5752019300592567, 44.865395283613275], [-0.5754051972242421, 44.86570147178866], [-0.5756904636466204, 44.86590227332647], [-0.5757140153382994, 44.86599344311909], [-0.5675110642468346, 44.869447942371394], [-0.5669998786810437, 44.869720333321354], [-0.5667903502820739, 44.869973112136634], [-0.5664541811709085, 44.869549510452266], [-0.5638188369957957, 44.86780643060392]]]]}, "properties": {"cleabs": "IRIS____0000000330630313", "code_insee": "33063", "nom_commune": "Bordeaux", "iris": "0313", "code_iris": "330630313", "nom_iris": "Chartrons-Grand Parc 13", "type_iris": "H"}}, {"type": "Feature", "geometry": {"type": "MultiPolygon", "coordinates": [[[[-0.6489984879969428, 44.814214850359996], [-0.6503499874260831, 44.81418297267315], [-0.651339107351158, 44.81377726453182], [-0.65179057994654, 44.81386604077259], [-0.6522052524988976, 44.81371989044269], [-0.652623115709491, 44.81370071486466], [-0.6529200705926589, 44.81347732465859], [-0.653232559859167, 44.81347333578933], [-0.653844404946562, 44.81295205428962], [-0.6547865889609462, 44.812526230202295], [-0.6565547420403097, 44.81214615928993], [-0.6587711320705102, 44.81172783196214], [-0.6593006919763579, 44.81153820519379], [-0.6591157502057551, 44.81099272083549], [-0.6596130319898209, 44.810851926240645], [-0.6598763781253558, 44.8106963212744], [-0.6611680064644436, 44.81040761514266], [-0.6616598230407074, 44.81039677747599], [-0.6619130541637276, 44.810241501577195], [-0.6621158325036905, 44.81032222764593], [-0.6630952819578446, 44.81013934869714], [-0.6633358509363334, 44.81017826557925], [-0.6634058566704648, 44.81026157467229], [-0.6651197954791398, 44.81351536681646], [-0.671209031132817, 44.813012836622235], [-0.6717448808066269, 44.812900452622515], [-0.6720807558862013, 44.812944305945216], [-0.6724166314898763, 44.812988158251585], [-0.6739018532323581, 44.81999521645101], [-0.6727722837964033, 44.820285908418015], [-0.672407301327945, 44.8216373307428], [-0.671962863163807, 44.82291657552865], [-0.6719451498693623, 44.824001426572565], [-0.6707498223845574, 44.825554290816264], [-0.6703932729451417, 44.82579592609666], [-0.670153367283375, 44.82590391191293], [-0.6702303390261798, 44.82609334096454], [-0.6703471737672547, 44.82805521012278], [-0.6689820379449543, 44.82809678514258], [-0.6685097288789716, 44.82815657634709], [-0.6660634182007442, 44.8286899381579], [-0.6645090558396153, 44.828917973358095], [-0.6641722125061765, 44.82715264742135], [-0.6638859889305561, 44.826551026330925], [-0.6628385551716066, 44.82662799418503], [-0.6572655976174184, 44.82685521813163], [-0.6567079288048866, 44.82682944777193], [-0.6562906079280775, 44.82676119233168], [-0.656206659321985, 44.82549133504711], [-0.656063138200448, 44.82542666813581], [-0.6560106071263198, 44.82535900078125], [-0.6558529322492955, 44.823968098165636], [-0.65605073956774, 44.82375788359487], [-0.6564126875711201, 44.82375405928782], [-0.656258928049086, 44.822792944885634], [-0.6552925853864037, 44.82294738408598], [-0.6513191934183349, 44.82328741021873], [-0.6501561515952508, 44.82380609334556], [-0.6495990930841744, 44.82049597417128], [-0.6494565762302652, 44.82023208188109], [-0.6493854559721154, 44.81960532437172], [-0.6489247511712148, 44.81863448076288], [-0.6485644108290194, 44.81766844458721], [-0.6484321176702309, 44.8162947321108], [-0.6484681044605269, 44.81501642600326], [-0.64852804619262, 44.81478913183387], [-0.6486767033224355, 44.81454359583981], [-0.6489984879969428, 44.814214850359996]]]]}, "properties": {"cleabs": "IRIS____0000000332810401", "code_insee": "33281", "nom_commune": "Mérignac", "iris": "0401", "code_iris": "332810401", "nom_iris": "Chemin Long et Garies", "type_iris": "H"}}, {"type": "Feature", "geometry": {"type": "MultiPolygon", "coordinates": [[[[-0.5411199969827065, 44.868778270970175], [-0.5389489692170265, 44.86835545249245], [-0.5377090336223638, 44.86842833658337], [-0.5369087676227592, 44.868379044249785], [-0.5366941570752535, 44.867608111971535], [-0.536848912605918, 44.867288645603715], [-0.536985462161958, 44.86629833352617], [-0.5382958707790215, 44.8613141407784], [-0.5386962583453759, 44.859605234319204], [-0.538866286205843, 44.85832275196008], [-0.5392890723349175, 44.85781358249631], [-0.5397652202154793, 44.856925088563756], [-0.5399961577423299, 44.85658876679903], [-0.5408839801710645, 44.855638463663084], [-0.5419087543187857, 44.85444945751703], [-0.5426290329495213, 44.8537162799765], [-0.5431756361305214, 44.85324279481472], [-0.5440768226721916, 44.852566014545395], [-0.5451248310913853, 44.85188723814343], [-0.5481341735610965, 44.85000746382144], [-0.5516148522648642, 44.847931361965735], [-0.5496310483073785, 44.846531243135686], [-0.5548295418641347, 44.84333928055061], [-0.562936218383753, 44.83835662121096], [-0.5642796346321338, 44.839565288675296], [-0.5654926596777101, 44.840654662862484], [-0.5661681422662784, 44.841517071944494], [-0.5665825785388268, 44.842258092420536], [-0.567160104154523, 44.84383112937592], [-0.5674135680972994, 44.84453046005419], [-0.5677091255721142, 44.845672753970135], [-0.5678726341580836, 44.8469896322509], [-0.5678617072283968, 44.847355892407485], [-0.567790103451726, 44.84786379849393], [-0.5675996411186671, 44.848574704387566], [-0.567134825781643, 44.84941429958667], [-0.5667247921859836, 44.85001960787814], [-0.5651941469240848, 44.851453137269274], [-0.5639899951529844, 44.85244265231613], [-0.5621866434614448, 44.85367400491966], [-0.5601873306085947, 44.85467368482798], [-0.5553962265820502, 44.856667688260494], [-0.5487460043553491, 44.85986554099387], [-0.5446454600761108, 44.862232613740034], [-0.5429052863220925, 44.86479726009358], [-0.54184118453766, 44.86679144001486], [-0.5411199969827065, 44.868778270970175]]]]}, "properties": {"cleabs": "IRIS____0000000330630401", "code_insee": "33063", "nom_commune": "Bordeaux", "iris": "0401", "code_iris": "330630401", "nom_iris": "La Bastide 1", "type_iris": "H"}}, {"type": "Feature", "geometry": {"type": "MultiPolygon", "coordinates": [[[[-0.5469045451995539, 44.84658781924178], [-0.5470017269817541, 44.84357456480184], [-0.5469383740135126, 44.841910196436146], [-0.5468670642608717, 44.84142310328619], [-0.5469718072761323, 44.84143687719572], [-0.5480400656050064, 44.84112242291592], [-0.5483457967022844, 44.84106938256028], [-0.5483872574091977, 44.841023895292054], [-0.5484636630074877, 44.84105029051736], [-0.5498118913531054, 44.84085663978001], [-0.5515407259382746, 44.84067241510527], [-0.5540548725227024, 44.8427485560306], [-0.5548295418641347, 44.84333928055061], [-0.5496310483073785, 44.846531243135686], [-0.5470223531964866, 44.848131484995484], [-0.5468636847303726, 44.84796622381096], [-0.5469045451995539, 44.84658781924178]]]]}, "properties": {"cleabs": "IRIS____0000000330630402", "code_insee": "33063", "nom_commune": "Bordeaux", "iris": "0402", "code_iris": "330630402", "nom_iris": "La Bastide 2", "type_iris": "H"}}, {"type": "Feature", "geometry": {"type": "MultiPolygon", "coordinates": [[[[-0.538866286205843, 44.85832275196008], [-0.5391341740405894, 44.85692449272799], [-0.5391467141236933, 44.85555600916057], [-0.5390227852516167, 44.85475605618405], [-0.5391567920368728, 44.854650842224615], [-0.5388862356599133, 44.8535951087745], [-0.5387762608996471, 44.85355896241431], [-0.5385135754652697, 44.85298964704621], [-0.5376672966601455, 44.84987492002675], [-0.5375876425140382, 44.84843007216667], [-0.5378287965560563, 44.847291327818006], [-0.5386975298843203, 44.847366357765694], [-0.5414637198332249, 44.84739613784897], [-0.5416933640059333, 44.84732121275151], [-0.5413626744486396, 44.846919003359524], [-0.5413287229053514, 44.84676237045433], [-0.5413805102178926, 44.84667960553811], [-0.5415846384452552, 44.84660189027802], [-0.5469045451995539, 44.84658781924178], [-0.5468636847303726, 44.84796622381096], [-0.5470223531964866, 44.848131484995484], [-0.5496310483073785, 44.846531243135686], [-0.5516148522648642, 44.847931361965735], [-0.5481341735610965, 44.85000746382144], [-0.5451248310913853, 44.85188723814343], [-0.5440768226721916, 44.852566014545395], [-0.5431756361305214, 44.85324279481472], [-0.5426290329495213, 44.8537162799765], [-0.5419087543187857, 44.85444945751703], [-0.5408839801710645, 44.855638463663084], [-0.5399961577423299, 44.85658876679903], [-0.5397652202154793, 44.856925088563756], [-0.5392890723349175, 44.85781358249631], [-0.538866286205843, 44.85832275196008]]]]}, "properties": {"cleabs": "IRIS____0000000330630403", "code_insee": "33063", "nom_commune": "Bordeaux", "iris": "0403", "code_iris": "330630403", "nom_iris": "La Bastide 3", "type_iris": "H"}}, {"type": "Feature", "geometry": {"type": "MultiPolygon", "coordinates": [[[[-0.5378287965560563, 44.847291327818006], [-0.5381483297963278, 44.84661241773779], [-0.5386763447050212, 44.845864670286346], [-0.5403959314229823, 44.844165037490626], [-0.5400961129353811, 44.84385016152151], [-0.5410849592708692, 44.842857876521855], [-0.5414220963965574, 44.84235864147625], [-0.5421330555537587, 44.84174112132445], [-0.543054399417505, 44.84241015304064], [-0.5433486877699634, 44.84245662861367], [-0.546801042862745, 44.84150091877961], [-0.5468670642608717, 44.84142310328619], [-0.5469383740135126, 44.841910196436146], [-0.5470017269817541, 44.84357456480184], [-0.5469045451995539, 44.84658781924178], [-0.5415846384452552, 44.84660189027802], [-0.5413805102178926, 44.84667960553811], [-0.5413287229053514, 44.84676237045433], [-0.5413626744486396, 44.846919003359524], [-0.5416933640059333, 44.84732121275151], [-0.5414637198332249, 44.84739613784897], [-0.5386975298843203, 44.847366357765694], [-0.5378287965560563, 44.847291327818006]]]]}, "properties": {"cleabs": "IRIS____0000000330630404", "code_insee": "33063", "nom_commune": "Bordeaux", "iris": "0404", "code_iris": "330630404", "nom_iris": "La Bastide 4", "type_iris": "H"}}, {"type": "Feature", "geometry": {"type": "MultiPolygon", "coordinates": [[[[-0.5421330555537587, 44.84174112132445], [-0.5470737313485038, 44.83673455304405], [-0.5480006018623983, 44.83568740495511], [-0.5430039384942243, 44.83312000770532], [-0.5371637291053296, 44.82996106740521], [-0.5342422084151075, 44.82825446276746], [-0.5333254085082522, 44.82787362037929], [-0.5364714027910411, 44.82616733642184], [-0.5366109997953231, 44.82597092190859], [-0.5351022761078762, 44.82455543594091], [-0.5346969047023186, 44.82429168209618], [-0.537595974305219, 44.82281042869355], [-0.538513825343298, 44.82371121008392], [-0.5423752671029157, 44.82644752259767], [-0.5438611681837184, 44.82743736336691], [-0.5485664149658096, 44.82986983026251], [-0.5523780653990155, 44.83190445508444], [-0.553168377913489, 44.83228469347994], [-0.5534452538615175, 44.8324569711291], [-0.5547577916680051, 44.83300341569956], [-0.5555560504683308, 44.83340861831059], [-0.5574905206310043, 44.83449476234788], [-0.5578371965863964, 44.83472877912985], [-0.5589610873349945, 44.835394786296575], [-0.560295390873927, 44.836222561240625], [-0.5617481089034474, 44.83727904035757], [-0.562936218383753, 44.83835662121096], [-0.5548295418641347, 44.84333928055061], [-0.5540548725227024, 44.8427485560306], [-0.5515407259382746, 44.84067241510527], [-0.5498118913531054, 44.84085663978001], [-0.5484636630074877, 44.84105029051736], [-0.5483872574091977, 44.841023895292054], [-0.5483457967022844, 44.84106938256028], [-0.5480400656050064, 44.84112242291592], [-0.5469718072761323, 44.84143687719572], [-0.5468670642608717, 44.84142310328619], [-0.546801042862745, 44.84150091877961], [-0.5433486877699634, 44.84245662861367], [-0.543054399417505, 44.84241015304064], [-0.5421330555537587, 44.84174112132445]]]]}, "properties": {"cleabs": "IRIS____0000000330630405", "code_insee": "33063", "nom_commune": "Bordeaux", "iris": "0405", "code_iris": "330630405", "nom_iris": "La Bastide 5", "type_iris": "H"}}, {"type": "Feature", "geometry": {"type": "MultiPolygon", "coordinates": [[[[-0.5804883615439554, 44.83495419065283], [-0.580987719491269, 44.8364882278892], [-0.5792114950359888, 44.836979072190914], [-0.5788713277362743, 44.837127041030456], [-0.5787530899627562, 44.83706055864616], [-0.5783309946305495, 44.83715529169628], [-0.5761565390795497, 44.83736061898849], [-0.5737878663233402, 44.83753971679377], [-0.5733585397315657, 44.8348939545845], [-0.5744603342832635, 44.8349909310315], [-0.574974770522756, 44.83507348632428], [-0.5752113229132615, 44.835028909032445], [-0.5759528410509783, 44.833824358992636], [-0.576854505510988, 44.832947200519364], [-0.5772931845957814, 44.83245718826492], [-0.577255269037797, 44.83243858380355], [-0.5772563401448685, 44.831878870920846], [-0.5779061574291398, 44.83201923091056], [-0.5795254557801428, 44.83238695723376], [-0.5796057657834923, 44.83245466271852], [-0.580029633799472, 44.83356033821776], [-0.5804883615439554, 44.83495419065283]]]]}, "properties": {"cleabs": "IRIS____0000000330630501", "code_insee": "33063", "nom_commune": "Bordeaux", "iris": "0501", "code_iris": "330630501", "nom_iris": "Hôtel de Ville-Quinconces 1", "type_iris": "H"}}, {"type": "Feature", "geometry": {"type": "MultiPolygon", "coordinates": [[[[-0.63213777730061, 44.851396678727866], [-0.6335466111862873, 44.84832221224221], [-0.6327882163443785, 44.84799735375938], [-0.633105690691427, 44.8473236083424], [-0.6329876256839492, 44.84722202488508], [-0.6330769403713448, 44.847094721886194], [-0.6329687570641562, 44.846989209616176], [-0.6334877520030826, 44.846375557523814], [-0.6334167724751673, 44.84629676687512], [-0.631990762400827, 44.846187548381096], [-0.6319669531113398, 44.84609369298805], [-0.6315781309939345, 44.84601719699079], [-0.6304392679644606, 44.8455092017603], [-0.6310747829673066, 44.84456187736805], [-0.6313296674400133, 44.844017268069884], [-0.6308208173093242, 44.84386718919053], [-0.6304208552960929, 44.843853243055406], [-0.6320076050543966, 44.84341283971903], [-0.6321361750879365, 44.84344197693058], [-0.6321816632104781, 44.84334224717665], [-0.632733346683804, 44.84296005964104], [-0.6352506399997659, 44.84348955406218], [-0.6354436540204061, 44.843613914264665], [-0.6359303947831167, 44.84363761554297], [-0.6363163459621435, 44.84372861061568], [-0.6368118391631711, 44.842674982338465], [-0.6368940723131514, 44.84261460342203], [-0.6382647796366431, 44.84253629974702], [-0.6392901892114757, 44.842642357328664], [-0.6395717018587629, 44.84319372145771], [-0.6396306160870331, 44.84357483606992], [-0.6395974794721907, 44.843962576578654], [-0.6389684204510535, 44.84711790231861], [-0.6390021750477373, 44.84732589418771], [-0.6391032299200035, 44.84747760065282], [-0.638956395275471, 44.84759688183872], [-0.6380689097131852, 44.849287972761104], [-0.6379352596899595, 44.84963033995596], [-0.637919641499726, 44.84989763407627], [-0.6378029126120582, 44.849953737149974], [-0.637865070760448, 44.85005264313175], [-0.6376192829758233, 44.850385168165396], [-0.637112999927305, 44.8518988127911], [-0.6371440972379054, 44.85196809381584], [-0.6352025957191926, 44.85160993201569], [-0.6345278298894428, 44.851559939623854], [-0.6333854958798402, 44.8516072764478], [-0.63213777730061, 44.851396678727866]]]]}, "properties": {"cleabs": "IRIS____0000000332810501", "code_insee": "33281", "nom_commune": "Mérignac", "iris": "0501", "code_iris": "332810501", "nom_iris": "Le Jard", "type_iris": "H"}}, {"type": "Feature", "geometry": {"type": "MultiPolygon", "coordinates": [[[[-0.6304208552960929, 44.843853243055406], [-0.6293187585586055, 44.84363875481302], [-0.6285936859657668, 44.841182147433955], [-0.6284928402517501, 44.84056266049858], [-0.6282207210358017, 44.84027233729087], [-0.6278848040287154, 44.84026890562258], [-0.6276227459881099, 44.83958529312297], [-0.6269654025781399, 44.83893984433639], [-0.6281919609352316, 44.839219679343906], [-0.6290569421287965, 44.83935360907839], [-0.6294051607433674, 44.83937105496548], [-0.6319136753258934, 44.839297946420025], [-0.6364710475191219, 44.839389249257295], [-0.6375355557750344, 44.83959137790902], [-0.6384025431409284, 44.83981439740124], [-0.6394247051243394, 44.84012515097033], [-0.6398419839895897, 44.84030883902298], [-0.6396919776929637, 44.84100414899083], [-0.6392647845316652, 44.84232864115445], [-0.6392462039135144, 44.84249148281056], [-0.6392901892114757, 44.842642357328664], [-0.6382647796366431, 44.84253629974702], [-0.6368940723131514, 44.84261460342203], [-0.6368118391631711, 44.842674982338465], [-0.6363163459621435, 44.84372861061568], [-0.6359303947831167, 44.84363761554297], [-0.6354436540204061, 44.843613914264665], [-0.6352506399997659, 44.84348955406218], [-0.632733346683804, 44.84296005964104], [-0.6321816632104781, 44.84334224717665], [-0.6321361750879365, 44.84344197693058], [-0.6320076050543966, 44.84341283971903], [-0.6304208552960929, 44.843853243055406]]]]}, "properties": {"cleabs": "IRIS____0000000332810502", "code_insee": "33281", "nom_commune": "Mérignac", "iris": "0502", "code_iris": "332810502", "nom_iris": "Bourran", "type_iris": "H"}}, {"type": "Feature", "geometry": {"type": "MultiPolygon", "coordinates": [[[[-0.5717996735519814, 44.837686682741364], [-0.5673790383518085, 44.838006513867285], [-0.5665045195494891, 44.83801841806237], [-0.5642796346321338, 44.839565288675296], [-0.562936218383753, 44.83835662121096], [-0.5654282034711339, 44.836827327190434], [-0.5664618270655716, 44.836269564943834], [-0.5671015366821883, 44.835971405817055], [-0.5691897154141532, 44.83544548332179], [-0.5695582785572906, 44.835305643245555], [-0.5703176710993276, 44.835097342460934], [-0.5708007236986796, 44.83500518339763], [-0.5733585397315657, 44.8348939545845], [-0.5737878663233402, 44.83753971679377], [-0.5717996735519814, 44.837686682741364]]]]}, "properties": {"cleabs": "IRIS____0000000330630502", "code_insee": "33063", "nom_commune": "Bordeaux", "iris": "0502", "code_iris": "330630502", "nom_iris": "Hôtel de Ville-Quinconces 2", "type_iris": "H"}}, {"type": "Feature", "geometry": {"type": "MultiPolygon", "coordinates": [[[[-0.5745086548874978, 44.84211648873634], [-0.5737878663233402, 44.83753971679377], [-0.5761565390795497, 44.83736061898849], [-0.5764226657809591, 44.83807844831053], [-0.5766381593353401, 44.83825986110918], [-0.5768123681467702, 44.83829029295441], [-0.5773611571225151, 44.838275296121196], [-0.5778365231668073, 44.83820137989461], [-0.5786296773209126, 44.84180154369521], [-0.5745086548874978, 44.84211648873634]]]]}, "properties": {"cleabs": "IRIS____0000000330630503", "code_insee": "33063", "nom_commune": "Bordeaux", "iris": "0503", "code_iris": "330630503", "nom_iris": "Hôtel de Ville-Quinconces 3", "type_iris": "H"}}, {"type": "Feature", "geometry": {"type": "MultiPolygon", "coordinates": [[[[-0.5717996735519814, 44.837686682741364], [-0.5737878663233402, 44.83753971679377], [-0.5745086548874978, 44.84211648873634], [-0.5742958669262376, 44.84213686518716], [-0.5743184726426228, 44.84229295501512], [-0.5702902251556822, 44.84269307446932], [-0.5699996661115508, 44.842008462698416], [-0.5700296179443766, 44.841961534731404], [-0.5705179068872188, 44.84185118500432], [-0.5705820596297679, 44.84176440198356], [-0.570392742981487, 44.84129733893835], [-0.5707001813781938, 44.841231563855004], [-0.5717364965748698, 44.840815162672385], [-0.5717884519413561, 44.84077563685056], [-0.5718389305671895, 44.84045406635995], [-0.5720044557452145, 44.84008913548619], [-0.5720097982414307, 44.83943645633309], [-0.5717996735519814, 44.837686682741364]]]]}, "properties": {"cleabs": "IRIS____0000000330630504", "code_insee": "33063", "nom_commune": "Bordeaux", "iris": "0504", "code_iris": "330630504", "nom_iris": "Hôtel de Ville-Quinconces 4", "type_iris": "H"}}, {"type": "Feature", "geometry": {"type": "MultiPolygon", "coordinates": [[[[-0.5702902251556822, 44.84269307446932], [-0.570503119373174, 44.84331169080354], [-0.567160104154523, 44.84383112937592], [-0.5665825785388268, 44.842258092420536], [-0.5661681422662784, 44.841517071944494], [-0.5654926596777101, 44.840654662862484], [-0.5642796346321338, 44.839565288675296], [-0.5665045195494891, 44.83801841806237], [-0.5673790383518085, 44.838006513867285], [-0.5717996735519814, 44.837686682741364], [-0.5720097982414307, 44.83943645633309], [-0.5720044557452145, 44.84008913548619], [-0.5718389305671895, 44.84045406635995], [-0.5717884519413561, 44.84077563685056], [-0.5717364965748698, 44.840815162672385], [-0.5707001813781938, 44.841231563855004], [-0.570392742981487, 44.84129733893835], [-0.5705820596297679, 44.84176440198356], [-0.5705179068872188, 44.84185118500432], [-0.5700296179443766, 44.841961534731404], [-0.5699996661115508, 44.842008462698416], [-0.5702902251556822, 44.84269307446932]]]]}, "properties": {"cleabs": "IRIS____0000000330630505", "code_insee": "33063", "nom_commune": "Bordeaux", "iris": "0505", "code_iris": "330630505", "nom_iris": "Hôtel de Ville-Quinconces 5", "type_iris": "H"}}, {"type": "Feature", "geometry": {"type": "MultiPolygon", "coordinates": [[[[-0.5813465669923925, 44.84755490799929], [-0.5802825791746938, 44.848273312023224], [-0.5800030622038569, 44.848181392615544], [-0.5800942884222665, 44.84798287496923], [-0.5786553980545401, 44.847550738311966], [-0.5785854113683042, 44.84748630312734], [-0.577320889677126, 44.84712603248968], [-0.5772596844022462, 44.84713972275828], [-0.5772375508801979, 44.847190005749745], [-0.5767133048395182, 44.84701494373989], [-0.5777123460401876, 44.84541633859241], [-0.5778042284761821, 44.84508892213895], [-0.5779758468649033, 44.84491935731967], [-0.5781436502745548, 44.844888708942655], [-0.5800952057233005, 44.84168034430124], [-0.5811030939568244, 44.84163338577794], [-0.581417028021369, 44.84264257223821], [-0.5818595890989738, 44.84550870534832], [-0.5817966718074048, 44.84672653660077], [-0.5812613482481932, 44.8474900649414], [-0.5813465669923925, 44.84755490799929]]]]}, "properties": {"cleabs": "IRIS____0000000330630506", "code_insee": "33063", "nom_commune": "Bordeaux", "iris": "0506", "code_iris": "330630506", "nom_iris": "Hôtel de Ville-Quinconces 6", "type_iris": "H"}}, {"type": "Feature", "geometry": {"type": "MultiPolygon", "coordinates": [[[[-0.567160104154523, 44.84383112937592], [-0.570503119373174, 44.84331169080354], [-0.5702902251556822, 44.84269307446932], [-0.5743184726426228, 44.84229295501512], [-0.5742958669262376, 44.84213686518716], [-0.5745086548874978, 44.84211648873634], [-0.5786296773209126, 44.84180154369521], [-0.5800952057233005, 44.84168034430124], [-0.5781436502745548, 44.844888708942655], [-0.5779758468649033, 44.84491935731967], [-0.5778042284761821, 44.84508892213895], [-0.5777123460401876, 44.84541633859241], [-0.5767133048395182, 44.84701494373989], [-0.5755872605455956, 44.848888010063355], [-0.575564464950014, 44.848788705294346], [-0.5728387536177026, 44.849257764287465], [-0.5724845231582875, 44.84920608535397], [-0.5708911990279284, 44.84871573456307], [-0.5706577317573547, 44.84861059327236], [-0.5708963586524947, 44.84774131203602], [-0.5710450749887245, 44.846753255608334], [-0.5710655286672954, 44.84635784768632], [-0.5710023095722737, 44.845762351466206], [-0.5677091255721142, 44.845672753970135], [-0.5674135680972994, 44.84453046005419], [-0.567160104154523, 44.84383112937592]]]]}, "properties": {"cleabs": "IRIS____0000000330630507", "code_insee": "33063", "nom_commune": "Bordeaux", "iris": "0507", "code_iris": "330630507", "nom_iris": "Hôtel de Ville-Quinconces 7", "type_iris": "H"}}, {"type": "Feature", "geometry": {"type": "MultiPolygon", "coordinates": [[[[-0.582658942190716, 44.841518248493465], [-0.5811030939568244, 44.84163338577794], [-0.5800952057233005, 44.84168034430124], [-0.5786296773209126, 44.84180154369521], [-0.5778365231668073, 44.83820137989461], [-0.5773611571225151, 44.838275296121196], [-0.5768123681467702, 44.83829029295441], [-0.5766381593353401, 44.83825986110918], [-0.5764226657809591, 44.83807844831053], [-0.5761565390795497, 44.83736061898849], [-0.5783309946305495, 44.83715529169628], [-0.5787530899627562, 44.83706055864616], [-0.5788713277362743, 44.837127041030456], [-0.5792114950359888, 44.836979072190914], [-0.580987719491269, 44.8364882278892], [-0.5810923130805493, 44.836837241852855], [-0.5816399621178729, 44.838452634527954], [-0.5818513671808639, 44.838946906271076], [-0.582152537147191, 44.840034010149374], [-0.582658942190716, 44.841518248493465]]]]}, "properties": {"cleabs": "IRIS____0000000330630508", "code_insee": "33063", "nom_commune": "Bordeaux", "iris": "0508", "code_iris": "330630508", "nom_iris": "Hôtel de Ville-Quinconces 8", "type_iris": "H"}}, {"type": "Feature", "geometry": {"type": "MultiPolygon", "coordinates": [[[[-0.6726803954719267, 44.843395664837104], [-0.6682183947417991, 44.849579371407266], [-0.6668251726798684, 44.84931538782525], [-0.6664957250556562, 44.849334389912585], [-0.6663715090499527, 44.84923664831329], [-0.666294595130952, 44.84922296709391], [-0.6661790761405992, 44.84921957485679], [-0.6660563184705974, 44.84929934179623], [-0.6652934810518523, 44.849064975955734], [-0.6602518921520181, 44.848265260706775], [-0.6597531904805026, 44.848097850841306], [-0.6580982593975742, 44.84727727989631], [-0.6591878210825006, 44.845741576568194], [-0.6594238785838271, 44.84524257989768], [-0.6596116358456582, 44.84454689033249], [-0.6596197659405842, 44.84430236975562], [-0.6595828839307591, 44.843911521213386], [-0.6596539243930316, 44.84352432211791], [-0.6597789419507538, 44.843284957648294], [-0.6602226538415175, 44.842784514586604], [-0.660711129563477, 44.842115851573965], [-0.6610234898813666, 44.841155570917515], [-0.6612902615027888, 44.83971009255702], [-0.6617203190596992, 44.83882613986555], [-0.6619675926057197, 44.83867466851149], [-0.661999327575583, 44.83855915556107], [-0.6618859594483929, 44.838471867720905], [-0.6615015016445502, 44.83838451744045], [-0.6611625423113556, 44.8381595676749], [-0.6610437158400083, 44.838027394304945], [-0.6609619759193702, 44.83778403809553], [-0.660844115815909, 44.83642336274421], [-0.6606534611424081, 44.83606372926127], [-0.6603719519379864, 44.83586482162463], [-0.6596382562404475, 44.83556907591874], [-0.6590695182801556, 44.83518045701796], [-0.6587266768996672, 44.83481773069076], [-0.6573569775633944, 44.832691691384476], [-0.6571944709367477, 44.832530311418395], [-0.6594505700897371, 44.83230085794493], [-0.66083078057901, 44.83241122528831], [-0.6621967199925759, 44.8326716624222], [-0.6637330250595908, 44.83301928832006], [-0.6664823155447324, 44.83353409323751], [-0.6690465042495313, 44.834103626671606], [-0.6692380046354695, 44.834107204712495], [-0.6716936036168267, 44.834564904997876], [-0.676694952064593, 44.835191443688906], [-0.6765369388067667, 44.836298980375496], [-0.6762425607655586, 44.837471425136826], [-0.6754462410195466, 44.83935541318594], [-0.6747593417165787, 44.84051201983779], [-0.6726803954719267, 44.843395664837104]]]]}, "properties": {"cleabs": "IRIS____0000000332810601", "code_insee": "33281", "nom_commune": "Mérignac", "iris": "0601", "code_iris": "332810601", "nom_iris": "Piquey", "type_iris": "H"}}, {"type": "Feature", "geometry": {"type": "MultiPolygon", "coordinates": [[[[-0.5862592553753331, 44.85016666426983], [-0.5899687860915577, 44.851650023995155], [-0.5906251392650974, 44.851947828880355], [-0.5914237057113277, 44.85246814519714], [-0.5883890393516766, 44.85331800712476], [-0.583930589923079, 44.85498887680447], [-0.5831503568543086, 44.855013179220265], [-0.5800241402498645, 44.8531006918344], [-0.5834288594652974, 44.85054383484728], [-0.5847509670574582, 44.85095084730744], [-0.5860303508019854, 44.850074024312036], [-0.5862592553753331, 44.85016666426983]]]]}, "properties": {"cleabs": "IRIS____0000000330630601", "code_insee": "33063", "nom_commune": "Bordeaux", "iris": "0601", "code_iris": "330630601", "nom_iris": "Saint-Seurin-Fondaudège 1", "type_iris": "H"}}, {"type": "Feature", "geometry": {"type": "MultiPolygon", "coordinates": [[[[-0.5800241402498645, 44.8531006918344], [-0.5782515804787625, 44.85166990187949], [-0.5778205922644842, 44.85097090729546], [-0.5787020046245349, 44.850765828358035], [-0.5785374783874558, 44.850669293774104], [-0.5769126262603528, 44.85016291932925], [-0.5751399438094896, 44.84960270505798], [-0.5755872605455956, 44.848888010063355], [-0.5767133048395182, 44.84701494373989], [-0.5772375508801979, 44.847190005749745], [-0.5772596844022462, 44.84713972275828], [-0.577320889677126, 44.84712603248968], [-0.5785854113683042, 44.84748630312734], [-0.5786553980545401, 44.847550738311966], [-0.5800942884222665, 44.84798287496923], [-0.5800030622038569, 44.848181392615544], [-0.5802825791746938, 44.848273312023224], [-0.5813465669923925, 44.84755490799929], [-0.5827723926900868, 44.84855612808693], [-0.583154603208831, 44.84880785178196], [-0.5853124930009034, 44.84978449072547], [-0.5860303508019854, 44.850074024312036], [-0.5847509670574582, 44.85095084730744], [-0.5834288594652974, 44.85054383484728], [-0.5800241402498645, 44.8531006918344]]]]}, "properties": {"cleabs": "IRIS____0000000330630602", "code_insee": "33063", "nom_commune": "Bordeaux", "iris": "0602", "code_iris": "330630602", "nom_iris": "Saint-Seurin-Fondaudège 2", "type_iris": "H"}}, {"type": "Feature", "geometry": {"type": "MultiPolygon", "coordinates": [[[[-0.5918503463742646, 44.84509729897679], [-0.59169381834947, 44.845838701077504], [-0.59166912955971, 44.846739864254424], [-0.5922109542375332, 44.8517027147798], [-0.5924308550022218, 44.852386865372424], [-0.5909783014376537, 44.85186339444216], [-0.5899687860915577, 44.851650023995155], [-0.5862592553753331, 44.85016666426983], [-0.5871314815570803, 44.84926333475091], [-0.588070635462203, 44.846137119811644], [-0.5889015836421939, 44.84417342198896], [-0.5899862433545708, 44.84445466353469], [-0.5918503463742646, 44.84509729897679]]]]}, "properties": {"cleabs": "IRIS____0000000330630604", "code_insee": "33063", "nom_commune": "Bordeaux", "iris": "0604", "code_iris": "330630604", "nom_iris": "Saint-Seurin-Fondaudège 4", "type_iris": "H"}}, {"type": "Feature", "geometry": {"type": "MultiPolygon", "coordinates": [[[[-0.5827723926900868, 44.84855612808693], [-0.5813465669923925, 44.84755490799929], [-0.5812613482481932, 44.8474900649414], [-0.5817966718074048, 44.84672653660077], [-0.5818595890989738, 44.84550870534832], [-0.581417028021369, 44.84264257223821], [-0.5811030939568244, 44.84163338577794], [-0.582658942190716, 44.841518248493465], [-0.5830484779311027, 44.84148854094052], [-0.5832784956151813, 44.84151986390928], [-0.5845444185601697, 44.842002589248935], [-0.5858303045390988, 44.84238101052087], [-0.5860342947141216, 44.84257990271125], [-0.5866669029033967, 44.84351929065935], [-0.587402043621529, 44.843961468089304], [-0.5868642930333244, 44.84424923826346], [-0.5863906101352828, 44.84456828079349], [-0.58540116017424, 44.845341106440664], [-0.5835349293007684, 44.847898810484054], [-0.5833438922288141, 44.84810145703354], [-0.5827723926900868, 44.84855612808693]]]]}, "properties": {"cleabs": "IRIS____0000000330630605", "code_insee": "33063", "nom_commune": "Bordeaux", "iris": "0605", "code_iris": "330630605", "nom_iris": "Saint-Seurin-Fondaudège 5", "type_iris": "H"}}, {"type": "Feature", "geometry": {"type": "MultiPolygon", "coordinates": [[[[-0.5940158892956627, 44.85317820915153], [-0.5935203765138977, 44.85386931161141], [-0.5932659835072772, 44.85377480744092], [-0.5927120070936666, 44.85341421761933], [-0.5925703710144069, 44.85322052576694], [-0.5914237057113277, 44.85246814519714], [-0.5906251392650974, 44.851947828880355], [-0.5899687860915577, 44.851650023995155], [-0.5909783014376537, 44.85186339444216], [-0.5924308550022218, 44.852386865372424], [-0.5922109542375332, 44.8517027147798], [-0.59166912955971, 44.846739864254424], [-0.59169381834947, 44.845838701077504], [-0.5918503463742646, 44.84509729897679], [-0.5928945231793024, 44.84535909509858], [-0.5935762519068256, 44.84546048339822], [-0.5935643699972709, 44.845571724042856], [-0.5946974138975155, 44.84710231178258], [-0.5976569322118807, 44.848269037427045], [-0.5940158892956627, 44.85317820915153]]]]}, "properties": {"cleabs": "IRIS____0000000330630606", "code_insee": "33063", "nom_commune": "Bordeaux", "iris": "0606", "code_iris": "330630606", "nom_iris": "Saint-Seurin-Fondaudège 6", "type_iris": "H"}}, {"type": "Feature", "geometry": {"type": "MultiPolygon", "coordinates": [[[[-0.5862592553753331, 44.85016666426983], [-0.5860303508019854, 44.850074024312036], [-0.5853124930009034, 44.84978449072547], [-0.583154603208831, 44.84880785178196], [-0.5827723926900868, 44.84855612808693], [-0.5833438922288141, 44.84810145703354], [-0.5835349293007684, 44.847898810484054], [-0.58540116017424, 44.845341106440664], [-0.5863906101352828, 44.84456828079349], [-0.5868642930333244, 44.84424923826346], [-0.587402043621529, 44.843961468089304], [-0.587730339181373, 44.8440635070418], [-0.5889015836421939, 44.84417342198896], [-0.588070635462203, 44.846137119811644], [-0.5871314815570803, 44.84926333475091], [-0.5862592553753331, 44.85016666426983]]]]}, "properties": {"cleabs": "IRIS____0000000330630607", "code_insee": "33063", "nom_commune": "Bordeaux", "iris": "0607", "code_iris": "330630607", "nom_iris": "Saint-Seurin-Fondaudège 7", "type_iris": "H"}}, {"type": "Feature", "geometry": {"type": "MultiPolygon", "coordinates": [[[[-0.5976569322118807, 44.848269037427045], [-0.5946974138975155, 44.84710231178258], [-0.5935643699972709, 44.845571724042856], [-0.5935762519068256, 44.84546048339822], [-0.5942381084534178, 44.8421845680372], [-0.5938115049489903, 44.84171441276237], [-0.5929241205455447, 44.841209614690825], [-0.5922620047178632, 44.84076060245534], [-0.5993368356633366, 44.84022659716049], [-0.5995542795581863, 44.84255111948355], [-0.5995708192581896, 44.84326348576546], [-0.5995134703136248, 44.843514998255095], [-0.5987409383597414, 44.845455261676136], [-0.5976569322118807, 44.848269037427045]]]]}, "properties": {"cleabs": "IRIS____0000000330630608", "code_insee": "33063", "nom_commune": "Bordeaux", "iris": "0608", "code_iris": "330630608", "nom_iris": "Saint-Seurin-Fondaudège 8", "type_iris": "H"}}, {"type": "Feature", "geometry": {"type": "MultiPolygon", "coordinates": [[[[-0.5935762519068256, 44.84546048339822], [-0.5928945231793024, 44.84535909509858], [-0.5918503463742646, 44.84509729897679], [-0.5899862433545708, 44.84445466353469], [-0.5889015836421939, 44.84417342198896], [-0.587730339181373, 44.8440635070418], [-0.587402043621529, 44.843961468089304], [-0.5866669029033967, 44.84351929065935], [-0.5860342947141216, 44.84257990271125], [-0.5858303045390988, 44.84238101052087], [-0.5845444185601697, 44.842002589248935], [-0.5832784956151813, 44.84151986390928], [-0.5830484779311027, 44.84148854094052], [-0.5851071091418593, 44.84133188973029], [-0.5922620047178632, 44.84076060245534], [-0.5929241205455447, 44.841209614690825], [-0.5938115049489903, 44.84171441276237], [-0.5942381084534178, 44.8421845680372], [-0.5935762519068256, 44.84546048339822]]]]}, "properties": {"cleabs": "IRIS____0000000330630609", "code_insee": "33063", "nom_commune": "Bordeaux", "iris": "0609", "code_iris": "330630609", "nom_iris": "Saint-Seurin-Fondaudège 9", "type_iris": "H"}}, {"type": "Feature", "geometry": {"type": "MultiPolygon", "coordinates": [[[[-0.6395695658701479, 44.829619506104194], [-0.6392715561874542, 44.82904705726517], [-0.6388061690493498, 44.82837374930382], [-0.6382402131439361, 44.82739910590509], [-0.63757941652968, 44.82589851890375], [-0.638891771953874, 44.82590322438602], [-0.6395382022411413, 44.82583333790687], [-0.6400430514071072, 44.825728439242084], [-0.6420087678452677, 44.82518440439365], [-0.6441929028169515, 44.82474761820259], [-0.6450228711200567, 44.824754584882086], [-0.6455239583148578, 44.82480660824059], [-0.6456302540909229, 44.824883327758286], [-0.6469566627623841, 44.82467567243253], [-0.6480346041912551, 44.824405875943775], [-0.6493154323710686, 44.824140206450004], [-0.6501561515952508, 44.82380609334556], [-0.6513191934183349, 44.82328741021873], [-0.6552925853864037, 44.82294738408598], [-0.656258928049086, 44.822792944885634], [-0.6564126875711201, 44.82375405928782], [-0.65605073956774, 44.82375788359487], [-0.6558529322492955, 44.823968098165636], [-0.6560106071263198, 44.82535900078125], [-0.656063138200448, 44.82542666813581], [-0.656206659321985, 44.82549133504711], [-0.6562906079280775, 44.82676119233168], [-0.6546492200490303, 44.8265079654777], [-0.6540329541487286, 44.82647690290202], [-0.6535724962483745, 44.82650469465019], [-0.6542260533965831, 44.82926905174142], [-0.6540978552934023, 44.82986812974716], [-0.6541270592251592, 44.83021957288689], [-0.654010188080191, 44.83025316688742], [-0.6539515254366967, 44.830344327987746], [-0.6540847482221316, 44.8304841447591], [-0.6544509078441022, 44.831984448255795], [-0.6543868981360289, 44.83216861906937], [-0.6544398541257194, 44.83220382691201], [-0.6533238429584496, 44.83278588282382], [-0.6525947255496053, 44.83304604029705], [-0.649976464124086, 44.83329718789104], [-0.6493249038953297, 44.833211378374], [-0.6479806730303708, 44.83295277401211], [-0.6469374262753868, 44.832725714818864], [-0.6462267652411527, 44.83264633762946], [-0.6405848740168916, 44.83279655706568], [-0.6404297684757682, 44.83251413875243], [-0.6395695658701479, 44.829619506104194]]]]}, "properties": {"cleabs": "IRIS____0000000332810701", "code_insee": "33281", "nom_commune": "Mérignac", "iris": "0701", "code_iris": "332810701", "nom_iris": "Eyquems", "type_iris": "H"}}, {"type": "Feature", "geometry": {"type": "MultiPolygon", "coordinates": [[[[-0.6124537184475133, 44.86061601962773], [-0.6095612891451558, 44.86013334270697], [-0.6086445535902049, 44.85990810301777], [-0.6078784434285797, 44.85958152113934], [-0.6051797891542737, 44.858148795937154], [-0.6036196657936492, 44.857276578042736], [-0.6028615378595438, 44.856698249239216], [-0.6012912916146701, 44.855726288990176], [-0.6014378967898133, 44.85566114443337], [-0.6031715039073067, 44.85568416321496], [-0.6053546057784149, 44.855445598333134], [-0.6091862170037297, 44.85536516937656], [-0.6111493591599867, 44.85521385904658], [-0.6118990223099868, 44.855226405982606], [-0.613809237307314, 44.85535526670412], [-0.6139724578171171, 44.855331923962744], [-0.6130070344740062, 44.85889638529761], [-0.612617274770711, 44.860538591618415], [-0.6124946206013743, 44.860562413583956], [-0.6124537184475133, 44.86061601962773]]]]}, "properties": {"cleabs": "IRIS____0000000330630701", "code_insee": "33063", "nom_commune": "Bordeaux", "iris": "0701", "code_iris": "330630701", "nom_iris": "Villa Primerose Parc Bordelais-Caudéran 1", "type_iris": "H"}}, {"type": "Feature", "geometry": {"type": "MultiPolygon", "coordinates": [[[[-0.6012912916146701, 44.855726288990176], [-0.5989493171947518, 44.8544756192827], [-0.5975567842419706, 44.85404041015953], [-0.5940158892956627, 44.85317820915153], [-0.5976569322118807, 44.848269037427045], [-0.6003335081030781, 44.849328608674995], [-0.6042840280890068, 44.85002137310945], [-0.6049395716069014, 44.85012805146605], [-0.6059566208881747, 44.85043837925487], [-0.6062424692810963, 44.85056878405228], [-0.6064947244800885, 44.85061015296511], [-0.608587426659896, 44.85121534679938], [-0.610775405490199, 44.85168581514014], [-0.6122028641953087, 44.85211161076152], [-0.6127155048902942, 44.852202168429045], [-0.6143869491024617, 44.85224505877295], [-0.6147461690293754, 44.852274812631634], [-0.6139724578171171, 44.855331923962744], [-0.613809237307314, 44.85535526670412], [-0.6118990223099868, 44.855226405982606], [-0.6111493591599867, 44.85521385904658], [-0.6091862170037297, 44.85536516937656], [-0.6053546057784149, 44.855445598333134], [-0.6031715039073067, 44.85568416321496], [-0.6014378967898133, 44.85566114443337], [-0.6012912916146701, 44.855726288990176]]]]}, "properties": {"cleabs": "IRIS____0000000330630702", "code_insee": "33063", "nom_commune": "Bordeaux", "iris": "0702", "code_iris": "330630702", "nom_iris": "Villa Primerose Parc Bordelais-Caudéran 2", "type_iris": "H"}}, {"type": "Feature", "geometry": {"type": "MultiPolygon", "coordinates": [[[[-0.606947800640217, 44.84462809073768], [-0.6054681803655736, 44.84804154834718], [-0.6044878315452717, 44.84988046113448], [-0.6044074010407745, 44.84996959685129], [-0.6042840280890068, 44.85002137310945], [-0.6003335081030781, 44.849328608674995], [-0.5976569322118807, 44.848269037427045], [-0.5987409383597414, 44.845455261676136], [-0.6005593550421845, 44.845087112129164], [-0.6016811825990023, 44.84460365986099], [-0.6020697179383974, 44.84465683520318], [-0.6031128776505125, 44.8446454845064], [-0.6035335678205109, 44.84460748314701], [-0.6046639517322066, 44.84439590556071], [-0.6049576467494971, 44.844372841172145], [-0.6061676665894419, 44.84449393275098], [-0.606947800640217, 44.84462809073768]]]]}, "properties": {"cleabs": "IRIS____0000000330630703", "code_insee": "33063", "nom_commune": "Bordeaux", "iris": "0703", "code_iris": "330630703", "nom_iris": "Villa Primerose Parc Bordelais-Caudéran 3", "type_iris": "H"}}, {"type": "Feature", "geometry": {"type": "MultiPolygon", "coordinates": [[[[-0.6042840280890068, 44.85002137310945], [-0.6044074010407745, 44.84996959685129], [-0.6044878315452717, 44.84988046113448], [-0.6054681803655736, 44.84804154834718], [-0.606947800640217, 44.84462809073768], [-0.6077333198620853, 44.84470799183134], [-0.6097736884571068, 44.84473894353602], [-0.6103236972048709, 44.84489949422103], [-0.6121200332865486, 44.84572515951511], [-0.6127946089986144, 44.84593121200352], [-0.6131425552406975, 44.84590455646135], [-0.613724570029116, 44.845656671525425], [-0.6144469864298923, 44.845444765629935], [-0.6153474238142415, 44.845341514523774], [-0.615462642107726, 44.84534046271174], [-0.6154024715233827, 44.84578314856301], [-0.6152726859027945, 44.8460694786871], [-0.6151689624303024, 44.846190025464956], [-0.6150254097207638, 44.84630195620554], [-0.6147391007270527, 44.84628244632998], [-0.6141121112154273, 44.84646150242989], [-0.6139377599847079, 44.84658705307569], [-0.6134705110584731, 44.84710248442584], [-0.613490580833719, 44.847492984668406], [-0.6129789660896862, 44.848894011483615], [-0.612986334327526, 44.849165957106834], [-0.6130527597209644, 44.84939091529079], [-0.613223730361918, 44.84950791993362], [-0.6136143171162914, 44.8496709454274], [-0.6139906983053929, 44.85051850226911], [-0.6141606807106665, 44.850954590303175], [-0.6143869491024617, 44.85224505877295], [-0.6127155048902942, 44.852202168429045], [-0.6122028641953087, 44.85211161076152], [-0.610775405490199, 44.85168581514014], [-0.608587426659896, 44.85121534679938], [-0.6064947244800885, 44.85061015296511], [-0.6062424692810963, 44.85056878405228], [-0.6059566208881747, 44.85043837925487], [-0.6049395716069014, 44.85012805146605], [-0.6042840280890068, 44.85002137310945]]]]}, "properties": {"cleabs": "IRIS____0000000330630704", "code_insee": "33063", "nom_commune": "Bordeaux", "iris": "0704", "code_iris": "330630704", "nom_iris": "Villa Primerose Parc Bordelais-Caudéran 4", "type_iris": "H"}}, {"type": "Feature", "geometry": {"type": "MultiPolygon", "coordinates": [[[[-0.6068685253198799, 44.83700591361368], [-0.6089614705649127, 44.837898579061246], [-0.6096745566317827, 44.83811420860946], [-0.6112938711833784, 44.83829852561768], [-0.611440090418064, 44.83866148359543], [-0.611901553909547, 44.83919893615306], [-0.6080942325557998, 44.83950221952906], [-0.6068235582137611, 44.83963818478294], [-0.6070011462850462, 44.83974056170521], [-0.6073225325323638, 44.839774271017326], [-0.6080517654974318, 44.83994522418846], [-0.6082566043756852, 44.84007735591669], [-0.6083752989855553, 44.840327652876134], [-0.6083035592281446, 44.840551699820445], [-0.6077566507256037, 44.84148338148492], [-0.6072024569464097, 44.84297228319693], [-0.6070927261505283, 44.843038940980975], [-0.6068732718069483, 44.84303436135605], [-0.60682990647418, 44.84308894663976], [-0.6068665018931729, 44.84322474990028], [-0.6062831911610638, 44.844221597579434], [-0.6061676665894419, 44.84449393275098], [-0.6049576467494971, 44.844372841172145], [-0.6046639517322066, 44.84439590556071], [-0.6035335678205109, 44.84460748314701], [-0.6031128776505125, 44.8446454845064], [-0.6020697179383974, 44.84465683520318], [-0.6016811825990023, 44.84460365986099], [-0.6005593550421845, 44.845087112129164], [-0.5987409383597414, 44.845455261676136], [-0.5995134703136248, 44.843514998255095], [-0.5995708192581896, 44.84326348576546], [-0.5995542795581863, 44.84255111948355], [-0.5993368356633366, 44.84022659716049], [-0.5990196079963069, 44.836602084149845], [-0.6005166973355412, 44.8365805270981], [-0.6012403467097438, 44.83650746071541], [-0.6025993491646605, 44.83622899182906], [-0.6031071484730175, 44.836226914860404], [-0.6052739766527983, 44.83649627175426], [-0.606031669655455, 44.83669695437565], [-0.6068685253198799, 44.83700591361368]]]]}, "properties": {"cleabs": "IRIS____0000000330630705", "code_insee": "33063", "nom_commune": "Bordeaux", "iris": "0705", "code_iris": "330630705", "nom_iris": "Villa Primerose Parc Bordelais-Caudéran 5", "type_iris": "H"}}, {"type": "Feature", "geometry": {"type": "MultiPolygon", "coordinates": [[[[-0.6153474238142415, 44.845341514523774], [-0.6144469864298923, 44.845444765629935], [-0.613724570029116, 44.845656671525425], [-0.6131425552406975, 44.84590455646135], [-0.6127946089986144, 44.84593121200352], [-0.6121200332865486, 44.84572515951511], [-0.6103236972048709, 44.84489949422103], [-0.6097736884571068, 44.84473894353602], [-0.6077333198620853, 44.84470799183134], [-0.606947800640217, 44.84462809073768], [-0.6061676665894419, 44.84449393275098], [-0.6062831911610638, 44.844221597579434], [-0.6068665018931729, 44.84322474990028], [-0.60682990647418, 44.84308894663976], [-0.6068732718069483, 44.84303436135605], [-0.6070927261505283, 44.843038940980975], [-0.6072024569464097, 44.84297228319693], [-0.6077566507256037, 44.84148338148492], [-0.6083035592281446, 44.840551699820445], [-0.6083752989855553, 44.840327652876134], [-0.6082566043756852, 44.84007735591669], [-0.6080517654974318, 44.83994522418846], [-0.6073225325323638, 44.839774271017326], [-0.6070011462850462, 44.83974056170521], [-0.6068235582137611, 44.83963818478294], [-0.6080942325557998, 44.83950221952906], [-0.611901553909547, 44.83919893615306], [-0.6120107152813317, 44.839300829959186], [-0.6128911339398078, 44.84095483136003], [-0.6131618439683842, 44.841342573318016], [-0.6143738478775562, 44.842439590541574], [-0.614903136188747, 44.84312443475481], [-0.6151061637471484, 44.84348373555476], [-0.6154807941471291, 44.844540438319456], [-0.6153474238142415, 44.845341514523774]]]]}, "properties": {"cleabs": "IRIS____0000000330630706", "code_insee": "33063", "nom_commune": "Bordeaux", "iris": "0706", "code_iris": "330630706", "nom_iris": "Villa Primerose Parc Bordelais-Caudéran 6", "type_iris": "H"}}, {"type": "Feature", "geometry": {"type": "MultiPolygon", "coordinates": [[[[-0.6622058149645326, 44.857706818298055], [-0.6602238895790533, 44.85743423739179], [-0.6602375967745125, 44.857411252536856], [-0.6576855878107558, 44.85706279798284], [-0.655023709957284, 44.85675846431248], [-0.6548320920708276, 44.85582021393524], [-0.6547894933656612, 44.855243883590454], [-0.6548081232095629, 44.85496566921571], [-0.6550158905273834, 44.8541088974411], [-0.6553085450231948, 44.85278515851275], [-0.6554272687909344, 44.85089212143208], [-0.65553866757515, 44.850579304518085], [-0.6560286669924069, 44.84960146847173], [-0.6561475582613283, 44.84940377028565], [-0.6565770583500171, 44.848917331405175], [-0.6580982593975742, 44.84727727989631], [-0.6597531904805026, 44.848097850841306], [-0.6602518921520181, 44.848265260706775], [-0.6652934810518523, 44.849064975955734], [-0.6660563184705974, 44.84929934179623], [-0.6661790761405992, 44.84921957485679], [-0.666294595130952, 44.84922296709391], [-0.6663715090499527, 44.84923664831329], [-0.6664957250556562, 44.849334389912585], [-0.6668251726798684, 44.84931538782525], [-0.6682183947417991, 44.849579371407266], [-0.6636436277091409, 44.855894588100384], [-0.6622058149645326, 44.857706818298055]]]]}, "properties": {"cleabs": "IRIS____0000000332810801", "code_insee": "33281", "nom_commune": "Mérignac", "iris": "0801", "code_iris": "332810801", "nom_iris": "Les Pins", "type_iris": "H"}}, {"type": "Feature", "geometry": {"type": "MultiPolygon", "coordinates": [[[[-0.6182694205753843, 44.86321687750324], [-0.6165129915516037, 44.86245037101446], [-0.6140521062188153, 44.86097675031798], [-0.6127404471084913, 44.86064093185726], [-0.6124537184475133, 44.86061601962773], [-0.6124946206013743, 44.860562413583956], [-0.612617274770711, 44.860538591618415], [-0.6130070344740062, 44.85889638529761], [-0.6139724578171171, 44.855331923962744], [-0.6147461690293754, 44.852274812631634], [-0.6169264791649733, 44.85252640176643], [-0.6192652543637622, 44.85236630086193], [-0.6195843422519194, 44.85236309985463], [-0.6198745004629667, 44.85242212911326], [-0.6202775516294992, 44.85269918864754], [-0.6208455799996537, 44.85292129151319], [-0.6215556629453279, 44.85338119909558], [-0.6209225932932806, 44.853957956244344], [-0.6207886394717473, 44.85417953759067], [-0.6199807271975466, 44.85681962352578], [-0.61966942234294, 44.857592266390654], [-0.6197274287477068, 44.85839341695104], [-0.6188219866225502, 44.862765338480884], [-0.6186388572946703, 44.862991224686475], [-0.6182694205753843, 44.86321687750324]]]]}, "properties": {"cleabs": "IRIS____0000000330630801", "code_insee": "33063", "nom_commune": "Bordeaux", "iris": "0801", "code_iris": "330630801", "nom_iris": "Lestonnat-Monséjour 1", "type_iris": "H"}}, {"type": "Feature", "geometry": {"type": "MultiPolygon", "coordinates": [[[[-0.6226226047534207, 44.86596615452174], [-0.62041150001391, 44.86416545226673], [-0.6182694205753843, 44.86321687750324], [-0.6186388572946703, 44.862991224686475], [-0.6188219866225502, 44.862765338480884], [-0.6197274287477068, 44.85839341695104], [-0.61966942234294, 44.857592266390654], [-0.6199807271975466, 44.85681962352578], [-0.6207886394717473, 44.85417953759067], [-0.6209225932932806, 44.853957956244344], [-0.6215556629453279, 44.85338119909558], [-0.6252371061183861, 44.855568239598966], [-0.6254336867818059, 44.8556690683537], [-0.6265196670876366, 44.85594451625103], [-0.6265102941570394, 44.85764284591367], [-0.6264437786096646, 44.8584372511133], [-0.6261544469889223, 44.86001945380843], [-0.6258479931981198, 44.861140756537765], [-0.625209780439156, 44.86258023798831], [-0.6246980748952368, 44.86344777156602], [-0.6238259196227516, 44.864660551981665], [-0.6231514890968256, 44.865442362246114], [-0.6226226047534207, 44.86596615452174]]]]}, "properties": {"cleabs": "IRIS____0000000330630802", "code_insee": "33063", "nom_commune": "Bordeaux", "iris": "0802", "code_iris": "330630802", "nom_iris": "Lestonnat-Monséjour 2", "type_iris": "H"}}, {"type": "Feature", "geometry": {"type": "MultiPolygon", "coordinates": [[[[-0.62812489498709, 44.84731629720194], [-0.6278633084737355, 44.84842442018629], [-0.6268283469687531, 44.850995380851536], [-0.6265589750061554, 44.85196405607554], [-0.6264944344774144, 44.852533975557385], [-0.6265196670876366, 44.85594451625103], [-0.6254336867818059, 44.8556690683537], [-0.6252371061183861, 44.855568239598966], [-0.6215556629453279, 44.85338119909558], [-0.6208455799996537, 44.85292129151319], [-0.6202775516294992, 44.85269918864754], [-0.6198745004629667, 44.85242212911326], [-0.6199076058520885, 44.8523264142502], [-0.619715058820835, 44.85152154425423], [-0.6195905018776342, 44.850513470155605], [-0.620033004762645, 44.84998800378801], [-0.620334033278924, 44.84931213270772], [-0.6212490025852235, 44.84780326379282], [-0.6214489644123069, 44.84701442363387], [-0.6218114870514678, 44.8471350751519], [-0.6226170057316308, 44.84730795303791], [-0.6229706317430237, 44.847349578703145], [-0.6243041798624108, 44.84736099112738], [-0.6272278783018004, 44.84747271565121], [-0.627732130954191, 44.84743369262038], [-0.62812489498709, 44.84731629720194]]]]}, "properties": {"cleabs": "IRIS____0000000330630803", "code_insee": "33063", "nom_commune": "Bordeaux", "iris": "0803", "code_iris": "330630803", "nom_iris": "Lestonnat-Monséjour 3", "type_iris": "H"}}, {"type": "Feature", "geometry": {"type": "MultiPolygon", "coordinates": [[[[-0.6147461690293754, 44.852274812631634], [-0.6143869491024617, 44.85224505877295], [-0.6141606807106665, 44.850954590303175], [-0.6139906983053929, 44.85051850226911], [-0.6136143171162914, 44.8496709454274], [-0.613223730361918, 44.84950791993362], [-0.6130527597209644, 44.84939091529079], [-0.612986334327526, 44.849165957106834], [-0.6129789660896862, 44.848894011483615], [-0.613490580833719, 44.847492984668406], [-0.6134705110584731, 44.84710248442584], [-0.6139377599847079, 44.84658705307569], [-0.6141121112154273, 44.84646150242989], [-0.6147391007270527, 44.84628244632998], [-0.6150254097207638, 44.84630195620554], [-0.6151689624303024, 44.846190025464956], [-0.6152726859027945, 44.8460694786871], [-0.6154024715233827, 44.84578314856301], [-0.615462642107726, 44.84534046271174], [-0.6158756587700602, 44.845360346338886], [-0.6170030011639711, 44.84553448811718], [-0.617342031462027, 44.84560544806003], [-0.6177940867598876, 44.84575924321731], [-0.6178694050572353, 44.84582708624076], [-0.6183367726894677, 44.84602183867365], [-0.6200819120757686, 44.84650295903709], [-0.6214489644123069, 44.84701442363387], [-0.6212490025852235, 44.84780326379282], [-0.620334033278924, 44.84931213270772], [-0.620033004762645, 44.84998800378801], [-0.6195905018776342, 44.850513470155605], [-0.619715058820835, 44.85152154425423], [-0.6199076058520885, 44.8523264142502], [-0.6198745004629667, 44.85242212911326], [-0.6195843422519194, 44.85236309985463], [-0.6192652543637622, 44.85236630086193], [-0.6169264791649733, 44.85252640176643], [-0.6147461690293754, 44.852274812631634]]]]}, "properties": {"cleabs": "IRIS____0000000330630804", "code_insee": "33063", "nom_commune": "Bordeaux", "iris": "0804", "code_iris": "330630804", "nom_iris": "Lestonnat-Monséjour 4", "type_iris": "H"}}, {"type": "Feature", "geometry": {"type": "MultiPolygon", "coordinates": [[[[-0.6210334449100066, 44.83858931145372], [-0.6222514972604003, 44.838561251270654], [-0.6258902927521025, 44.83878843431876], [-0.6266179585337195, 44.83887549896479], [-0.6279926669064618, 44.844897971134635], [-0.6281668301758879, 44.84659299683735], [-0.62812489498709, 44.84731629720194], [-0.627732130954191, 44.84743369262038], [-0.6272278783018004, 44.84747271565121], [-0.6243041798624108, 44.84736099112738], [-0.6229706317430237, 44.847349578703145], [-0.6226170057316308, 44.84730795303791], [-0.6218114870514678, 44.8471350751519], [-0.6214489644123069, 44.84701442363387], [-0.6200819120757686, 44.84650295903709], [-0.6183367726894677, 44.84602183867365], [-0.6178694050572353, 44.84582708624076], [-0.6177940867598876, 44.84575924321731], [-0.618210723250624, 44.84495072522644], [-0.6208397329798487, 44.844522445559626], [-0.6218380536546052, 44.843207328993934], [-0.621972441433539, 44.84326783260624], [-0.6225486966175462, 44.84238198126665], [-0.619863241389703, 44.84122589702059], [-0.6204744580042216, 44.840744491575634], [-0.6208590649989192, 44.840304729668894], [-0.6209079327422548, 44.84015892967026], [-0.6210334449100066, 44.83858931145372]]]]}, "properties": {"cleabs": "IRIS____0000000330630805", "code_insee": "33063", "nom_commune": "Bordeaux", "iris": "0805", "code_iris": "330630805", "nom_iris": "Lestonnat-Monséjour 5", "type_iris": "H"}}, {"type": "Feature", "geometry": {"type": "MultiPolygon", "coordinates": [[[[-0.6112938711833784, 44.83829852561768], [-0.6122778251174467, 44.838372831217605], [-0.6138051784123318, 44.83834830796085], [-0.6156533001030993, 44.83850527798205], [-0.6191196416732871, 44.83865178163449], [-0.6210334449100066, 44.83858931145372], [-0.6209079327422548, 44.84015892967026], [-0.6208590649989192, 44.840304729668894], [-0.6204744580042216, 44.840744491575634], [-0.619863241389703, 44.84122589702059], [-0.6225486966175462, 44.84238198126665], [-0.621972441433539, 44.84326783260624], [-0.6218380536546052, 44.843207328993934], [-0.6208397329798487, 44.844522445559626], [-0.618210723250624, 44.84495072522644], [-0.6177940867598876, 44.84575924321731], [-0.617342031462027, 44.84560544806003], [-0.6170030011639711, 44.84553448811718], [-0.6158756587700602, 44.845360346338886], [-0.615462642107726, 44.84534046271174], [-0.6153474238142415, 44.845341514523774], [-0.6154807941471291, 44.844540438319456], [-0.6151061637471484, 44.84348373555476], [-0.614903136188747, 44.84312443475481], [-0.6143738478775562, 44.842439590541574], [-0.6131618439683842, 44.841342573318016], [-0.6128911339398078, 44.84095483136003], [-0.6120107152813317, 44.839300829959186], [-0.611901553909547, 44.83919893615306], [-0.611440090418064, 44.83866148359543], [-0.6112938711833784, 44.83829852561768]]]]}, "properties": {"cleabs": "IRIS____0000000330630806", "code_insee": "33063", "nom_commune": "Bordeaux", "iris": "0806", "code_iris": "330630806", "nom_iris": "Lestonnat-Monséjour 6", "type_iris": "H"}}, {"type": "Feature", "geometry": {"type": "MultiPolygon", "coordinates": [[[[-0.6304208552960929, 44.843853243055406], [-0.6308208173093242, 44.84386718919053], [-0.6313296674400133, 44.844017268069884], [-0.6310747829673066, 44.84456187736805], [-0.6304392679644606, 44.8455092017603], [-0.6315781309939345, 44.84601719699079], [-0.6319669531113398, 44.84609369298805], [-0.631990762400827, 44.846187548381096], [-0.6334167724751673, 44.84629676687512], [-0.6334877520030826, 44.846375557523814], [-0.6329687570641562, 44.846989209616176], [-0.6330769403713448, 44.847094721886194], [-0.6329876256839492, 44.84722202488508], [-0.633105690691427, 44.8473236083424], [-0.6327882163443785, 44.84799735375938], [-0.6335466111862873, 44.84832221224221], [-0.63213777730061, 44.851396678727866], [-0.6321055342463878, 44.851466232332065], [-0.6317901711264805, 44.85144861795915], [-0.6318826481497177, 44.851311298357686], [-0.6308220301947718, 44.85127031112298], [-0.6286767007580215, 44.85308900548731], [-0.6266545271277981, 44.85597255386773], [-0.6265196670876366, 44.85594451625103], [-0.6264944344774144, 44.852533975557385], [-0.6265589750061554, 44.85196405607554], [-0.6268283469687531, 44.850995380851536], [-0.6278633084737355, 44.84842442018629], [-0.62812489498709, 44.84731629720194], [-0.6281668301758879, 44.84659299683735], [-0.6279926669064618, 44.844897971134635], [-0.6266179585337195, 44.83887549896479], [-0.6269654025781399, 44.83893984433639], [-0.6276227459881099, 44.83958529312297], [-0.6278848040287154, 44.84026890562258], [-0.6282207210358017, 44.84027233729087], [-0.6284928402517501, 44.84056266049858], [-0.6285936859657668, 44.841182147433955], [-0.6293187585586055, 44.84363875481302], [-0.6304208552960929, 44.843853243055406]]]]}, "properties": {"cleabs": "IRIS____0000000330630808", "code_insee": "33063", "nom_commune": "Bordeaux", "iris": "0808", "code_iris": "330630808", "nom_iris": "Lestonnat-Monséjour 8", "type_iris": "H"}}, {"type": "Feature", "geometry": {"type": "MultiPolygon", "coordinates": [[[[-0.6374797840278819, 44.85660053928005], [-0.638510357982969, 44.85691914862792], [-0.6370108695574299, 44.85857442087452], [-0.6372969884609465, 44.85868761633022], [-0.6375787812709407, 44.858655844826394], [-0.6379117650151424, 44.858788231853076], [-0.6378659067148919, 44.85886274031658], [-0.6386988910503121, 44.859162592304784], [-0.6382664351660846, 44.8599392693222], [-0.6386746040857214, 44.85999978917617], [-0.6383230365803988, 44.8607341565465], [-0.6365424521587515, 44.86049781198113], [-0.6352113985030702, 44.86174285562455], [-0.6346985207182692, 44.8623941686497], [-0.6333431862706452, 44.86191491124092], [-0.6314504357129858, 44.86384255104119], [-0.631266781082908, 44.86421628859058], [-0.632062776841082, 44.86478598773149], [-0.6328792447640814, 44.865064795470545], [-0.6341912688195787, 44.865363418840815], [-0.6329882310238188, 44.86659162117174], [-0.6309257138597779, 44.87165679861828], [-0.62385189363679, 44.86690751449992], [-0.6226226047534207, 44.86596615452174], [-0.6231514890968256, 44.865442362246114], [-0.6238259196227516, 44.864660551981665], [-0.6246980748952368, 44.86344777156602], [-0.625209780439156, 44.86258023798831], [-0.6258479931981198, 44.861140756537765], [-0.6261544469889223, 44.86001945380843], [-0.6264437786096646, 44.8584372511133], [-0.6265102941570394, 44.85764284591367], [-0.6265196670876366, 44.85594451625103], [-0.6266545271277981, 44.85597255386773], [-0.6294629258935318, 44.856469248556905], [-0.631986931365743, 44.85705449845447], [-0.6338368590387302, 44.85726791059302], [-0.6343192833744692, 44.85728185008683], [-0.6349363325496439, 44.85724180554538], [-0.6374797840278819, 44.85660053928005]]]]}, "properties": {"cleabs": "IRIS____0000000330630809", "code_insee": "33063", "nom_commune": "Bordeaux", "iris": "0809", "code_iris": "330630809", "nom_iris": "Lestonnat-Monséjour 9", "type_iris": "H"}}, {"type": "Feature", "geometry": {"type": "MultiPolygon", "coordinates": [[[[-0.6602238895790533, 44.85743423739179], [-0.6573885466478542, 44.860127107232], [-0.6564644134805465, 44.860394611431694], [-0.655437187400291, 44.86092778354086], [-0.6531304644102326, 44.86172119824476], [-0.6531089793652668, 44.86275389625482], [-0.6460957509300382, 44.86248076764951], [-0.6451103471977739, 44.86223554704974], [-0.6430610573954402, 44.86141417796797], [-0.6421901386550498, 44.86123367171685], [-0.6383230365803988, 44.8607341565465], [-0.6386746040857214, 44.85999978917617], [-0.6382664351660846, 44.8599392693222], [-0.6386988910503121, 44.859162592304784], [-0.6378659067148919, 44.85886274031658], [-0.6379117650151424, 44.858788231853076], [-0.6375787812709407, 44.858655844826394], [-0.6372969884609465, 44.85868761633022], [-0.6370108695574299, 44.85857442087452], [-0.638510357982969, 44.85691914862792], [-0.6374797840278819, 44.85660053928005], [-0.6380971810644043, 44.85644870521632], [-0.6389854780915196, 44.8563123166495], [-0.6424536385302403, 44.85625347687522], [-0.6435273887063623, 44.856163237322676], [-0.6437826501790781, 44.85611339375028], [-0.6439443062100491, 44.856144135699495], [-0.6460021904858826, 44.85618377473814], [-0.649502773435687, 44.85619485119459], [-0.6502281860765132, 44.85624308843015], [-0.655023709957284, 44.85675846431248], [-0.6576855878107558, 44.85706279798284], [-0.6602375967745125, 44.857411252536856], [-0.6602238895790533, 44.85743423739179]]]]}, "properties": {"cleabs": "IRIS____0000000332810901", "code_insee": "33281", "nom_commune": "Mérignac", "iris": "0901", "code_iris": "332810901", "nom_iris": "La Forêt", "type_iris": "H"}}, {"type": "Feature", "geometry": {"type": "MultiPolygon", "coordinates": [[[[-0.6067021597308301, 44.821895260018344], [-0.6084949196306085, 44.821455690133284], [-0.6094140500065948, 44.8223387547721], [-0.6096995576538845, 44.82238714084183], [-0.6101800080273951, 44.822257036588574], [-0.6103792700197137, 44.82238213314526], [-0.6105425221878087, 44.82265620996295], [-0.6118856313162564, 44.822884646694206], [-0.61315097933635, 44.82251445508079], [-0.6131672244729056, 44.82310155322003], [-0.6140343141888648, 44.823194062947906], [-0.6148766878768605, 44.82302059584088], [-0.6150358312190337, 44.82307308834159], [-0.6149057866539964, 44.82526290950156], [-0.6141235100989022, 44.82528841115464], [-0.6138917083000902, 44.82538609370053], [-0.6135824395839025, 44.826503834763386], [-0.6126132634928808, 44.82663635836817], [-0.6128466183995052, 44.82776345451996], [-0.6120850844698665, 44.82813164875459], [-0.611488919270574, 44.82833402545983], [-0.6115258196722921, 44.828376084561505], [-0.6085998444515339, 44.829375318851895], [-0.6065221893023807, 44.83003684905889], [-0.606194805174999, 44.830106078948354], [-0.6036696140413194, 44.83020890196624], [-0.6035108977014895, 44.83065658173895], [-0.6028893574562068, 44.83052356283471], [-0.6031532349034521, 44.82976062898786], [-0.6029976394367543, 44.829289816402266], [-0.6028472157418827, 44.82921539262655], [-0.6028656146075455, 44.82906788849744], [-0.6028187133547096, 44.82898829848669], [-0.6026233870441335, 44.82878645242447], [-0.601729711595609, 44.827273420097264], [-0.6016176030950373, 44.827164403558506], [-0.6014660067657714, 44.82719005664755], [-0.6012407942797776, 44.82711445508037], [-0.6009991728177555, 44.82711869722698], [-0.6007569647078556, 44.827074289638546], [-0.6000706367421771, 44.826799158324164], [-0.5999336206394047, 44.82677566770398], [-0.5986868769318938, 44.8268855356191], [-0.596784804233386, 44.826848113005035], [-0.5967680147273138, 44.82676393900914], [-0.5966922325186279, 44.82670781519998], [-0.5976220116801712, 44.82584128028227], [-0.597919714238292, 44.825645059238695], [-0.5980904378174189, 44.825621494019835], [-0.5981387836324873, 44.82550636611084], [-0.5983342515640686, 44.825414402840885], [-0.5985770920809669, 44.82523167675207], [-0.6000481789185508, 44.82366349181987], [-0.6002717570479004, 44.823457053049445], [-0.6006976422285186, 44.82322601866536], [-0.6022912786128486, 44.822780400587874], [-0.6032787569642541, 44.822716768464694], [-0.6044860944866945, 44.82274421788417], [-0.605323628912596, 44.82263316868968], [-0.6055624457713071, 44.82254609130133], [-0.6067021597308301, 44.821895260018344]]]]}, "properties": {"cleabs": "IRIS____0000000330630901", "code_insee": "33063", "nom_commune": "Bordeaux", "iris": "0901", "code_iris": "330630901", "nom_iris": "Saint-Augustin 1", "type_iris": "H"}}, {"type": "Feature", "geometry": {"type": "MultiPolygon", "coordinates": [[[[-0.594023551469298, 44.82187527278734], [-0.5959946045273138, 44.8204612741115], [-0.5990366245011995, 44.81906384807522], [-0.5996591756151023, 44.81893818889395], [-0.6011561876879219, 44.81888326387438], [-0.6019930835610503, 44.81872359089162], [-0.6029653163404393, 44.818423422591344], [-0.6038581702930161, 44.82004371410195], [-0.605026327650152, 44.81969840473588], [-0.6067021597308301, 44.821895260018344], [-0.6055624457713071, 44.82254609130133], [-0.605323628912596, 44.82263316868968], [-0.6044860944866945, 44.82274421788417], [-0.6032787569642541, 44.822716768464694], [-0.6022912786128486, 44.822780400587874], [-0.6006976422285186, 44.82322601866536], [-0.6002717570479004, 44.823457053049445], [-0.6000481789185508, 44.82366349181987], [-0.5999987103762481, 44.82362273868642], [-0.5949250306763048, 44.822189426501204], [-0.594023551469298, 44.82187527278734]]]]}, "properties": {"cleabs": "IRIS____0000000330630902", "code_insee": "33063", "nom_commune": "Bordeaux", "iris": "0902", "code_iris": "330630902", "nom_iris": "Saint-Augustin 2", "type_iris": "H"}}, {"type": "Feature", "geometry": {"type": "MultiPolygon", "coordinates": [[[[-0.589225826572284, 44.82536894841636], [-0.590193923876157, 44.824902298463286], [-0.5930919395534664, 44.823207786949624], [-0.5935680466212961, 44.822415471455756], [-0.594023551469298, 44.82187527278734], [-0.5949250306763048, 44.822189426501204], [-0.5999987103762481, 44.82362273868642], [-0.6000481789185508, 44.82366349181987], [-0.5985770920809669, 44.82523167675207], [-0.5983342515640686, 44.825414402840885], [-0.5981387836324873, 44.82550636611084], [-0.5980904378174189, 44.825621494019835], [-0.597919714238292, 44.825645059238695], [-0.5976220116801712, 44.82584128028227], [-0.5966922325186279, 44.82670781519998], [-0.5967680147273138, 44.82676393900914], [-0.596784804233386, 44.826848113005035], [-0.5986868769318938, 44.8268855356191], [-0.5999336206394047, 44.82677566770398], [-0.6000706367421771, 44.826799158324164], [-0.6007569647078556, 44.827074289638546], [-0.6009991728177555, 44.82711869722698], [-0.6012407942797776, 44.82711445508037], [-0.6014660067657714, 44.82719005664755], [-0.6016176030950373, 44.827164403558506], [-0.601729711595609, 44.827273420097264], [-0.6026233870441335, 44.82878645242447], [-0.6028187133547096, 44.82898829848669], [-0.6028656146075455, 44.82906788849744], [-0.6028472157418827, 44.82921539262655], [-0.6029976394367543, 44.829289816402266], [-0.6031532349034521, 44.82976062898786], [-0.6028893574562068, 44.83052356283471], [-0.6025535468338895, 44.83048129855715], [-0.6023726991512233, 44.830505199160825], [-0.5997364317717602, 44.83110813711659], [-0.5985466249144827, 44.83141623279868], [-0.5983555048330742, 44.831240379443976], [-0.5949651444895588, 44.828988136930896], [-0.5896502409808102, 44.82553005296229], [-0.589225826572284, 44.82536894841636]]]]}, "properties": {"cleabs": "IRIS____0000000330630903", "code_insee": "33063", "nom_commune": "Bordeaux", "iris": "0903", "code_iris": "330630903", "nom_iris": "Saint-Augustin 3", "type_iris": "H"}}, {"type": "Feature", "geometry": {"type": "MultiPolygon", "coordinates": [[[[-0.6128466183995052, 44.82776345451996], [-0.6128672632142317, 44.8278087466512], [-0.6135230648745675, 44.82896623932843], [-0.6137920441067792, 44.82909176288719], [-0.6138751474113024, 44.82987135821961], [-0.6136296135097352, 44.831566541000456], [-0.6130645046976293, 44.83227172434558], [-0.6126261634339979, 44.83256539986434], [-0.6112191295926404, 44.83331602347684], [-0.6106296453209537, 44.83423378579334], [-0.6103178801230148, 44.834191662420785], [-0.610590349242596, 44.83356361819183], [-0.6091715437518115, 44.83316637916028], [-0.6064390347869005, 44.8330804329363], [-0.6022051352755878, 44.832453772342475], [-0.6024364985496854, 44.831637820535924], [-0.6028893574562068, 44.83052356283471], [-0.6035108977014895, 44.83065658173895], [-0.6036696140413194, 44.83020890196624], [-0.606194805174999, 44.830106078948354], [-0.6065221893023807, 44.83003684905889], [-0.6085998444515339, 44.829375318851895], [-0.6115258196722921, 44.828376084561505], [-0.611488919270574, 44.82833402545983], [-0.6120850844698665, 44.82813164875459], [-0.6128466183995052, 44.82776345451996]]]]}, "properties": {"cleabs": "IRIS____0000000330630904", "code_insee": "33063", "nom_commune": "Bordeaux", "iris": "0904", "code_iris": "330630904", "nom_iris": "Saint-Augustin 4", "type_iris": "H"}}, {"type": "Feature", "geometry": {"type": "MultiPolygon", "coordinates": [[[[-0.6103178801230148, 44.834191662420785], [-0.609403281843668, 44.835943763313836], [-0.6088426118006567, 44.83664066710481], [-0.6085759968225448, 44.83674938393681], [-0.6068492037839209, 44.836961478509494], [-0.6068685253198799, 44.83700591361368], [-0.606031669655455, 44.83669695437565], [-0.6052739766527983, 44.83649627175426], [-0.6031071484730175, 44.836226914860404], [-0.6025993491646605, 44.83622899182906], [-0.6012403467097438, 44.83650746071541], [-0.6005166973355412, 44.8365805270981], [-0.5990196079963069, 44.836602084149845], [-0.5985466249144827, 44.83141623279868], [-0.5997364317717602, 44.83110813711659], [-0.6023726991512233, 44.830505199160825], [-0.6025535468338895, 44.83048129855715], [-0.6028893574562068, 44.83052356283471], [-0.6024364985496854, 44.831637820535924], [-0.6022051352755878, 44.832453772342475], [-0.6064390347869005, 44.8330804329363], [-0.6091715437518115, 44.83316637916028], [-0.610590349242596, 44.83356361819183], [-0.6103178801230148, 44.834191662420785]]]]}, "properties": {"cleabs": "IRIS____0000000330630905", "code_insee": "33063", "nom_commune": "Bordeaux", "iris": "0905", "code_iris": "330630905", "nom_iris": "Saint-Augustin 5", "type_iris": "H"}}, {"type": "Feature", "geometry": {"type": "MultiPolygon", "coordinates": [[[[-0.5990196079963069, 44.836602084149845], [-0.5993368356633366, 44.84022659716049], [-0.5922620047178632, 44.84076060245534], [-0.5851071091418593, 44.84133188973029], [-0.5861910777702843, 44.84007653882927], [-0.5874337636438994, 44.839323452123224], [-0.5885813335392405, 44.83892582148698], [-0.588728653473716, 44.838773247657805], [-0.589208607782307, 44.83875140705667], [-0.5906981414053578, 44.83827419027627], [-0.5919993195935839, 44.83798150354696], [-0.5951085283746967, 44.83702365421473], [-0.5978342787698794, 44.8366261249373], [-0.5982951888503812, 44.836584133072314], [-0.5990196079963069, 44.836602084149845]]]]}, "properties": {"cleabs": "IRIS____0000000330631001", "code_insee": "33063", "nom_commune": "Bordeaux", "iris": "1001", "code_iris": "330631001", "nom_iris": "Saint-Bruno-Saint-Victor 1", "type_iris": "H"}}, {"type": "Feature", "geometry": {"type": "MultiPolygon", "coordinates": [[[[-0.6269654025781399, 44.83893984433639], [-0.6266179585337195, 44.83887549896479], [-0.6258902927521025, 44.83878843431876], [-0.6259706451079022, 44.838247742702805], [-0.6261647158657704, 44.83772225972589], [-0.6262171624776499, 44.836886860495746], [-0.6262451174591813, 44.83684899391983], [-0.6263336853463607, 44.83688665545106], [-0.6269415944017435, 44.83690462930828], [-0.626862312188801, 44.83675580705744], [-0.6269853317687755, 44.83660126986723], [-0.6271970514707981, 44.835153197805546], [-0.627595309697039, 44.83504373377806], [-0.6299785240000217, 44.83485759495982], [-0.6299454452101825, 44.83413044228177], [-0.6304528625501105, 44.83351538056575], [-0.6311352531326746, 44.832805360040894], [-0.6316393399518998, 44.832511257715275], [-0.6325146934583363, 44.83167143266476], [-0.6334631583616442, 44.83104190707213], [-0.6334196633767378, 44.830898225820654], [-0.6334336099448231, 44.83060485211077], [-0.6333811430208051, 44.83051824563705], [-0.6337845366539828, 44.83035180903788], [-0.6372413832572417, 44.82951744549001], [-0.6380299108818531, 44.829489774736395], [-0.6395695658701479, 44.829619506104194], [-0.6404297684757682, 44.83251413875243], [-0.6405848740168916, 44.83279655706568], [-0.6410835368291302, 44.83597434691868], [-0.6416427861657278, 44.836120919334725], [-0.6414455382963942, 44.83694666733368], [-0.6414579250344782, 44.83703999458734], [-0.6416629481769497, 44.837291030780925], [-0.6417007907642838, 44.837444809743594], [-0.6416267960080166, 44.83757341994223], [-0.641040181933097, 44.838020793039234], [-0.6404547395245372, 44.83868172964519], [-0.6402684796340616, 44.83924754363822], [-0.6403101117433019, 44.84012403208997], [-0.6401818726450254, 44.84019764052199], [-0.6402266956564587, 44.84032234971339], [-0.6401738918069005, 44.84044575683891], [-0.6398419839895897, 44.84030883902298], [-0.6394247051243394, 44.84012515097033], [-0.6384025431409284, 44.83981439740124], [-0.6375355557750344, 44.83959137790902], [-0.6364710475191219, 44.839389249257295], [-0.6319136753258934, 44.839297946420025], [-0.6294051607433674, 44.83937105496548], [-0.6290569421287965, 44.83935360907839], [-0.6281919609352316, 44.839219679343906], [-0.6269654025781399, 44.83893984433639]]]]}, "properties": {"cleabs": "IRIS____0000000332811002", "code_insee": "33281", "nom_commune": "Mérignac", "iris": "1002", "code_iris": "332811002", "nom_iris": "Labatut 1", "type_iris": "H"}}, {"type": "Feature", "geometry": {"type": "MultiPolygon", "coordinates": [[[[-0.6271970514707981, 44.835153197805546], [-0.6266505404085938, 44.835320684316315], [-0.6265082348317552, 44.83347050449802], [-0.6267823658657597, 44.83204743200277], [-0.6264808602329129, 44.831889654815], [-0.6264302442655413, 44.83083140633677], [-0.6267115633488473, 44.829029562950915], [-0.6277008380472548, 44.82895303936748], [-0.6283260074784854, 44.829043441705146], [-0.6293634027671027, 44.829319531513924], [-0.6304568441351432, 44.82969832552289], [-0.6327390721215798, 44.830304047760315], [-0.6333146900945047, 44.830469951261556], [-0.6333811430208051, 44.83051824563705], [-0.6334336099448231, 44.83060485211077], [-0.6334196633767378, 44.830898225820654], [-0.6334631583616442, 44.83104190707213], [-0.6325146934583363, 44.83167143266476], [-0.6316393399518998, 44.832511257715275], [-0.6311352531326746, 44.832805360040894], [-0.6304528625501105, 44.83351538056575], [-0.6299454452101825, 44.83413044228177], [-0.6299785240000217, 44.83485759495982], [-0.627595309697039, 44.83504373377806], [-0.6271970514707981, 44.835153197805546]]]]}, "properties": {"cleabs": "IRIS____0000000332811003", "code_insee": "33281", "nom_commune": "Mérignac", "iris": "1003", "code_iris": "332811003", "nom_iris": "Labatut 2", "type_iris": "H"}}, {"type": "Feature", "geometry": {"type": "MultiPolygon", "coordinates": [[[[-0.5949651444895588, 44.828988136930896], [-0.5983555048330742, 44.831240379443976], [-0.5985466249144827, 44.83141623279868], [-0.5990196079963069, 44.836602084149845], [-0.5982951888503812, 44.836584133072314], [-0.5978342787698794, 44.8366261249373], [-0.5951085283746967, 44.83702365421473], [-0.5919993195935839, 44.83798150354696], [-0.5906981414053578, 44.83827419027627], [-0.5905713235329616, 44.83817284850493], [-0.5901667795366028, 44.83757128467501], [-0.5897875339404657, 44.83712752286672], [-0.5897690255997059, 44.836996537818706], [-0.5891866554439793, 44.836050136773615], [-0.5888520614733325, 44.83535347579228], [-0.5886233079471958, 44.83466780942828], [-0.5886120402460501, 44.83447169938323], [-0.5877109962868975, 44.83214496230373], [-0.5949651444895588, 44.828988136930896]]]]}, "properties": {"cleabs": "IRIS____0000000330631003", "code_insee": "33063", "nom_commune": "Bordeaux", "iris": "1003", "code_iris": "330631003", "nom_iris": "Saint-Bruno-Saint-Victor 3", "type_iris": "H"}}, {"type": "Feature", "geometry": {"type": "MultiPolygon", "coordinates": [[[[-0.5835209175146437, 44.82862765491675], [-0.585915106554917, 44.82750569843773], [-0.5873398442674544, 44.83117279547791], [-0.5804883615439554, 44.83495419065283], [-0.580029633799472, 44.83356033821776], [-0.5796057657834923, 44.83245466271852], [-0.5795254557801428, 44.83238695723376], [-0.5779061574291398, 44.83201923091056], [-0.5780824695720289, 44.831327688070076], [-0.5784231578299774, 44.830930056798515], [-0.5795039687379485, 44.83059956225508], [-0.5806150585765808, 44.83012838464968], [-0.5823393833425557, 44.82920478330137], [-0.5835209175146437, 44.82862765491675]]]]}, "properties": {"cleabs": "IRIS____0000000330631004", "code_insee": "33063", "nom_commune": "Bordeaux", "iris": "1004", "code_iris": "330631004", "nom_iris": "Saint-Bruno-Saint-Victor 4", "type_iris": "H"}}, {"type": "Feature", "geometry": {"type": "MultiPolygon", "coordinates": [[[[-0.580987719491269, 44.8364882278892], [-0.5804883615439554, 44.83495419065283], [-0.5873398442674544, 44.83117279547791], [-0.5877109962868975, 44.83214496230373], [-0.5886120402460501, 44.83447169938323], [-0.5886233079471958, 44.83466780942828], [-0.5888520614733325, 44.83535347579228], [-0.5872209644972688, 44.836290384683025], [-0.5826129836760172, 44.836669161571805], [-0.5810923130805493, 44.836837241852855], [-0.580987719491269, 44.8364882278892]]]]}, "properties": {"cleabs": "IRIS____0000000330631005", "code_insee": "33063", "nom_commune": "Bordeaux", "iris": "1005", "code_iris": "330631005", "nom_iris": "Saint-Bruno-Saint-Victor 5", "type_iris": "H"}}, {"type": "Feature", "geometry": {"type": "MultiPolygon", "coordinates": [[[[-0.5877109962868975, 44.83214496230373], [-0.5873398442674544, 44.83117279547791], [-0.585915106554917, 44.82750569843773], [-0.5866926014185814, 44.82710743141925], [-0.5882940215048381, 44.825928145734444], [-0.5890400510842453, 44.82543444495911], [-0.589225826572284, 44.82536894841636], [-0.5896502409808102, 44.82553005296229], [-0.5949651444895588, 44.828988136930896], [-0.5877109962868975, 44.83214496230373]]]]}, "properties": {"cleabs": "IRIS____0000000330631006", "code_insee": "33063", "nom_commune": "Bordeaux", "iris": "1006", "code_iris": "330631006", "nom_iris": "Saint-Bruno-Saint-Victor 6", "type_iris": "H"}}, {"type": "Feature", "geometry": {"type": "MultiPolygon", "coordinates": [[[[-0.5673733017356907, 44.83147714933685], [-0.5664860375177139, 44.83365967161246], [-0.5667399015117821, 44.8337281129613], [-0.5666629061185758, 44.834230782212884], [-0.5665661772439663, 44.834323116769646], [-0.5665944141606644, 44.834408728489564], [-0.5665381050227071, 44.83473859391788], [-0.5664539010546289, 44.8348287230509], [-0.566349493970211, 44.83486001942267], [-0.5658197272590442, 44.834635520347376], [-0.5649922271306197, 44.834728817224175], [-0.5648399500837515, 44.83478418219812], [-0.5643072691893498, 44.83511223449203], [-0.5635585546688835, 44.834451348116644], [-0.5617778559855934, 44.8331756119945], [-0.5635644046237939, 44.8318294338643], [-0.5636356837753076, 44.83187490930335], [-0.5672328733069277, 44.831359998363126], [-0.5673733017356907, 44.83147714933685]]]]}, "properties": {"cleabs": "IRIS____0000000330631101", "code_insee": "33063", "nom_commune": "Bordeaux", "iris": "1101", "code_iris": "330631101", "nom_iris": "Capucins-Victoire 1", "type_iris": "H"}}, {"type": "Feature", "geometry": {"type": "MultiPolygon", "coordinates": [[[[-0.6258902927521025, 44.83878843431876], [-0.6222514972604003, 44.838561251270654], [-0.6210334449100066, 44.83858931145372], [-0.6191196416732871, 44.83865178163449], [-0.6156533001030993, 44.83850527798205], [-0.6138051784123318, 44.83834830796085], [-0.6122778251174467, 44.838372831217605], [-0.6112938711833784, 44.83829852561768], [-0.6096745566317827, 44.83811420860946], [-0.6089614705649127, 44.837898579061246], [-0.6068685253198799, 44.83700591361368], [-0.6068492037839209, 44.836961478509494], [-0.6085759968225448, 44.83674938393681], [-0.6088426118006567, 44.83664066710481], [-0.609403281843668, 44.835943763313836], [-0.6103178801230148, 44.834191662420785], [-0.6106296453209537, 44.83423378579334], [-0.6112191295926404, 44.83331602347684], [-0.6126261634339979, 44.83256539986434], [-0.6198385187771881, 44.83398584350809], [-0.6231315054590544, 44.834433490609854], [-0.6238922510690939, 44.834504168504985], [-0.6253022748265543, 44.83488078166275], [-0.6264714301566806, 44.83537160563728], [-0.6266505404085938, 44.835320684316315], [-0.6271970514707981, 44.835153197805546], [-0.6269853317687755, 44.83660126986723], [-0.626862312188801, 44.83675580705744], [-0.6269415944017435, 44.83690462930828], [-0.6263336853463607, 44.83688665545106], [-0.6262451174591813, 44.83684899391983], [-0.6262171624776499, 44.836886860495746], [-0.6261647158657704, 44.83772225972589], [-0.6259706451079022, 44.838247742702805], [-0.6258902927521025, 44.83878843431876]]]]}, "properties": {"cleabs": "IRIS____0000000332811101", "code_insee": "33281", "nom_commune": "Mérignac", "iris": "1101", "code_iris": "332811101", "nom_iris": "La Glacière", "type_iris": "H"}}, {"type": "Feature", "geometry": {"type": "MultiPolygon", "coordinates": [[[[-0.5733585397315657, 44.8348939545845], [-0.5727853114150364, 44.83141917358052], [-0.5726351882757917, 44.83142851654214], [-0.5725599467039602, 44.83112181164229], [-0.5732413036972281, 44.830942139294095], [-0.5734591345052472, 44.83104146746672], [-0.5772563401448685, 44.831878870920846], [-0.577255269037797, 44.83243858380355], [-0.5772931845957814, 44.83245718826492], [-0.576854505510988, 44.832947200519364], [-0.5759528410509783, 44.833824358992636], [-0.5752113229132615, 44.835028909032445], [-0.574974770522756, 44.83507348632428], [-0.5744603342832635, 44.8349909310315], [-0.5733585397315657, 44.8348939545845]]]]}, "properties": {"cleabs": "IRIS____0000000330631102", "code_insee": "33063", "nom_commune": "Bordeaux", "iris": "1102", "code_iris": "330631102", "nom_iris": "Capucins-Victoire 2", "type_iris": "H"}}, {"type": "Feature", "geometry": {"type": "MultiPolygon", "coordinates": [[[[-0.5674276420688575, 44.8313357077451], [-0.5676126257347222, 44.83085840382127], [-0.5681475734136394, 44.83096556415452], [-0.5682311140562153, 44.83094485104196], [-0.5682982560043021, 44.83082552823735], [-0.5698150018782189, 44.83087674947225], [-0.5719867434009239, 44.83095101453162], [-0.5720059937209662, 44.83115407700796], [-0.5725599467039602, 44.83112181164229], [-0.5726351882757917, 44.83142851654214], [-0.5727853114150364, 44.83141917358052], [-0.5733585397315657, 44.8348939545845], [-0.5708007236986796, 44.83500518339763], [-0.5703176710993276, 44.835097342460934], [-0.5695582785572906, 44.835305643245555], [-0.5695035114350736, 44.83478287844098], [-0.569658291424542, 44.83309346020978], [-0.5695628065352322, 44.83308571880943], [-0.5674276420688575, 44.8313357077451]]]]}, "properties": {"cleabs": "IRIS____0000000330631103", "code_insee": "33063", "nom_commune": "Bordeaux", "iris": "1103", "code_iris": "330631103", "nom_iris": "Capucins-Victoire 3", "type_iris": "H"}}, {"type": "Feature", "geometry": {"type": "MultiPolygon", "coordinates": [[[[-0.5673733017356907, 44.83147714933685], [-0.5674276420688575, 44.8313357077451], [-0.5695628065352322, 44.83308571880943], [-0.569658291424542, 44.83309346020978], [-0.5695035114350736, 44.83478287844098], [-0.5695582785572906, 44.835305643245555], [-0.5691897154141532, 44.83544548332179], [-0.5671015366821883, 44.835971405817055], [-0.5664618270655716, 44.836269564943834], [-0.5654282034711339, 44.836827327190434], [-0.562936218383753, 44.83835662121096], [-0.5617481089034474, 44.83727904035757], [-0.560295390873927, 44.836222561240625], [-0.5589610873349945, 44.835394786296575], [-0.5617778559855934, 44.8331756119945], [-0.5635585546688835, 44.834451348116644], [-0.5643072691893498, 44.83511223449203], [-0.5648399500837515, 44.83478418219812], [-0.5649922271306197, 44.834728817224175], [-0.5658197272590442, 44.834635520347376], [-0.566349493970211, 44.83486001942267], [-0.5664539010546289, 44.8348287230509], [-0.5665381050227071, 44.83473859391788], [-0.5665944141606644, 44.834408728489564], [-0.5665661772439663, 44.834323116769646], [-0.5666629061185758, 44.834230782212884], [-0.5667399015117821, 44.8337281129613], [-0.5664860375177139, 44.83365967161246], [-0.5673733017356907, 44.83147714933685]]]]}, "properties": {"cleabs": "IRIS____0000000330631104", "code_insee": "33063", "nom_commune": "Bordeaux", "iris": "1104", "code_iris": "330631104", "nom_iris": "Capucins-Victoire 4", "type_iris": "H"}}, {"type": "Feature", "geometry": {"type": "MultiPolygon", "coordinates": [[[[-0.5698851718594085, 44.83022739368058], [-0.5698150018782189, 44.83087674947225], [-0.5682982560043021, 44.83082552823735], [-0.5682311140562153, 44.83094485104196], [-0.5681475734136394, 44.83096556415452], [-0.5676126257347222, 44.83085840382127], [-0.5674276420688575, 44.8313357077451], [-0.5673733017356907, 44.83147714933685], [-0.5672328733069277, 44.831359998363126], [-0.5636356837753076, 44.83187490930335], [-0.5635644046237939, 44.8318294338643], [-0.5617778559855934, 44.8331756119945], [-0.5589610873349945, 44.835394786296575], [-0.5578371965863964, 44.83472877912985], [-0.5581693681042577, 44.834454057311056], [-0.5592627996780648, 44.83384036979797], [-0.5600396194593694, 44.83314761222552], [-0.5599614132757808, 44.833052788414186], [-0.56059536781382, 44.83252413309846], [-0.558889631988223, 44.83152984030394], [-0.5587536323812637, 44.83132241266887], [-0.5588159966846789, 44.83114737247435], [-0.559575082068292, 44.82999555264251], [-0.5596265802319949, 44.829828971940145], [-0.5597795047229748, 44.82972402476081], [-0.5607662820951121, 44.828189067583324], [-0.5698851718594085, 44.83022739368058]]]]}, "properties": {"cleabs": "IRIS____0000000330631105", "code_insee": "33063", "nom_commune": "Bordeaux", "iris": "1105", "code_iris": "330631105", "nom_iris": "Capucins-Victoire 5", "type_iris": "H"}}, {"type": "Feature", "geometry": {"type": "MultiPolygon", "coordinates": [[[[-0.5698150018782189, 44.83087674947225], [-0.5698851718594085, 44.83022739368058], [-0.5702334697486205, 44.826980697529315], [-0.5724638225079296, 44.827082802349445], [-0.5756432015303932, 44.827231770865694], [-0.5756390649170895, 44.82752481086481], [-0.5744121331952118, 44.828424161926975], [-0.5739488169482929, 44.828905042668595], [-0.5727371229981795, 44.830442869196084], [-0.5724902426545068, 44.830503996946696], [-0.5722853840060339, 44.8306881429594], [-0.5720882061659418, 44.830714322342786], [-0.572003439782244, 44.83081528916819], [-0.5719867434009239, 44.83095101453162], [-0.5698150018782189, 44.83087674947225]]]]}, "properties": {"cleabs": "IRIS____0000000330631106", "code_insee": "33063", "nom_commune": "Bordeaux", "iris": "1106", "code_iris": "330631106", "nom_iris": "Capucins-Victoire 6", "type_iris": "H"}}, {"type": "Feature", "geometry": {"type": "MultiPolygon", "coordinates": [[[[-0.5756390649170895, 44.82752481086481], [-0.5757821899165358, 44.82740573653124], [-0.5763827773995579, 44.82816594962116], [-0.576471322856047, 44.82838299914208], [-0.5766211440331874, 44.82904509319485], [-0.5768660177499172, 44.83086132958435], [-0.5769550083421366, 44.83086657033316], [-0.5771596263871573, 44.830996960243084], [-0.5772563401448685, 44.831878870920846], [-0.5734591345052472, 44.83104146746672], [-0.5732413036972281, 44.830942139294095], [-0.5725599467039602, 44.83112181164229], [-0.5720059937209662, 44.83115407700796], [-0.5719867434009239, 44.83095101453162], [-0.572003439782244, 44.83081528916819], [-0.5720882061659418, 44.830714322342786], [-0.5722853840060339, 44.8306881429594], [-0.5724902426545068, 44.830503996946696], [-0.5727371229981795, 44.830442869196084], [-0.5739488169482929, 44.828905042668595], [-0.5744121331952118, 44.828424161926975], [-0.5756390649170895, 44.82752481086481]]]]}, "properties": {"cleabs": "IRIS____0000000330631107", "code_insee": "33063", "nom_commune": "Bordeaux", "iris": "1107", "code_iris": "330631107", "nom_iris": "Capucins-Victoire 7", "type_iris": "H"}}, {"type": "Feature", "geometry": {"type": "MultiPolygon", "coordinates": [[[[-0.5607662820951121, 44.828189067583324], [-0.5622607799246337, 44.825854609608115], [-0.56282384119766, 44.82536787183196], [-0.5649309275445393, 44.82672140963035], [-0.5683103470965918, 44.82689029149837], [-0.5702334697486205, 44.826980697529315], [-0.5698851718594085, 44.83022739368058], [-0.5607662820951121, 44.828189067583324]]]]}, "properties": {"cleabs": "IRIS____0000000330631108", "code_insee": "33063", "nom_commune": "Bordeaux", "iris": "1108", "code_iris": "330631108", "nom_iris": "Capucins-Victoire 8", "type_iris": "H"}}, {"type": "Feature", "geometry": {"type": "MultiPolygon", "coordinates": [[[[-0.6126261634339979, 44.83256539986434], [-0.6130645046976293, 44.83227172434558], [-0.6136296135097352, 44.831566541000456], [-0.6138751474113024, 44.82987135821961], [-0.6137920441067792, 44.82909176288719], [-0.6135230648745675, 44.82896623932843], [-0.6128672632142317, 44.8278087466512], [-0.6128466183995052, 44.82776345451996], [-0.6126132634928808, 44.82663635836817], [-0.6135824395839025, 44.826503834763386], [-0.6156601800735375, 44.82686961301301], [-0.6166409486309116, 44.826936767004376], [-0.6169251747727929, 44.82700410403973], [-0.6181220078787116, 44.827692384239455], [-0.6182009310884369, 44.827777232423074], [-0.6183419226133847, 44.8278032749145], [-0.6194122090902822, 44.82835507313035], [-0.6200420902979245, 44.82857785502605], [-0.6231708225758812, 44.828702787611796], [-0.6244031095199764, 44.828977060786485], [-0.6251040605223499, 44.8290839308818], [-0.6255302964729339, 44.82911415783776], [-0.6262452164419504, 44.82906464302752], [-0.6267115633488473, 44.829029562950915], [-0.6264302442655413, 44.83083140633677], [-0.6264808602329129, 44.831889654815], [-0.6267823658657597, 44.83204743200277], [-0.6265082348317552, 44.83347050449802], [-0.6266505404085938, 44.835320684316315], [-0.6264714301566806, 44.83537160563728], [-0.6253022748265543, 44.83488078166275], [-0.6238922510690939, 44.834504168504985], [-0.6231315054590544, 44.834433490609854], [-0.6198385187771881, 44.83398584350809], [-0.6126261634339979, 44.83256539986434]]]]}, "properties": {"cleabs": "IRIS____0000000332811201", "code_insee": "33281", "nom_commune": "Mérignac", "iris": "1201", "code_iris": "332811201", "nom_iris": "Bourdillot", "type_iris": "H"}}, {"type": "Feature", "geometry": {"type": "MultiPolygon", "coordinates": [[[[-0.5779061574291398, 44.83201923091056], [-0.5772563401448685, 44.831878870920846], [-0.5771596263871573, 44.830996960243084], [-0.5769550083421366, 44.83086657033316], [-0.5768660177499172, 44.83086132958435], [-0.5766211440331874, 44.82904509319485], [-0.576471322856047, 44.82838299914208], [-0.5763827773995579, 44.82816594962116], [-0.5757821899165358, 44.82740573653124], [-0.5760298278714446, 44.82719767257522], [-0.5776479808678737, 44.82554214728467], [-0.5807617982554131, 44.82623293282948], [-0.5806827360829843, 44.82638329158265], [-0.5818384724288743, 44.82669294603101], [-0.5821062798997166, 44.82680145767583], [-0.5827872183181051, 44.82731119763798], [-0.5823921331764363, 44.827570005268406], [-0.5823982167927092, 44.82764551411102], [-0.5835209175146437, 44.82862765491675], [-0.5823393833425557, 44.82920478330137], [-0.5806150585765808, 44.83012838464968], [-0.5795039687379485, 44.83059956225508], [-0.5784231578299774, 44.830930056798515], [-0.5780824695720289, 44.831327688070076], [-0.5779061574291398, 44.83201923091056]]]]}, "properties": {"cleabs": "IRIS____0000000330631201", "code_insee": "33063", "nom_commune": "Bordeaux", "iris": "1201", "code_iris": "330631201", "nom_iris": "Nansouty 1", "type_iris": "H"}}, {"type": "Feature", "geometry": {"type": "MultiPolygon", "coordinates": [[[[-0.5828623110896014, 44.82134247027726], [-0.5861111632295927, 44.823377013178494], [-0.5891216179891374, 44.82530382611799], [-0.589225826572284, 44.82536894841636], [-0.5890400510842453, 44.82543444495911], [-0.5882940215048381, 44.825928145734444], [-0.5866926014185814, 44.82710743141925], [-0.585915106554917, 44.82750569843773], [-0.5835209175146437, 44.82862765491675], [-0.5823982167927092, 44.82764551411102], [-0.5823921331764363, 44.827570005268406], [-0.5827872183181051, 44.82731119763798], [-0.5821062798997166, 44.82680145767583], [-0.5818384724288743, 44.82669294603101], [-0.5806827360829843, 44.82638329158265], [-0.5807617982554131, 44.82623293282948], [-0.5776479808678737, 44.82554214728467], [-0.5783048575515953, 44.82486033285123], [-0.5801787439439874, 44.823066733588824], [-0.5824215886848813, 44.821778497965816], [-0.5826258049840735, 44.82162499501947], [-0.5828623110896014, 44.82134247027726]]]]}, "properties": {"cleabs": "IRIS____0000000330631202", "code_insee": "33063", "nom_commune": "Bordeaux", "iris": "1202", "code_iris": "330631202", "nom_iris": "Nansouty 2", "type_iris": "H"}}, {"type": "Feature", "geometry": {"type": "MultiPolygon", "coordinates": [[[[-0.5735310050606001, 44.81270775981086], [-0.5739042063180411, 44.81268311114349], [-0.5741006147636203, 44.812984103704736], [-0.5747294427997921, 44.81514574584248], [-0.5755970267847671, 44.816442600585646], [-0.5757243557586076, 44.81677195552841], [-0.5785380253774025, 44.8185629776618], [-0.5827672501911477, 44.82128155322846], [-0.5828623110896014, 44.82134247027726], [-0.5826258049840735, 44.82162499501947], [-0.5824215886848813, 44.821778497965816], [-0.5801787439439874, 44.823066733588824], [-0.5781216267922044, 44.821368490465694], [-0.5777848603848451, 44.82057454183672], [-0.576376197756133, 44.81835875665575], [-0.5752616199157259, 44.818592980516826], [-0.5752875106691143, 44.81866154169378], [-0.5737480597882177, 44.81884546218865], [-0.5723067795183632, 44.81896040681642], [-0.5722197974057581, 44.81703544317655], [-0.5722818892690938, 44.81657831310989], [-0.5726631799404908, 44.814630149743415], [-0.5735310050606001, 44.81270775981086]]]]}, "properties": {"cleabs": "IRIS____0000000330631203", "code_insee": "33063", "nom_commune": "Bordeaux", "iris": "1203", "code_iris": "330631203", "nom_iris": "Nansouty 3", "type_iris": "H"}}, {"type": "Feature", "geometry": {"type": "MultiPolygon", "coordinates": [[[[-0.5724638225079296, 44.827082802349445], [-0.5726153305605083, 44.824487731101804], [-0.5725461226043279, 44.82330031308953], [-0.5752684883543328, 44.82321616623093], [-0.5753574867610213, 44.82312227013419], [-0.5756178931748178, 44.823035463808424], [-0.5758224151161473, 44.82290629795717], [-0.5768505139764892, 44.82167086802073], [-0.5771899594989485, 44.8215328403219], [-0.5781216267922044, 44.821368490465694], [-0.5801787439439874, 44.823066733588824], [-0.5783048575515953, 44.82486033285123], [-0.5776479808678737, 44.82554214728467], [-0.5760298278714446, 44.82719767257522], [-0.5757821899165358, 44.82740573653124], [-0.5756390649170895, 44.82752481086481], [-0.5756432015303932, 44.827231770865694], [-0.5724638225079296, 44.827082802349445]]]]}, "properties": {"cleabs": "IRIS____0000000330631204", "code_insee": "33063", "nom_commune": "Bordeaux", "iris": "1204", "code_iris": "330631204", "nom_iris": "Nansouty 4", "type_iris": "H"}}, {"type": "Feature", "geometry": {"type": "MultiPolygon", "coordinates": [[[[-0.5722233436751627, 44.819539893240545], [-0.5723155069118921, 44.819197153538774], [-0.5723067795183632, 44.81896040681642], [-0.5737480597882177, 44.81884546218865], [-0.5752875106691143, 44.81866154169378], [-0.5752616199157259, 44.818592980516826], [-0.576376197756133, 44.81835875665575], [-0.5777848603848451, 44.82057454183672], [-0.5781216267922044, 44.821368490465694], [-0.5771899594989485, 44.8215328403219], [-0.5768505139764892, 44.82167086802073], [-0.5758224151161473, 44.82290629795717], [-0.5756178931748178, 44.823035463808424], [-0.5753574867610213, 44.82312227013419], [-0.5752684883543328, 44.82321616623093], [-0.5725461226043279, 44.82330031308953], [-0.5723705674500154, 44.819963241894655], [-0.5722233436751627, 44.819539893240545]]]]}, "properties": {"cleabs": "IRIS____0000000330631205", "code_insee": "33063", "nom_commune": "Bordeaux", "iris": "1205", "code_iris": "330631205", "nom_iris": "Nansouty 5", "type_iris": "H"}}, {"type": "Feature", "geometry": {"type": "MultiPolygon", "coordinates": [[[[-0.5658083393403549, 44.8227890024417], [-0.5658242232926483, 44.82178270273252], [-0.5658159637235917, 44.82051581908226], [-0.5661889208015203, 44.81911050020678], [-0.5661761499873833, 44.817593216927754], [-0.565905820820099, 44.81658621143328], [-0.5673973393889833, 44.81638591627292], [-0.5689844944484505, 44.81631590608853], [-0.5699151764834015, 44.816356237709236], [-0.5722818892690938, 44.81657831310989], [-0.5722197974057581, 44.81703544317655], [-0.5723067795183632, 44.81896040681642], [-0.5723155069118921, 44.819197153538774], [-0.5722233436751627, 44.819539893240545], [-0.5718526107955489, 44.82048012218493], [-0.5675321420510037, 44.82277410618167], [-0.5674366450888442, 44.82268615309356], [-0.5673477323111805, 44.82266197651376], [-0.5658083393403549, 44.8227890024417]]]]}, "properties": {"cleabs": "IRIS____0000000330631206", "code_insee": "33063", "nom_commune": "Bordeaux", "iris": "1206", "code_iris": "330631206", "nom_iris": "Nansouty 6", "type_iris": "H"}}, {"type": "Feature", "geometry": {"type": "MultiPolygon", "coordinates": [[[[-0.56282384119766, 44.82536787183196], [-0.5638492398719207, 44.82466349156119], [-0.5658254714996623, 44.82367707881813], [-0.5658083393403549, 44.8227890024417], [-0.5673477323111805, 44.82266197651376], [-0.5674366450888442, 44.82268615309356], [-0.5675321420510037, 44.82277410618167], [-0.5718526107955489, 44.82048012218493], [-0.5703418836949197, 44.82418423972567], [-0.5700004454923209, 44.82415197396722], [-0.5683305464317485, 44.824677080462486], [-0.5683103470965918, 44.82689029149837], [-0.5649309275445393, 44.82672140963035], [-0.56282384119766, 44.82536787183196]]]]}, "properties": {"cleabs": "IRIS____0000000330631207", "code_insee": "33063", "nom_commune": "Bordeaux", "iris": "1207", "code_iris": "330631207", "nom_iris": "Nansouty 7", "type_iris": "H"}}, {"type": "Feature", "geometry": {"type": "MultiPolygon", "coordinates": [[[[-0.5645693290607221, 44.81310443579414], [-0.5649115808853565, 44.81293120671774], [-0.5650623261463139, 44.81267311011907], [-0.565347235925328, 44.812553995683395], [-0.5660029610071816, 44.8126518679634], [-0.5664878694231865, 44.81247224221642], [-0.5666157564749084, 44.81251228852402], [-0.5672111452304851, 44.81237777195669], [-0.5673660327754293, 44.81256385105219], [-0.571284672729325, 44.81117052803684], [-0.5730001508010243, 44.81109001266931], [-0.573573562961278, 44.81098861421999], [-0.5739148721113443, 44.810741484461005], [-0.5738538990359774, 44.81141487800079], [-0.5735310050606001, 44.81270775981086], [-0.5726631799404908, 44.814630149743415], [-0.5722818892690938, 44.81657831310989], [-0.5699151764834015, 44.816356237709236], [-0.5689844944484505, 44.81631590608853], [-0.5673973393889833, 44.81638591627292], [-0.565905820820099, 44.81658621143328], [-0.5649752664741506, 44.81443333072179], [-0.5645693290607221, 44.81310443579414]]]]}, "properties": {"cleabs": "IRIS____0000000330631208", "code_insee": "33063", "nom_commune": "Bordeaux", "iris": "1208", "code_iris": "330631208", "nom_iris": "Nansouty 8", "type_iris": "H"}}, {"type": "Feature", "geometry": {"type": "MultiPolygon", "coordinates": [[[[-0.5702334697486205, 44.826980697529315], [-0.5683103470965918, 44.82689029149837], [-0.5683305464317485, 44.824677080462486], [-0.5700004454923209, 44.82415197396722], [-0.5703418836949197, 44.82418423972567], [-0.5718526107955489, 44.82048012218493], [-0.5722233436751627, 44.819539893240545], [-0.5723705674500154, 44.819963241894655], [-0.5725461226043279, 44.82330031308953], [-0.5726153305605083, 44.824487731101804], [-0.5724638225079296, 44.827082802349445], [-0.5702334697486205, 44.826980697529315]]]]}, "properties": {"cleabs": "IRIS____0000000330631209", "code_insee": "33063", "nom_commune": "Bordeaux", "iris": "1209", "code_iris": "330631209", "nom_iris": "Nansouty 9", "type_iris": "H"}}, {"type": "Feature", "geometry": {"type": "MultiPolygon", "coordinates": [[[[-0.537595974305219, 44.82281042869355], [-0.5484366786805362, 44.81699441964128], [-0.5497466779212188, 44.82025190434912], [-0.5491621812723326, 44.82066085164424], [-0.549303433517275, 44.820651823659645], [-0.5506135268884138, 44.821024444640635], [-0.5546573529176719, 44.822253936661745], [-0.5547180924510521, 44.8222132360452], [-0.5549416052544166, 44.82220336606854], [-0.5550590657880405, 44.82221852588914], [-0.5551371570455081, 44.822271898758295], [-0.5551053100416128, 44.82302905951843], [-0.5551783722017631, 44.823243014255794], [-0.5550109055857303, 44.8232781247627], [-0.5547075539346159, 44.82316708467712], [-0.5546547835201665, 44.82333370324584], [-0.554677499043091, 44.82379260695407], [-0.5545203599604002, 44.826751908006415], [-0.5544698857992922, 44.82911567696445], [-0.5540956853492459, 44.82986668857411], [-0.5536831713266428, 44.830492752924705], [-0.5523780653990155, 44.83190445508444], [-0.5485664149658096, 44.82986983026251], [-0.5438611681837184, 44.82743736336691], [-0.5423752671029157, 44.82644752259767], [-0.538513825343298, 44.82371121008392], [-0.537595974305219, 44.82281042869355]]]]}, "properties": {"cleabs": "IRIS____0000000330631301", "code_insee": "33063", "nom_commune": "Bordeaux", "iris": "1301", "code_iris": "330631301", "nom_iris": "Gare Saint-Jean 1", "type_iris": "H"}}, {"type": "Feature", "geometry": {"type": "MultiPolygon", "coordinates": [[[[-0.6349601088774646, 44.81431194452568], [-0.6351361555142188, 44.81405832028127], [-0.6352726553846436, 44.81403491725771], [-0.6353987321524949, 44.814046104456004], [-0.6354815282158303, 44.81415154258286], [-0.6355003512154149, 44.814266288912115], [-0.6353914085810648, 44.81434376646943], [-0.6354779069508423, 44.81454552000346], [-0.6367746654799261, 44.81448946632226], [-0.6370201824696834, 44.81440930915573], [-0.6374099807274906, 44.8144650169046], [-0.6374210074921729, 44.81440066425016], [-0.6383232356767075, 44.814333202542585], [-0.6383286356223272, 44.8143970161864], [-0.6386092552680975, 44.81433102508267], [-0.6391975794624457, 44.81442166905602], [-0.6404788209500245, 44.81430209030875], [-0.6415211194993874, 44.81399296536733], [-0.64210922912035, 44.813689740849675], [-0.6426992976228408, 44.81351443070055], [-0.643492573639804, 44.81346582827918], [-0.643559330555075, 44.813655607262454], [-0.643826032188079, 44.813863148746464], [-0.6441250771235485, 44.8139641763531], [-0.6458866134487236, 44.814007198741024], [-0.6489984879969428, 44.814214850359996], [-0.6486767033224355, 44.81454359583981], [-0.64852804619262, 44.81478913183387], [-0.6484681044605269, 44.81501642600326], [-0.6484321176702309, 44.8162947321108], [-0.6485644108290194, 44.81766844458721], [-0.6489247511712148, 44.81863448076288], [-0.6493854559721154, 44.81960532437172], [-0.6494565762302652, 44.82023208188109], [-0.6495990930841744, 44.82049597417128], [-0.6501561515952508, 44.82380609334556], [-0.6493154323710686, 44.824140206450004], [-0.6480346041912551, 44.824405875943775], [-0.6469566627623841, 44.82467567243253], [-0.6456302540909229, 44.824883327758286], [-0.6455239583148578, 44.82480660824059], [-0.6450228711200567, 44.824754584882086], [-0.6441929028169515, 44.82474761820259], [-0.6420087678452677, 44.82518440439365], [-0.6400430514071072, 44.825728439242084], [-0.6395382022411413, 44.82583333790687], [-0.638891771953874, 44.82590322438602], [-0.63757941652968, 44.82589851890375], [-0.636957058610895, 44.82456070235488], [-0.6369122936681224, 44.82422148608392], [-0.6367230620054831, 44.82382211625118], [-0.6364763139610184, 44.823531885231866], [-0.6356840311203127, 44.82185715090507], [-0.6351379579305835, 44.820953046833914], [-0.634962574843274, 44.82053249169487], [-0.634511952253322, 44.81863745399966], [-0.6341572348340438, 44.81703038573045], [-0.6340245656220282, 44.81629118010945], [-0.6340333848742337, 44.81605565740075], [-0.6343603725855166, 44.8153167051861], [-0.6349601088774646, 44.81431194452568]]]]}, "properties": {"cleabs": "IRIS____0000000332811301", "code_insee": "33281", "nom_commune": "Mérignac", "iris": "1301", "code_iris": "332811301", "nom_iris": "Le Burck", "type_iris": "H"}}, {"type": "Feature", "geometry": {"type": "MultiPolygon", "coordinates": [[[[-0.5594025145024316, 44.812608043895075], [-0.5595984564807296, 44.812643209255725], [-0.5595540246245381, 44.81248151182917], [-0.5644083323080282, 44.81328084833266], [-0.5643304633815858, 44.813111215030474], [-0.5645693290607221, 44.81310443579414], [-0.5649752664741506, 44.81443333072179], [-0.565905820820099, 44.81658621143328], [-0.5661761499873833, 44.817593216927754], [-0.5661889208015203, 44.81911050020678], [-0.5658159637235917, 44.82051581908226], [-0.5658242232926483, 44.82178270273252], [-0.5657327206605571, 44.82177753435799], [-0.5654697665064453, 44.82128580035484], [-0.5622013285452282, 44.82242188178802], [-0.5607355372856446, 44.8211333253733], [-0.5580390223899621, 44.82384250354584], [-0.5580586022557018, 44.82397165392786], [-0.557905891667043, 44.82401981389143], [-0.557393498418525, 44.824887026080134], [-0.5571279145404748, 44.82557237857321], [-0.5572007695560303, 44.82598280972523], [-0.5572393003004052, 44.82623121742219], [-0.5569116919080535, 44.82621739358734], [-0.5568512450191662, 44.82624276488533], [-0.5566068450017617, 44.82682289252116], [-0.5565880831732433, 44.826886581191054], [-0.5567086421032221, 44.82725042059455], [-0.5565952827090942, 44.8272801926608], [-0.5565116222786398, 44.82741896346742], [-0.5562107854646301, 44.82770799691933], [-0.5549396164711016, 44.82937369483473], [-0.5544698857992922, 44.82911567696445], [-0.5545203599604002, 44.826751908006415], [-0.554677499043091, 44.82379260695407], [-0.5546547835201665, 44.82333370324584], [-0.5547075539346159, 44.82316708467712], [-0.5550109055857303, 44.8232781247627], [-0.5551783722017631, 44.823243014255794], [-0.5551053100416128, 44.82302905951843], [-0.5551371570455081, 44.822271898758295], [-0.5550590657880405, 44.82221852588914], [-0.5549416052544166, 44.82220336606854], [-0.5547180924510521, 44.8222132360452], [-0.5546573529176719, 44.822253936661745], [-0.5506135268884138, 44.821024444640635], [-0.5501926205678258, 44.82081621910519], [-0.5509539613203704, 44.82024028106414], [-0.5508746638889174, 44.81992738812558], [-0.5508086356105018, 44.81988444102474], [-0.5523319910474828, 44.81876407170142], [-0.5529422990768937, 44.818343464577154], [-0.5530658773598612, 44.81829534358396], [-0.5574042252904271, 44.81512085088103], [-0.5591364444344715, 44.81398376531924], [-0.5593223070133688, 44.81338027678407], [-0.5594025145024316, 44.812608043895075]]]]}, "properties": {"cleabs": "IRIS____0000000330631302", "code_insee": "33063", "nom_commune": "Bordeaux", "iris": "1302", "code_iris": "330631302", "nom_iris": "Gare Saint-Jean 2", "type_iris": "H"}}, {"type": "Feature", "geometry": {"type": "MultiPolygon", "coordinates": [[[[-0.5484366786805362, 44.81699441964128], [-0.5554427820472091, 44.81323800448109], [-0.5566250858570367, 44.81261427466775], [-0.5576379345782012, 44.81233393397027], [-0.5586378852951961, 44.812329776538], [-0.5591473217309708, 44.812417063867926], [-0.5591595372273128, 44.81256988215322], [-0.5593909717481826, 44.81260571080183], [-0.5594025145024316, 44.812608043895075], [-0.5593223070133688, 44.81338027678407], [-0.5591364444344715, 44.81398376531924], [-0.5574042252904271, 44.81512085088103], [-0.5530658773598612, 44.81829534358396], [-0.5529422990768937, 44.818343464577154], [-0.5523319910474828, 44.81876407170142], [-0.5508086356105018, 44.81988444102474], [-0.5508746638889174, 44.81992738812558], [-0.5509539613203704, 44.82024028106414], [-0.5501926205678258, 44.82081621910519], [-0.5506135268884138, 44.821024444640635], [-0.549303433517275, 44.820651823659645], [-0.5491621812723326, 44.82066085164424], [-0.5497466779212188, 44.82025190434912], [-0.5484366786805362, 44.81699441964128]]]]}, "properties": {"cleabs": "IRIS____0000000330631303", "code_insee": "33063", "nom_commune": "Bordeaux", "iris": "1303", "code_iris": "330631303", "nom_iris": "Gare Saint-Jean 3", "type_iris": "H"}}, {"type": "Feature", "geometry": {"type": "MultiPolygon", "coordinates": [[[[-0.5523780653990155, 44.83190445508444], [-0.5536831713266428, 44.830492752924705], [-0.5540956853492459, 44.82986668857411], [-0.5544698857992922, 44.82911567696445], [-0.5549396164711016, 44.82937369483473], [-0.5562107854646301, 44.82770799691933], [-0.5565116222786398, 44.82741896346742], [-0.5565952827090942, 44.8272801926608], [-0.5567086421032221, 44.82725042059455], [-0.5565880831732433, 44.826886581191054], [-0.5566068450017617, 44.82682289252116], [-0.5568512450191662, 44.82624276488533], [-0.5569116919080535, 44.82621739358734], [-0.5572393003004052, 44.82623121742219], [-0.5572007695560303, 44.82598280972523], [-0.5581225320311872, 44.825900061318585], [-0.5590644953885994, 44.826435810129155], [-0.561064701304253, 44.82484668650261], [-0.56282384119766, 44.82536787183196], [-0.5622607799246337, 44.825854609608115], [-0.5607662820951121, 44.828189067583324], [-0.5597795047229748, 44.82972402476081], [-0.5596265802319949, 44.829828971940145], [-0.559575082068292, 44.82999555264251], [-0.5588159966846789, 44.83114737247435], [-0.5587536323812637, 44.83132241266887], [-0.558889631988223, 44.83152984030394], [-0.56059536781382, 44.83252413309846], [-0.5599614132757808, 44.833052788414186], [-0.5600396194593694, 44.83314761222552], [-0.5592627996780648, 44.83384036979797], [-0.5581693681042577, 44.834454057311056], [-0.5578371965863964, 44.83472877912985], [-0.5574905206310043, 44.83449476234788], [-0.5555560504683308, 44.83340861831059], [-0.5547577916680051, 44.83300341569956], [-0.5534452538615175, 44.8324569711291], [-0.553168377913489, 44.83228469347994], [-0.5523780653990155, 44.83190445508444]]]]}, "properties": {"cleabs": "IRIS____0000000330631304", "code_insee": "33063", "nom_commune": "Bordeaux", "iris": "1304", "code_iris": "330631304", "nom_iris": "Gare Saint-Jean 4", "type_iris": "H"}}, {"type": "Feature", "geometry": {"type": "MultiPolygon", "coordinates": [[[[-0.5658083393403549, 44.8227890024417], [-0.5658254714996623, 44.82367707881813], [-0.5638492398719207, 44.82466349156119], [-0.56282384119766, 44.82536787183196], [-0.561064701304253, 44.82484668650261], [-0.5590644953885994, 44.826435810129155], [-0.5581225320311872, 44.825900061318585], [-0.5572007695560303, 44.82598280972523], [-0.5571279145404748, 44.82557237857321], [-0.557393498418525, 44.824887026080134], [-0.557905891667043, 44.82401981389143], [-0.5580586022557018, 44.82397165392786], [-0.5580390223899621, 44.82384250354584], [-0.5607355372856446, 44.8211333253733], [-0.5622013285452282, 44.82242188178802], [-0.5654697665064453, 44.82128580035484], [-0.5657327206605571, 44.82177753435799], [-0.5658242232926483, 44.82178270273252], [-0.5658083393403549, 44.8227890024417]]]]}, "properties": {"cleabs": "IRIS____0000000330631305", "code_insee": "33063", "nom_commune": "Bordeaux", "iris": "1305", "code_iris": "330631305", "nom_iris": "Gare Saint-Jean 5", "type_iris": "H"}}, {"type": "Feature", "geometry": {"type": "MultiPolygon", "coordinates": [[[[-0.6724166314898763, 44.812988158251585], [-0.6730857985407264, 44.813075044196566], [-0.6752192836742511, 44.813093558422366], [-0.6792434148173461, 44.81280594412192], [-0.6798168879840389, 44.81270759388761], [-0.6828197061347135, 44.81144338723875], [-0.6854309618000527, 44.81067791760872], [-0.686901907523153, 44.810152211365725], [-0.6929580861886151, 44.80697809474996], [-0.7014523173635938, 44.802464903707616], [-0.7013943259834994, 44.80241095927106], [-0.7045017451867769, 44.800233219297816], [-0.7047051531175191, 44.800246248701825], [-0.7063656599085538, 44.80123805242381], [-0.708762938286342, 44.80077119102248], [-0.7132055567677704, 44.79978150278297], [-0.7215978097895275, 44.802042620624846], [-0.7232801296773244, 44.80205912238815], [-0.7235680532869896, 44.80178085532313], [-0.7294553985068329, 44.80159821758328], [-0.7284716367283762, 44.80386660268474], [-0.7288755193945764, 44.80405761565117], [-0.7288974763116903, 44.80429302408789], [-0.7279298361672082, 44.80585151879685], [-0.7266160356079637, 44.80967405494808], [-0.7261476855514494, 44.813512323265655], [-0.7260225255405315, 44.81355348476392], [-0.7256999230636292, 44.81357694660015], [-0.7218524397921926, 44.8129941489959], [-0.7207518718177044, 44.81295268102086], [-0.7190945064934625, 44.81318405768841], [-0.7149230260979755, 44.81388455731854], [-0.7144805826771853, 44.813895778690295], [-0.7139341192077239, 44.8138275619812], [-0.7137248632939058, 44.81384178324071], [-0.7134927615755889, 44.81391265126074], [-0.7133347415286921, 44.813878286740454], [-0.7125867042106107, 44.814227817284056], [-0.7115343877314165, 44.814533451619845], [-0.709623022721399, 44.815291445963226], [-0.7034048728128953, 44.81700815735168], [-0.7024922319126098, 44.81730182607169], [-0.7007231354892905, 44.81805040239398], [-0.6993138114316239, 44.818724753833216], [-0.6996098662310917, 44.81904745916891], [-0.6988735606362146, 44.819481224667435], [-0.6988860793896248, 44.81982510879077], [-0.6984741883164561, 44.81991636352305], [-0.6984531212144474, 44.82009642772253], [-0.6981507255043279, 44.82025433075772], [-0.6975523119126991, 44.8202824026023], [-0.697554591207226, 44.81983617662767], [-0.697370666601936, 44.819543074953884], [-0.6895688521033436, 44.82293865217675], [-0.6848456517699764, 44.82460722485482], [-0.6785526877171411, 44.8269477771148], [-0.677419419961066, 44.827261168535955], [-0.6755020690960138, 44.82763118648775], [-0.6739018532323581, 44.81999521645101], [-0.6724166314898763, 44.812988158251585]]]]}, "properties": {"cleabs": "IRIS____0000000332811401", "code_insee": "33281", "nom_commune": "Mérignac", "iris": "1401", "code_iris": "332811401", "nom_iris": "Beutre", "type_iris": "H"}}, {"type": "Feature", "geometry": {"type": "MultiPolygon", "coordinates": [[[[-0.5928889442306149, 45.03886126454895], [-0.5905663867388073, 45.037890692832455], [-0.5870447616331946, 45.03673520385368], [-0.5850998865137208, 45.03627961839264], [-0.5754143592927219, 45.03356732236311], [-0.5740311178864295, 45.036886201493644], [-0.5716558166421181, 45.03651631100621], [-0.5661130575535909, 45.03605052709949], [-0.5598198023868926, 45.03477567881075], [-0.5560434779236881, 45.034118590968205], [-0.5521421817182008, 45.032152180995816], [-0.5470465180198855, 45.02972620859188], [-0.5433317647142814, 45.0283673433155], [-0.5389293198461156, 45.02636057814843], [-0.5341714657770632, 45.023953052944115], [-0.5325668099758304, 45.02299367250829], [-0.5306346393278935, 45.02153544052064], [-0.5293073975352416, 45.02039867503473], [-0.5247585439755433, 45.01721896654464], [-0.5225711348095601, 45.015110765202664], [-0.5204245458194844, 45.013325694003555], [-0.5159668524063528, 45.010831352333106], [-0.5115138855338283, 45.0089324352312], [-0.509849457930782, 45.008363991343366], [-0.5059210446359083, 45.007227004260905], [-0.5004510200507694, 45.00603746676872], [-0.49855098146552507, 45.00494813639887], [-0.4947462904249561, 45.002976820591115], [-0.49674153627172485, 45.00010128474985], [-0.4968812130727016, 44.99967330197773], [-0.49998365988899834, 44.995229843789694], [-0.5049543291273454, 44.99700199900533], [-0.5063113959024691, 44.9945348282973], [-0.5049279376866148, 44.99400343357437], [-0.5078204307071953, 44.987622331587545], [-0.5080395971716829, 44.98757305831335], [-0.5124481753394138, 44.9878619891735], [-0.5132593722898157, 44.98797786093548], [-0.5173788300233919, 44.98819191489299], [-0.5179426430271562, 44.989302464223705], [-0.5186289072378789, 44.990319911843685], [-0.520096315340948, 44.98986249282495], [-0.523964135171799, 44.989021677120334], [-0.5254271064374241, 44.988757197868516], [-0.5271808858312862, 44.988552872826325], [-0.5293767483452705, 44.988088441894305], [-0.5319932019251582, 44.98726542033748], [-0.5323547053742083, 44.986976344953], [-0.5335852928942605, 44.98629103271974], [-0.534303146042071, 44.98601405879386], [-0.538538185582615, 44.98506281017326], [-0.5427036109260985, 44.98439841781363], [-0.549956788340477, 44.98879155811843], [-0.5541903020620089, 44.99185858921715], [-0.557405582275524, 44.99446594982892], [-0.5558478076623398, 44.99539812986883], [-0.5579294688582239, 44.99981185766084], [-0.5695766780188459, 45.00647867217852], [-0.5712760990258247, 45.00732722294151], [-0.5712760990258247, 45.00732722294151], [-0.5712209000125646, 45.00811492715492], [-0.5714955001945105, 45.00967076505978], [-0.5721167702650679, 45.011103710733], [-0.5766559127232879, 45.01347880041028], [-0.5790630597091321, 45.01473891652787], [-0.579976006840146, 45.01526474489218], [-0.588889092863467, 45.02040344804916], [-0.591094301872751, 45.02242874324749], [-0.5926605456133587, 45.024792798068354], [-0.5932507660009857, 45.026780064036906], [-0.5941492163558914, 45.028103920427604], [-0.5973984621409182, 45.03214588177579], [-0.6010787238192541, 45.03568801007746], [-0.6010436151651188, 45.03571528442558], [-0.5996874681415073, 45.037397758184966], [-0.5991963067608318, 45.0377065726526], [-0.5991008378834516, 45.03780339738181], [-0.5970467684830137, 45.03662057780745], [-0.5968776163508372, 45.036777466461515], [-0.5943725257016282, 45.03880254453793], [-0.5941914796878074, 45.03895260233311], [-0.5938936748515423, 45.03920467384112], [-0.5928889442306149, 45.03886126454895]]]]}, "properties": {"cleabs": "IRIS____0000000330040000", "code_insee": "33004", "nom_commune": "Ambès", "iris": "0000", "code_iris": "330040000", "nom_iris": "Ambès", "type_iris": "Z"}}, {"type": "Feature", "geometry": {"type": "MultiPolygon", "coordinates": [[[[-0.501394772442263, 44.8304446635257], [-0.4992724257712835, 44.83026562478637], [-0.49910371280042254, 44.83017992603567], [-0.49853002663123397, 44.83009889344155], [-0.4967332442102493, 44.83051064319946], [-0.4955150001365211, 44.83065449272463], [-0.4945626799397914, 44.830594386251235], [-0.492786474226283, 44.83021776504231], [-0.488782336073102, 44.82914340352404], [-0.48697795149612255, 44.82847468672854], [-0.48650366167856063, 44.82811740209481], [-0.48617266770542517, 44.8275591479031], [-0.48598994313501437, 44.82694125837693], [-0.4851151808774819, 44.82682366143962], [-0.4832099946142951, 44.82689614155889], [-0.48052109212371813, 44.82664442575199], [-0.4759933963119277, 44.82637099713853], [-0.4757157570341701, 44.82628417296417], [-0.4753082585225286, 44.825981525509015], [-0.4747379587797032, 44.825421729567736], [-0.4725428593542681, 44.82383589632859], [-0.4733224266039252, 44.82278411374022], [-0.47457960775132274, 44.82261675455391], [-0.47633542387583566, 44.82207687356866], [-0.4779003416567123, 44.8217673507015], [-0.47844133459996097, 44.821465600674166], [-0.4791173277456224, 44.82058374505786], [-0.47999772228377285, 44.819976643862056], [-0.4801528387764752, 44.81953739660871], [-0.4808699986135992, 44.81897326195863], [-0.481126426040993, 44.818534437181334], [-0.4809536342384451, 44.818116298393065], [-0.48167619461219946, 44.817598850824695], [-0.48563187620781617, 44.81650035706194], [-0.48719682867451103, 44.81582751144624], [-0.4883831161700868, 44.81545944929636], [-0.4886696390620354, 44.81524135420386], [-0.4891040730954827, 44.81524390411063], [-0.4894530777552768, 44.8150941342855], [-0.4896388737031864, 44.814864787665094], [-0.49020626808740364, 44.81476581786017], [-0.4915913715743348, 44.81401205380806], [-0.49358426461694166, 44.813076902525026], [-0.4934355496957852, 44.81263999869538], [-0.4936711563547045, 44.812316250968195], [-0.49414918714171246, 44.812022712452766], [-0.4946544245857548, 44.81184096470825], [-0.49476279060589473, 44.811669924360416], [-0.4942578571088073, 44.810655764495785], [-0.4947599038640444, 44.809222343508345], [-0.49473469648676655, 44.80893925887465], [-0.49494234440010104, 44.80796301659548], [-0.4959400244873864, 44.80700872302049], [-0.4965759362192125, 44.806669639106545], [-0.4974459568046114, 44.805902302280245], [-0.49835898298086634, 44.80556167311608], [-0.4998302102069622, 44.80511869921731], [-0.5004807206662932, 44.80511618176538], [-0.5011650755972223, 44.80498642258788], [-0.5016896004969108, 44.80479051318709], [-0.5020281564874318, 44.80453559014089], [-0.5031647282511112, 44.80451229137901], [-0.5069601081604181, 44.80402998671075], [-0.5081272601399709, 44.803482967706955], [-0.5086141004190331, 44.803353104269235], [-0.512645200249643, 44.80364629207935], [-0.5167292532713402, 44.80355103394862], [-0.5170485058137906, 44.803474214352384], [-0.5173146305413839, 44.80349911451125], [-0.518023783979799, 44.80328104479391], [-0.5196815508247374, 44.80272733919705], [-0.5204115462395577, 44.802397742344446], [-0.5238582718736159, 44.80637072892781], [-0.526615548223201, 44.80612983050878], [-0.5273407332566392, 44.80763882979197], [-0.5293615516092125, 44.81173454597907], [-0.5297445383037385, 44.81255057575497], [-0.5327128000708464, 44.816324082400286], [-0.5254496387861419, 44.81829374581806], [-0.5245242153696313, 44.81900269086702], [-0.523921809904979, 44.819350785786916], [-0.5235454062430804, 44.81940600756946], [-0.5228958820913553, 44.81930588447909], [-0.5218122271048659, 44.8188653690267], [-0.5211664253345136, 44.81912740856955], [-0.5197404005961076, 44.81940610539569], [-0.5193535384494269, 44.81955717414105], [-0.5184500797617624, 44.82007250750245], [-0.518036509418454, 44.8204037616685], [-0.5171271742700874, 44.82086609811963], [-0.5163674391653803, 44.82106863730199], [-0.5153276958253327, 44.82120795187445], [-0.5145982274760842, 44.82122657173047], [-0.5136770193764327, 44.82137833500399], [-0.5128749683956803, 44.82238247167014], [-0.5122496085685988, 44.82289164408852], [-0.5109421915071616, 44.82367204916429], [-0.5093934704326152, 44.825455018449176], [-0.5092109526286238, 44.82575639397709], [-0.5092346742959832, 44.82621706615815], [-0.5079123646058781, 44.82700421244418], [-0.5068440932520437, 44.82747959843371], [-0.5045520699907406, 44.82825320662941], [-0.5036006187659636, 44.82871405328558], [-0.5032773648791656, 44.82866839095547], [-0.5024465776363889, 44.82925699234632], [-0.501394772442263, 44.8304446635257]]]]}, "properties": {"cleabs": "IRIS____0000000330650000", "code_insee": "33065", "nom_commune": "Bouliac", "iris": "0000", "code_iris": "330650000", "nom_iris": "Bouliac", "type_iris": "Z"}}, {"type": "Feature", "geometry": {"type": "MultiPolygon", "coordinates": [[[[-0.754600175735113, 44.96665569375822], [-0.7508591132941455, 44.96541641213011], [-0.7501442391725551, 44.965112432239515], [-0.7452999629060078, 44.96349195057142], [-0.7372174563039093, 44.960638061475294], [-0.7291049858299183, 44.95747364833089], [-0.7287011770013669, 44.95745294602261], [-0.7261104355696419, 44.95652219939386], [-0.7257997686719967, 44.956489350057794], [-0.7210749776125625, 44.9522490049094], [-0.7193124934429564, 44.95040433559036], [-0.7173273675449241, 44.948875357178416], [-0.7162455108967597, 44.947644234729005], [-0.7155129185319994, 44.94699001183741], [-0.7140051320220587, 44.94586144651109], [-0.7125980350663053, 44.94445097950937], [-0.7117328133511739, 44.94370922870241], [-0.7110867095533827, 44.9429412247267], [-0.7085949054794624, 44.940844055510844], [-0.7048768615019713, 44.93745283874254], [-0.6994393152424023, 44.93068917207374], [-0.6988563397373829, 44.93021915600559], [-0.6971101372970865, 44.92756064019023], [-0.6991569445266086, 44.92694898119786], [-0.7101365809031351, 44.92331897804086], [-0.710362873295594, 44.92317261056789], [-0.7107389824317119, 44.921762953420725], [-0.710762123261381, 44.921115912915695], [-0.7110490688252376, 44.919988652161315], [-0.711269593358371, 44.91950627205359], [-0.7117123236587974, 44.91757070160377], [-0.7144778179074871, 44.90767156166726], [-0.7145553636078352, 44.906659458520366], [-0.7142236306410472, 44.90515539238497], [-0.7140838552873383, 44.90488335487161], [-0.7134243309819771, 44.903236122928654], [-0.7131130440701255, 44.90200177637276], [-0.7157083652360363, 44.902009586969896], [-0.7163324547676861, 44.90191568888461], [-0.7222220124539421, 44.90250616479494], [-0.7242626736454059, 44.90264053314715], [-0.7285988083844037, 44.90300245402238], [-0.7300705699543191, 44.90358306335332], [-0.735698179678948, 44.90531914997709], [-0.736414222757471, 44.90508233456735], [-0.7367285483749795, 44.90506003836283], [-0.7397623393868923, 44.90547797591476], [-0.7407167898551803, 44.905335856756416], [-0.7415675507886682, 44.905540642260696], [-0.7428107500018457, 44.905696138347786], [-0.7438502310510657, 44.90602974922781], [-0.744867192728324, 44.90688059164388], [-0.7450123376012643, 44.90700278830074], [-0.745383122199865, 44.90704706713716], [-0.7467147384992834, 44.908012569469555], [-0.7470144921955552, 44.90832243861702], [-0.7472349875286434, 44.908376290173564], [-0.7503875991518053, 44.910566531530655], [-0.7623766601864406, 44.914738118101134], [-0.7625469250669928, 44.91474226422323], [-0.7650450956178876, 44.91571129919666], [-0.771876356362431, 44.91644575275955], [-0.7803094018029958, 44.91709462904148], [-0.7984728654558865, 44.918693150360056], [-0.7981289220291858, 44.920245400234755], [-0.7977409353268444, 44.92318910889898], [-0.7975795443023977, 44.92550761253798], [-0.7972740027691522, 44.925717268233726], [-0.7973560015744052, 44.926159754974535], [-0.7964309473517581, 44.93235964406671], [-0.7963082310234959, 44.933620388045256], [-0.7964448135238416, 44.93391318171839], [-0.7950343978675272, 44.9442688823566], [-0.7948931565781271, 44.94523820603921], [-0.7947881134521925, 44.945336441046955], [-0.7941049941157514, 44.94542647506696], [-0.7863980288512857, 44.94569029759745], [-0.7634622790301275, 44.96090166548551], [-0.7632228828802027, 44.96104227621576], [-0.7627999215685474, 44.96109625874618], [-0.7626809243757147, 44.96125262223656], [-0.754600175735113, 44.96665569375822]]]]}, "properties": {"cleabs": "IRIS____0000000333760000", "code_insee": "33376", "nom_commune": "Saint-Aubin-de-Médoc", "iris": "0000", "code_iris": "333760000", "nom_iris": "Saint-Aubin-de-Médoc", "type_iris": "Z"}}, {"type": "Feature", "geometry": {"type": "MultiPolygon", "coordinates": [[[[-0.5405453059625837, 44.97406374505792], [-0.541176908390515, 44.97670328889923], [-0.5424909528154228, 44.98005292700025], [-0.5430073096723161, 44.98227344276636], [-0.5427036109260985, 44.98439841781363], [-0.538538185582615, 44.98506281017326], [-0.534303146042071, 44.98601405879386], [-0.5335852928942605, 44.98629103271974], [-0.5323547053742083, 44.986976344953], [-0.5319932019251582, 44.98726542033748], [-0.5293767483452705, 44.988088441894305], [-0.5271808858312862, 44.988552872826325], [-0.5254271064374241, 44.988757197868516], [-0.523964135171799, 44.989021677120334], [-0.520096315340948, 44.98986249282495], [-0.5186289072378789, 44.990319911843685], [-0.5179426430271562, 44.989302464223705], [-0.5173788300233919, 44.98819191489299], [-0.5173072668178031, 44.98778049764868], [-0.5162258597016418, 44.9852424893948], [-0.518679472719932, 44.98568760589093], [-0.5191107249196345, 44.98569919362465], [-0.5189356804073147, 44.98172114087515], [-0.5185273989307371, 44.97748640461674], [-0.5184433210490347, 44.97685547734362], [-0.5179913527826535, 44.97523939564694], [-0.5185732214471456, 44.97405204345499], [-0.518565091090343, 44.97353858113614], [-0.518513921773485, 44.97213783657466], [-0.5176465357731206, 44.9641891302202], [-0.5182647799209444, 44.963966779208675], [-0.5185230637050179, 44.96377384514073], [-0.5190651797070859, 44.96373415134297], [-0.5208003398342543, 44.96314475407838], [-0.5197809557219703, 44.96057870705956], [-0.5196188286711194, 44.95935181958512], [-0.5182513629456106, 44.959204950285326], [-0.5180382869409643, 44.955791420949126], [-0.5188932632824295, 44.954327747921916], [-0.5206920469119335, 44.95437171739312], [-0.5207802880610811, 44.95409944554489], [-0.5216550481114374, 44.95386083402049], [-0.5225751539216991, 44.953737941761744], [-0.5237395531453972, 44.95223197361256], [-0.5235075953218807, 44.9519139738724], [-0.5235241504157372, 44.95173319709528], [-0.5238248029723638, 44.95142805072923], [-0.5242582571485757, 44.951398082309396], [-0.5260527821055494, 44.95151690186564], [-0.5269811518049384, 44.94656565793534], [-0.5273333071823144, 44.94520439250302], [-0.5274892824916316, 44.94518231698843], [-0.5275582393860182, 44.945027814945824], [-0.5275651012574806, 44.94447151998894], [-0.5277594425958846, 44.94431303706603], [-0.5281094349222768, 44.94350250718574], [-0.5293232456795005, 44.94196065675298], [-0.5261277661910696, 44.94094996272643], [-0.5244175736077482, 44.94051213922774], [-0.5221795384115226, 44.93958992703142], [-0.5231206811453696, 44.93817035078156], [-0.523167431619812, 44.937601978599176], [-0.5234294539657443, 44.93728904472039], [-0.5238177170530812, 44.93716767856277], [-0.5241916700631961, 44.93728289394408], [-0.526151803471057, 44.93846803815195], [-0.5274809962413499, 44.939022476501265], [-0.5277725148111524, 44.9374648593907], [-0.5277536682074572, 44.93710495479539], [-0.5274943812936751, 44.936977097899565], [-0.5275906079193152, 44.93638912651833], [-0.5288705919204335, 44.93662606392813], [-0.5307987548374659, 44.93716143471657], [-0.5310521394758779, 44.93715518414156], [-0.5326045366509116, 44.93261395609148], [-0.5314266885052406, 44.93224493767584], [-0.5323119238259356, 44.93012497261811], [-0.5331961064074295, 44.930304142849764], [-0.5340231251024913, 44.93038148006914], [-0.5349092601842064, 44.92914289407236], [-0.5357100702854007, 44.927457287908126], [-0.5363438567438741, 44.92573914012819], [-0.5368278187385375, 44.9238184698084], [-0.5385534164207239, 44.923863548414666], [-0.53917188451258, 44.92431610353692], [-0.5395726046473889, 44.92449440158403], [-0.5420878575251878, 44.92442773811503], [-0.5449629830465621, 44.92415395846147], [-0.5468008192170387, 44.92386726730668], [-0.5501469571004558, 44.923780193639814], [-0.5502659515386021, 44.925478881091095], [-0.5504874487366805, 44.92673267260407], [-0.5504607033728355, 44.92893442071354], [-0.5506786434424257, 44.92975121274484], [-0.5506180011202566, 44.933120287351024], [-0.5503982080531488, 44.93487847644699], [-0.550032258172393, 44.936372757968236], [-0.5490698910930025, 44.938828819773455], [-0.5468700260665809, 44.94284662726573], [-0.5451743250534499, 44.945550474492535], [-0.5426542228382595, 44.951537763750544], [-0.5420902031635847, 44.953296994762745], [-0.5415096466964199, 44.954313202539936], [-0.5404040129702982, 44.95762634673559], [-0.54010706061385, 44.95881286401062], [-0.5399992368554652, 44.959677912262705], [-0.5395554645117576, 44.97156088559178], [-0.5405453059625837, 44.97406374505792]]]]}, "properties": {"cleabs": "IRIS____0000000334340000", "code_insee": "33434", "nom_commune": "Saint-Louis-de-Montferrand", "iris": "0000", "code_iris": "334340000", "nom_iris": "Saint-Louis-de-Montferrand", "type_iris": "Z"}}, {"type": "Feature", "geometry": {"type": "MultiPolygon", "coordinates": [[[[-0.4947462904249561, 45.002976820591115], [-0.4938589426557301, 45.002559476081004], [-0.49225478002727596, 45.00443760305633], [-0.491040811956199, 45.00434412727516], [-0.48915795173336574, 45.00411750798927], [-0.4870604629084654, 45.003748879210555], [-0.48454475667371316, 45.00321216253758], [-0.48320591337943203, 45.00282600262973], [-0.4824474572186394, 45.00255954874116], [-0.48022266398435415, 45.00155128751566], [-0.47873965602918295, 45.00074509861695], [-0.4779905038418618, 44.999748313590935], [-0.47665699168686826, 44.99823895791059], [-0.4749190728566942, 44.995881535268296], [-0.47463708352497525, 44.99461237913553], [-0.47424736349012264, 44.993428602054834], [-0.47287168565377735, 44.98619763356255], [-0.4728162970667921, 44.9802872169862], [-0.47241700953537274, 44.97767707791396], [-0.4718886050512687, 44.975216072341055], [-0.47139204483400027, 44.97345253292483], [-0.47018033485145405, 44.97155991145153], [-0.46792427163033107, 44.9682182339264], [-0.4668420825634865, 44.96691726125663], [-0.4603522940990945, 44.96075138090201], [-0.45868604238592703, 44.9590107001399], [-0.4573722455686806, 44.957138270373534], [-0.45499561947166056, 44.9532395750469], [-0.45734638017995216, 44.95285193938133], [-0.4582614623901496, 44.95256391378736], [-0.459701531891212, 44.951960330357785], [-0.4587998995526279, 44.94979300890952], [-0.45993204433156615, 44.94921883145688], [-0.4607161007963328, 44.94843378115149], [-0.46136388397987843, 44.947949473366066], [-0.4627007477695423, 44.94732112390386], [-0.4630455118941179, 44.94686246988152], [-0.4631230586324742, 44.94639231608], [-0.46297604994293684, 44.94596430858067], [-0.4619864492263338, 44.945701345050225], [-0.4617740469480962, 44.94550879142168], [-0.46178746531292175, 44.94527405451189], [-0.46184282616662387, 44.94510199796794], [-0.46252089080834524, 44.944985340672716], [-0.46314068195218255, 44.9449525070353], [-0.4637022822574116, 44.94504585322321], [-0.46388880524249665, 44.94420369988271], [-0.4643554579518499, 44.942904902660196], [-0.4643282990138542, 44.94260924576444], [-0.46408643569352387, 44.94259695953931], [-0.46397337880106976, 44.94212283406892], [-0.46422527972996613, 44.942071721645895], [-0.4639325100316251, 44.94004497900397], [-0.46339512149831386, 44.93993195520023], [-0.46357966620284985, 44.93959184765252], [-0.46400854972202615, 44.93638903966263], [-0.46566121670197735, 44.93674845721013], [-0.4665053189451393, 44.93702042895355], [-0.47214978099444443, 44.939058490272274], [-0.4719534146763707, 44.93980093165479], [-0.47085351617341353, 44.941608015934996], [-0.47209925452165524, 44.942093610491604], [-0.4734605205279212, 44.942763937755096], [-0.4732482017366876, 44.94308510466788], [-0.47313236699955535, 44.94348887229465], [-0.4751598296930561, 44.94448532953878], [-0.47696930569511115, 44.94503525293997], [-0.4781827269785678, 44.94550917781532], [-0.47825688682851697, 44.94568169596771], [-0.4781433891369135, 44.94614307595848], [-0.47821399413248583, 44.946278754834765], [-0.4756413850634545, 44.9499173250144], [-0.475662038926089, 44.95178493883019], [-0.4785761882216565, 44.953667466147756], [-0.4790654622394696, 44.954454251474026], [-0.4797132264769774, 44.95474760197294], [-0.4800175731714402, 44.954722751150236], [-0.480085626199053, 44.95551190726772], [-0.4849086939606166, 44.95640711428766], [-0.4854171128576837, 44.95682647028088], [-0.4847953399560665, 44.95715599494674], [-0.48574308552231593, 44.95784276113734], [-0.48724202781672205, 44.95914580046035], [-0.4877512308631239, 44.95969940808284], [-0.4884980549086242, 44.96017525881321], [-0.4968628798333676, 44.96767305055804], [-0.500144248054208, 44.97930859743118], [-0.5018449939755122, 44.98473828504869], [-0.5074985515877842, 44.98530182628412], [-0.5080395971716829, 44.98757305831335], [-0.5078204307071953, 44.987622331587545], [-0.5049279376866148, 44.99400343357437], [-0.5063113959024691, 44.9945348282973], [-0.5049543291273454, 44.99700199900533], [-0.49998365988899834, 44.995229843789694], [-0.4968812130727016, 44.99967330197773], [-0.49674153627172485, 45.00010128474985], [-0.4947462904249561, 45.002976820591115]]]]}, "properties": {"cleabs": "IRIS____0000000334870000", "code_insee": "33487", "nom_commune": "Saint-Vincent-de-Paul", "iris": "0000", "code_iris": "334870000", "nom_iris": "Saint-Vincent-de-Paul", "type_iris": "Z"}}]}