{"type": "FeatureCollection", "features": [{"type": "Feature", "properties": {"scout_v5_id": "parcelle:33318:HR:0002", "grain": "parcelle", "batiment_construction_id": "", "bdnb_batiment_construction_id": "", "batiment_groupe_id": "", "osm_building_id": "", "osm_match_status": "", "osm_bdnb_intersection_area_m2": "", "osm_address_text": "", "code_insee": "33318", "section": "HR", "numero_norm": "0002", "code_iris": "333180120", "nom_iris": "Parc Industriel", "nb_batiments": 2, "annee_construction": "", "footprint_m2": "", "footprint_sum_m2": 10131.444439951847, "siren_status": "none", "status_technique": "no_candidate", "status_metier": "none", "siret_count": 0, "passerelle_address": "", "passerelle_indice_norm": "", "passerelle_numero_match": "", "passerelle_addresses_json": "[]", "sirets_json": "[]", "sirens_json": "[]", "matching_confidence": 0.0, "matching_reason": "", "matching_status": "mono", "matching_decision": "", "matching_siren_selected": "", "matching_debug_json": "", "parcelles_json": "", "buildings_json": "[{\"batiment_construction_id\": \"r:3650929\", \"bdnb_batiment_construction_id\": \"bdnb-bg-4H47-9MY7-76FN:1\", \"batiment_groupe_id\": \"bdnb-bg-4H47-9MY7-76FN\", \"annee_construction\": 2010, \"footprint_m2\": 848.6730862081504, \"intersection_area_m2\": 617.6381482225623, \"osm_building_id\": \"r:3650929\", \"osm_match_status\": \"matched\", \"osm_bdnb_intersection_area_m2\": 741.0856284031674, \"osm_address_text\": \"\", \"matching_status\": \"partage\", \"matching_decision\": \"unique_by_intersection\", \"matching_siren_selected\": \"\"}, {\"batiment_construction_id\": \"w:114590317\", \"bdnb_batiment_construction_id\": \"bdnb-bg-4H47-9MY7-76FN:8\", \"batiment_groupe_id\": \"bdnb-bg-4H47-9MY7-76FN\", \"annee_construction\": 2010, \"footprint_m2\": 9282.771353743696, \"intersection_area_m2\": 826.4954973770716, \"osm_building_id\": \"w:114590317\", \"osm_match_status\": \"matched\", \"osm_bdnb_intersection_area_m2\": 8906.502636306008, \"osm_address_text\": \"\", \"matching_status\": \"partage\", \"matching_decision\": \"unique_by_intersection\", \"matching_siren_selected\": \"\"}]", "building_geometries_json": "[{\"batiment_construction_id\": \"r:3650929\", \"bdnb_batiment_construction_id\": \"bdnb-bg-4H47-9MY7-76FN:1\", \"batiment_groupe_id\": \"bdnb-bg-4H47-9MY7-76FN\", \"osm_building_id\": \"r:3650929\", \"osm_match_status\": \"matched\", \"osm_bdnb_intersection_area_m2\": 741.0856284031674, \"osm_address_text\": \"\", \"annee_construction\": 2010, \"footprint_m2\": 848.6730862081504, \"geometry\": {\"type\": \"MultiPolygon\", \"coordinates\": [[[[-0.663508, 44.785244], [-0.663473, 44.785211], [-0.663482, 44.785196], [-0.663489, 44.785183], [-0.663458, 44.785157], [-0.663409, 44.785164], [-0.663391, 44.785195], [-0.663346, 44.7852], [-0.663313, 44.785172], [-0.663328, 44.78514], [-0.663299, 44.785112], [-0.663249, 44.785118], [-0.663222, 44.785092], [-0.663163, 44.785098], [-0.663147, 44.78513], [-0.663161, 44.785144], [-0.663139, 44.785146], [-0.663123, 44.785133], [-0.663098, 44.785135], [-0.663069, 44.785139], [-0.66305, 44.785174], [-0.662995, 44.78518], [-0.6629661, 44.7851523], [-0.6629271, 44.7851414], [-0.6628922, 44.7852046], [-0.6629311, 44.7852152], [-0.6629778, 44.7852108], [-0.6629773, 44.7852118], [-0.663013, 44.785244], [-0.663038, 44.785238], [-0.66303, 44.785257], [-0.663003, 44.78526], [-0.662986, 44.785293], [-0.663058, 44.785355], [-0.663073, 44.785322], [-0.663119, 44.785362], [-0.663168, 44.785355], [-0.663211, 44.785366], [-0.663243, 44.78539], [-0.663296, 44.785384], [-0.663313, 44.785352], [-0.663386, 44.785344], [-0.663407, 44.785306], [-0.663378, 44.78528], [-0.663422, 44.785275], [-0.663438, 44.785289], [-0.663487, 44.785282], [-0.663508, 44.785244]], [[-0.663259, 44.785261], [-0.663242, 44.785297], [-0.663199, 44.785302], [-0.663165, 44.785272], [-0.66318, 44.785243], [-0.663233, 44.785237], [-0.663259, 44.785261]]]]}}, {\"batiment_construction_id\": \"w:114590317\", \"bdnb_batiment_construction_id\": \"bdnb-bg-4H47-9MY7-76FN:8\", \"batiment_groupe_id\": \"bdnb-bg-4H47-9MY7-76FN\", \"osm_building_id\": \"w:114590317\", \"osm_match_status\": \"matched\", \"osm_bdnb_intersection_area_m2\": 8906.502636306008, \"osm_address_text\": \"\", \"annee_construction\": 2010, \"footprint_m2\": 9282.771353743696, \"geometry\": {\"type\": \"MultiPolygon\", \"coordinates\": [[[[-0.6609023, 44.7858603], [-0.6616389, 44.7854056], [-0.6615257, 44.7852731], [-0.6612585, 44.7854239], [-0.66121, 44.785379], [-0.661088, 44.785278], [-0.661123, 44.785257], [-0.661093, 44.785231], [-0.661086, 44.785235], [-0.661034, 44.785191], [-0.661039, 44.785187], [-0.661006, 44.785159], [-0.660971, 44.78518], [-0.660917, 44.785134], [-0.660624, 44.784887], [-0.660183, 44.78516], [-0.660158, 44.785174], [-0.659738, 44.785434], [-0.6598576, 44.7855341], [-0.6598794, 44.7855524], [-0.6600921, 44.7857301], [-0.6601694, 44.7857947], [-0.66025, 44.7858625], [-0.6604773, 44.7860538], [-0.660501, 44.786074], [-0.6605021, 44.7860749], [-0.6608802, 44.7858385], [-0.6609023, 44.7858603]]]]}}]", "google_fallback_attempted": "false", "google_fallback_success": "false", "google_fallback_group_id": "", "google_nearby_status": "", "google_nearby_error": "", "google_raw_nearby_count": "0", "google_excluded_outside_parcel": "0", "google_nearby_ranked_json": "[]", "google_winner_place_id": "", "google_winner_name": "", "google_anchor_address": "", "google_api_gouv_query": "", "google_api_gouv_etablissements_count": "0", "google_reject_reason": "", "osm_pois_json": "[]", "osm_poi_count": 0, "osm_pois_status": "ok", "osm_poi_truncated": 0, "osm_data_as_of": ""}, "geometry": {"type": "MultiPolygon", "coordinates": [[[[-0.6619894, 44.7847172], [-0.6616887, 44.7850257], [-0.6615425, 44.7851757], [-0.6612837, 44.7854411], [-0.6609999, 44.7857326], [-0.6610331, 44.7857425], [-0.6610845, 44.7857577], [-0.6611546, 44.7857788], [-0.6613547, 44.7858401], [-0.6614194, 44.7858594], [-0.6615985, 44.7859136], [-0.661612, 44.7859177], [-0.6620475, 44.7860502], [-0.6625261, 44.7857332], [-0.6627938, 44.7858062], [-0.6632088, 44.7859193], [-0.6632547, 44.7858613], [-0.6632962, 44.7858087], [-0.6635341, 44.7855074], [-0.6635748, 44.785415], [-0.6635933, 44.7853221], [-0.6634877, 44.7852822], [-0.6630975, 44.7851351], [-0.66281, 44.7850266], [-0.6626264, 44.7849573], [-0.6619894, 44.7847172]]]]}, "id": "parcelle:33318:HR:0002"}, {"type": "Feature", "properties": {"scout_v5_id": "parcelle:33318:HR:0115", "grain": "parcelle", "batiment_construction_id": "", "bdnb_batiment_construction_id": "", "batiment_groupe_id": "", "osm_building_id": "", "osm_match_status": "", "osm_bdnb_intersection_area_m2": "", "osm_address_text": "", "code_insee": "33318", "section": "HR", "numero_norm": "0115", "code_iris": "333180120", "nom_iris": "Parc Industriel", "nb_batiments": 2, "annee_construction": "", "footprint_m2": "", "footprint_sum_m2": 1515.0182500108144, "siren_status": "none", "status_technique": "no_candidate", "status_metier": "none", "siret_count": 0, "passerelle_address": "", "passerelle_indice_norm": "", "passerelle_numero_match": "", "passerelle_addresses_json": "[]", "sirets_json": "[]", "sirens_json": "[]", "matching_confidence": 0.0, "matching_reason": "", "matching_status": "mono", "matching_decision": "", "matching_siren_selected": "", "matching_debug_json": "", "parcelles_json": "", "buildings_json": "[{\"batiment_construction_id\": \"r:3650929\", \"bdnb_batiment_construction_id\": \"bdnb-bg-4H47-9MY7-76FN:1\", \"batiment_groupe_id\": \"bdnb-bg-4H47-9MY7-76FN\", \"annee_construction\": 2010, \"footprint_m2\": 848.6730862081504, \"intersection_area_m2\": 231.03493798501464, \"osm_building_id\": \"r:3650929\", \"osm_match_status\": \"matched\", \"osm_bdnb_intersection_area_m2\": 741.0856284031674, \"osm_address_text\": \"\", \"matching_status\": \"partage\", \"matching_decision\": \"unique_by_intersection\", \"matching_siren_selected\": \"\"}, {\"batiment_construction_id\": \"w:114590277\", \"bdnb_batiment_construction_id\": \"bdnb-bg-4H47-9MY7-76FN:4\", \"batiment_groupe_id\": \"bdnb-bg-4H47-9MY7-76FN\", \"annee_construction\": 2010, \"footprint_m2\": 666.345163802664, \"intersection_area_m2\": 666.3451638026639, \"osm_building_id\": \"w:114590277\", \"osm_match_status\": \"matched\", \"osm_bdnb_intersection_area_m2\": 594.5652472059013, \"osm_address_text\": \"\", \"matching_status\": \"mono\", \"matching_decision\": \"mono\", \"matching_siren_selected\": \"\"}]", "building_geometries_json": "[{\"batiment_construction_id\": \"r:3650929\", \"bdnb_batiment_construction_id\": \"bdnb-bg-4H47-9MY7-76FN:1\", \"batiment_groupe_id\": \"bdnb-bg-4H47-9MY7-76FN\", \"osm_building_id\": \"r:3650929\", \"osm_match_status\": \"matched\", \"osm_bdnb_intersection_area_m2\": 741.0856284031674, \"osm_address_text\": \"\", \"annee_construction\": 2010, \"footprint_m2\": 848.6730862081504, \"geometry\": {\"type\": \"MultiPolygon\", \"coordinates\": [[[[-0.663508, 44.785244], [-0.663473, 44.785211], [-0.663482, 44.785196], [-0.663489, 44.785183], [-0.663458, 44.785157], [-0.663409, 44.785164], [-0.663391, 44.785195], [-0.663346, 44.7852], [-0.663313, 44.785172], [-0.663328, 44.78514], [-0.663299, 44.785112], [-0.663249, 44.785118], [-0.663222, 44.785092], [-0.663163, 44.785098], [-0.663147, 44.78513], [-0.663161, 44.785144], [-0.663139, 44.785146], [-0.663123, 44.785133], [-0.663098, 44.785135], [-0.663069, 44.785139], [-0.66305, 44.785174], [-0.662995, 44.78518], [-0.6629661, 44.7851523], [-0.6629271, 44.7851414], [-0.6628922, 44.7852046], [-0.6629311, 44.7852152], [-0.6629778, 44.7852108], [-0.6629773, 44.7852118], [-0.663013, 44.785244], [-0.663038, 44.785238], [-0.66303, 44.785257], [-0.663003, 44.78526], [-0.662986, 44.785293], [-0.663058, 44.785355], [-0.663073, 44.785322], [-0.663119, 44.785362], [-0.663168, 44.785355], [-0.663211, 44.785366], [-0.663243, 44.78539], [-0.663296, 44.785384], [-0.663313, 44.785352], [-0.663386, 44.785344], [-0.663407, 44.785306], [-0.663378, 44.78528], [-0.663422, 44.785275], [-0.663438, 44.785289], [-0.663487, 44.785282], [-0.663508, 44.785244]], [[-0.663259, 44.785261], [-0.663242, 44.785297], [-0.663199, 44.785302], [-0.663165, 44.785272], [-0.66318, 44.785243], [-0.663233, 44.785237], [-0.663259, 44.785261]]]]}}, {\"batiment_construction_id\": \"w:114590277\", \"bdnb_batiment_construction_id\": \"bdnb-bg-4H47-9MY7-76FN:4\", \"batiment_groupe_id\": \"bdnb-bg-4H47-9MY7-76FN\", \"osm_building_id\": \"w:114590277\", \"osm_match_status\": \"matched\", \"osm_bdnb_intersection_area_m2\": 594.5652472059013, \"osm_address_text\": \"\", \"annee_construction\": 2010, \"footprint_m2\": 666.345163802664, \"geometry\": {\"type\": \"MultiPolygon\", \"coordinates\": [[[[-0.662683, 44.783721], [-0.662439, 44.783871], [-0.662651, 44.784049], [-0.662899, 44.783896], [-0.662683, 44.783721]]]]}}]", "google_fallback_attempted": "false", "google_fallback_success": "false", "google_fallback_group_id": "", "google_nearby_status": "", "google_nearby_error": "", "google_raw_nearby_count": "0", "google_excluded_outside_parcel": "0", "google_nearby_ranked_json": "[]", "google_winner_place_id": "", "google_winner_name": "", "google_anchor_address": "", "google_api_gouv_query": "", "google_api_gouv_etablissements_count": "0", "google_reject_reason": "", "osm_pois_json": "[]", "osm_poi_count": 0, "osm_pois_status": "ok", "osm_poi_truncated": 0, "osm_data_as_of": ""}, "geometry": {"type": "MultiPolygon", "coordinates": [[[[-0.657418, 44.7825356], [-0.6577079, 44.7826154], [-0.658569, 44.7828525], [-0.6602797, 44.7833234], [-0.6604125, 44.7833901], [-0.660619, 44.7834939], [-0.660717, 44.7836668], [-0.6611358, 44.7844065], [-0.6611654, 44.7844585], [-0.6611698, 44.7844664], [-0.6612727, 44.7844768], [-0.662129, 44.7845638], [-0.662138, 44.7845648], [-0.6619894, 44.7847172], [-0.6626264, 44.7849573], [-0.66281, 44.7850266], [-0.6630975, 44.7851351], [-0.6634877, 44.7852822], [-0.6635933, 44.7853221], [-0.6635972, 44.785229], [-0.6635603, 44.7848808], [-0.6634799, 44.7841322], [-0.6633875, 44.7832911], [-0.6632929, 44.7832471], [-0.6630801, 44.7831482], [-0.6626072, 44.7829284], [-0.6619179, 44.7826079], [-0.6616922, 44.7826885], [-0.6616272, 44.782525], [-0.6615706, 44.7823828], [-0.6615196, 44.7822549], [-0.6614692, 44.782128], [-0.6614009, 44.7819564], [-0.6613338, 44.7817884], [-0.6612942, 44.7816884], [-0.6612582, 44.7815983], [-0.6612223, 44.7815078], [-0.6610663, 44.7814968], [-0.6602959, 44.7814424], [-0.6594989, 44.7819232], [-0.6588557, 44.7814641], [-0.6588546, 44.7814125], [-0.6588456, 44.7813949], [-0.6588198, 44.7813554], [-0.6587795, 44.7814004], [-0.6587345, 44.781364], [-0.6586725, 44.7814086], [-0.6584715, 44.7815835], [-0.6584237, 44.7816241], [-0.658447, 44.781638], [-0.657418, 44.7825356]]]]}, "id": "parcelle:33318:HR:0115"}, {"type": "Feature", "properties": {"scout_v5_id": "parcelle:33318:HW:0014", "grain": "parcelle", "batiment_construction_id": "", "bdnb_batiment_construction_id": "", "batiment_groupe_id": "", "osm_building_id": "", "osm_match_status": "", "osm_bdnb_intersection_area_m2": "", "osm_address_text": "", "code_insee": "33318", "section": "HW", "numero_norm": "0014", "code_iris": "333180110", "nom_iris": "France", "nb_batiments": 5, "annee_construction": "", "footprint_m2": "", "footprint_sum_m2": 16593.229518953965, "siren_status": "none", "status_technique": "no_candidate", "status_metier": "none", "siret_count": 0, "passerelle_address": "", "passerelle_indice_norm": "", "passerelle_numero_match": "", "passerelle_addresses_json": "[]", "sirets_json": "[]", "sirens_json": "[]", "matching_confidence": 0.0, "matching_reason": "", "matching_status": "mono", "matching_decision": "", "matching_siren_selected": "", "matching_debug_json": "", "parcelles_json": "", "buildings_json": "[{\"batiment_construction_id\": \"r:4141751\", \"bdnb_batiment_construction_id\": \"bdnb-bg-VZF8-CTMF-7Q2S:2\", \"batiment_groupe_id\": \"bdnb-bg-VZF8-CTMF-7Q2S\", \"annee_construction\": 2004, \"footprint_m2\": 1584.3958240717968, \"intersection_area_m2\": 1584.3958240717961, \"osm_building_id\": \"r:4141751\", \"osm_match_status\": \"matched\", \"osm_bdnb_intersection_area_m2\": 1498.7452110618008, \"osm_address_text\": \"\", \"matching_status\": \"mono\", \"matching_decision\": \"mono\", \"matching_siren_selected\": \"\"}, {\"batiment_construction_id\": \"w:114590196\", \"bdnb_batiment_construction_id\": \"bdnb-bg-VZF8-CTMF-7Q2S:2\", \"batiment_groupe_id\": \"bdnb-bg-VZF8-CTMF-7Q2S\", \"annee_construction\": 2004, \"footprint_m2\": 3454.497222837354, \"intersection_area_m2\": 3454.497222837354, \"osm_building_id\": \"w:114590196\", \"osm_match_status\": \"matched\", \"osm_bdnb_intersection_area_m2\": 3353.0882236375815, \"osm_address_text\": \"\", \"matching_status\": \"mono\", \"matching_decision\": \"mono\", \"matching_siren_selected\": \"\"}, {\"batiment_construction_id\": \"w:114590242\", \"bdnb_batiment_construction_id\": \"bdnb-bg-VZF8-CTMF-7Q2S:2\", \"batiment_groupe_id\": \"bdnb-bg-VZF8-CTMF-7Q2S\", \"annee_construction\": 2004, \"footprint_m2\": 820.720578476752, \"intersection_area_m2\": 313.0936656466611, \"osm_building_id\": \"w:114590242\", \"osm_match_status\": \"matched\", \"osm_bdnb_intersection_area_m2\": 768.3591487070528, \"osm_address_text\": \"\", \"matching_status\": \"partage\", \"matching_decision\": \"unique_by_intersection\", \"matching_siren_selected\": \"\"}, {\"batiment_construction_id\": \"w:114695726\", \"bdnb_batiment_construction_id\": \"bdnb-bg-VZF8-CTMF-7Q2S:2\", \"batiment_groupe_id\": \"bdnb-bg-VZF8-CTMF-7Q2S\", \"annee_construction\": 2004, \"footprint_m2\": 7048.142682633628, \"intersection_area_m2\": 7048.142682633628, \"osm_building_id\": \"w:114695726\", \"osm_match_status\": \"matched\", \"osm_bdnb_intersection_area_m2\": 6874.692906168617, \"osm_address_text\": \"\", \"matching_status\": \"mono\", \"matching_decision\": \"mono\", \"matching_siren_selected\": \"\"}, {\"batiment_construction_id\": \"w:114695730\", \"bdnb_batiment_construction_id\": \"bdnb-bg-VZF8-CTMF-7Q2S:2\", \"batiment_groupe_id\": \"bdnb-bg-VZF8-CTMF-7Q2S\", \"annee_construction\": 2004, \"footprint_m2\": 3685.4732109344327, \"intersection_area_m2\": 2639.0380420618203, \"osm_building_id\": \"w:114695730\", \"osm_match_status\": \"matched\", \"osm_bdnb_intersection_area_m2\": 3634.2179522319952, \"osm_address_text\": \"\", \"matching_status\": \"partage\", \"matching_decision\": \"unique_by_intersection\", \"matching_siren_selected\": \"\"}]", "building_geometries_json": "[{\"batiment_construction_id\": \"r:4141751\", \"bdnb_batiment_construction_id\": \"bdnb-bg-VZF8-CTMF-7Q2S:2\", \"batiment_groupe_id\": \"bdnb-bg-VZF8-CTMF-7Q2S\", \"osm_building_id\": \"r:4141751\", \"osm_match_status\": \"matched\", \"osm_bdnb_intersection_area_m2\": 1498.7452110618008, \"osm_address_text\": \"\", \"annee_construction\": 2004, \"footprint_m2\": 1584.3958240717968, \"geometry\": {\"type\": \"MultiPolygon\", \"coordinates\": [[[[-0.663138, 44.787664], [-0.663085, 44.787618], [-0.663007, 44.787665], [-0.66273, 44.787432], [-0.662661, 44.787474], [-0.6623586, 44.7876579], [-0.6626088, 44.787869], [-0.66271, 44.787805], [-0.662792, 44.787874], [-0.662833, 44.787849], [-0.662899, 44.787904], [-0.662977, 44.787857], [-0.662948, 44.787832], [-0.662955, 44.787829], [-0.662957, 44.787826], [-0.662961, 44.787825], [-0.66299, 44.787804], [-0.662996, 44.787801], [-0.663, 44.787797], [-0.663006, 44.787794], [-0.663007, 44.787792], [-0.663012, 44.78779], [-0.663013, 44.787788], [-0.663022, 44.787782], [-0.663023, 44.78778], [-0.663026, 44.787779], [-0.663034, 44.787771], [-0.663037, 44.78777], [-0.663043, 44.787765], [-0.663046, 44.787761], [-0.66305, 44.787759], [-0.663056, 44.787752], [-0.66306, 44.78775], [-0.663096, 44.787715], [-0.6631, 44.787709], [-0.663117, 44.787692], [-0.663117, 44.78769], [-0.663129, 44.787677], [-0.663138, 44.787664]], [[-0.662716, 44.787715], [-0.662669, 44.787743], [-0.662557, 44.78765], [-0.662603, 44.787622], [-0.662716, 44.787715]]]]}}, {\"batiment_construction_id\": \"w:114590196\", \"bdnb_batiment_construction_id\": \"bdnb-bg-VZF8-CTMF-7Q2S:2\", \"batiment_groupe_id\": \"bdnb-bg-VZF8-CTMF-7Q2S\", \"osm_building_id\": \"w:114590196\", \"osm_match_status\": \"matched\", \"osm_bdnb_intersection_area_m2\": 3353.0882236375815, \"osm_address_text\": \"\", \"annee_construction\": 2004, \"footprint_m2\": 3454.497222837354, \"geometry\": {\"type\": \"MultiPolygon\", \"coordinates\": [[[[-0.662052, 44.787109], [-0.661907, 44.786986], [-0.66139, 44.787297], [-0.661505, 44.787394], [-0.661411, 44.78745], [-0.661469, 44.787498], [-0.661583, 44.787594], [-0.661612, 44.787575], [-0.661723, 44.78767], [-0.661693, 44.787687], [-0.661807, 44.787783], [-0.661947, 44.7877], [-0.662016, 44.787658], [-0.662351, 44.78746], [-0.662011, 44.787174], [-0.661996, 44.787182], [-0.661968, 44.787159], [-0.662052, 44.787109]]]]}}, {\"batiment_construction_id\": \"w:114590242\", \"bdnb_batiment_construction_id\": \"bdnb-bg-VZF8-CTMF-7Q2S:2\", \"batiment_groupe_id\": \"bdnb-bg-VZF8-CTMF-7Q2S\", \"osm_building_id\": \"w:114590242\", \"osm_match_status\": \"matched\", \"osm_bdnb_intersection_area_m2\": 768.3591487070528, \"osm_address_text\": \"\", \"annee_construction\": 2004, \"footprint_m2\": 820.720578476752, \"geometry\": {\"type\": \"MultiPolygon\", \"coordinates\": [[[[-0.6615803, 44.7880817], [-0.661533, 44.78811], [-0.661483, 44.788066], [-0.661444, 44.788089], [-0.661495, 44.788133], [-0.661485, 44.788139], [-0.66144, 44.788101], [-0.66123, 44.788232], [-0.661512, 44.788461], [-0.661722, 44.788331], [-0.6615281, 44.7881739], [-0.661622, 44.788117], [-0.6615803, 44.7880817]]]]}}, {\"batiment_construction_id\": \"w:114695726\", \"bdnb_batiment_construction_id\": \"bdnb-bg-VZF8-CTMF-7Q2S:2\", \"batiment_groupe_id\": \"bdnb-bg-VZF8-CTMF-7Q2S\", \"osm_building_id\": \"w:114695726\", \"osm_match_status\": \"matched\", \"osm_bdnb_intersection_area_m2\": 6874.692906168617, \"osm_address_text\": \"\", \"annee_construction\": 2004, \"footprint_m2\": 7048.142682633628, \"geometry\": {\"type\": \"MultiPolygon\", \"coordinates\": [[[[-0.6623232, 44.7876298], [-0.6623586, 44.7876579], [-0.662661, 44.787474], [-0.662624, 44.787442], [-0.662999, 44.787216], [-0.663036, 44.787248], [-0.663044, 44.787254], [-0.663059, 44.787245], [-0.663118, 44.787294], [-0.663097, 44.787307], [-0.66315, 44.787337], [-0.663194, 44.787373], [-0.663263, 44.787349], [-0.663326, 44.78732], [-0.663313, 44.787289], [-0.663295, 44.787262], [-0.663292, 44.78726], [-0.663271, 44.787241], [-0.663267, 44.787238], [-0.663235, 44.787217], [-0.663195, 44.787193], [-0.663185, 44.787175], [-0.663183, 44.787167], [-0.663171, 44.78716], [-0.663146, 44.787162], [-0.663122, 44.787141], [-0.663324, 44.787018], [-0.6635123, 44.786894], [-0.6635064, 44.786889], [-0.6635174, 44.7868822], [-0.6634985, 44.7868664], [-0.6634875, 44.7868732], [-0.6633106, 44.786721], [-0.6633215, 44.7867144], [-0.6633026, 44.7866987], [-0.6632917, 44.7867051], [-0.6631084, 44.7865584], [-0.6631481, 44.786534], [-0.6630776, 44.786475], [-0.6630967, 44.7864632], [-0.663048, 44.7864224], [-0.6620718, 44.7870181], [-0.6620557, 44.7870044], [-0.6620144, 44.7870297], [-0.6620319, 44.7870444], [-0.6620197, 44.7870517], [-0.662552, 44.787491], [-0.6623232, 44.7876298]]]]}}, {\"batiment_construction_id\": \"w:114695730\", \"bdnb_batiment_construction_id\": \"bdnb-bg-VZF8-CTMF-7Q2S:2\", \"batiment_groupe_id\": \"bdnb-bg-VZF8-CTMF-7Q2S\", \"osm_building_id\": \"w:114695730\", \"osm_match_status\": \"matched\", \"osm_bdnb_intersection_area_m2\": 3634.2179522319952, \"osm_address_text\": \"\", \"annee_construction\": 2004, \"footprint_m2\": 3685.4732109344327, \"geometry\": {\"type\": \"MultiPolygon\", \"coordinates\": [[[[-0.6615753, 44.7880774], [-0.6615803, 44.7880817], [-0.661622, 44.788117], [-0.6617958, 44.7882696], [-0.6617709, 44.7882846], [-0.6618715, 44.7883683], [-0.6618813, 44.7883623], [-0.6619385, 44.7884106], [-0.662564, 44.7880302], [-0.6625261, 44.7879985], [-0.6626632, 44.7879151], [-0.6626088, 44.787869], [-0.6623586, 44.7876579], [-0.6623232, 44.7876298], [-0.662319, 44.787627], [-0.662122, 44.787746], [-0.662072, 44.787705], [-0.662003, 44.787748], [-0.662051, 44.787789], [-0.66185, 44.787911], [-0.66181, 44.787878], [-0.66174, 44.78792], [-0.661779, 44.787953], [-0.6615753, 44.7880774]]]]}}]", "google_fallback_attempted": "false", "google_fallback_success": "false", "google_fallback_group_id": "", "google_nearby_status": "", "google_nearby_error": "", "google_raw_nearby_count": "0", "google_excluded_outside_parcel": "0", "google_nearby_ranked_json": "[]", "google_winner_place_id": "", "google_winner_name": "", "google_anchor_address": "", "google_api_gouv_query": "", "google_api_gouv_etablissements_count": "0", "google_reject_reason": "", "osm_pois_json": "[]", "osm_poi_count": 0, "osm_pois_status": "ok", "osm_poi_truncated": 0, "osm_data_as_of": ""}, "geometry": {"type": "MultiPolygon", "coordinates": [[[[-0.6639522, 44.7865513], [-0.6639371, 44.7865473], [-0.6638904, 44.7865351], [-0.6638622, 44.7865276], [-0.663479, 44.7864265], [-0.6630153, 44.7863043], [-0.6629691, 44.786292], [-0.6629471, 44.7863046], [-0.6629319, 44.7863128], [-0.6629077, 44.786326], [-0.6620163, 44.7867841], [-0.6619104, 44.7868408], [-0.6618829, 44.7868549], [-0.6618678, 44.7868634], [-0.6618523, 44.7868738], [-0.661839, 44.7868826], [-0.6618218, 44.7868938], [-0.6618072, 44.7869035], [-0.6617924, 44.7869144], [-0.661775, 44.7869269], [-0.6615113, 44.7871566], [-0.6612701, 44.7873667], [-0.6612545, 44.7873801], [-0.6612414, 44.7873914], [-0.6612285, 44.7874045], [-0.6612172, 44.787416], [-0.6612074, 44.7874255], [-0.6611974, 44.7874364], [-0.6611872, 44.7874475], [-0.6611778, 44.7874585], [-0.66117, 44.7874686], [-0.661162, 44.7874784], [-0.6603007, 44.7885956], [-0.6604038, 44.7885629], [-0.6611817, 44.7883164], [-0.6612013, 44.7883103], [-0.6613812, 44.7882531], [-0.6614629, 44.7882273], [-0.6614734, 44.7882241], [-0.6615225, 44.7882085], [-0.6615625, 44.7882017], [-0.6616975, 44.7881793], [-0.6624343, 44.7880562], [-0.6628226, 44.7879926], [-0.6629838, 44.7879664], [-0.6630591, 44.7879095], [-0.6631578, 44.7878347], [-0.6632353, 44.787716], [-0.6633099, 44.787602], [-0.6633804, 44.7874939], [-0.6635056, 44.7873024], [-0.6635587, 44.7872128], [-0.6636597, 44.7870431], [-0.6637142, 44.7869517], [-0.6637406, 44.7869071], [-0.6637751, 44.7868492], [-0.6638215, 44.7867712], [-0.6638674, 44.7866942], [-0.6638723, 44.7866861], [-0.6639522, 44.7865513]]]]}, "id": "parcelle:33318:HW:0014"}, {"type": "Feature", "properties": {"scout_v5_id": "parcelle:33318:DH:0138", "grain": "parcelle", "batiment_construction_id": "", "bdnb_batiment_construction_id": "", "batiment_groupe_id": "", "osm_building_id": "", "osm_match_status": "", "osm_bdnb_intersection_area_m2": "", "osm_address_text": "", "code_insee": "33318", "section": "DH", "numero_norm": "0138", "code_iris": "333180117", "nom_iris": "Fac Sciences-Droit", "nb_batiments": 1, "annee_construction": "", "footprint_m2": "", "footprint_sum_m2": 3942.030628684412, "siren_status": "none", "status_technique": "no_candidate", "status_metier": "none", "siret_count": 0, "passerelle_address": "", "passerelle_indice_norm": "", "passerelle_numero_match": "", "passerelle_addresses_json": "[]", "sirets_json": "[]", "sirens_json": "[]", "matching_confidence": 0.0, "matching_reason": "", "matching_status": "mono", "matching_decision": "", "matching_siren_selected": "", "matching_debug_json": "", "parcelles_json": "", "buildings_json": "[{\"batiment_construction_id\": \"r:5164743\", \"bdnb_batiment_construction_id\": \"bdnb-bg-MLND-TCVF-T9HS:4\", \"batiment_groupe_id\": \"bdnb-bg-MLND-TCVF-T9HS\", \"annee_construction\": 2013, \"footprint_m2\": 3942.030628684412, \"intersection_area_m2\": 3942.030628684411, \"osm_building_id\": \"r:5164743\", \"osm_match_status\": \"matched\", \"osm_bdnb_intersection_area_m2\": 3935.728785761236, \"osm_address_text\": \"2 Rue Robert Escarpit, 33607 Pessac\", \"matching_status\": \"mono\", \"matching_decision\": \"mono\", \"matching_siren_selected\": \"\"}]", "building_geometries_json": "[{\"batiment_construction_id\": \"r:5164743\", \"bdnb_batiment_construction_id\": \"bdnb-bg-MLND-TCVF-T9HS:4\", \"batiment_groupe_id\": \"bdnb-bg-MLND-TCVF-T9HS\", \"osm_building_id\": \"r:5164743\", \"osm_match_status\": \"matched\", \"osm_bdnb_intersection_area_m2\": 3935.728785761236, \"osm_address_text\": \"2 Rue Robert Escarpit, 33607 Pessac\", \"annee_construction\": 2013, \"footprint_m2\": 3942.030628684412, \"geometry\": {\"type\": \"MultiPolygon\", \"coordinates\": [[[[-0.611505, 44.80321], [-0.611496, 44.802991], [-0.611301, 44.802995], [-0.611299, 44.80296], [-0.611193, 44.802962], [-0.611199, 44.803128], [-0.6111734, 44.803128], [-0.611174, 44.803151], [-0.61106, 44.803153], [-0.611059, 44.803113], [-0.611049, 44.802851], [-0.610918, 44.802854], [-0.610917, 44.802844], [-0.61087, 44.802844], [-0.610871, 44.802855], [-0.610739, 44.802858], [-0.610749, 44.80312], [-0.610762, 44.80312], [-0.610762, 44.803147], [-0.610778, 44.803146], [-0.61078, 44.80318], [-0.610752, 44.80318], [-0.610761, 44.803431], [-0.61079, 44.80343], [-0.610791, 44.803464], [-0.610775, 44.803464], [-0.610775, 44.803491], [-0.610764, 44.803491], [-0.610772, 44.803725], [-0.610844, 44.803724], [-0.610852, 44.803954], [-0.610863, 44.803974], [-0.610873, 44.803984], [-0.610887, 44.803993], [-0.610909, 44.804001], [-0.610932, 44.804005], [-0.610944, 44.804005], [-0.610968, 44.804001], [-0.610994, 44.80399], [-0.611013, 44.803974], [-0.611024, 44.803954], [-0.6110196, 44.8038262], [-0.611016, 44.803721], [-0.611082, 44.80372], [-0.611074, 44.803488], [-0.611071, 44.803449], [-0.611185, 44.803446], [-0.611186, 44.803485], [-0.611193, 44.803645], [-0.61123, 44.803644], [-0.611232, 44.80367], [-0.611328, 44.803669], [-0.611317, 44.803415], [-0.6113, 44.803415], [-0.611294, 44.803245], [-0.611311, 44.803245], [-0.611309, 44.803214], [-0.611362, 44.803212], [-0.611363, 44.803244], [-0.61142, 44.803243], [-0.61142, 44.803212], [-0.611505, 44.80321]], [[-0.611185, 44.803425], [-0.611071, 44.803428], [-0.611061, 44.803174], [-0.611175, 44.803172], [-0.611185, 44.803425]]]]}}]", "google_fallback_attempted": "false", "google_fallback_success": "false", "google_fallback_group_id": "", "google_nearby_status": "", "google_nearby_error": "", "google_raw_nearby_count": "0", "google_excluded_outside_parcel": "0", "google_nearby_ranked_json": "[]", "google_winner_place_id": "", "google_winner_name": "", "google_anchor_address": "", "google_api_gouv_query": "", "google_api_gouv_etablissements_count": "0", "google_reject_reason": "", "osm_pois_json": "[]", "osm_poi_count": 0, "osm_pois_status": "ok", "osm_poi_truncated": 0, "osm_data_as_of": ""}, "geometry": {"type": "MultiPolygon", "coordinates": [[[[-0.6115214, 44.802133], [-0.6103384, 44.8023755], [-0.6103433, 44.8023912], [-0.6103583, 44.8024386], [-0.6103785, 44.8025239], [-0.6103925, 44.802602], [-0.6103918, 44.8026879], [-0.6103862, 44.8027899], [-0.6103739, 44.8028838], [-0.6103426, 44.8030812], [-0.6103084, 44.8033222], [-0.61029, 44.8034844], [-0.6102834, 44.8035819], [-0.6102739, 44.803658], [-0.6102873, 44.8037387], [-0.6102975, 44.8038305], [-0.6103243, 44.8039404], [-0.6103682, 44.8040559], [-0.6104015, 44.8041321], [-0.6105661, 44.8044328], [-0.6106584, 44.8046033], [-0.61069, 44.8046525], [-0.6107246, 44.80467], [-0.6107552, 44.80469], [-0.6107649, 44.8046911], [-0.6108063, 44.8047017], [-0.6108453, 44.8047141], [-0.6108803, 44.8047189], [-0.6109272, 44.8047108], [-0.6109533, 44.8046941], [-0.610996, 44.8046656], [-0.6110491, 44.8046312], [-0.6111022, 44.8045907], [-0.6111574, 44.8045429], [-0.611236, 44.8044701], [-0.6112995, 44.8044072], [-0.6114155, 44.8042643], [-0.6114862, 44.8041471], [-0.6115505, 44.8040372], [-0.6116457, 44.8038705], [-0.6117108, 44.8037501], [-0.6117594, 44.8036694], [-0.6118147, 44.8035745], [-0.6118802, 44.8034811], [-0.6120111, 44.803322], [-0.6121285, 44.8032102], [-0.6122398, 44.8031238], [-0.6122432, 44.8031211], [-0.6123174, 44.8030642], [-0.6123232, 44.8030598], [-0.6123586, 44.8030434], [-0.612363, 44.8030417], [-0.6123974, 44.8030192], [-0.6124615, 44.8029817], [-0.612522, 44.8029491], [-0.6125708, 44.8029261], [-0.6126603, 44.8028863], [-0.6127324, 44.8028583], [-0.6128024, 44.8028327], [-0.6129185, 44.8028008], [-0.6129413, 44.8027956], [-0.6130343, 44.8027635], [-0.6129481, 44.8025664], [-0.6127312, 44.8020725], [-0.6117499, 44.8023407], [-0.6116634, 44.8021867], [-0.6115606, 44.8022071], [-0.6115214, 44.802133]], [[-0.6127417, 44.8027032], [-0.6128585, 44.8026656], [-0.6128988, 44.8027326], [-0.6127831, 44.8027702], [-0.6127417, 44.8027032]]]]}, "id": "parcelle:33318:DH:0138"}, {"type": "Feature", "properties": {"scout_v5_id": "parcelle:33318:KL:0003", "grain": "parcelle", "batiment_construction_id": "", "bdnb_batiment_construction_id": "", "batiment_groupe_id": "", "osm_building_id": "", "osm_match_status": "", "osm_bdnb_intersection_area_m2": "", "osm_address_text": "", "code_insee": "33318", "section": "KL", "numero_norm": "0003", "code_iris": "333180124", "nom_iris": "Magonty", "nb_batiments": 2, "annee_construction": "", "footprint_m2": "", "footprint_sum_m2": 3132.476699647968, "siren_status": "none", "status_technique": "no_candidate", "status_metier": "none", "siret_count": 0, "passerelle_address": "", "passerelle_indice_norm": "", "passerelle_numero_match": "", "passerelle_addresses_json": "[]", "sirets_json": "[]", "sirens_json": "[]", "matching_confidence": 0.0, "matching_reason": "", "matching_status": "mono", "matching_decision": "", "matching_siren_selected": "", "matching_debug_json": "", "parcelles_json": "", "buildings_json": "[{\"batiment_construction_id\": \"r:5781331\", \"bdnb_batiment_construction_id\": \"bdnb-bg-N6S6-9BGL-5T4H:2\", \"batiment_groupe_id\": \"bdnb-bg-N6S6-9BGL-5T4H\", \"annee_construction\": null, \"footprint_m2\": 2665.244924388195, \"intersection_area_m2\": 2643.224145376705, \"osm_building_id\": \"r:5781331\", \"osm_match_status\": \"matched\", \"osm_bdnb_intersection_area_m2\": 2545.112919869265, \"osm_address_text\": \"\", \"matching_status\": \"mono\", \"matching_decision\": \"mono\", \"matching_siren_selected\": \"\"}, {\"batiment_construction_id\": \"w:218307640\", \"bdnb_batiment_construction_id\": \"bdnb-bg-N6S6-9BGL-5T4H:4\", \"batiment_groupe_id\": \"bdnb-bg-N6S6-9BGL-5T4H\", \"annee_construction\": null, \"footprint_m2\": 467.2317752597728, \"intersection_area_m2\": 373.13134658147703, \"osm_building_id\": \"w:218307640\", \"osm_match_status\": \"matched\", \"osm_bdnb_intersection_area_m2\": 466.2436934424453, \"osm_address_text\": \"\", \"matching_status\": \"partage\", \"matching_decision\": \"unique_by_intersection\", \"matching_siren_selected\": \"\"}]", "building_geometries_json": "[{\"batiment_construction_id\": \"r:5781331\", \"bdnb_batiment_construction_id\": \"bdnb-bg-N6S6-9BGL-5T4H:2\", \"batiment_groupe_id\": \"bdnb-bg-N6S6-9BGL-5T4H\", \"osm_building_id\": \"r:5781331\", \"osm_match_status\": \"matched\", \"osm_bdnb_intersection_area_m2\": 2545.112919869265, \"osm_address_text\": \"\", \"annee_construction\": null, \"footprint_m2\": 2665.244924388195, \"geometry\": {\"type\": \"MultiPolygon\", \"coordinates\": [[[[-0.70161, 44.783939], [-0.701418, 44.783881], [-0.701275, 44.784121], [-0.701067, 44.784058], [-0.701102, 44.783999], [-0.700849, 44.783923], [-0.700813, 44.783982], [-0.700642, 44.78393], [-0.700535, 44.784114], [-0.700746, 44.784178], [-0.700726, 44.784212], [-0.700895, 44.784264], [-0.700918, 44.784225], [-0.701004, 44.78425], [-0.700915, 44.7844], [-0.701056, 44.784443], [-0.701146, 44.784292], [-0.701315, 44.784343], [-0.701298, 44.784371], [-0.7013529, 44.7843871], [-0.701339, 44.78441], [-0.701399, 44.784428], [-0.701412, 44.784405], [-0.701431, 44.78441], [-0.701607, 44.784115], [-0.701521, 44.784089], [-0.70161, 44.783939]], [[-0.70095, 44.784092], [-0.700913, 44.784155], [-0.700785, 44.784116], [-0.700822, 44.784053], [-0.70095, 44.784092]]]]}}, {\"batiment_construction_id\": \"w:218307640\", \"bdnb_batiment_construction_id\": \"bdnb-bg-N6S6-9BGL-5T4H:4\", \"batiment_groupe_id\": \"bdnb-bg-N6S6-9BGL-5T4H\", \"osm_building_id\": \"w:218307640\", \"osm_match_status\": \"matched\", \"osm_bdnb_intersection_area_m2\": 466.2436934424453, \"osm_address_text\": \"\", \"annee_construction\": null, \"footprint_m2\": 467.2317752597728, \"geometry\": {\"type\": \"MultiPolygon\", \"coordinates\": [[[[-0.7010612, 44.7837078], [-0.7011661, 44.7835268], [-0.7009148, 44.7834534], [-0.7008099, 44.7836343], [-0.7010612, 44.7837078]]]]}}]", "google_fallback_attempted": "false", "google_fallback_success": "false", "google_fallback_group_id": "", "google_nearby_status": "", "google_nearby_error": "", "google_raw_nearby_count": "0", "google_excluded_outside_parcel": "0", "google_nearby_ranked_json": "[]", "google_winner_place_id": "", "google_winner_name": "", "google_anchor_address": "", "google_api_gouv_query": "", "google_api_gouv_etablissements_count": "0", "google_reject_reason": "", "osm_pois_json": "[]", "osm_poi_count": 0, "osm_pois_status": "ok", "osm_poi_truncated": 0, "osm_data_as_of": ""}, "geometry": {"type": "MultiPolygon", "coordinates": [[[[-0.7006939, 44.7833957], [-0.7008597, 44.7835477], [-0.7010225, 44.7836968], [-0.7010696, 44.7837399], [-0.7006935, 44.7839509], [-0.7005972, 44.784005], [-0.700264, 44.7841921], [-0.7009155, 44.7847932], [-0.7016409, 44.7843988], [-0.7017002, 44.7843667], [-0.7020398, 44.784182], [-0.7017413, 44.7839061], [-0.7015066, 44.7836913], [-0.7014721, 44.7836599], [-0.7010016, 44.783227], [-0.7006939, 44.7833957]]]]}, "id": "parcelle:33318:KL:0003"}, {"type": "Feature", "properties": {"scout_v5_id": "parcelle:33318:HB:0118", "grain": "parcelle", "batiment_construction_id": "", "bdnb_batiment_construction_id": "", "batiment_groupe_id": "", "osm_building_id": "", "osm_match_status": "", "osm_bdnb_intersection_area_m2": "", "osm_address_text": "", "code_insee": "33318", "section": "HB", "numero_norm": "0118", "code_iris": "333180120", "nom_iris": "Parc Industriel", "nb_batiments": 4, "annee_construction": "", "footprint_m2": "", "footprint_sum_m2": 4643.054929220181, "siren_status": "none", "status_technique": "no_candidate", "status_metier": "none", "siret_count": 0, "passerelle_address": "", "passerelle_indice_norm": "", "passerelle_numero_match": "", "passerelle_addresses_json": "[]", "sirets_json": "[]", "sirens_json": "[]", "matching_confidence": 0.0, "matching_reason": "", "matching_status": "mono", "matching_decision": "", "matching_siren_selected": "", "matching_debug_json": "", "parcelles_json": "", "buildings_json": "[{\"batiment_construction_id\": \"r:5791777\", \"bdnb_batiment_construction_id\": \"bdnb-bg-NXCE-C61D-QVLJ:1\", \"batiment_groupe_id\": \"bdnb-bg-NXCE-C61D-QVLJ\", \"annee_construction\": 2017, \"footprint_m2\": 1844.2500089829625, \"intersection_area_m2\": 1233.8061578813147, \"osm_building_id\": \"r:5791777\", \"osm_match_status\": \"matched\", \"osm_bdnb_intersection_area_m2\": 1737.2474215686932, \"osm_address_text\": \"11 Avenue de Canteranne, 33600 Pessac\", \"matching_status\": \"partage\", \"matching_decision\": \"unique_by_intersection\", \"matching_siren_selected\": \"\"}, {\"batiment_construction_id\": \"w:218782259\", \"bdnb_batiment_construction_id\": \"bdnb-bg-NXCE-C61D-QVLJ:5\", \"batiment_groupe_id\": \"bdnb-bg-NXCE-C61D-QVLJ\", \"annee_construction\": 2017, \"footprint_m2\": 720.4225971785571, \"intersection_area_m2\": 720.4225971785571, \"osm_building_id\": \"w:218782259\", \"osm_match_status\": \"matched\", \"osm_bdnb_intersection_area_m2\": 718.7010759186633, \"osm_address_text\": \"\", \"matching_status\": \"mono\", \"matching_decision\": \"mono\", \"matching_siren_selected\": \"\"}, {\"batiment_construction_id\": \"w:218783214\", \"bdnb_batiment_construction_id\": \"bdnb-bg-K9JY-FD5Y-4YWC:1\", \"batiment_groupe_id\": \"bdnb-bg-K9JY-FD5Y-4YWC\", \"annee_construction\": 2011, \"footprint_m2\": 1506.5752702593932, \"intersection_area_m2\": 1506.5752702593932, \"osm_building_id\": \"w:218783214\", \"osm_match_status\": \"matched\", \"osm_bdnb_intersection_area_m2\": 1473.6308188154985, \"osm_address_text\": \"11 Avenue de Canteranne, 33600 Pessac\", \"matching_status\": \"mono\", \"matching_decision\": \"mono\", \"matching_siren_selected\": \"\"}, {\"batiment_construction_id\": \"w:218783745\", \"bdnb_batiment_construction_id\": \"bdnb-bg-NXCE-C61D-QVLJ:4\", \"batiment_groupe_id\": \"bdnb-bg-NXCE-C61D-QVLJ\", \"annee_construction\": 2017, \"footprint_m2\": 571.8070527992688, \"intersection_area_m2\": 571.8070527992687, \"osm_building_id\": \"w:218783745\", \"osm_match_status\": \"matched\", \"osm_bdnb_intersection_area_m2\": 519.6693764185615, \"osm_address_text\": \"\", \"matching_status\": \"mono\", \"matching_decision\": \"mono\", \"matching_siren_selected\": \"\"}]", "building_geometries_json": "[{\"batiment_construction_id\": \"r:5791777\", \"bdnb_batiment_construction_id\": \"bdnb-bg-NXCE-C61D-QVLJ:1\", \"batiment_groupe_id\": \"bdnb-bg-NXCE-C61D-QVLJ\", \"osm_building_id\": \"r:5791777\", \"osm_match_status\": \"matched\", \"osm_bdnb_intersection_area_m2\": 1737.2474215686932, \"osm_address_text\": \"11 Avenue de Canteranne, 33600 Pessac\", \"annee_construction\": 2017, \"footprint_m2\": 1844.2500089829625, \"geometry\": {\"type\": \"MultiPolygon\", \"coordinates\": [[[[-0.6320573, 44.7847051], [-0.632044, 44.784679], [-0.632008, 44.784638], [-0.631995, 44.784643], [-0.631984, 44.784631], [-0.631998, 44.784625], [-0.631962, 44.784581], [-0.631786, 44.784657], [-0.631751, 44.784617], [-0.631811, 44.784591], [-0.631774, 44.784548], [-0.63176, 44.784554], [-0.63175, 44.784542], [-0.631764, 44.784536], [-0.631713, 44.784475], [-0.631669, 44.784493], [-0.631639, 44.784457], [-0.631682, 44.784439], [-0.631585, 44.784327], [-0.631205, 44.784489], [-0.631301, 44.784601], [-0.631388, 44.784564], [-0.631418, 44.7846], [-0.631302, 44.78465], [-0.631352, 44.784711], [-0.631367, 44.784705], [-0.631377, 44.784718], [-0.631363, 44.784723], [-0.631399, 44.784767], [-0.631575, 44.784692], [-0.631608, 44.784732], [-0.63155, 44.784757], [-0.631586, 44.7848], [-0.631601, 44.784794], [-0.631612, 44.784806], [-0.6315962, 44.7848124], [-0.6316477, 44.7848749], [-0.6320573, 44.7847051]], [[-0.63164, 44.784629], [-0.631584, 44.784653], [-0.631571, 44.784638], [-0.631628, 44.784614], [-0.63164, 44.784629]]]]}}, {\"batiment_construction_id\": \"w:218782259\", \"bdnb_batiment_construction_id\": \"bdnb-bg-NXCE-C61D-QVLJ:5\", \"batiment_groupe_id\": \"bdnb-bg-NXCE-C61D-QVLJ\", \"osm_building_id\": \"w:218782259\", \"osm_match_status\": \"matched\", \"osm_bdnb_intersection_area_m2\": 718.7010759186633, \"osm_address_text\": \"\", \"annee_construction\": 2017, \"footprint_m2\": 720.4225971785571, \"geometry\": {\"type\": \"MultiPolygon\", \"coordinates\": [[[[-0.630774, 44.785116], [-0.63061, 44.785006], [-0.630277, 44.785257], [-0.63044, 44.785367], [-0.6304668, 44.7853469], [-0.6305335, 44.7852967], [-0.630591, 44.785335], [-0.630644, 44.785296], [-0.6305855, 44.7852577], [-0.6307472, 44.7851361], [-0.630774, 44.785116]]]]}}, {\"batiment_construction_id\": \"w:218783214\", \"bdnb_batiment_construction_id\": \"bdnb-bg-K9JY-FD5Y-4YWC:1\", \"batiment_groupe_id\": \"bdnb-bg-K9JY-FD5Y-4YWC\", \"osm_building_id\": \"w:218783214\", \"osm_match_status\": \"matched\", \"osm_bdnb_intersection_area_m2\": 1473.6308188154985, \"osm_address_text\": \"11 Avenue de Canteranne, 33600 Pessac\", \"annee_construction\": 2011, \"footprint_m2\": 1506.5752702593932, \"geometry\": {\"type\": \"MultiPolygon\", \"coordinates\": [[[[-0.6309544, 44.7858722], [-0.6313254, 44.7857072], [-0.6312154, 44.7855812], [-0.6311984, 44.7855882], [-0.6311844, 44.7855732], [-0.6312294, 44.7855532], [-0.6312094, 44.7855302], [-0.6311654, 44.7855502], [-0.6311294, 44.7855102], [-0.6311464, 44.7855022], [-0.6310324, 44.7853742], [-0.6306624, 44.7855382], [-0.6309544, 44.7858722]]]]}}, {\"batiment_construction_id\": \"w:218783745\", \"bdnb_batiment_construction_id\": \"bdnb-bg-NXCE-C61D-QVLJ:4\", \"batiment_groupe_id\": \"bdnb-bg-NXCE-C61D-QVLJ\", \"osm_building_id\": \"w:218783745\", \"osm_match_status\": \"matched\", \"osm_bdnb_intersection_area_m2\": 519.6693764185615, \"osm_address_text\": \"\", \"annee_construction\": 2017, \"footprint_m2\": 571.8070527992688, \"geometry\": {\"type\": \"MultiPolygon\", \"coordinates\": [[[[-0.63106, 44.784935], [-0.631241, 44.784856], [-0.63115, 44.78475], [-0.630969, 44.784829], [-0.630956, 44.784813], [-0.630892, 44.784841], [-0.630906, 44.784856], [-0.630724, 44.784935], [-0.630814, 44.78504], [-0.630995, 44.784962], [-0.6310107, 44.7849801], [-0.631015, 44.784985], [-0.631078, 44.784957], [-0.6310748, 44.7849531], [-0.63106, 44.784935]]]]}}]", "google_fallback_attempted": "false", "google_fallback_success": "false", "google_fallback_group_id": "", "google_nearby_status": "", "google_nearby_error": "", "google_raw_nearby_count": "0", "google_excluded_outside_parcel": "0", "google_nearby_ranked_json": "[]", "google_winner_place_id": "", "google_winner_name": "", "google_anchor_address": "", "google_api_gouv_query": "", "google_api_gouv_etablissements_count": "0", "google_reject_reason": "", "osm_pois_json": "[]", "osm_poi_count": 0, "osm_pois_status": "ok", "osm_poi_truncated": 0, "osm_data_as_of": ""}, "geometry": {"type": "MultiPolygon", "coordinates": [[[[-0.6317643, 44.7840587], [-0.6314577, 44.7839417], [-0.6313231, 44.7840172], [-0.6309509, 44.7842283], [-0.6308323, 44.7843049], [-0.6304894, 44.784521], [-0.6301316, 44.7847599], [-0.6297237, 44.7850869], [-0.6296021, 44.785193], [-0.6292656, 44.785485], [-0.6291996, 44.7855652], [-0.6292087, 44.7855636], [-0.6292259, 44.7855606], [-0.6292431, 44.7855579], [-0.6292606, 44.7855552], [-0.6292778, 44.7855525], [-0.6292952, 44.7855501], [-0.6293126, 44.7855479], [-0.6293301, 44.7855457], [-0.6293476, 44.7855436], [-0.6293651, 44.7855417], [-0.6293826, 44.7855398], [-0.6294002, 44.7855383], [-0.6294176, 44.7855368], [-0.6294352, 44.7855353], [-0.6294528, 44.785534], [-0.6294705, 44.785533], [-0.6294881, 44.785532], [-0.6295058, 44.785531], [-0.6295234, 44.7855304], [-0.6295411, 44.7855297], [-0.6295588, 44.7855293], [-0.6295765, 44.7855289], [-0.6295942, 44.7855287], [-0.6296119, 44.7855285], [-0.6296296, 44.7855287], [-0.6296474, 44.7855289], [-0.6296651, 44.7855291], [-0.6296829, 44.7855295], [-0.6297004, 44.7855301], [-0.6297181, 44.7855308], [-0.6297358, 44.7855317], [-0.6297534, 44.7855326], [-0.6297711, 44.7855338], [-0.6297886, 44.785535], [-0.6298063, 44.7855364], [-0.629824, 44.7855378], [-0.6298416, 44.7855394], [-0.629859, 44.7855413], [-0.6298765, 44.7855431], [-0.6298941, 44.7855452], [-0.6299114, 44.7855473], [-0.6299288, 44.7855495], [-0.6299461, 44.7855518], [-0.6299635, 44.7855544], [-0.6299808, 44.7855572], [-0.6299982, 44.78556], [-0.6300154, 44.7855628], [-0.6300325, 44.7855659], [-0.6300498, 44.785569], [-0.6300669, 44.7855723], [-0.6300837, 44.7855757], [-0.6301008, 44.7855794], [-0.6301176, 44.785583], [-0.6301346, 44.7855868], [-0.6301515, 44.7855907], [-0.6301682, 44.7855948], [-0.630185, 44.785599], [-0.6302016, 44.7856032], [-0.6302182, 44.7856076], [-0.6302345, 44.7856122], [-0.630251, 44.7856169], [-0.6302674, 44.7856217], [-0.6302838, 44.7856266], [-0.6303, 44.7856317], [-0.6303162, 44.7856368], [-0.6303323, 44.7856421], [-0.6303483, 44.7856474], [-0.6303641, 44.7856531], [-0.6303799, 44.7856587], [-0.6303958, 44.7856644], [-0.6304114, 44.7856702], [-0.630427, 44.7856762], [-0.6304426, 44.7856823], [-0.630458, 44.7856885], [-0.6304734, 44.7856948], [-0.6304885, 44.7857013], [-0.6305036, 44.7857079], [-0.6305185, 44.7857145], [-0.6305337, 44.7857212], [-0.6305484, 44.7857281], [-0.6305632, 44.7857351], [-0.6305779, 44.7857422], [-0.6305923, 44.7857494], [-0.6306067, 44.7857568], [-0.630621, 44.7857641], [-0.6306353, 44.7857717], [-0.6306494, 44.7857793], [-0.6306633, 44.7857872], [-0.630677, 44.785795], [-0.6306908, 44.785803], [-0.6306967, 44.7858066], [-0.6307026, 44.7858105], [-0.6307084, 44.7858142], [-0.6307142, 44.785818], [-0.6307199, 44.7858218], [-0.6307257, 44.7858256], [-0.6307315, 44.7858295], [-0.6307372, 44.7858332], [-0.630743, 44.7858371], [-0.6307486, 44.785841], [-0.6307544, 44.7858449], [-0.63076, 44.7858487], [-0.6307655, 44.7858527], [-0.6307712, 44.7858566], [-0.6307767, 44.7858605], [-0.6307824, 44.7858645], [-0.6307879, 44.7858684], [-0.6307934, 44.7858724], [-0.6307991, 44.7858764], [-0.6308045, 44.7858803], [-0.63081, 44.7858844], [-0.6308155, 44.7858884], [-0.6308209, 44.7858925], [-0.6308264, 44.7858965], [-0.6308318, 44.7859005], [-0.6308371, 44.7859048], [-0.6308426, 44.7859088], [-0.6308479, 44.7859129], [-0.6308532, 44.785917], [-0.6308585, 44.7859211], [-0.6308639, 44.7859253], [-0.6308691, 44.7859295], [-0.6308744, 44.7859336], [-0.6308797, 44.7859377], [-0.6308848, 44.785942], [-0.6308901, 44.7859461], [-0.6308952, 44.7859504], [-0.6309004, 44.7859546], [-0.6309056, 44.7859589], [-0.6309106, 44.785963], [-0.6309157, 44.7859674], [-0.6309174, 44.7859689], [-0.6316522, 44.7856454], [-0.631605, 44.7855911], [-0.6316002, 44.7855885], [-0.6315952, 44.7855867], [-0.6315901, 44.7855854], [-0.6315849, 44.7855846], [-0.6315821, 44.7855844], [-0.6315766, 44.7855844], [-0.631574, 44.7855846], [-0.6315712, 44.7855849], [-0.6315686, 44.7855855], [-0.6315663, 44.7855859], [-0.6314984, 44.7856164], [-0.6314904, 44.7856194], [-0.6314783, 44.7856225], [-0.631472, 44.7856237], [-0.6314656, 44.7856244], [-0.6314593, 44.785625], [-0.6314527, 44.7856251], [-0.6314464, 44.785625], [-0.6314399, 44.7856245], [-0.6314336, 44.7856236], [-0.6314273, 44.7856225], [-0.6314212, 44.7856211], [-0.6314152, 44.7856194], [-0.6314094, 44.7856174], [-0.6314038, 44.7856151], [-0.6313985, 44.7856126], [-0.6313885, 44.7856067], [-0.6313833, 44.7856028], [-0.6309693, 44.7851302], [-0.631378, 44.7849486], [-0.6313913, 44.7849637], [-0.6314055, 44.7849576], [-0.6314569, 44.7850165], [-0.6315128, 44.7849918], [-0.6313645, 44.7848217], [-0.6321106, 44.7844934], [-0.6317643, 44.7840587]]]]}, "id": "parcelle:33318:HB:0118"}, {"type": "Feature", "properties": {"scout_v5_id": "parcelle:33318:HB:0130", "grain": "parcelle", "batiment_construction_id": "", "bdnb_batiment_construction_id": "", "batiment_groupe_id": "", "osm_building_id": "", "osm_match_status": "", "osm_bdnb_intersection_area_m2": "", "osm_address_text": "", "code_insee": "33318", "section": "HB", "numero_norm": "0130", "code_iris": "333180120", "nom_iris": "Parc Industriel", "nb_batiments": 1, "annee_construction": "", "footprint_m2": "", "footprint_sum_m2": 1844.2500089829625, "siren_status": "none", "status_technique": "no_candidate", "status_metier": "none", "siret_count": 0, "passerelle_address": "", "passerelle_indice_norm": "", "passerelle_numero_match": "", "passerelle_addresses_json": "[]", "sirets_json": "[]", "sirens_json": "[]", "matching_confidence": 0.0, "matching_reason": "", "matching_status": "mono", "matching_decision": "", "matching_siren_selected": "", "matching_debug_json": "", "parcelles_json": "", "buildings_json": "[{\"batiment_construction_id\": \"r:5791777\", \"bdnb_batiment_construction_id\": \"bdnb-bg-NXCE-C61D-QVLJ:1\", \"batiment_groupe_id\": \"bdnb-bg-NXCE-C61D-QVLJ\", \"annee_construction\": 2017, \"footprint_m2\": 1844.2500089829625, \"intersection_area_m2\": 610.443851101458, \"osm_building_id\": \"r:5791777\", \"osm_match_status\": \"matched\", \"osm_bdnb_intersection_area_m2\": 1737.2474215686932, \"osm_address_text\": \"11 Avenue de Canteranne, 33600 Pessac\", \"matching_status\": \"partage\", \"matching_decision\": \"unique_by_intersection\", \"matching_siren_selected\": \"\"}]", "building_geometries_json": "[{\"batiment_construction_id\": \"r:5791777\", \"bdnb_batiment_construction_id\": \"bdnb-bg-NXCE-C61D-QVLJ:1\", \"batiment_groupe_id\": \"bdnb-bg-NXCE-C61D-QVLJ\", \"osm_building_id\": \"r:5791777\", \"osm_match_status\": \"matched\", \"osm_bdnb_intersection_area_m2\": 1737.2474215686932, \"osm_address_text\": \"11 Avenue de Canteranne, 33600 Pessac\", \"annee_construction\": 2017, \"footprint_m2\": 1844.2500089829625, \"geometry\": {\"type\": \"MultiPolygon\", \"coordinates\": [[[[-0.6320573, 44.7847051], [-0.632044, 44.784679], [-0.632008, 44.784638], [-0.631995, 44.784643], [-0.631984, 44.784631], [-0.631998, 44.784625], [-0.631962, 44.784581], [-0.631786, 44.784657], [-0.631751, 44.784617], [-0.631811, 44.784591], [-0.631774, 44.784548], [-0.63176, 44.784554], [-0.63175, 44.784542], [-0.631764, 44.784536], [-0.631713, 44.784475], [-0.631669, 44.784493], [-0.631639, 44.784457], [-0.631682, 44.784439], [-0.631585, 44.784327], [-0.631205, 44.784489], [-0.631301, 44.784601], [-0.631388, 44.784564], [-0.631418, 44.7846], [-0.631302, 44.78465], [-0.631352, 44.784711], [-0.631367, 44.784705], [-0.631377, 44.784718], [-0.631363, 44.784723], [-0.631399, 44.784767], [-0.631575, 44.784692], [-0.631608, 44.784732], [-0.63155, 44.784757], [-0.631586, 44.7848], [-0.631601, 44.784794], [-0.631612, 44.784806], [-0.6315962, 44.7848124], [-0.6316477, 44.7848749], [-0.6320573, 44.7847051]], [[-0.63164, 44.784629], [-0.631584, 44.784653], [-0.631571, 44.784638], [-0.631628, 44.784614], [-0.63164, 44.784629]]]]}}]", "google_fallback_attempted": "false", "google_fallback_success": "false", "google_fallback_group_id": "", "google_nearby_status": "", "google_nearby_error": "", "google_raw_nearby_count": "0", "google_excluded_outside_parcel": "0", "google_nearby_ranked_json": "[]", "google_winner_place_id": "", "google_winner_name": "", "google_anchor_address": "", "google_api_gouv_query": "", "google_api_gouv_etablissements_count": "0", "google_reject_reason": "", "osm_pois_json": "[]", "osm_poi_count": 0, "osm_pois_status": "ok", "osm_poi_truncated": 0, "osm_data_as_of": ""}, "geometry": {"type": "MultiPolygon", "coordinates": [[[[-0.6321106, 44.7844934], [-0.6313645, 44.7848217], [-0.6315128, 44.7849918], [-0.6314569, 44.7850165], [-0.6318459, 44.7854639], [-0.6326303, 44.7851326], [-0.6323639, 44.7848112], [-0.6321106, 44.7844934]]]]}, "id": "parcelle:33318:HB:0130"}, {"type": "Feature", "properties": {"scout_v5_id": "parcelle:33318:EP:0035", "grain": "parcelle", "batiment_construction_id": "", "bdnb_batiment_construction_id": "", "batiment_groupe_id": "", "osm_building_id": "", "osm_match_status": "", "osm_bdnb_intersection_area_m2": "", "osm_address_text": "", "code_insee": "33318", "section": "EP", "numero_norm": "0035", "code_iris": "333180120", "nom_iris": "Parc Industriel", "nb_batiments": 6, "annee_construction": "", "footprint_m2": "", "footprint_sum_m2": 23136.069754234777, "siren_status": "none", "status_technique": "no_candidate", "status_metier": "none", "siret_count": 0, "passerelle_address": "", "passerelle_indice_norm": "", "passerelle_numero_match": "", "passerelle_addresses_json": "[]", "sirets_json": "[]", "sirens_json": "[]", "matching_confidence": 0.0, "matching_reason": "", "matching_status": "mono", "matching_decision": "", "matching_siren_selected": "", "matching_debug_json": "", "parcelles_json": "", "buildings_json": "[{\"batiment_construction_id\": \"r:5791779\", \"bdnb_batiment_construction_id\": \"bdnb-bg-4H47-9MY7-76FN:8\", \"batiment_groupe_id\": \"bdnb-bg-4H47-9MY7-76FN\", \"annee_construction\": 2010, \"footprint_m2\": 2362.993598770066, \"intersection_area_m2\": 2362.993598770065, \"osm_building_id\": \"r:5791779\", \"osm_match_status\": \"matched\", \"osm_bdnb_intersection_area_m2\": 2243.190051215147, \"osm_address_text\": \"\", \"matching_status\": \"mono\", \"matching_decision\": \"mono\", \"matching_siren_selected\": \"\"}, {\"batiment_construction_id\": \"r:5791819\", \"bdnb_batiment_construction_id\": \"bdnb-bg-4H47-9MY7-76FN:22\", \"batiment_groupe_id\": \"bdnb-bg-4H47-9MY7-76FN\", \"annee_construction\": 2010, \"footprint_m2\": 2736.5664117413658, \"intersection_area_m2\": 2736.566411741366, \"osm_building_id\": \"r:5791819\", \"osm_match_status\": \"matched\", \"osm_bdnb_intersection_area_m2\": 2465.091610363353, \"osm_address_text\": \"\", \"matching_status\": \"mono\", \"matching_decision\": \"mono\", \"matching_siren_selected\": \"\"}, {\"batiment_construction_id\": \"w:114590317\", \"bdnb_batiment_construction_id\": \"bdnb-bg-4H47-9MY7-76FN:8\", \"batiment_groupe_id\": \"bdnb-bg-4H47-9MY7-76FN\", \"annee_construction\": 2010, \"footprint_m2\": 9282.771353743696, \"intersection_area_m2\": 2703.674231292665, \"osm_building_id\": \"w:114590317\", \"osm_match_status\": \"matched\", \"osm_bdnb_intersection_area_m2\": 8906.502636306008, \"osm_address_text\": \"\", \"matching_status\": \"partage\", \"matching_decision\": \"unique_by_intersection\", \"matching_siren_selected\": \"\"}, {\"batiment_construction_id\": \"w:114590376\", \"bdnb_batiment_construction_id\": \"bdnb-bg-4H47-9MY7-76FN:8\", \"batiment_groupe_id\": \"bdnb-bg-4H47-9MY7-76FN\", \"annee_construction\": 2010, \"footprint_m2\": 5293.545086983606, \"intersection_area_m2\": 5293.545086983608, \"osm_building_id\": \"w:114590376\", \"osm_match_status\": \"matched\", \"osm_bdnb_intersection_area_m2\": 4980.865595263447, \"osm_address_text\": \"\", \"matching_status\": \"mono\", \"matching_decision\": \"mono\", \"matching_siren_selected\": \"\"}, {\"batiment_construction_id\": \"w:114590436\", \"bdnb_batiment_construction_id\": \"bdnb-bg-4H47-9MY7-76FN:12\", \"batiment_groupe_id\": \"bdnb-bg-4H47-9MY7-76FN\", \"annee_construction\": 2010, \"footprint_m2\": 404.977824569463, \"intersection_area_m2\": 404.97782456946294, \"osm_building_id\": \"w:114590436\", \"osm_match_status\": \"matched\", \"osm_bdnb_intersection_area_m2\": 325.0488259150039, \"osm_address_text\": \"\", \"matching_status\": \"mono\", \"matching_decision\": \"mono\", \"matching_siren_selected\": \"\"}, {\"batiment_construction_id\": \"w:114696057\", \"bdnb_batiment_construction_id\": \"bdnb-bg-4H47-9MY7-76FN:8\", \"batiment_groupe_id\": \"bdnb-bg-4H47-9MY7-76FN\", \"annee_construction\": 2010, \"footprint_m2\": 3055.2154784265786, \"intersection_area_m2\": 3055.21547842658, \"osm_building_id\": \"w:114696057\", \"osm_match_status\": \"matched\", \"osm_bdnb_intersection_area_m2\": 2875.345984824115, \"osm_address_text\": \"\", \"matching_status\": \"mono\", \"matching_decision\": \"mono\", \"matching_siren_selected\": \"\"}]", "building_geometries_json": "[{\"batiment_construction_id\": \"r:5791779\", \"bdnb_batiment_construction_id\": \"bdnb-bg-4H47-9MY7-76FN:8\", \"batiment_groupe_id\": \"bdnb-bg-4H47-9MY7-76FN\", \"osm_building_id\": \"r:5791779\", \"osm_match_status\": \"matched\", \"osm_bdnb_intersection_area_m2\": 2243.190051215147, \"osm_address_text\": \"\", \"annee_construction\": 2010, \"footprint_m2\": 2362.993598770066, \"geometry\": {\"type\": \"MultiPolygon\", \"coordinates\": [[[[-0.657857, 44.78755], [-0.657599, 44.787337], [-0.657455, 44.787425], [-0.657476, 44.787441], [-0.656993, 44.78774], [-0.657324, 44.78801], [-0.657468, 44.787922], [-0.657449, 44.787906], [-0.657468, 44.787897], [-0.657486, 44.787912], [-0.657558, 44.787868], [-0.657583, 44.787852], [-0.657658, 44.787807], [-0.657641, 44.787792], [-0.657657, 44.787783], [-0.657673, 44.787797], [-0.65781, 44.787714], [-0.657717, 44.787638], [-0.657857, 44.78755]], [[-0.657519, 44.787776], [-0.657454, 44.787816], [-0.657308, 44.787697], [-0.657372, 44.787656], [-0.657519, 44.787776]]]]}}, {\"batiment_construction_id\": \"r:5791819\", \"bdnb_batiment_construction_id\": \"bdnb-bg-4H47-9MY7-76FN:22\", \"batiment_groupe_id\": \"bdnb-bg-4H47-9MY7-76FN\", \"osm_building_id\": \"r:5791819\", \"osm_match_status\": \"matched\", \"osm_bdnb_intersection_area_m2\": 2465.091610363353, \"osm_address_text\": \"\", \"annee_construction\": 2010, \"footprint_m2\": 2736.5664117413658, \"geometry\": {\"type\": \"MultiPolygon\", \"coordinates\": [[[[-0.658042, 44.786692], [-0.6580059, 44.7866621], [-0.658001, 44.786658], [-0.657991, 44.786663], [-0.657978, 44.786652], [-0.657988, 44.786647], [-0.6579825, 44.7866424], [-0.65778, 44.786474], [-0.657771, 44.786479], [-0.657756, 44.786468], [-0.657767, 44.786462], [-0.657613, 44.786334], [-0.657603, 44.78634], [-0.657589, 44.786328], [-0.657598, 44.786322], [-0.65756, 44.78629], [-0.657317, 44.786438], [-0.6574084, 44.7865144], [-0.657579, 44.786411], [-0.657615, 44.786441], [-0.6574443, 44.7865445], [-0.6574282, 44.7865542], [-0.657389, 44.786578], [-0.657296, 44.7865], [-0.65704, 44.786655], [-0.657151, 44.786748], [-0.657131, 44.786761], [-0.657424, 44.787005], [-0.657475, 44.786974], [-0.657447, 44.78695], [-0.65767, 44.786816], [-0.657698, 44.786839], [-0.657779, 44.786789], [-0.657823, 44.786826], [-0.658042, 44.786692]], [[-0.657785, 44.786635], [-0.657695, 44.78669], [-0.657644, 44.786648], [-0.657734, 44.786593], [-0.657785, 44.786635]], [[-0.657684, 44.786749], [-0.657649, 44.78677], [-0.657556, 44.786692], [-0.65759, 44.786672], [-0.657684, 44.786749]], [[-0.657467, 44.786743], [-0.657412, 44.786777], [-0.657339, 44.786717], [-0.65736, 44.786704], [-0.657386, 44.786724], [-0.657419, 44.786704], [-0.657467, 44.786743]], [[-0.657374, 44.786666], [-0.657352, 44.786679], [-0.657327, 44.786659], [-0.657294, 44.786679], [-0.657246, 44.786639], [-0.657302, 44.786606], [-0.657374, 44.786666]]]]}}, {\"batiment_construction_id\": \"w:114590317\", \"bdnb_batiment_construction_id\": \"bdnb-bg-4H47-9MY7-76FN:8\", \"batiment_groupe_id\": \"bdnb-bg-4H47-9MY7-76FN\", \"osm_building_id\": \"w:114590317\", \"osm_match_status\": \"matched\", \"osm_bdnb_intersection_area_m2\": 8906.502636306008, \"osm_address_text\": \"\", \"annee_construction\": 2010, \"footprint_m2\": 9282.771353743696, \"geometry\": {\"type\": \"MultiPolygon\", \"coordinates\": [[[[-0.6609023, 44.7858603], [-0.6616389, 44.7854056], [-0.6615257, 44.7852731], [-0.6612585, 44.7854239], [-0.66121, 44.785379], [-0.661088, 44.785278], [-0.661123, 44.785257], [-0.661093, 44.785231], [-0.661086, 44.785235], [-0.661034, 44.785191], [-0.661039, 44.785187], [-0.661006, 44.785159], [-0.660971, 44.78518], [-0.660917, 44.785134], [-0.660624, 44.784887], [-0.660183, 44.78516], [-0.660158, 44.785174], [-0.659738, 44.785434], [-0.6598576, 44.7855341], [-0.6598794, 44.7855524], [-0.6600921, 44.7857301], [-0.6601694, 44.7857947], [-0.66025, 44.7858625], [-0.6604773, 44.7860538], [-0.660501, 44.786074], [-0.6605021, 44.7860749], [-0.6608802, 44.7858385], [-0.6609023, 44.7858603]]]]}}, {\"batiment_construction_id\": \"w:114590376\", \"bdnb_batiment_construction_id\": \"bdnb-bg-4H47-9MY7-76FN:8\", \"batiment_groupe_id\": \"bdnb-bg-4H47-9MY7-76FN\", \"osm_building_id\": \"w:114590376\", \"osm_match_status\": \"matched\", \"osm_bdnb_intersection_area_m2\": 4980.865595263447, \"osm_address_text\": \"\", \"annee_construction\": 2010, \"footprint_m2\": 5293.545086983606, \"geometry\": {\"type\": \"MultiPolygon\", \"coordinates\": [[[[-0.658319, 44.786929], [-0.658478, 44.787059], [-0.658565, 44.787009], [-0.65859, 44.786993], [-0.658667, 44.78706], [-0.658644, 44.787076], [-0.658622, 44.78706], [-0.657949, 44.787466], [-0.658094, 44.787588], [-0.658825, 44.787156], [-0.658834, 44.787163], [-0.658813, 44.787188], [-0.658816, 44.787191], [-0.658841, 44.787213], [-0.658846, 44.787218], [-0.658889, 44.787206], [-0.658899, 44.787217], [-0.658848, 44.787249], [-0.65893, 44.787293], [-0.658999, 44.787306], [-0.659062, 44.787304], [-0.659123, 44.787289], [-0.659181, 44.787259], [-0.659238, 44.787185], [-0.659244, 44.787134], [-0.65923, 44.78709], [-0.659189, 44.787042], [-0.659134, 44.787074], [-0.659122, 44.787065], [-0.659145, 44.787035], [-0.659141, 44.78703], [-0.659119, 44.787011], [-0.659116, 44.787008], [-0.65907, 44.787019], [-0.659058, 44.78701], [-0.659788, 44.786574], [-0.659636, 44.786448], [-0.65896, 44.786856], [-0.658979, 44.786871], [-0.658954, 44.786887], [-0.658873, 44.786819], [-0.658899, 44.786803], [-0.658987, 44.786752], [-0.658825, 44.78662], [-0.6587093, 44.7866638], [-0.6585845, 44.7867233], [-0.658545, 44.786744], [-0.658404, 44.786845], [-0.658319, 44.786929]]]]}}, {\"batiment_construction_id\": \"w:114590436\", \"bdnb_batiment_construction_id\": \"bdnb-bg-4H47-9MY7-76FN:12\", \"batiment_groupe_id\": \"bdnb-bg-4H47-9MY7-76FN\", \"osm_building_id\": \"w:114590436\", \"osm_match_status\": \"matched\", \"osm_bdnb_intersection_area_m2\": 325.0488259150039, \"osm_address_text\": \"\", \"annee_construction\": 2010, \"footprint_m2\": 404.977824569463, \"geometry\": {\"type\": \"MultiPolygon\", \"coordinates\": [[[[-0.660387, 44.788213], [-0.660414, 44.788197], [-0.660388, 44.788175], [-0.660458, 44.788132], [-0.660466, 44.788139], [-0.660508, 44.788113], [-0.660411, 44.788028], [-0.660372, 44.788049], [-0.660347, 44.788027], [-0.660383, 44.788007], [-0.660243, 44.787886], [-0.660204, 44.787911], [-0.66021, 44.787918], [-0.660194, 44.787926], [-0.660256, 44.78798], [-0.660212, 44.788006], [-0.660202, 44.787996], [-0.660148, 44.788027], [-0.660233, 44.788098], [-0.660279, 44.78807], [-0.660294, 44.788084], [-0.660246, 44.788113], [-0.660268, 44.788132], [-0.660292, 44.788119], [-0.660317, 44.78814], [-0.660294, 44.788153], [-0.660333, 44.788186], [-0.660354, 44.788174], [-0.660371, 44.788187], [-0.660361, 44.788192], [-0.660387, 44.788213]]]]}}, {\"batiment_construction_id\": \"w:114696057\", \"bdnb_batiment_construction_id\": \"bdnb-bg-4H47-9MY7-76FN:8\", \"batiment_groupe_id\": \"bdnb-bg-4H47-9MY7-76FN\", \"osm_building_id\": \"w:114696057\", \"osm_match_status\": \"matched\", \"osm_bdnb_intersection_area_m2\": 2875.345984824115, \"osm_address_text\": \"\", \"annee_construction\": 2010, \"footprint_m2\": 3055.2154784265786, \"geometry\": {\"type\": \"MultiPolygon\", \"coordinates\": [[[[-0.6582872, 44.7885273], [-0.657865, 44.7884257], [-0.6578162, 44.7883777], [-0.6577352, 44.7880655], [-0.6576598, 44.788073], [-0.6576288, 44.7880769], [-0.6575967, 44.7880817], [-0.6575808, 44.7880216], [-0.6575462, 44.7879938], [-0.6574798, 44.788031], [-0.6574765, 44.7880209], [-0.6573756, 44.7880787], [-0.6573873, 44.7881185], [-0.6574611, 44.788109], [-0.6574746, 44.788163], [-0.6575397, 44.7884145], [-0.6575041, 44.7884691], [-0.6572396, 44.7886336], [-0.6571808, 44.7886703], [-0.6571686, 44.7886777], [-0.6573484, 44.788827], [-0.6576464, 44.7886458], [-0.6576781, 44.7886718], [-0.6577094, 44.7886975], [-0.6577476, 44.7886826], [-0.6577904, 44.7886855], [-0.6578084, 44.7886496], [-0.6578198, 44.7886267], [-0.6581048, 44.7886965], [-0.6581787, 44.7887148], [-0.6581926, 44.7887182], [-0.6582872, 44.7885273]]]]}}]", "google_fallback_attempted": "false", "google_fallback_success": "false", "google_fallback_group_id": "", "google_nearby_status": "", "google_nearby_error": "", "google_raw_nearby_count": "0", "google_excluded_outside_parcel": "0", "google_nearby_ranked_json": "[]", "google_winner_place_id": "", "google_winner_name": "", "google_anchor_address": "", "google_api_gouv_query": "", "google_api_gouv_etablissements_count": "0", "google_reject_reason": "", "osm_pois_json": "[]", "osm_poi_count": 0, "osm_pois_status": "ok", "osm_poi_truncated": 0, "osm_data_as_of": ""}, "geometry": {"type": "MultiPolygon", "coordinates": [[[[-0.6582613, 44.7850667], [-0.656616, 44.7845947], [-0.6560064, 44.784825], [-0.6555489, 44.7847135], [-0.6554275, 44.7849797], [-0.6553965, 44.7850479], [-0.6552844, 44.7852771], [-0.6551978, 44.7854691], [-0.6550305, 44.7857738], [-0.6549323, 44.7859152], [-0.6549221, 44.785926], [-0.6549778, 44.7859325], [-0.6551971, 44.7859729], [-0.655272, 44.7861383], [-0.6554506, 44.7862279], [-0.6555693, 44.7862436], [-0.6557558, 44.7862409], [-0.6568445, 44.7869057], [-0.655551, 44.7878043], [-0.6556241, 44.7879172], [-0.6557379, 44.7881043], [-0.6557934, 44.7881986], [-0.6558438, 44.7882856], [-0.6565003, 44.7878923], [-0.6567758, 44.7882057], [-0.6568131, 44.7887143], [-0.6570436, 44.788929], [-0.6563844, 44.7892144], [-0.6565663, 44.7894962], [-0.6566326, 44.7895965], [-0.6566647, 44.7896413], [-0.6568733, 44.7899212], [-0.656951, 44.790019], [-0.6572715, 44.7904217], [-0.6575579, 44.7905825], [-0.6586937, 44.7903941], [-0.6587914, 44.7903554], [-0.6588, 44.7903539], [-0.6588037, 44.7903511], [-0.6588112, 44.790346], [-0.6588171, 44.7903418], [-0.6588227, 44.7903372], [-0.6588301, 44.7903316], [-0.6588341, 44.790329], [-0.658841, 44.7903232], [-0.658845, 44.79032], [-0.6588507, 44.7903146], [-0.6588549, 44.79031], [-0.658862, 44.7903037], [-0.6588662, 44.790299], [-0.6588698, 44.7902947], [-0.658875, 44.7902896], [-0.6588791, 44.7902849], [-0.6588832, 44.7902801], [-0.6588872, 44.7902761], [-0.6588905, 44.7902719], [-0.6588945, 44.7902677], [-0.6588967, 44.7902638], [-0.6591474, 44.7899264], [-0.6591508, 44.7899296], [-0.6592315, 44.7898215], [-0.65965, 44.7892759], [-0.6599331, 44.7889213], [-0.6600297, 44.7887997], [-0.6603415, 44.7884089], [-0.6603519, 44.78838], [-0.6603568, 44.7883397], [-0.6603474, 44.7883183], [-0.6603122, 44.7882794], [-0.6603171, 44.7882766], [-0.6603694, 44.7882463], [-0.6604027, 44.7882272], [-0.660467, 44.788214], [-0.6604732, 44.7882113], [-0.6604763, 44.7882097], [-0.660482, 44.7882063], [-0.6604873, 44.7882027], [-0.6604932, 44.7881992], [-0.6604986, 44.788196], [-0.6605039, 44.7881915], [-0.6605073, 44.7881886], [-0.6605104, 44.7881845], [-0.660514, 44.7881804], [-0.6605547, 44.7881272], [-0.6610574, 44.7874698], [-0.6611455, 44.7873726], [-0.6612868, 44.7872462], [-0.6616783, 44.7869101], [-0.6617779, 44.7868343], [-0.6618146, 44.7868106], [-0.6618654, 44.7867779], [-0.6618835, 44.7867662], [-0.6626691, 44.7863572], [-0.6627304, 44.7863276], [-0.662815, 44.7862843], [-0.6622801, 44.7861215], [-0.6620475, 44.7860502], [-0.661612, 44.7859177], [-0.6615985, 44.7859136], [-0.6614194, 44.7858594], [-0.6613547, 44.7858401], [-0.6611546, 44.7857788], [-0.6610845, 44.7857577], [-0.6610331, 44.7857425], [-0.6609999, 44.7857326], [-0.6609323, 44.7857122], [-0.6608272, 44.7856867], [-0.6597581, 44.785438], [-0.65974, 44.785434], [-0.6596135, 44.7854042], [-0.6595314, 44.7853854], [-0.6587311, 44.7851988], [-0.6587019, 44.7851916], [-0.6586699, 44.7851829], [-0.6582613, 44.7850667]]]]}, "id": "parcelle:33318:EP:0035"}, {"type": "Feature", "properties": {"scout_v5_id": "parcelle:33318:CO:0100", "grain": "parcelle", "batiment_construction_id": "", "bdnb_batiment_construction_id": "", "batiment_groupe_id": "", "osm_building_id": "", "osm_match_status": "", "osm_bdnb_intersection_area_m2": "", "osm_address_text": "", "code_insee": "33318", "section": "CO", "numero_norm": "0100", "code_iris": "333180112", "nom_iris": "Cazalet", "nb_batiments": 1, "annee_construction": "", "footprint_m2": "", "footprint_sum_m2": 3198.281409882055, "siren_status": "none", "status_technique": "no_candidate", "status_metier": "none", "siret_count": 0, "passerelle_address": "", "passerelle_indice_norm": "", "passerelle_numero_match": "", "passerelle_addresses_json": "[]", "sirets_json": "[]", "sirens_json": "[]", "matching_confidence": 0.0, "matching_reason": "", "matching_status": "mono", "matching_decision": "", "matching_siren_selected": "", "matching_debug_json": "", "parcelles_json": "", "buildings_json": "[{\"batiment_construction_id\": \"r:5791781\", \"bdnb_batiment_construction_id\": \"bdnb-bg-ZM27-3MWD-EV9Y:1\", \"batiment_groupe_id\": \"bdnb-bg-ZM27-3MWD-EV9Y\", \"annee_construction\": null, \"footprint_m2\": 3198.281409882055, \"intersection_area_m2\": 2503.1707014400386, \"osm_building_id\": \"r:5791781\", \"osm_match_status\": \"matched\", \"osm_bdnb_intersection_area_m2\": 3111.316715148754, \"osm_address_text\": \"\", \"matching_status\": \"partage\", \"matching_decision\": \"unique_by_intersection\", \"matching_siren_selected\": \"\"}]", "building_geometries_json": "[{\"batiment_construction_id\": \"r:5791781\", \"bdnb_batiment_construction_id\": \"bdnb-bg-ZM27-3MWD-EV9Y:1\", \"batiment_groupe_id\": \"bdnb-bg-ZM27-3MWD-EV9Y\", \"osm_building_id\": \"r:5791781\", \"osm_match_status\": \"matched\", \"osm_bdnb_intersection_area_m2\": 3111.316715148754, \"osm_address_text\": \"\", \"annee_construction\": null, \"footprint_m2\": 3198.281409882055, \"geometry\": {\"type\": \"MultiPolygon\", \"coordinates\": [[[[-0.675708, 44.797183], [-0.675416, 44.796706], [-0.675339, 44.79673], [-0.675346, 44.796741], [-0.675014, 44.796843], [-0.675021, 44.796854], [-0.675005, 44.796859], [-0.674973, 44.796805], [-0.674915, 44.796823], [-0.674948, 44.796877], [-0.674928, 44.796882], [-0.674908, 44.796848], [-0.674674, 44.796921], [-0.674775, 44.797088], [-0.674796, 44.797081], [-0.674972, 44.797371], [-0.675044, 44.797349], [-0.675104, 44.79733], [-0.675189, 44.797305], [-0.675162, 44.797261], [-0.675254, 44.797233], [-0.675278, 44.797272], [-0.675283, 44.797274], [-0.675314, 44.797264], [-0.675352, 44.797253], [-0.675606, 44.797174], [-0.675617, 44.797191], [-0.675602, 44.797196], [-0.675609, 44.797209], [-0.675615, 44.797211], [-0.675708, 44.797183]], [[-0.675226, 44.797187], [-0.675135, 44.797215], [-0.675045, 44.797068], [-0.675136, 44.79704], [-0.675226, 44.797187]]]]}}]", "google_fallback_attempted": "false", "google_fallback_success": "false", "google_fallback_group_id": "", "google_nearby_status": "", "google_nearby_error": "", "google_raw_nearby_count": "0", "google_excluded_outside_parcel": "0", "google_nearby_ranked_json": "[]", "google_winner_place_id": "", "google_winner_name": "", "google_anchor_address": "", "google_api_gouv_query": "", "google_api_gouv_etablissements_count": "0", "google_reject_reason": "", "osm_pois_json": "[]", "osm_poi_count": 0, "osm_pois_status": "ok", "osm_poi_truncated": 0, "osm_data_as_of": ""}, "geometry": {"type": "MultiPolygon", "coordinates": [[[[-0.6757424, 44.7974266], [-0.6757678, 44.7969462], [-0.6756037, 44.7966479], [-0.6750067, 44.7955629], [-0.6746701, 44.7956188], [-0.6745734, 44.7956351], [-0.674051, 44.7957238], [-0.6738202, 44.7957629], [-0.6736445, 44.7957924], [-0.6735736, 44.7958045], [-0.6732891, 44.7958524], [-0.6730303, 44.795896], [-0.6729272, 44.7959135], [-0.6727213, 44.7959485], [-0.6727221, 44.7959495], [-0.673183, 44.7972944], [-0.6731844, 44.7972987], [-0.6731908, 44.7972983], [-0.6731931, 44.7972981], [-0.6736508, 44.7972219], [-0.6736569, 44.7972209], [-0.673663, 44.79722], [-0.6750444, 44.7970235], [-0.6750466, 44.797023], [-0.6750528, 44.797022], [-0.6750553, 44.7970263], [-0.6751807, 44.7972336], [-0.6751917, 44.7972518], [-0.6753365, 44.7974914], [-0.6753391, 44.7974954], [-0.6753452, 44.7974945], [-0.675728, 44.7974295], [-0.6757312, 44.7974292], [-0.6757375, 44.7974285], [-0.6757424, 44.7974266]]]]}, "id": "parcelle:33318:CO:0100"}, {"type": "Feature", "properties": {"scout_v5_id": "parcelle:33318:CO:0156", "grain": "parcelle", "batiment_construction_id": "", "bdnb_batiment_construction_id": "", "batiment_groupe_id": "", "osm_building_id": "", "osm_match_status": "", "osm_bdnb_intersection_area_m2": "", "osm_address_text": "", "code_insee": "33318", "section": "CO", "numero_norm": "0156", "code_iris": "333180112", "nom_iris": "Cazalet", "nb_batiments": 2, "annee_construction": "", "footprint_m2": "", "footprint_sum_m2": 3985.9729990944647, "siren_status": "none", "status_technique": "no_candidate", "status_metier": "none", "siret_count": 0, "passerelle_address": "", "passerelle_indice_norm": "", "passerelle_numero_match": "", "passerelle_addresses_json": "[]", "sirets_json": "[]", "sirens_json": "[]", "matching_confidence": 0.0, "matching_reason": "", "matching_status": "mono", "matching_decision": "", "matching_siren_selected": "", "matching_debug_json": "", "parcelles_json": "", "buildings_json": "[{\"batiment_construction_id\": \"r:5791781\", \"bdnb_batiment_construction_id\": \"bdnb-bg-ZM27-3MWD-EV9Y:1\", \"batiment_groupe_id\": \"bdnb-bg-ZM27-3MWD-EV9Y\", \"annee_construction\": null, \"footprint_m2\": 3198.281409882055, \"intersection_area_m2\": 695.1107084434221, \"osm_building_id\": \"r:5791781\", \"osm_match_status\": \"matched\", \"osm_bdnb_intersection_area_m2\": 3111.316715148754, \"osm_address_text\": \"\", \"matching_status\": \"partage\", \"matching_decision\": \"unique_by_intersection\", \"matching_siren_selected\": \"\"}, {\"batiment_construction_id\": \"r:5791799\", \"bdnb_batiment_construction_id\": \"bdnb-bg-BN5Z-GPJT-7VL5:1\", \"batiment_groupe_id\": \"bdnb-bg-BN5Z-GPJT-7VL5\", \"annee_construction\": 1970, \"footprint_m2\": 787.6915892124098, \"intersection_area_m2\": 787.6915892124099, \"osm_building_id\": \"r:5791799\", \"osm_match_status\": \"matched\", \"osm_bdnb_intersection_area_m2\": 737.389828129744, \"osm_address_text\": \"\", \"matching_status\": \"mono\", \"matching_decision\": \"mono\", \"matching_siren_selected\": \"\"}]", "building_geometries_json": "[{\"batiment_construction_id\": \"r:5791781\", \"bdnb_batiment_construction_id\": \"bdnb-bg-ZM27-3MWD-EV9Y:1\", \"batiment_groupe_id\": \"bdnb-bg-ZM27-3MWD-EV9Y\", \"osm_building_id\": \"r:5791781\", \"osm_match_status\": \"matched\", \"osm_bdnb_intersection_area_m2\": 3111.316715148754, \"osm_address_text\": \"\", \"annee_construction\": null, \"footprint_m2\": 3198.281409882055, \"geometry\": {\"type\": \"MultiPolygon\", \"coordinates\": [[[[-0.675708, 44.797183], [-0.675416, 44.796706], [-0.675339, 44.79673], [-0.675346, 44.796741], [-0.675014, 44.796843], [-0.675021, 44.796854], [-0.675005, 44.796859], [-0.674973, 44.796805], [-0.674915, 44.796823], [-0.674948, 44.796877], [-0.674928, 44.796882], [-0.674908, 44.796848], [-0.674674, 44.796921], [-0.674775, 44.797088], [-0.674796, 44.797081], [-0.674972, 44.797371], [-0.675044, 44.797349], [-0.675104, 44.79733], [-0.675189, 44.797305], [-0.675162, 44.797261], [-0.675254, 44.797233], [-0.675278, 44.797272], [-0.675283, 44.797274], [-0.675314, 44.797264], [-0.675352, 44.797253], [-0.675606, 44.797174], [-0.675617, 44.797191], [-0.675602, 44.797196], [-0.675609, 44.797209], [-0.675615, 44.797211], [-0.675708, 44.797183]], [[-0.675226, 44.797187], [-0.675135, 44.797215], [-0.675045, 44.797068], [-0.675136, 44.79704], [-0.675226, 44.797187]]]]}}, {\"batiment_construction_id\": \"r:5791799\", \"bdnb_batiment_construction_id\": \"bdnb-bg-BN5Z-GPJT-7VL5:1\", \"batiment_groupe_id\": \"bdnb-bg-BN5Z-GPJT-7VL5\", \"osm_building_id\": \"r:5791799\", \"osm_match_status\": \"matched\", \"osm_bdnb_intersection_area_m2\": 737.389828129744, \"osm_address_text\": \"\", \"annee_construction\": 1970, \"footprint_m2\": 787.6915892124098, \"geometry\": {\"type\": \"MultiPolygon\", \"coordinates\": [[[[-0.674643, 44.798016], [-0.674585, 44.797971], [-0.67449, 44.798035], [-0.674414, 44.797974], [-0.674508, 44.797911], [-0.674367, 44.797802], [-0.674272, 44.797867], [-0.674357, 44.797933], [-0.674283, 44.797982], [-0.674256, 44.797961], [-0.674122, 44.798051], [-0.674363, 44.798242], [-0.674503, 44.79815], [-0.674461, 44.798117], [-0.674448, 44.798107], [-0.674519, 44.798058], [-0.674533, 44.798068], [-0.674548, 44.79808], [-0.674643, 44.798016]], [[-0.674435, 44.798032], [-0.674387, 44.798062], [-0.674338, 44.798024], [-0.674383, 44.797993], [-0.674435, 44.798032]]]]}}]", "google_fallback_attempted": "false", "google_fallback_success": "false", "google_fallback_group_id": "", "google_nearby_status": "", "google_nearby_error": "", "google_raw_nearby_count": "0", "google_excluded_outside_parcel": "0", "google_nearby_ranked_json": "[]", "google_winner_place_id": "", "google_winner_name": "", "google_anchor_address": "", "google_api_gouv_query": "", "google_api_gouv_etablissements_count": "0", "google_reject_reason": "", "osm_pois_json": "[]", "osm_poi_count": 0, "osm_pois_status": "ok", "osm_poi_truncated": 0, "osm_data_as_of": ""}, "geometry": {"type": "MultiPolygon", "coordinates": [[[[-0.6757424, 44.7974266], [-0.6757375, 44.7974285], [-0.6757312, 44.7974292], [-0.675728, 44.7974295], [-0.6753452, 44.7974945], [-0.6753391, 44.7974954], [-0.6753365, 44.7974914], [-0.6751917, 44.7972518], [-0.6751807, 44.7972336], [-0.6750553, 44.7970263], [-0.6750528, 44.797022], [-0.6750466, 44.797023], [-0.6750444, 44.7970235], [-0.673663, 44.79722], [-0.6736569, 44.7972209], [-0.6736575, 44.7972247], [-0.6736577, 44.7972254], [-0.6737078, 44.7973787], [-0.6737094, 44.7973831], [-0.6737107, 44.7973875], [-0.6737576, 44.7975313], [-0.6737591, 44.7975357], [-0.6737604, 44.7975401], [-0.6737958, 44.7976478], [-0.6738077, 44.7976849], [-0.6738093, 44.7976893], [-0.6738107, 44.7976937], [-0.6738193, 44.7977197], [-0.6738577, 44.7978375], [-0.6738591, 44.7978418], [-0.6738606, 44.7978462], [-0.6738782, 44.7979003], [-0.6738884, 44.7979315], [-0.6739074, 44.7979899], [-0.6739089, 44.7979942], [-0.6739103, 44.7979986], [-0.6739321, 44.7980658], [-0.673988, 44.7982367], [-0.6740608, 44.7984597], [-0.6740622, 44.798464], [-0.6740686, 44.7984642], [-0.6750316, 44.7984847], [-0.6750836, 44.7984859], [-0.6751774, 44.7984878], [-0.6751776, 44.7984801], [-0.6755855, 44.7984898], [-0.675652, 44.7984483], [-0.6756615, 44.7981368], [-0.6757117, 44.7980544], [-0.6757377, 44.7975233], [-0.6757424, 44.7974266]]]]}, "id": "parcelle:33318:CO:0156"}, {"type": "Feature", "properties": {"scout_v5_id": "parcelle:33318:ES:0115", "grain": "parcelle", "batiment_construction_id": "", "bdnb_batiment_construction_id": "", "batiment_groupe_id": "", "osm_building_id": "", "osm_match_status": "", "osm_bdnb_intersection_area_m2": "", "osm_address_text": "", "code_insee": "33318", "section": "ES", "numero_norm": "0115", "code_iris": "333180120", "nom_iris": "Parc Industriel", "nb_batiments": 3, "annee_construction": "", "footprint_m2": "", "footprint_sum_m2": 2633.402718200368, "siren_status": "none", "status_technique": "no_candidate", "status_metier": "none", "siret_count": 0, "passerelle_address": "", "passerelle_indice_norm": "", "passerelle_numero_match": "", "passerelle_addresses_json": "[]", "sirets_json": "[]", "sirens_json": "[]", "matching_confidence": 0.0, "matching_reason": "", "matching_status": "mono", "matching_decision": "", "matching_siren_selected": "", "matching_debug_json": "", "parcelles_json": "", "buildings_json": "[{\"batiment_construction_id\": \"r:5791783\", \"bdnb_batiment_construction_id\": \"bdnb-bg-EML5-L9NW-RAQG:13\", \"batiment_groupe_id\": \"bdnb-bg-EML5-L9NW-RAQG\", \"annee_construction\": 1980, \"footprint_m2\": 1222.727433988925, \"intersection_area_m2\": 1222.7274339889252, \"osm_building_id\": \"r:5791783\", \"osm_match_status\": \"matched\", \"osm_bdnb_intersection_area_m2\": 1157.7218687836537, \"osm_address_text\": \"\", \"matching_status\": \"mono\", \"matching_decision\": \"mono\", \"matching_siren_selected\": \"\"}, {\"batiment_construction_id\": \"w:218783467\", \"bdnb_batiment_construction_id\": \"bdnb-bg-EML5-L9NW-RAQG:2\", \"batiment_groupe_id\": \"bdnb-bg-EML5-L9NW-RAQG\", \"annee_construction\": 1980, \"footprint_m2\": 481.58084913500574, \"intersection_area_m2\": 481.5808491350058, \"osm_building_id\": \"w:218783467\", \"osm_match_status\": \"matched\", \"osm_bdnb_intersection_area_m2\": 436.2310514862754, \"osm_address_text\": \"\", \"matching_status\": \"mono\", \"matching_decision\": \"mono\", \"matching_siren_selected\": \"\"}, {\"batiment_construction_id\": \"w:218783869\", \"bdnb_batiment_construction_id\": \"bdnb-bg-EML5-L9NW-RAQG:8\", \"batiment_groupe_id\": \"bdnb-bg-EML5-L9NW-RAQG\", \"annee_construction\": 1980, \"footprint_m2\": 929.0944350764371, \"intersection_area_m2\": 929.094435076437, \"osm_building_id\": \"w:218783869\", \"osm_match_status\": \"matched\", \"osm_bdnb_intersection_area_m2\": 862.1464948084554, \"osm_address_text\": \"\", \"matching_status\": \"mono\", \"matching_decision\": \"mono\", \"matching_siren_selected\": \"\"}]", "building_geometries_json": "[{\"batiment_construction_id\": \"r:5791783\", \"bdnb_batiment_construction_id\": \"bdnb-bg-EML5-L9NW-RAQG:13\", \"batiment_groupe_id\": \"bdnb-bg-EML5-L9NW-RAQG\", \"osm_building_id\": \"r:5791783\", \"osm_match_status\": \"matched\", \"osm_bdnb_intersection_area_m2\": 1157.7218687836537, \"osm_address_text\": \"\", \"annee_construction\": 1980, \"footprint_m2\": 1222.727433988925, \"geometry\": {\"type\": \"MultiPolygon\", \"coordinates\": [[[[-0.648147, 44.788448], [-0.648096, 44.788423], [-0.648115, 44.788401], [-0.648074, 44.788382], [-0.648085, 44.78837], [-0.647758, 44.788212], [-0.647746, 44.788222], [-0.647707, 44.788202], [-0.647715, 44.788191], [-0.647649, 44.788159], [-0.647457, 44.788362], [-0.647691, 44.788476], [-0.647745, 44.78842], [-0.647823, 44.788457], [-0.647785, 44.788497], [-0.647796, 44.788502], [-0.647779, 44.78852], [-0.647769, 44.788514], [-0.647683, 44.788602], [-0.647802, 44.78866], [-0.647982, 44.788475], [-0.648077, 44.78852], [-0.648147, 44.788448]], [[-0.647812, 44.788348], [-0.647766, 44.788397], [-0.647641, 44.788338], [-0.647689, 44.788289], [-0.647812, 44.788348]]]]}}, {\"batiment_construction_id\": \"w:218783467\", \"bdnb_batiment_construction_id\": \"bdnb-bg-EML5-L9NW-RAQG:2\", \"batiment_groupe_id\": \"bdnb-bg-EML5-L9NW-RAQG\", \"osm_building_id\": \"w:218783467\", \"osm_match_status\": \"matched\", \"osm_bdnb_intersection_area_m2\": 436.2310514862754, \"osm_address_text\": \"\", \"annee_construction\": 1980, \"footprint_m2\": 481.58084913500574, \"geometry\": {\"type\": \"MultiPolygon\", \"coordinates\": [[[[-0.649986, 44.78971], [-0.649975, 44.78972], [-0.649951, 44.789707], [-0.649961, 44.789698], [-0.649864, 44.789649], [-0.649786, 44.789733], [-0.6498791, 44.7897789], [-0.650243, 44.789958], [-0.650322, 44.789876], [-0.650244, 44.789837], [-0.650235, 44.789846], [-0.650202, 44.78983], [-0.650211, 44.789821], [-0.649986, 44.78971]]]]}}, {\"batiment_construction_id\": \"w:218783869\", \"bdnb_batiment_construction_id\": \"bdnb-bg-EML5-L9NW-RAQG:8\", \"batiment_groupe_id\": \"bdnb-bg-EML5-L9NW-RAQG\", \"osm_building_id\": \"w:218783869\", \"osm_match_status\": \"matched\", \"osm_bdnb_intersection_area_m2\": 862.1464948084554, \"osm_address_text\": \"\", \"annee_construction\": 1980, \"footprint_m2\": 929.0944350764371, \"geometry\": {\"type\": \"MultiPolygon\", \"coordinates\": [[[[-0.649167, 44.78941], [-0.649255, 44.789319], [-0.648913, 44.789151], [-0.648882, 44.789184], [-0.648814, 44.789152], [-0.648856, 44.789107], [-0.64862, 44.788994], [-0.648546, 44.789072], [-0.648608, 44.789103], [-0.648467, 44.789252], [-0.648604, 44.789317], [-0.648744, 44.789168], [-0.64885, 44.789218], [-0.648826, 44.789243], [-0.649167, 44.78941]]]]}}]", "google_fallback_attempted": "false", "google_fallback_success": "false", "google_fallback_group_id": "", "google_nearby_status": "", "google_nearby_error": "", "google_raw_nearby_count": "0", "google_excluded_outside_parcel": "0", "google_nearby_ranked_json": "[]", "google_winner_place_id": "", "google_winner_name": "", "google_anchor_address": "", "google_api_gouv_query": "", "google_api_gouv_etablissements_count": "0", "google_reject_reason": "", "osm_pois_json": "[]", "osm_poi_count": 0, "osm_pois_status": "ok", "osm_poi_truncated": 0, "osm_data_as_of": ""}, "geometry": {"type": "MultiPolygon", "coordinates": [[[[-0.6489843, 44.7870892], [-0.6481464, 44.7866807], [-0.6481084, 44.7866664], [-0.6480668, 44.7866587], [-0.6480239, 44.7866576], [-0.6479818, 44.7866636], [-0.6479287, 44.7866785], [-0.6478973, 44.786697], [-0.6478698, 44.7867134], [-0.6472982, 44.7873491], [-0.6470276, 44.7876533], [-0.6469972, 44.7876874], [-0.6468994, 44.7877974], [-0.6468771, 44.7878221], [-0.6468547, 44.7878506], [-0.6468332, 44.7878817], [-0.6468153, 44.787913], [-0.646804, 44.7879378], [-0.6467933, 44.7879632], [-0.6467844, 44.787995], [-0.6467781, 44.788025], [-0.6467729, 44.7880526], [-0.6467711, 44.7880792], [-0.6467713, 44.7881075], [-0.646775, 44.7881412], [-0.6467792, 44.7881671], [-0.6467851, 44.7881955], [-0.6467938, 44.7882237], [-0.6468015, 44.7882474], [-0.6468097, 44.7882659], [-0.6468196, 44.7882843], [-0.6468341, 44.7883075], [-0.6468509, 44.7883299], [-0.6468655, 44.7883498], [-0.6468886, 44.7883775], [-0.6469401, 44.7884399], [-0.6474051, 44.7888132], [-0.6477382, 44.7890387], [-0.647976, 44.7891806], [-0.6481155, 44.7891947], [-0.6482364, 44.7892119], [-0.6482082, 44.7892941], [-0.6482054, 44.7893008], [-0.6482047, 44.7893041], [-0.649286, 44.7898305], [-0.650336, 44.7903451], [-0.6503564, 44.7903574], [-0.6504069, 44.7903822], [-0.6504128, 44.7903846], [-0.6504745, 44.790327], [-0.6505283, 44.7902744], [-0.6505624, 44.7902405], [-0.6506186, 44.7901837], [-0.6506546, 44.7901468], [-0.6507143, 44.7900848], [-0.6508732, 44.7899195], [-0.650884, 44.7899082], [-0.6509852, 44.7897953], [-0.6510775, 44.7896785], [-0.6511316, 44.7896037], [-0.6510859, 44.7895813], [-0.651037, 44.7895574], [-0.6509039, 44.7894923], [-0.6498904, 44.788996], [-0.6497474, 44.7889258], [-0.6497343, 44.7889195], [-0.6494443, 44.7887787], [-0.6491667, 44.7886437], [-0.6490372, 44.7885809], [-0.6486278, 44.788382], [-0.6486226, 44.7883795], [-0.6486173, 44.7883768], [-0.6486166, 44.7883765], [-0.6486781, 44.7882542], [-0.6487361, 44.7881389], [-0.6487627, 44.7880855], [-0.6488164, 44.7879207], [-0.6488311, 44.7878759], [-0.6489169, 44.7876124], [-0.6489562, 44.787344], [-0.6489888, 44.7871219], [-0.6489843, 44.7870892]]]]}, "id": "parcelle:33318:ES:0115"}, {"type": "Feature", "properties": {"scout_v5_id": "parcelle:33318:HE:0005", "grain": "parcelle", "batiment_construction_id": "", "bdnb_batiment_construction_id": "", "batiment_groupe_id": "", "osm_building_id": "", "osm_match_status": "", "osm_bdnb_intersection_area_m2": "", "osm_address_text": "", "code_insee": "33318", "section": "HE", "numero_norm": "0005", "code_iris": "333180120", "nom_iris": "Parc Industriel", "nb_batiments": 1, "annee_construction": "", "footprint_m2": "", "footprint_sum_m2": 2722.363229983579, "siren_status": "none", "status_technique": "no_candidate", "status_metier": "none", "siret_count": 0, "passerelle_address": "", "passerelle_indice_norm": "", "passerelle_numero_match": "", "passerelle_addresses_json": "[]", "sirets_json": "[]", "sirens_json": "[]", "matching_confidence": 0.0, "matching_reason": "", "matching_status": "mono", "matching_decision": "", "matching_siren_selected": "", "matching_debug_json": "", "parcelles_json": "", "buildings_json": "[{\"batiment_construction_id\": \"r:5791787\", \"bdnb_batiment_construction_id\": \"bdnb-bg-82XN-QNFD-F5GT:1\", \"batiment_groupe_id\": \"bdnb-bg-82XN-QNFD-F5GT\", \"annee_construction\": 2015, \"footprint_m2\": 2722.363229983579, \"intersection_area_m2\": 2722.3632299835785, \"osm_building_id\": \"r:5791787\", \"osm_match_status\": \"matched\", \"osm_bdnb_intersection_area_m2\": 2606.7378815520287, \"osm_address_text\": \"3 Rue Thomas Edison, 33600 Pessac\", \"matching_status\": \"mono\", \"matching_decision\": \"mono\", \"matching_siren_selected\": \"\"}]", "building_geometries_json": "[{\"batiment_construction_id\": \"r:5791787\", \"bdnb_batiment_construction_id\": \"bdnb-bg-82XN-QNFD-F5GT:1\", \"batiment_groupe_id\": \"bdnb-bg-82XN-QNFD-F5GT\", \"osm_building_id\": \"r:5791787\", \"osm_match_status\": \"matched\", \"osm_bdnb_intersection_area_m2\": 2606.7378815520287, \"osm_address_text\": \"3 Rue Thomas Edison, 33600 Pessac\", \"annee_construction\": 2015, \"footprint_m2\": 2722.363229983579, \"geometry\": {\"type\": \"MultiPolygon\", \"coordinates\": [[[[-0.650644, 44.779936], [-0.650618, 44.77991], [-0.6506, 44.779918], [-0.650449, 44.779762], [-0.650483, 44.779746], [-0.650437, 44.779698], [-0.650402, 44.779696], [-0.650353, 44.779719], [-0.650363, 44.77973], [-0.65029, 44.779768], [-0.650313, 44.779793], [-0.650239, 44.779829], [-0.650029, 44.779615], [-0.650014, 44.779622], [-0.649981, 44.77959], [-0.649808, 44.779673], [-0.64984, 44.779707], [-0.649523, 44.779862], [-0.64956, 44.779899], [-0.649689, 44.779836], [-0.649945, 44.780101], [-0.649977, 44.780085], [-0.65003, 44.78014], [-0.64995, 44.780179], [-0.650029, 44.780261], [-0.6503134, 44.7801232], [-0.650644, 44.779963], [-0.650626, 44.779945], [-0.650644, 44.779936]], [[-0.650449, 44.779937], [-0.650251, 44.780034], [-0.650197, 44.779977], [-0.650323, 44.779915], [-0.650259, 44.779851], [-0.650334, 44.779814], [-0.650449, 44.779937]]]]}}]", "google_fallback_attempted": "false", "google_fallback_success": "false", "google_fallback_group_id": "", "google_nearby_status": "", "google_nearby_error": "", "google_raw_nearby_count": "0", "google_excluded_outside_parcel": "0", "google_nearby_ranked_json": "[]", "google_winner_place_id": "", "google_winner_name": "", "google_anchor_address": "", "google_api_gouv_query": "", "google_api_gouv_etablissements_count": "0", "google_reject_reason": "", "osm_pois_json": "[]", "osm_poi_count": 0, "osm_pois_status": "ok", "osm_poi_truncated": 0, "osm_data_as_of": ""}, "geometry": {"type": "MultiPolygon", "coordinates": [[[[-0.6492304, 44.7806261], [-0.649545, 44.7804584], [-0.6498293, 44.7803066], [-0.6499059, 44.7803775], [-0.649983, 44.7804488], [-0.6504286, 44.7802305], [-0.6505659, 44.7801634], [-0.6509063, 44.7799965], [-0.6506385, 44.7797177], [-0.6505152, 44.7795892], [-0.6504621, 44.7795339], [-0.6503519, 44.7794191], [-0.6503097, 44.7793752], [-0.650288, 44.7793526], [-0.6498259, 44.7795776], [-0.6494867, 44.7797428], [-0.6491499, 44.7799068], [-0.6491073, 44.7799276], [-0.6490144, 44.7799728], [-0.6488236, 44.7800656], [-0.6487006, 44.7801255], [-0.6489767, 44.7803864], [-0.6492304, 44.7806261]]]]}, "id": "parcelle:33318:HE:0005"}, {"type": "Feature", "properties": {"scout_v5_id": "parcelle:33318:HC:0027", "grain": "parcelle", "batiment_construction_id": "", "bdnb_batiment_construction_id": "", "batiment_groupe_id": "", "osm_building_id": "", "osm_match_status": "", "osm_bdnb_intersection_area_m2": "", "osm_address_text": "", "code_insee": "33318", "section": "HC", "numero_norm": "0027", "code_iris": "333180120", "nom_iris": "Parc Industriel", "nb_batiments": 1, "annee_construction": "", "footprint_m2": "", "footprint_sum_m2": 5071.379572152071, "siren_status": "none", "status_technique": "no_candidate", "status_metier": "none", "siret_count": 0, "passerelle_address": "", "passerelle_indice_norm": "", "passerelle_numero_match": "", "passerelle_addresses_json": "[]", "sirets_json": "[]", "sirens_json": "[]", "matching_confidence": 0.0, "matching_reason": "", "matching_status": "mono", "matching_decision": "", "matching_siren_selected": "", "matching_debug_json": "", "parcelles_json": "", "buildings_json": "[{\"batiment_construction_id\": \"r:5791789\", \"bdnb_batiment_construction_id\": \"bdnb-bg-3999-98FG-X229:1\", \"batiment_groupe_id\": \"bdnb-bg-3999-98FG-X229\", \"annee_construction\": null, \"footprint_m2\": 5071.379572152071, \"intersection_area_m2\": 5071.379572152072, \"osm_building_id\": \"r:5791789\", \"osm_match_status\": \"matched\", \"osm_bdnb_intersection_area_m2\": 5057.911215330625, \"osm_address_text\": \"\", \"matching_status\": \"mono\", \"matching_decision\": \"mono\", \"matching_siren_selected\": \"\"}]", "building_geometries_json": "[{\"batiment_construction_id\": \"r:5791789\", \"bdnb_batiment_construction_id\": \"bdnb-bg-3999-98FG-X229:1\", \"batiment_groupe_id\": \"bdnb-bg-3999-98FG-X229\", \"osm_building_id\": \"r:5791789\", \"osm_match_status\": \"matched\", \"osm_bdnb_intersection_area_m2\": 5057.911215330625, \"osm_address_text\": \"\", \"annee_construction\": null, \"footprint_m2\": 5071.379572152071, \"geometry\": {\"type\": \"MultiPolygon\", \"coordinates\": [[[[-0.64067, 44.781862], [-0.640564, 44.781706], [-0.640499, 44.781728], [-0.640396, 44.781574], [-0.640462, 44.781552], [-0.640356, 44.781397], [-0.640017, 44.78151], [-0.639889, 44.781317], [-0.639928, 44.781304], [-0.639892, 44.78125], [-0.639899, 44.781247], [-0.639839, 44.781157], [-0.639966, 44.781113], [-0.640027, 44.781207], [-0.640169, 44.781158], [-0.640103, 44.781058], [-0.640039, 44.781078], [-0.639974, 44.780981], [-0.639827, 44.781031], [-0.639874, 44.781104], [-0.639815, 44.781123], [-0.6398, 44.781099], [-0.63976, 44.781112], [-0.639586, 44.781173], [-0.639655, 44.781275], [-0.639788, 44.781232], [-0.639853, 44.781329], [-0.639583, 44.781415], [-0.639683, 44.781566], [-0.639949, 44.781476], [-0.639981, 44.781523], [-0.639917, 44.781544], [-0.640022, 44.781701], [-0.639478, 44.781884], [-0.639581, 44.78204], [-0.640055, 44.781879], [-0.640159, 44.782033], [-0.640295, 44.781987], [-0.640331, 44.782043], [-0.639847, 44.782206], [-0.639955, 44.782369], [-0.640586, 44.782157], [-0.640528, 44.782065], [-0.640412, 44.782105], [-0.640326, 44.781977], [-0.64067, 44.781862]], [[-0.640425, 44.781753], [-0.640223, 44.781822], [-0.640121, 44.781667], [-0.64032, 44.7816], [-0.64034, 44.78163], [-0.640261, 44.781658], [-0.640323, 44.781752], [-0.640405, 44.781725], [-0.640425, 44.781753]]]]}}]", "google_fallback_attempted": "false", "google_fallback_success": "false", "google_fallback_group_id": "", "google_nearby_status": "", "google_nearby_error": "", "google_raw_nearby_count": "0", "google_excluded_outside_parcel": "0", "google_nearby_ranked_json": "[]", "google_winner_place_id": "", "google_winner_name": "", "google_anchor_address": "", "google_api_gouv_query": "", "google_api_gouv_etablissements_count": "0", "google_reject_reason": "", "osm_pois_json": "[]", "osm_poi_count": 0, "osm_pois_status": "ok", "osm_poi_truncated": 0, "osm_data_as_of": ""}, "geometry": {"type": "MultiPolygon", "coordinates": [[[[-0.639671, 44.7824998], [-0.6396782, 44.7825124], [-0.640837, 44.7821226], [-0.6410174, 44.7820223], [-0.6409235, 44.7818782], [-0.6409072, 44.7818529], [-0.6408375, 44.781746], [-0.640835, 44.781742], [-0.6408323, 44.7817379], [-0.6399927, 44.7804688], [-0.639818, 44.7804291], [-0.6391791, 44.7806829], [-0.6390994, 44.7807146], [-0.6387195, 44.7808665], [-0.6387476, 44.7809138], [-0.6389289, 44.7812221], [-0.6391617, 44.7816197], [-0.6394529, 44.7821239], [-0.639671, 44.7824998]]]]}, "id": "parcelle:33318:HC:0027"}, {"type": "Feature", "properties": {"scout_v5_id": "parcelle:33318:ES:0101", "grain": "parcelle", "batiment_construction_id": "", "bdnb_batiment_construction_id": "", "batiment_groupe_id": "", "osm_building_id": "", "osm_match_status": "", "osm_bdnb_intersection_area_m2": "", "osm_address_text": "", "code_insee": "33318", "section": "ES", "numero_norm": "0101", "code_iris": "333180120", "nom_iris": "Parc Industriel", "nb_batiments": 2, "annee_construction": "", "footprint_m2": "", "footprint_sum_m2": 6815.983460334124, "siren_status": "none", "status_technique": "no_candidate", "status_metier": "none", "siret_count": 0, "passerelle_address": "", "passerelle_indice_norm": "", "passerelle_numero_match": "", "passerelle_addresses_json": "[]", "sirets_json": "[]", "sirens_json": "[]", "matching_confidence": 0.0, "matching_reason": "", "matching_status": "mono", "matching_decision": "", "matching_siren_selected": "", "matching_debug_json": "", "parcelles_json": "", "buildings_json": "[{\"batiment_construction_id\": \"r:5791791\", \"bdnb_batiment_construction_id\": \"bdnb-bg-T32Z-BD8V-1W9N:4\", \"batiment_groupe_id\": \"bdnb-bg-T32Z-BD8V-1W9N\", \"annee_construction\": null, \"footprint_m2\": 2499.29598857547, \"intersection_area_m2\": 2499.29598857547, \"osm_building_id\": \"r:5791791\", \"osm_match_status\": \"matched\", \"osm_bdnb_intersection_area_m2\": 2491.2079599260073, \"osm_address_text\": \"\", \"matching_status\": \"mono\", \"matching_decision\": \"mono\", \"matching_siren_selected\": \"\"}, {\"batiment_construction_id\": \"w:218783172\", \"bdnb_batiment_construction_id\": \"bdnb-bg-T32Z-BD8V-1W9N:2\", \"batiment_groupe_id\": \"bdnb-bg-T32Z-BD8V-1W9N\", \"annee_construction\": null, \"footprint_m2\": 4316.687471758654, \"intersection_area_m2\": 4316.687471758654, \"osm_building_id\": \"w:218783172\", \"osm_match_status\": \"matched\", \"osm_bdnb_intersection_area_m2\": 4313.998343283502, \"osm_address_text\": \"\", \"matching_status\": \"mono\", \"matching_decision\": \"mono\", \"matching_siren_selected\": \"\"}]", "building_geometries_json": "[{\"batiment_construction_id\": \"r:5791791\", \"bdnb_batiment_construction_id\": \"bdnb-bg-T32Z-BD8V-1W9N:4\", \"batiment_groupe_id\": \"bdnb-bg-T32Z-BD8V-1W9N\", \"osm_building_id\": \"r:5791791\", \"osm_match_status\": \"matched\", \"osm_bdnb_intersection_area_m2\": 2491.2079599260073, \"osm_address_text\": \"\", \"annee_construction\": null, \"footprint_m2\": 2499.29598857547, \"geometry\": {\"type\": \"MultiPolygon\", \"coordinates\": [[[[-0.6520107, 44.7872778], [-0.651697, 44.787124], [-0.651619, 44.787086], [-0.651271, 44.786914], [-0.6512018, 44.7869854], [-0.651176, 44.786974], [-0.651167, 44.786983], [-0.6511913, 44.7869961], [-0.6510766, 44.7871143], [-0.65101, 44.787183], [-0.6512799, 44.7873161], [-0.6514078, 44.7873792], [-0.6517508, 44.7875483], [-0.651814, 44.787478], [-0.651829, 44.787462], [-0.6520107, 44.7872778]], [[-0.651606, 44.787238], [-0.651531, 44.787316], [-0.651446, 44.787274], [-0.651522, 44.787198], [-0.651606, 44.787238]]]]}}, {\"batiment_construction_id\": \"w:218783172\", \"bdnb_batiment_construction_id\": \"bdnb-bg-T32Z-BD8V-1W9N:2\", \"batiment_groupe_id\": \"bdnb-bg-T32Z-BD8V-1W9N\", \"osm_building_id\": \"w:218783172\", \"osm_match_status\": \"matched\", \"osm_bdnb_intersection_area_m2\": 4313.998343283502, \"osm_address_text\": \"\", \"annee_construction\": null, \"footprint_m2\": 4316.687471758654, \"geometry\": {\"type\": \"MultiPolygon\", \"coordinates\": [[[[-0.652993, 44.787661], [-0.652548, 44.787442], [-0.652403, 44.787592], [-0.652586, 44.787682], [-0.652552, 44.787718], [-0.652368, 44.787627], [-0.652, 44.787447], [-0.6518242, 44.7876299], [-0.651692, 44.787762], [-0.652506, 44.788162], [-0.652993, 44.787661]]]]}}]", "google_fallback_attempted": "false", "google_fallback_success": "false", "google_fallback_group_id": "", "google_nearby_status": "", "google_nearby_error": "", "google_raw_nearby_count": "0", "google_excluded_outside_parcel": "0", "google_nearby_ranked_json": "[]", "google_winner_place_id": "", "google_winner_name": "", "google_anchor_address": "", "google_api_gouv_query": "", "google_api_gouv_etablissements_count": "0", "google_reject_reason": "", "osm_pois_json": "[]", "osm_poi_count": 0, "osm_pois_status": "ok", "osm_poi_truncated": 0, "osm_data_as_of": ""}, "geometry": {"type": "MultiPolygon", "coordinates": [[[[-0.6530853, 44.7874781], [-0.6528343, 44.7873583], [-0.6523804, 44.7871415], [-0.6515175, 44.786712], [-0.6514787, 44.786739], [-0.6512148, 44.7866144], [-0.6506855, 44.786355], [-0.6506833, 44.7863539], [-0.6505796, 44.7863032], [-0.6505187, 44.7862733], [-0.6504889, 44.7862588], [-0.6502526, 44.7861431], [-0.649288, 44.7856704], [-0.6491662, 44.7857552], [-0.6490591, 44.7858303], [-0.6490052, 44.7858701], [-0.6485181, 44.7862438], [-0.6485027, 44.7862559], [-0.6486812, 44.786482], [-0.6489014, 44.7867615], [-0.6489576, 44.7868943], [-0.6489587, 44.786902], [-0.6497499, 44.7872891], [-0.6500626, 44.7874418], [-0.6504944, 44.7876528], [-0.6506161, 44.7877122], [-0.6508385, 44.7874791], [-0.6511516, 44.7876327], [-0.6517531, 44.7879278], [-0.651925, 44.7880122], [-0.652317, 44.7882046], [-0.6523178, 44.7882037], [-0.6523616, 44.7882253], [-0.6525017, 44.7882071], [-0.6530033, 44.7876943], [-0.6530042, 44.7876932], [-0.6530052, 44.7876921], [-0.6530061, 44.787691], [-0.6530071, 44.7876899], [-0.6530079, 44.7876888], [-0.6530088, 44.7876877], [-0.6530096, 44.7876866], [-0.6530104, 44.7876855], [-0.6530111, 44.7876843], [-0.6530119, 44.7876832], [-0.6530126, 44.787682], [-0.6530133, 44.7876808], [-0.6530138, 44.7876796], [-0.6530145, 44.7876784], [-0.6530151, 44.7876772], [-0.6530156, 44.787676], [-0.6530162, 44.7876748], [-0.6530167, 44.7876735], [-0.6530172, 44.7876724], [-0.6530176, 44.7876711], [-0.653018, 44.7876699], [-0.6530185, 44.7876686], [-0.6530187, 44.7876674], [-0.6530191, 44.7876662], [-0.6530193, 44.7876649], [-0.6530196, 44.7876636], [-0.6530198, 44.7876624], [-0.65302, 44.7876611], [-0.6530202, 44.7876598], [-0.6530203, 44.7876586], [-0.6530204, 44.7876573], [-0.6530204, 44.787656], [-0.6530205, 44.7876548], [-0.6530205, 44.7876535], [-0.6530204, 44.7876522], [-0.6530203, 44.787651], [-0.6530203, 44.7876496], [-0.6530202, 44.7876484], [-0.65302, 44.7876471], [-0.6530199, 44.7876459], [-0.6530197, 44.7876446], [-0.6530193, 44.7876434], [-0.6530191, 44.7876421], [-0.6530188, 44.7876409], [-0.6530185, 44.7876396], [-0.653018, 44.7876384], [-0.6530177, 44.7876371], [-0.6530172, 44.7876359], [-0.6530168, 44.7876347], [-0.6530163, 44.7876335], [-0.6530157, 44.7876322], [-0.6530152, 44.7876311], [-0.6530145, 44.7876298], [-0.653014, 44.7876287], [-0.6530134, 44.7876274], [-0.6530127, 44.7876263], [-0.653012, 44.7876251], [-0.6530112, 44.7876239], [-0.6530105, 44.7876227], [-0.6530097, 44.7876217], [-0.6530089, 44.7876205], [-0.6530082, 44.7876194], [-0.6530073, 44.7876182], [-0.6530064, 44.7876172], [-0.6530054, 44.7876161], [-0.6530045, 44.787615], [-0.6530035, 44.787614], [-0.6530026, 44.7876129], [-0.6530015, 44.7876119], [-0.6530004, 44.7876108], [-0.6529993, 44.7876099], [-0.6529982, 44.7876088], [-0.6529972, 44.7876079], [-0.652996, 44.7876069], [-0.6529948, 44.787606], [-0.6529936, 44.787605], [-0.6529924, 44.7876041], [-0.6529912, 44.7876032], [-0.6529898, 44.7876022], [-0.6529885, 44.7876014], [-0.6529872, 44.7876005], [-0.6529859, 44.7875997], [-0.6529846, 44.7875988], [-0.6529831, 44.787598], [-0.6529818, 44.7875973], [-0.6529804, 44.7875965], [-0.6529789, 44.7875958], [-0.6529775, 44.787595], [-0.652976, 44.7875942], [-0.6530853, 44.7874781]]]]}, "id": "parcelle:33318:ES:0101"}, {"type": "Feature", "properties": {"scout_v5_id": "parcelle:33318:BX:0479", "grain": "parcelle", "batiment_construction_id": "", "bdnb_batiment_construction_id": "", "batiment_groupe_id": "", "osm_building_id": "", "osm_match_status": "", "osm_bdnb_intersection_area_m2": "", "osm_address_text": "", "code_insee": "33318", "section": "BX", "numero_norm": "0479", "code_iris": "333180109", "nom_iris": "L'Alouette", "nb_batiments": 1, "annee_construction": "", "footprint_m2": "", "footprint_sum_m2": 526.4306655594266, "siren_status": "none", "status_technique": "no_candidate", "status_metier": "none", "siret_count": 0, "passerelle_address": "", "passerelle_indice_norm": "", "passerelle_numero_match": "", "passerelle_addresses_json": "[]", "sirets_json": "[]", "sirens_json": "[]", "matching_confidence": 0.0, "matching_reason": "", "matching_status": "mono", "matching_decision": "", "matching_siren_selected": "", "matching_debug_json": "", "parcelles_json": "", "buildings_json": "[{\"batiment_construction_id\": \"r:5791793\", \"bdnb_batiment_construction_id\": \"bdnb-bg-BZ98-EHVY-DYA4:1\", \"batiment_groupe_id\": \"bdnb-bg-BZ98-EHVY-DYA4\", \"annee_construction\": 1989, \"footprint_m2\": 526.4306655594266, \"intersection_area_m2\": 525.7284862532141, \"osm_building_id\": \"r:5791793\", \"osm_match_status\": \"matched\", \"osm_bdnb_intersection_area_m2\": 410.8512576753612, \"osm_address_text\": \"\", \"matching_status\": \"mono\", \"matching_decision\": \"mono\", \"matching_siren_selected\": \"\"}]", "building_geometries_json": "[{\"batiment_construction_id\": \"r:5791793\", \"bdnb_batiment_construction_id\": \"bdnb-bg-BZ98-EHVY-DYA4:1\", \"batiment_groupe_id\": \"bdnb-bg-BZ98-EHVY-DYA4\", \"osm_building_id\": \"r:5791793\", \"osm_match_status\": \"matched\", \"osm_bdnb_intersection_area_m2\": 410.8512576753612, \"osm_address_text\": \"\", \"annee_construction\": 1989, \"footprint_m2\": 526.4306655594266, \"geometry\": {\"type\": \"MultiPolygon\", \"coordinates\": [[[[-0.6627796, 44.8022974], [-0.662744, 44.8022952], [-0.6627543, 44.802214], [-0.6627178, 44.8022117], [-0.6627213, 44.8021844], [-0.6626501, 44.8021799], [-0.6626482, 44.8021949], [-0.6626033, 44.802192], [-0.6626053, 44.8021764], [-0.6625724, 44.8021743], [-0.662569, 44.802201], [-0.662496, 44.8021964], [-0.6624995, 44.8021687], [-0.662498, 44.8021686], [-0.6624233, 44.8021639], [-0.6624181, 44.8021636], [-0.6624148, 44.8021901], [-0.6623743, 44.8021875], [-0.6623671, 44.8022445], [-0.6624081, 44.8022471], [-0.6624017, 44.8022979], [-0.6623623, 44.8022954], [-0.6623548, 44.8023541], [-0.6624748, 44.8023617], [-0.6624782, 44.8023349], [-0.6626231, 44.8023441], [-0.6626195, 44.8023725], [-0.6626974, 44.8023774], [-0.6627013, 44.8023464], [-0.6627728, 44.8023509], [-0.6627796, 44.8022974]], [[-0.662712, 44.802267], [-0.662704, 44.802319], [-0.66263, 44.802313], [-0.662637, 44.802263], [-0.662712, 44.802267]]]]}}]", "google_fallback_attempted": "false", "google_fallback_success": "false", "google_fallback_group_id": "", "google_nearby_status": "", "google_nearby_error": "", "google_raw_nearby_count": "0", "google_excluded_outside_parcel": "0", "google_nearby_ranked_json": "[]", "google_winner_place_id": "", "google_winner_name": "", "google_anchor_address": "", "google_api_gouv_query": "", "google_api_gouv_etablissements_count": "0", "google_reject_reason": "", "osm_pois_json": "[]", "osm_poi_count": 0, "osm_pois_status": "ok", "osm_poi_truncated": 0, "osm_data_as_of": ""}, "geometry": {"type": "MultiPolygon", "coordinates": [[[[-0.6624309, 44.8020996], [-0.6624233, 44.8021657], [-0.662421, 44.8021657], [-0.6624206, 44.802167], [-0.6623564, 44.802163], [-0.6623311, 44.8023529], [-0.6623546, 44.802354], [-0.6624735, 44.8023615], [-0.662622, 44.8023711], [-0.6626987, 44.8023778], [-0.6630291, 44.802397], [-0.6632161, 44.8020719], [-0.6630778, 44.8020771], [-0.6629188, 44.802083], [-0.6627387, 44.8020899], [-0.6627173, 44.8020899], [-0.6624309, 44.8020996]]]]}, "id": "parcelle:33318:BX:0479"}, {"type": "Feature", "properties": {"scout_v5_id": "parcelle:33318:DW:0093", "grain": "parcelle", "batiment_construction_id": "", "bdnb_batiment_construction_id": "", "batiment_groupe_id": "", "osm_building_id": "", "osm_match_status": "", "osm_bdnb_intersection_area_m2": "", "osm_address_text": "", "code_insee": "33318", "section": "DW", "numero_norm": "0093", "code_iris": "333180110", "nom_iris": "France", "nb_batiments": 1, "annee_construction": "", "footprint_m2": "", "footprint_sum_m2": 956.7491600917309, "siren_status": "none", "status_technique": "no_candidate", "status_metier": "none", "siret_count": 0, "passerelle_address": "", "passerelle_indice_norm": "", "passerelle_numero_match": "", "passerelle_addresses_json": "[]", "sirets_json": "[]", "sirens_json": "[]", "matching_confidence": 0.0, "matching_reason": "", "matching_status": "mono", "matching_decision": "", "matching_siren_selected": "", "matching_debug_json": "", "parcelles_json": "", "buildings_json": "[{\"batiment_construction_id\": \"r:5791797\", \"bdnb_batiment_construction_id\": \"bdnb-bg-SRYW-F2P2-LT5Y:2\", \"batiment_groupe_id\": \"bdnb-bg-SRYW-F2P2-LT5Y\", \"annee_construction\": null, \"footprint_m2\": 956.7491600917309, \"intersection_area_m2\": 956.7491600917309, \"osm_building_id\": \"r:5791797\", \"osm_match_status\": \"matched\", \"osm_bdnb_intersection_area_m2\": 888.5749201014303, \"osm_address_text\": \"\", \"matching_status\": \"mono\", \"matching_decision\": \"mono\", \"matching_siren_selected\": \"\"}]", "building_geometries_json": "[{\"batiment_construction_id\": \"r:5791797\", \"bdnb_batiment_construction_id\": \"bdnb-bg-SRYW-F2P2-LT5Y:2\", \"batiment_groupe_id\": \"bdnb-bg-SRYW-F2P2-LT5Y\", \"osm_building_id\": \"r:5791797\", \"osm_match_status\": \"matched\", \"osm_bdnb_intersection_area_m2\": 888.5749201014303, \"osm_address_text\": \"\", \"annee_construction\": null, \"footprint_m2\": 956.7491600917309, \"geometry\": {\"type\": \"MultiPolygon\", \"coordinates\": [[[[-0.66602, 44.796794], [-0.66597, 44.796758], [-0.665831, 44.796666], [-0.665762, 44.796719], [-0.665803, 44.796746], [-0.665596, 44.796905], [-0.665605, 44.796911], [-0.665572, 44.796936], [-0.665534, 44.796912], [-0.665552, 44.796899], [-0.665441, 44.796829], [-0.665349, 44.796919], [-0.665409, 44.796956], [-0.665385, 44.796976], [-0.66542, 44.797025], [-0.665461, 44.797051], [-0.665521, 44.797006], [-0.665559, 44.797032], [-0.66547, 44.797099], [-0.665458, 44.79712], [-0.665498, 44.797148], [-0.665539, 44.797117], [-0.665566, 44.797136], [-0.665805, 44.796956], [-0.665787, 44.796947], [-0.665758, 44.796933], [-0.66575, 44.796939], [-0.665734, 44.796928], [-0.665846, 44.796845], [-0.665861, 44.796856], [-0.665853, 44.796862], [-0.665873, 44.796881], [-0.665887, 44.796894], [-0.66602, 44.796794]], [[-0.66564, 44.79697], [-0.665586, 44.797011], [-0.665549, 44.796987], [-0.665603, 44.796945], [-0.66564, 44.79697]]]]}}]", "google_fallback_attempted": "false", "google_fallback_success": "false", "google_fallback_group_id": "", "google_nearby_status": "", "google_nearby_error": "", "google_raw_nearby_count": "0", "google_excluded_outside_parcel": "0", "google_nearby_ranked_json": "[]", "google_winner_place_id": "", "google_winner_name": "", "google_anchor_address": "", "google_api_gouv_query": "", "google_api_gouv_etablissements_count": "0", "google_reject_reason": "", "osm_pois_json": "[]", "osm_poi_count": 0, "osm_pois_status": "ok", "osm_poi_truncated": 0, "osm_data_as_of": ""}, "geometry": {"type": "MultiPolygon", "coordinates": [[[[-0.6658294, 44.7964398], [-0.6657844, 44.7964848], [-0.665678, 44.7965912], [-0.6654486, 44.7968212], [-0.6654412, 44.7968286], [-0.665349, 44.7969188], [-0.6653158, 44.7969532], [-0.6653871, 44.7970966], [-0.6654117, 44.7971464], [-0.6654535, 44.7972305], [-0.6655096, 44.7972033], [-0.6655486, 44.7972425], [-0.6662204, 44.7967273], [-0.6661797, 44.7966973], [-0.6658294, 44.7964398]]]]}, "id": "parcelle:33318:DW:0093"}, {"type": "Feature", "properties": {"scout_v5_id": "parcelle:33318:CM:0271", "grain": "parcelle", "batiment_construction_id": "", "bdnb_batiment_construction_id": "", "batiment_groupe_id": "", "osm_building_id": "", "osm_match_status": "", "osm_bdnb_intersection_area_m2": "", "osm_address_text": "", "code_insee": "33318", "section": "CM", "numero_norm": "0271", "code_iris": "333180112", "nom_iris": "Cazalet", "nb_batiments": 1, "annee_construction": "", "footprint_m2": "", "footprint_sum_m2": 3323.877047623043, "siren_status": "none", "status_technique": "no_candidate", "status_metier": "none", "siret_count": 0, "passerelle_address": "", "passerelle_indice_norm": "", "passerelle_numero_match": "", "passerelle_addresses_json": "[]", "sirets_json": "[]", "sirens_json": "[]", "matching_confidence": 0.0, "matching_reason": "", "matching_status": "mono", "matching_decision": "", "matching_siren_selected": "", "matching_debug_json": "", "parcelles_json": "", "buildings_json": "[{\"batiment_construction_id\": \"r:5791801\", \"bdnb_batiment_construction_id\": \"bdnb-bg-9P61-7HJF-T7PC:1\", \"batiment_groupe_id\": \"bdnb-bg-9P61-7HJF-T7PC\", \"annee_construction\": 2002, \"footprint_m2\": 3323.877047623043, \"intersection_area_m2\": 3323.877047623043, \"osm_building_id\": \"r:5791801\", \"osm_match_status\": \"matched\", \"osm_bdnb_intersection_area_m2\": 3178.142503480818, \"osm_address_text\": \"\", \"matching_status\": \"mono\", \"matching_decision\": \"mono\", \"matching_siren_selected\": \"\"}]", "building_geometries_json": "[{\"batiment_construction_id\": \"r:5791801\", \"bdnb_batiment_construction_id\": \"bdnb-bg-9P61-7HJF-T7PC:1\", \"batiment_groupe_id\": \"bdnb-bg-9P61-7HJF-T7PC\", \"osm_building_id\": \"r:5791801\", \"osm_match_status\": \"matched\", \"osm_bdnb_intersection_area_m2\": 3178.142503480818, \"osm_address_text\": \"\", \"annee_construction\": 2002, \"footprint_m2\": 3323.877047623043, \"geometry\": {\"type\": \"MultiPolygon\", \"coordinates\": [[[[-0.683369, 44.800079], [-0.683328, 44.800006], [-0.683297, 44.799995], [-0.683253, 44.79992], [-0.683264, 44.799896], [-0.68324, 44.799853], [-0.683207, 44.799843], [-0.683189, 44.799838], [-0.683209, 44.7998], [-0.683197, 44.799777], [-0.683212, 44.79975], [-0.683143, 44.799728], [-0.683055, 44.799881], [-0.683036, 44.79988], [-0.683034, 44.799879], [-0.683006, 44.799879], [-0.683004, 44.799879], [-0.682957, 44.799957], [-0.682911, 44.79997], [-0.682889, 44.799935], [-0.682847, 44.799922], [-0.6828459, 44.7999234], [-0.682843, 44.799927], [-0.682656, 44.799871], [-0.682659, 44.799866], [-0.682529, 44.799826], [-0.682404, 44.800036], [-0.682537, 44.800272], [-0.682515, 44.800278], [-0.682536, 44.800315], [-0.682606, 44.800336], [-0.68261, 44.800329], [-0.682775, 44.800381], [-0.682771, 44.800387], [-0.68287, 44.800418], [-0.68289, 44.800383], [-0.682965, 44.800407], [-0.683072, 44.800375], [-0.683099, 44.800383], [-0.683188, 44.800357], [-0.683182, 44.800342], [-0.6833, 44.800141], [-0.683292, 44.800126], [-0.68331, 44.800096], [-0.683369, 44.800079]], [[-0.682772, 44.800119], [-0.68274, 44.800176], [-0.6826, 44.800132], [-0.682549, 44.800042], [-0.682569, 44.800007], [-0.682754, 44.800063], [-0.682772, 44.800119]]]]}}]", "google_fallback_attempted": "false", "google_fallback_success": "false", "google_fallback_group_id": "", "google_nearby_status": "", "google_nearby_error": "", "google_raw_nearby_count": "0", "google_excluded_outside_parcel": "0", "google_nearby_ranked_json": "[]", "google_winner_place_id": "", "google_winner_name": "", "google_anchor_address": "", "google_api_gouv_query": "", "google_api_gouv_etablissements_count": "0", "google_reject_reason": "", "osm_pois_json": "[]", "osm_poi_count": 0, "osm_pois_status": "ok", "osm_poi_truncated": 0, "osm_data_as_of": ""}, "geometry": {"type": "MultiPolygon", "coordinates": [[[[-0.6822385, 44.8004606], [-0.682988, 44.8006457], [-0.683007, 44.8006331], [-0.6830267, 44.8006258], [-0.6837662, 44.8003954], [-0.6837694, 44.8003945], [-0.6837667, 44.80039], [-0.6836779, 44.8002362], [-0.6832176, 44.7994405], [-0.6829643, 44.7994448], [-0.68264, 44.7994503], [-0.6821802, 44.7997868], [-0.6821985, 44.7999982], [-0.6822385, 44.8004606]]]]}, "id": "parcelle:33318:CM:0271"}, {"type": "Feature", "properties": {"scout_v5_id": "parcelle:33318:HT:0067", "grain": "parcelle", "batiment_construction_id": "", "bdnb_batiment_construction_id": "", "batiment_groupe_id": "", "osm_building_id": "", "osm_match_status": "", "osm_bdnb_intersection_area_m2": "", "osm_address_text": "", "code_insee": "33318", "section": "HT", "numero_norm": "0067", "code_iris": "333180120", "nom_iris": "Parc Industriel", "nb_batiments": 1, "annee_construction": "", "footprint_m2": "", "footprint_sum_m2": 479.57915670775924, "siren_status": "none", "status_technique": "no_candidate", "status_metier": "none", "siret_count": 0, "passerelle_address": "", "passerelle_indice_norm": "", "passerelle_numero_match": "", "passerelle_addresses_json": "[]", "sirets_json": "[]", "sirens_json": "[]", "matching_confidence": 0.0, "matching_reason": "", "matching_status": "mono", "matching_decision": "", "matching_siren_selected": "", "matching_debug_json": "", "parcelles_json": "", "buildings_json": "[{\"batiment_construction_id\": \"r:5791803\", \"bdnb_batiment_construction_id\": \"bdnb-bg-E2QP-MJYW-LDWR:1\", \"batiment_groupe_id\": \"bdnb-bg-E2QP-MJYW-LDWR\", \"annee_construction\": 1991, \"footprint_m2\": 479.57915670775924, \"intersection_area_m2\": 479.57915670775924, \"osm_building_id\": \"r:5791803\", \"osm_match_status\": \"matched\", \"osm_bdnb_intersection_area_m2\": 449.8161585761263, \"osm_address_text\": \"\", \"matching_status\": \"mono\", \"matching_decision\": \"mono\", \"matching_siren_selected\": \"\"}]", "building_geometries_json": "[{\"batiment_construction_id\": \"r:5791803\", \"bdnb_batiment_construction_id\": \"bdnb-bg-E2QP-MJYW-LDWR:1\", \"batiment_groupe_id\": \"bdnb-bg-E2QP-MJYW-LDWR\", \"osm_building_id\": \"r:5791803\", \"osm_match_status\": \"matched\", \"osm_bdnb_intersection_area_m2\": 449.8161585761263, \"osm_address_text\": \"\", \"annee_construction\": 1991, \"footprint_m2\": 479.57915670775924, \"geometry\": {\"type\": \"MultiPolygon\", \"coordinates\": [[[[-0.6635527, 44.7788762], [-0.663535, 44.778736], [-0.663487, 44.778739], [-0.663459, 44.77872], [-0.663457, 44.778694], [-0.663184, 44.778713], [-0.663208, 44.778896], [-0.6635527, 44.7788762]], [[-0.663429, 44.778823], [-0.663327, 44.778829], [-0.663319, 44.778765], [-0.663422, 44.778759], [-0.663429, 44.778823]]]]}}]", "google_fallback_attempted": "false", "google_fallback_success": "false", "google_fallback_group_id": "", "google_nearby_status": "", "google_nearby_error": "", "google_raw_nearby_count": "0", "google_excluded_outside_parcel": "0", "google_nearby_ranked_json": "[]", "google_winner_place_id": "", "google_winner_name": "", "google_anchor_address": "", "google_api_gouv_query": "", "google_api_gouv_etablissements_count": "0", "google_reject_reason": "", "osm_pois_json": "[]", "osm_poi_count": 0, "osm_pois_status": "ok", "osm_poi_truncated": 0, "osm_data_as_of": ""}, "geometry": {"type": "MultiPolygon", "coordinates": [[[[-0.664148, 44.7790273], [-0.664122, 44.7789975], [-0.6641025, 44.7789728], [-0.6640895, 44.7789491], [-0.6640804, 44.778929], [-0.6640681, 44.7788907], [-0.6640636, 44.7788653], [-0.6640636, 44.7788301], [-0.6640717, 44.7787986], [-0.6631682, 44.7783658], [-0.663147, 44.7783569], [-0.6631238, 44.7783506], [-0.663112, 44.7783484], [-0.6630933, 44.7783477], [-0.6630788, 44.7783472], [-0.6630635, 44.7783507], [-0.6630526, 44.7783561], [-0.6630441, 44.7783603], [-0.6630306, 44.7783673], [-0.6630188, 44.7783761], [-0.6630086, 44.778391], [-0.6629994, 44.7784213], [-0.6631104, 44.779285], [-0.6635364, 44.7792585], [-0.6637719, 44.7792438], [-0.6639912, 44.7791175], [-0.664148, 44.7790273]]]]}, "id": "parcelle:33318:HT:0067"}, {"type": "Feature", "properties": {"scout_v5_id": "parcelle:33318:HE:0006", "grain": "parcelle", "batiment_construction_id": "", "bdnb_batiment_construction_id": "", "batiment_groupe_id": "", "osm_building_id": "", "osm_match_status": "", "osm_bdnb_intersection_area_m2": "", "osm_address_text": "", "code_insee": "33318", "section": "HE", "numero_norm": "0006", "code_iris": "333180120", "nom_iris": "Parc Industriel", "nb_batiments": 1, "annee_construction": "", "footprint_m2": "", "footprint_sum_m2": 1527.8325189667771, "siren_status": "none", "status_technique": "no_candidate", "status_metier": "none", "siret_count": 0, "passerelle_address": "", "passerelle_indice_norm": "", "passerelle_numero_match": "", "passerelle_addresses_json": "[]", "sirets_json": "[]", "sirens_json": "[]", "matching_confidence": 0.0, "matching_reason": "", "matching_status": "mono", "matching_decision": "", "matching_siren_selected": "", "matching_debug_json": "", "parcelles_json": "", "buildings_json": "[{\"batiment_construction_id\": \"r:5791805\", \"bdnb_batiment_construction_id\": \"bdnb-bg-ZBXG-Y169-F1FZ:1\", \"batiment_groupe_id\": \"bdnb-bg-ZBXG-Y169-F1FZ\", \"annee_construction\": null, \"footprint_m2\": 1527.8325189667771, \"intersection_area_m2\": 1527.8325189667771, \"osm_building_id\": \"r:5791805\", \"osm_match_status\": \"matched\", \"osm_bdnb_intersection_area_m2\": 1486.431760378432, \"osm_address_text\": \"\", \"matching_status\": \"mono\", \"matching_decision\": \"mono\", \"matching_siren_selected\": \"\"}]", "building_geometries_json": "[{\"batiment_construction_id\": \"r:5791805\", \"bdnb_batiment_construction_id\": \"bdnb-bg-ZBXG-Y169-F1FZ:1\", \"batiment_groupe_id\": \"bdnb-bg-ZBXG-Y169-F1FZ\", \"osm_building_id\": \"r:5791805\", \"osm_match_status\": \"matched\", \"osm_bdnb_intersection_area_m2\": 1486.431760378432, \"osm_address_text\": \"\", \"annee_construction\": null, \"footprint_m2\": 1527.8325189667771, \"geometry\": {\"type\": \"MultiPolygon\", \"coordinates\": [[[[-0.649965, 44.779312], [-0.649807, 44.779148], [-0.64936, 44.779366], [-0.649467, 44.779476], [-0.649344, 44.779535], [-0.649486, 44.779685], [-0.649958, 44.779457], [-0.649867, 44.779361], [-0.649965, 44.779312]], [[-0.649812, 44.779307], [-0.649623, 44.7794], [-0.649589, 44.779365], [-0.649778, 44.779273], [-0.649812, 44.779307]]]]}}]", "google_fallback_attempted": "false", "google_fallback_success": "false", "google_fallback_group_id": "", "google_nearby_status": "", "google_nearby_error": "", "google_raw_nearby_count": "0", "google_excluded_outside_parcel": "0", "google_nearby_ranked_json": "[]", "google_winner_place_id": "", "google_winner_name": "", "google_anchor_address": "", "google_api_gouv_query": "", "google_api_gouv_etablissements_count": "0", "google_reject_reason": "", "osm_pois_json": "[]", "osm_poi_count": 0, "osm_pois_status": "ok", "osm_poi_truncated": 0, "osm_data_as_of": ""}, "geometry": {"type": "MultiPolygon", "coordinates": [[[[-0.650288, 44.7793526], [-0.6502486, 44.7793116], [-0.6502026, 44.7792638], [-0.6499876, 44.7790398], [-0.6499006, 44.7790295], [-0.649311, 44.7793171], [-0.6493129, 44.7794022], [-0.6492429, 44.7794368], [-0.6492086, 44.7794538], [-0.6492304, 44.7794767], [-0.6494867, 44.7797428], [-0.6498259, 44.7795776], [-0.650288, 44.7793526]]]]}, "id": "parcelle:33318:HE:0006"}, {"type": "Feature", "properties": {"scout_v5_id": "parcelle:33318:BX:0248", "grain": "parcelle", "batiment_construction_id": "", "bdnb_batiment_construction_id": "", "batiment_groupe_id": "", "osm_building_id": "", "osm_match_status": "", "osm_bdnb_intersection_area_m2": "", "osm_address_text": "", "code_insee": "33318", "section": "BX", "numero_norm": "0248", "code_iris": "333180109", "nom_iris": "L'Alouette", "nb_batiments": 1, "annee_construction": "", "footprint_m2": "", "footprint_sum_m2": 1273.660924209228, "siren_status": "none", "status_technique": "no_candidate", "status_metier": "none", "siret_count": 0, "passerelle_address": "", "passerelle_indice_norm": "", "passerelle_numero_match": "", "passerelle_addresses_json": "[]", "sirets_json": "[]", "sirens_json": "[]", "matching_confidence": 0.0, "matching_reason": "", "matching_status": "mono", "matching_decision": "", "matching_siren_selected": "", "matching_debug_json": "", "parcelles_json": "", "buildings_json": "[{\"batiment_construction_id\": \"r:5791807\", \"bdnb_batiment_construction_id\": \"bdnb-bg-NDTN-NSUQ-G7VA:1\", \"batiment_groupe_id\": \"bdnb-bg-NDTN-NSUQ-G7VA\", \"annee_construction\": null, \"footprint_m2\": 1273.660924209228, \"intersection_area_m2\": 1273.6609242092284, \"osm_building_id\": \"r:5791807\", \"osm_match_status\": \"matched\", \"osm_bdnb_intersection_area_m2\": 1214.9698627992761, \"osm_address_text\": \"\", \"matching_status\": \"mono\", \"matching_decision\": \"mono\", \"matching_siren_selected\": \"\"}]", "building_geometries_json": "[{\"batiment_construction_id\": \"r:5791807\", \"bdnb_batiment_construction_id\": \"bdnb-bg-NDTN-NSUQ-G7VA:1\", \"batiment_groupe_id\": \"bdnb-bg-NDTN-NSUQ-G7VA\", \"osm_building_id\": \"r:5791807\", \"osm_match_status\": \"matched\", \"osm_bdnb_intersection_area_m2\": 1214.9698627992761, \"osm_address_text\": \"\", \"annee_construction\": null, \"footprint_m2\": 1273.660924209228, \"geometry\": {\"type\": \"MultiPolygon\", \"coordinates\": [[[[-0.662209, 44.802529], [-0.662177, 44.802528], [-0.662183, 44.802478], [-0.662157, 44.802477], [-0.662158, 44.802472], [-0.662109, 44.802469], [-0.662109, 44.802475], [-0.662061, 44.802472], [-0.662062, 44.802467], [-0.662014, 44.802465], [-0.662013, 44.80247], [-0.661987, 44.802469], [-0.661984, 44.802513], [-0.661882, 44.802509], [-0.661887, 44.802464], [-0.661861, 44.802463], [-0.661862, 44.802458], [-0.661813, 44.802455], [-0.661812, 44.802461], [-0.661765, 44.802459], [-0.661766, 44.802453], [-0.661717, 44.802451], [-0.661716, 44.802456], [-0.661691, 44.802455], [-0.661687, 44.8025], [-0.6616275, 44.802497], [-0.6616246, 44.802543], [-0.661682, 44.802546], [-0.661678, 44.802586], [-0.661704, 44.802588], [-0.661703, 44.802593], [-0.661752, 44.802595], [-0.661753, 44.80259], [-0.6618, 44.802592], [-0.661799, 44.802597], [-0.661848, 44.8026], [-0.661849, 44.802594], [-0.661873, 44.802596], [-0.661868, 44.80267], [-0.661844, 44.802669], [-0.661844, 44.802664], [-0.661796, 44.802662], [-0.661795, 44.802667], [-0.661748, 44.802665], [-0.661748, 44.802659], [-0.6617, 44.802657], [-0.661699, 44.802662], [-0.661673, 44.802661], [-0.661671, 44.802692], [-0.661622, 44.80269], [-0.6616184, 44.802744], [-0.661666, 44.802746], [-0.661661, 44.802792], [-0.661687, 44.802794], [-0.661686, 44.802799], [-0.661736, 44.802801], [-0.661735, 44.802796], [-0.661783, 44.802799], [-0.661783, 44.802804], [-0.661832, 44.802806], [-0.661831, 44.802801], [-0.661857, 44.802802], [-0.661861, 44.802759], [-0.661962, 44.802763], [-0.661958, 44.802805], [-0.661983, 44.802806], [-0.661982, 44.802812], [-0.662031, 44.802814], [-0.662032, 44.802809], [-0.662079, 44.802811], [-0.66208, 44.802816], [-0.662128, 44.802818], [-0.662128, 44.802813], [-0.662154, 44.802814], [-0.662158, 44.802765], [-0.662187, 44.802766], [-0.662209, 44.802529]], [[-0.662171, 44.802608], [-0.662164, 44.802684], [-0.66214, 44.802683], [-0.662141, 44.802678], [-0.662092, 44.802676], [-0.662091, 44.802681], [-0.662044, 44.802678], [-0.662045, 44.802673], [-0.661996, 44.802671], [-0.661996, 44.802676], [-0.661973, 44.802675], [-0.661979, 44.802599], [-0.662001, 44.8026], [-0.662, 44.802606], [-0.662048, 44.802608], [-0.662049, 44.802603], [-0.662096, 44.802605], [-0.662096, 44.80261], [-0.662144, 44.802612], [-0.662145, 44.802607], [-0.662171, 44.802608]]]]}}]", "google_fallback_attempted": "false", "google_fallback_success": "false", "google_fallback_group_id": "", "google_nearby_status": "", "google_nearby_error": "", "google_raw_nearby_count": "0", "google_excluded_outside_parcel": "0", "google_nearby_ranked_json": "[]", "google_winner_place_id": "", "google_winner_name": "", "google_anchor_address": "", "google_api_gouv_query": "", "google_api_gouv_etablissements_count": "0", "google_reject_reason": "", "osm_pois_json": "[]", "osm_poi_count": 0, "osm_pois_status": "ok", "osm_poi_truncated": 0, "osm_data_as_of": ""}, "geometry": {"type": "MultiPolygon", "coordinates": [[[[-0.663005, 44.802439], [-0.6620075, 44.8023746], [-0.6620007, 44.8023742], [-0.6620216, 44.8021131], [-0.6619859, 44.8021143], [-0.6619796, 44.8021145], [-0.6619732, 44.8021147], [-0.6618001, 44.80212], [-0.661656, 44.802125], [-0.6614683, 44.8021305], [-0.661275, 44.8021372], [-0.6612609, 44.8023452], [-0.6612485, 44.8025246], [-0.661225, 44.8028654], [-0.6613218, 44.8029138], [-0.6618572, 44.8029372], [-0.6626602, 44.8029723], [-0.663005, 44.802439]]]]}, "id": "parcelle:33318:BX:0248"}, {"type": "Feature", "properties": {"scout_v5_id": "parcelle:33318:HD:0030", "grain": "parcelle", "batiment_construction_id": "", "bdnb_batiment_construction_id": "", "batiment_groupe_id": "", "osm_building_id": "", "osm_match_status": "", "osm_bdnb_intersection_area_m2": "", "osm_address_text": "", "code_insee": "33318", "section": "HD", "numero_norm": "0030", "code_iris": "333180120", "nom_iris": "Parc Industriel", "nb_batiments": 2, "annee_construction": "", "footprint_m2": "", "footprint_sum_m2": 19598.192705304726, "siren_status": "none", "status_technique": "no_candidate", "status_metier": "none", "siret_count": 0, "passerelle_address": "", "passerelle_indice_norm": "", "passerelle_numero_match": "", "passerelle_addresses_json": "[]", "sirets_json": "[]", "sirens_json": "[]", "matching_confidence": 0.0, "matching_reason": "", "matching_status": "mono", "matching_decision": "", "matching_siren_selected": "", "matching_debug_json": "", "parcelles_json": "", "buildings_json": "[{\"batiment_construction_id\": \"r:5791809\", \"bdnb_batiment_construction_id\": \"bdnb-bg-4MA5-MPNY-TUUL:7\", \"batiment_groupe_id\": \"bdnb-bg-4MA5-MPNY-TUUL\", \"annee_construction\": 1973, \"footprint_m2\": 18964.97304315108, \"intersection_area_m2\": 18964.973043151072, \"osm_building_id\": \"r:5791809\", \"osm_match_status\": \"matched\", \"osm_bdnb_intersection_area_m2\": 18858.99821509556, \"osm_address_text\": \"\", \"matching_status\": \"mono\", \"matching_decision\": \"mono\", \"matching_siren_selected\": \"\"}, {\"batiment_construction_id\": \"w:218783250\", \"bdnb_batiment_construction_id\": \"bdnb-bg-4MA5-MPNY-TUUL:12\", \"batiment_groupe_id\": \"bdnb-bg-4MA5-MPNY-TUUL\", \"annee_construction\": 1973, \"footprint_m2\": 633.2196621536475, \"intersection_area_m2\": 633.2196621536475, \"osm_building_id\": \"w:218783250\", \"osm_match_status\": \"matched\", \"osm_bdnb_intersection_area_m2\": 631.4331649577879, \"osm_address_text\": \"\", \"matching_status\": \"mono\", \"matching_decision\": \"mono\", \"matching_siren_selected\": \"\"}]", "building_geometries_json": "[{\"batiment_construction_id\": \"r:5791809\", \"bdnb_batiment_construction_id\": \"bdnb-bg-4MA5-MPNY-TUUL:7\", \"batiment_groupe_id\": \"bdnb-bg-4MA5-MPNY-TUUL\", \"osm_building_id\": \"r:5791809\", \"osm_match_status\": \"matched\", \"osm_bdnb_intersection_area_m2\": 18858.99821509556, \"osm_address_text\": \"\", \"annee_construction\": 1973, \"footprint_m2\": 18964.97304315108, \"geometry\": {\"type\": \"MultiPolygon\", \"coordinates\": [[[[-0.644135, 44.781394], [-0.643671, 44.780778], [-0.643334, 44.780908], [-0.643009, 44.780477], [-0.642996, 44.780481], [-0.642992, 44.780475], [-0.641939, 44.780879], [-0.641907, 44.780891], [-0.641655, 44.780988], [-0.64166, 44.780993], [-0.641644, 44.780999], [-0.641934, 44.781379], [-0.641926, 44.781379], [-0.641926, 44.78143], [-0.641906, 44.78143], [-0.641906, 44.781479], [-0.6416979, 44.7815686], [-0.6418329, 44.7817541], [-0.6420696, 44.7816592], [-0.6421144, 44.7816411], [-0.6422355, 44.781802], [-0.6424296, 44.7820619], [-0.642703, 44.781953], [-0.642739, 44.781939], [-0.643803, 44.781531], [-0.643703, 44.781398], [-0.643863, 44.781336], [-0.643958, 44.781461], [-0.644135, 44.781394]], [[-0.642981, 44.781117], [-0.642799, 44.781187], [-0.642709, 44.781067], [-0.642893, 44.780999], [-0.642981, 44.781117]]]]}}, {\"batiment_construction_id\": \"w:218783250\", \"bdnb_batiment_construction_id\": \"bdnb-bg-4MA5-MPNY-TUUL:12\", \"batiment_groupe_id\": \"bdnb-bg-4MA5-MPNY-TUUL\", \"osm_building_id\": \"w:218783250\", \"osm_match_status\": \"matched\", \"osm_bdnb_intersection_area_m2\": 631.4331649577879, \"osm_address_text\": \"\", \"annee_construction\": 1973, \"footprint_m2\": 633.2196621536475, \"geometry\": {\"type\": \"MultiPolygon\", \"coordinates\": [[[[-0.641781, 44.78059], [-0.641804, 44.780622], [-0.642065, 44.780523], [-0.641856, 44.780245], [-0.641208, 44.780493], [-0.641418, 44.780767], [-0.641679, 44.780669], [-0.641656, 44.780638], [-0.641438, 44.780721], [-0.641278, 44.780508], [-0.641834, 44.780294], [-0.641996, 44.780509], [-0.641781, 44.78059]]]]}}]", "google_fallback_attempted": "false", "google_fallback_success": "false", "google_fallback_group_id": "", "google_nearby_status": "", "google_nearby_error": "", "google_raw_nearby_count": "0", "google_excluded_outside_parcel": "0", "google_nearby_ranked_json": "[]", "google_winner_place_id": "", "google_winner_name": "", "google_anchor_address": "", "google_api_gouv_query": "", "google_api_gouv_etablissements_count": "0", "google_reject_reason": "", "osm_pois_json": "[]", "osm_poi_count": 0, "osm_pois_status": "ok", "osm_poi_truncated": 0, "osm_data_as_of": ""}, "geometry": {"type": "MultiPolygon", "coordinates": [[[[-0.6434679, 44.7802073], [-0.6422528, 44.7806715], [-0.6415488, 44.7797346], [-0.640757, 44.7800525], [-0.6406523, 44.7800948], [-0.6402732, 44.7802482], [-0.6402097, 44.780374], [-0.6405526, 44.7808934], [-0.6405837, 44.7809404], [-0.640885, 44.7813968], [-0.6421029, 44.7832409], [-0.6421352, 44.78329], [-0.6421563, 44.783322], [-0.6437854, 44.7827057], [-0.6438565, 44.7826787], [-0.6438084, 44.7823683], [-0.6437838, 44.7823365], [-0.6447795, 44.7819544], [-0.6447179, 44.7818725], [-0.6446877, 44.7818321], [-0.6434679, 44.7802073]]]]}, "id": "parcelle:33318:HD:0030"}, {"type": "Feature", "properties": {"scout_v5_id": "parcelle:33318:HD:0014", "grain": "parcelle", "batiment_construction_id": "", "bdnb_batiment_construction_id": "", "batiment_groupe_id": "", "osm_building_id": "", "osm_match_status": "", "osm_bdnb_intersection_area_m2": "", "osm_address_text": "", "code_insee": "33318", "section": "HD", "numero_norm": "0014", "code_iris": "333180120", "nom_iris": "Parc Industriel", "nb_batiments": 3, "annee_construction": "", "footprint_m2": "", "footprint_sum_m2": 4454.070165799146, "siren_status": "none", "status_technique": "no_candidate", "status_metier": "none", "siret_count": 0, "passerelle_address": "", "passerelle_indice_norm": "", "passerelle_numero_match": "", "passerelle_addresses_json": "[]", "sirets_json": "[]", "sirens_json": "[]", "matching_confidence": 0.0, "matching_reason": "", "matching_status": "mono", "matching_decision": "", "matching_siren_selected": "", "matching_debug_json": "", "parcelles_json": "", "buildings_json": "[{\"batiment_construction_id\": \"r:5791813\", \"bdnb_batiment_construction_id\": \"bdnb-bg-CX9Z-L2S8-15E4:4\", \"batiment_groupe_id\": \"bdnb-bg-CX9Z-L2S8-15E4\", \"annee_construction\": 1980, \"footprint_m2\": 1804.5493231275477, \"intersection_area_m2\": 1804.5493231275486, \"osm_building_id\": \"r:5791813\", \"osm_match_status\": \"matched\", \"osm_bdnb_intersection_area_m2\": 1800.2276711385966, \"osm_address_text\": \"\", \"matching_status\": \"mono\", \"matching_decision\": \"mono\", \"matching_siren_selected\": \"\"}, {\"batiment_construction_id\": \"r:5791815\", \"bdnb_batiment_construction_id\": \"bdnb-bg-CX9Z-L2S8-15E4:2\", \"batiment_groupe_id\": \"bdnb-bg-CX9Z-L2S8-15E4\", \"annee_construction\": 1980, \"footprint_m2\": 1799.849270297946, \"intersection_area_m2\": 1799.849270297946, \"osm_building_id\": \"r:5791815\", \"osm_match_status\": \"matched\", \"osm_bdnb_intersection_area_m2\": 1796.0078683560928, \"osm_address_text\": \"\", \"matching_status\": \"mono\", \"matching_decision\": \"mono\", \"matching_siren_selected\": \"\"}, {\"batiment_construction_id\": \"w:218783574\", \"bdnb_batiment_construction_id\": \"bdnb-bg-CX9Z-L2S8-15E4:5\", \"batiment_groupe_id\": \"bdnb-bg-CX9Z-L2S8-15E4\", \"annee_construction\": 1980, \"footprint_m2\": 849.6715723736519, \"intersection_area_m2\": 849.6715723736521, \"osm_building_id\": \"w:218783574\", \"osm_match_status\": \"matched\", \"osm_bdnb_intersection_area_m2\": 847.4698901624078, \"osm_address_text\": \"\", \"matching_status\": \"mono\", \"matching_decision\": \"mono\", \"matching_siren_selected\": \"\"}]", "building_geometries_json": "[{\"batiment_construction_id\": \"r:5791813\", \"bdnb_batiment_construction_id\": \"bdnb-bg-CX9Z-L2S8-15E4:4\", \"batiment_groupe_id\": \"bdnb-bg-CX9Z-L2S8-15E4\", \"osm_building_id\": \"r:5791813\", \"osm_match_status\": \"matched\", \"osm_bdnb_intersection_area_m2\": 1800.2276711385966, \"osm_address_text\": \"\", \"annee_construction\": 1980, \"footprint_m2\": 1804.5493231275477, \"geometry\": {\"type\": \"MultiPolygon\", \"coordinates\": [[[[-0.646531, 44.779962], [-0.646396, 44.779782], [-0.646376, 44.779755], [-0.646365, 44.779759], [-0.646333, 44.779718], [-0.646344, 44.779713], [-0.646327, 44.779689], [-0.646192, 44.779509], [-0.645774, 44.779668], [-0.645908, 44.779846], [-0.64593, 44.779875], [-0.645943, 44.77987], [-0.645973, 44.779909], [-0.645959, 44.779914], [-0.645978, 44.779939], [-0.646113, 44.780118], [-0.646307, 44.780046], [-0.646339, 44.780034], [-0.646531, 44.779962]], [[-0.646329, 44.779918], [-0.646176, 44.779978], [-0.646109, 44.77989], [-0.6461, 44.779877], [-0.646139, 44.779863], [-0.646149, 44.779876], [-0.646157, 44.779886], [-0.646234, 44.779856], [-0.646226, 44.779846], [-0.646217, 44.779833], [-0.646255, 44.779819], [-0.646264, 44.779831], [-0.646329, 44.779918]], [[-0.646204, 44.779751], [-0.646164, 44.779767], [-0.646153, 44.779753], [-0.646147, 44.779746], [-0.646071, 44.779774], [-0.646077, 44.779782], [-0.646088, 44.779796], [-0.646049, 44.779811], [-0.646038, 44.779797], [-0.645972, 44.77971], [-0.646127, 44.779651], [-0.646192, 44.779737], [-0.646204, 44.779751]]]]}}, {\"batiment_construction_id\": \"r:5791815\", \"bdnb_batiment_construction_id\": \"bdnb-bg-CX9Z-L2S8-15E4:2\", \"batiment_groupe_id\": \"bdnb-bg-CX9Z-L2S8-15E4\", \"osm_building_id\": \"r:5791815\", \"osm_match_status\": \"matched\", \"osm_bdnb_intersection_area_m2\": 1796.0078683560928, \"osm_address_text\": \"\", \"annee_construction\": 1980, \"footprint_m2\": 1799.849270297946, \"geometry\": {\"type\": \"MultiPolygon\", \"coordinates\": [[[[-0.646943, 44.780508], [-0.646809, 44.780331], [-0.646788, 44.780302], [-0.646777, 44.780306], [-0.646748, 44.780268], [-0.646758, 44.780263], [-0.646738, 44.780235], [-0.646605, 44.780057], [-0.646411, 44.780131], [-0.64638, 44.780143], [-0.646187, 44.780216], [-0.64632, 44.780394], [-0.646341, 44.780421], [-0.646354, 44.780417], [-0.646382, 44.780456], [-0.64637, 44.780461], [-0.646391, 44.780489], [-0.646527, 44.780669], [-0.646943, 44.780508]], [[-0.646745, 44.780467], [-0.646588, 44.780528], [-0.646521, 44.780438], [-0.646509, 44.780423], [-0.646549, 44.780409], [-0.646561, 44.780424], [-0.646567, 44.780433], [-0.646645, 44.780403], [-0.646639, 44.780395], [-0.646627, 44.78038], [-0.646668, 44.780365], [-0.646679, 44.780379], [-0.646745, 44.780467]], [[-0.646619, 44.7803], [-0.646578, 44.780316], [-0.646567, 44.7803], [-0.646561, 44.780292], [-0.646483, 44.780321], [-0.646489, 44.780329], [-0.646501, 44.780346], [-0.646463, 44.78036], [-0.64645, 44.780344], [-0.646386, 44.780259], [-0.646542, 44.780199], [-0.646606, 44.780284], [-0.646619, 44.7803]]]]}}, {\"batiment_construction_id\": \"w:218783574\", \"bdnb_batiment_construction_id\": \"bdnb-bg-CX9Z-L2S8-15E4:5\", \"batiment_groupe_id\": \"bdnb-bg-CX9Z-L2S8-15E4\", \"osm_building_id\": \"w:218783574\", \"osm_match_status\": \"matched\", \"osm_bdnb_intersection_area_m2\": 847.4698901624078, \"osm_address_text\": \"\", \"annee_construction\": 1980, \"footprint_m2\": 849.6715723736519, \"geometry\": {\"type\": \"MultiPolygon\", \"coordinates\": [[[[-0.646402, 44.780746], [-0.646389, 44.780752], [-0.646367, 44.78076], [-0.646346, 44.780731], [-0.646367, 44.780723], [-0.646305, 44.780643], [-0.646146, 44.780705], [-0.646277, 44.780874], [-0.646118, 44.780934], [-0.646234, 44.781086], [-0.646451, 44.781002], [-0.646436, 44.780982], [-0.646547, 44.780939], [-0.646402, 44.780746]]]]}}]", "google_fallback_attempted": "false", "google_fallback_success": "false", "google_fallback_group_id": "", "google_nearby_status": "", "google_nearby_error": "", "google_raw_nearby_count": "0", "google_excluded_outside_parcel": "0", "google_nearby_ranked_json": "[]", "google_winner_place_id": "", "google_winner_name": "", "google_anchor_address": "", "google_api_gouv_query": "", "google_api_gouv_etablissements_count": "0", "google_reject_reason": "", "osm_pois_json": "[]", "osm_poi_count": 0, "osm_pois_status": "ok", "osm_poi_truncated": 0, "osm_data_as_of": ""}, "geometry": {"type": "MultiPolygon", "coordinates": [[[[-0.6437701, 44.7802237], [-0.6443057, 44.7809354], [-0.644479, 44.7808673], [-0.6444873, 44.7808318], [-0.6446347, 44.7807751], [-0.6446372, 44.7807742], [-0.6447746, 44.7807213], [-0.6447763, 44.7807234], [-0.6447777, 44.7807228], [-0.6448845, 44.7806811], [-0.6451255, 44.7810079], [-0.6451546, 44.7810475], [-0.645241, 44.7810151], [-0.6453052, 44.7811008], [-0.645924, 44.7808647], [-0.6463263, 44.781396], [-0.646534, 44.7811751], [-0.6470034, 44.7807201], [-0.6473021, 44.7804253], [-0.6476308, 44.7801009], [-0.6476196, 44.780092], [-0.6467579, 44.7794161], [-0.6465416, 44.7792465], [-0.6464235, 44.7791539], [-0.6454617, 44.7795416], [-0.6437701, 44.7802237]]]]}, "id": "parcelle:33318:HD:0014"}, {"type": "Feature", "properties": {"scout_v5_id": "parcelle:33318:HH:0065", "grain": "parcelle", "batiment_construction_id": "", "bdnb_batiment_construction_id": "", "batiment_groupe_id": "", "osm_building_id": "", "osm_match_status": "", "osm_bdnb_intersection_area_m2": "", "osm_address_text": "", "code_insee": "33318", "section": "HH", "numero_norm": "0065", "code_iris": "333180120", "nom_iris": "Parc Industriel", "nb_batiments": 2, "annee_construction": "", "footprint_m2": "", "footprint_sum_m2": 2300.65729875451, "siren_status": "none", "status_technique": "no_candidate", "status_metier": "none", "siret_count": 0, "passerelle_address": "", "passerelle_indice_norm": "", "passerelle_numero_match": "", "passerelle_addresses_json": "[]", "sirets_json": "[]", "sirens_json": "[]", "matching_confidence": 0.0, "matching_reason": "", "matching_status": "mono", "matching_decision": "", "matching_siren_selected": "", "matching_debug_json": "", "parcelles_json": "", "buildings_json": "[{\"batiment_construction_id\": \"r:5791817\", \"bdnb_batiment_construction_id\": \"bdnb-bg-QP9F-XPQZ-Z48X:1\", \"batiment_groupe_id\": \"bdnb-bg-QP9F-XPQZ-Z48X\", \"annee_construction\": 2015, \"footprint_m2\": 1681.0555433086502, \"intersection_area_m2\": 1681.0555433086502, \"osm_building_id\": \"r:5791817\", \"osm_match_status\": \"matched\", \"osm_bdnb_intersection_area_m2\": 1594.6935687175474, \"osm_address_text\": \"\", \"matching_status\": \"mono\", \"matching_decision\": \"mono\", \"matching_siren_selected\": \"\"}, {\"batiment_construction_id\": \"w:218783897\", \"bdnb_batiment_construction_id\": \"bdnb-bg-QP9F-XPQZ-Z48X:1\", \"batiment_groupe_id\": \"bdnb-bg-QP9F-XPQZ-Z48X\", \"annee_construction\": 2015, \"footprint_m2\": 619.6017554458599, \"intersection_area_m2\": 619.6017554458598, \"osm_building_id\": \"w:218783897\", \"osm_match_status\": \"matched\", \"osm_bdnb_intersection_area_m2\": 560.178568481204, \"osm_address_text\": \"\", \"matching_status\": \"mono\", \"matching_decision\": \"mono\", \"matching_siren_selected\": \"\"}]", "building_geometries_json": "[{\"batiment_construction_id\": \"r:5791817\", \"bdnb_batiment_construction_id\": \"bdnb-bg-QP9F-XPQZ-Z48X:1\", \"batiment_groupe_id\": \"bdnb-bg-QP9F-XPQZ-Z48X\", \"osm_building_id\": \"r:5791817\", \"osm_match_status\": \"matched\", \"osm_bdnb_intersection_area_m2\": 1594.6935687175474, \"osm_address_text\": \"\", \"annee_construction\": 2015, \"footprint_m2\": 1681.0555433086502, \"geometry\": {\"type\": \"MultiPolygon\", \"coordinates\": [[[[-0.652853, 44.782118], [-0.652615, 44.781925], [-0.652564, 44.781885], [-0.6524621, 44.7818029], [-0.6524438, 44.7817881], [-0.6523779, 44.7817351], [-0.6523297, 44.7816962], [-0.652276, 44.781653], [-0.65201, 44.781826], [-0.652584, 44.782286], [-0.652853, 44.782118]], [[-0.652656, 44.782098], [-0.65258, 44.782147], [-0.652442, 44.782035], [-0.652516, 44.781986], [-0.652656, 44.782098]], [[-0.652423, 44.78191], [-0.652343, 44.781958], [-0.652204, 44.781846], [-0.65228, 44.781798], [-0.652423, 44.78191]]]]}}, {\"batiment_construction_id\": \"w:218783897\", \"bdnb_batiment_construction_id\": \"bdnb-bg-QP9F-XPQZ-Z48X:1\", \"batiment_groupe_id\": \"bdnb-bg-QP9F-XPQZ-Z48X\", \"osm_building_id\": \"w:218783897\", \"osm_match_status\": \"matched\", \"osm_bdnb_intersection_area_m2\": 560.178568481204, \"osm_address_text\": \"\", \"annee_construction\": 2015, \"footprint_m2\": 619.6017554458599, \"geometry\": {\"type\": \"MultiPolygon\", \"coordinates\": [[[[-0.652849, 44.781798], [-0.6526623, 44.7816508], [-0.65266, 44.781649], [-0.652642, 44.781661], [-0.652595, 44.781624], [-0.652636, 44.781597], [-0.652715, 44.781547], [-0.652591, 44.78145], [-0.652343, 44.781611], [-0.652513, 44.781744], [-0.6524438, 44.7817881], [-0.6524621, 44.7818029], [-0.652627, 44.781696], [-0.652798, 44.781831], [-0.652849, 44.781798]]]]}}]", "google_fallback_attempted": "false", "google_fallback_success": "false", "google_fallback_group_id": "", "google_nearby_status": "", "google_nearby_error": "", "google_raw_nearby_count": "0", "google_excluded_outside_parcel": "0", "google_nearby_ranked_json": "[]", "google_winner_place_id": "", "google_winner_name": "", "google_anchor_address": "", "google_api_gouv_query": "", "google_api_gouv_etablissements_count": "0", "google_reject_reason": "", "osm_pois_json": "[]", "osm_poi_count": 0, "osm_pois_status": "ok", "osm_poi_truncated": 0, "osm_data_as_of": ""}, "geometry": {"type": "MultiPolygon", "coordinates": [[[[-0.6518937, 44.7827435], [-0.652366, 44.7825067], [-0.6531763, 44.782145], [-0.653262, 44.7821066], [-0.653462, 44.7820175], [-0.6536533, 44.7819309], [-0.6536322, 44.781914], [-0.6535986, 44.7818871], [-0.6535553, 44.7818524], [-0.6530771, 44.7814694], [-0.65281, 44.7812555], [-0.6524868, 44.7814583], [-0.6522604, 44.7816022], [-0.6522061, 44.7816367], [-0.6516143, 44.7820131], [-0.6515085, 44.7820803], [-0.6514598, 44.7821112], [-0.6512373, 44.7822526], [-0.6512039, 44.782274], [-0.651513, 44.7824858], [-0.6518876, 44.7827392], [-0.6518937, 44.7827435]]]]}, "id": "parcelle:33318:HH:0065"}, {"type": "Feature", "properties": {"scout_v5_id": "parcelle:33318:KC:0094", "grain": "parcelle", "batiment_construction_id": "", "bdnb_batiment_construction_id": "", "batiment_groupe_id": "", "osm_building_id": "", "osm_match_status": "", "osm_bdnb_intersection_area_m2": "", "osm_address_text": "", "code_insee": "33318", "section": "KC", "numero_norm": "0094", "code_iris": "333180103", "nom_iris": "Madran", "nb_batiments": 1, "annee_construction": "", "footprint_m2": "", "footprint_sum_m2": 765.0838728382075, "siren_status": "none", "status_technique": "no_candidate", "status_metier": "none", "siret_count": 0, "passerelle_address": "", "passerelle_indice_norm": "", "passerelle_numero_match": "", "passerelle_addresses_json": "[]", "sirets_json": "[]", "sirens_json": "[]", "matching_confidence": 0.0, "matching_reason": "", "matching_status": "mono", "matching_decision": "", "matching_siren_selected": "", "matching_debug_json": "", "parcelles_json": "", "buildings_json": "[{\"batiment_construction_id\": \"r:5925449\", \"bdnb_batiment_construction_id\": null, \"batiment_groupe_id\": null, \"annee_construction\": null, \"footprint_m2\": 765.0838728382075, \"intersection_area_m2\": 765.0838728382074, \"osm_building_id\": \"r:5925449\", \"osm_match_status\": \"unmatched\", \"osm_bdnb_intersection_area_m2\": null, \"osm_address_text\": \"\", \"matching_status\": \"mono\", \"matching_decision\": \"mono\", \"matching_siren_selected\": \"\"}]", "building_geometries_json": "[{\"batiment_construction_id\": \"r:5925449\", \"bdnb_batiment_construction_id\": null, \"batiment_groupe_id\": null, \"osm_building_id\": \"r:5925449\", \"osm_match_status\": \"unmatched\", \"osm_bdnb_intersection_area_m2\": null, \"osm_address_text\": \"\", \"annee_construction\": null, \"footprint_m2\": 765.0838728382075, \"geometry\": {\"type\": \"MultiPolygon\", \"coordinates\": [[[[-0.65379, 44.807185], [-0.653773, 44.807056], [-0.653716, 44.807059], [-0.653687, 44.807061], [-0.653678, 44.806989], [-0.653706, 44.806987], [-0.653721, 44.806986], [-0.653709, 44.806897], [-0.653626, 44.806902], [-0.653636, 44.806992], [-0.653523, 44.806998], [-0.653514, 44.80691], [-0.653307, 44.806923], [-0.653319, 44.807011], [-0.65344, 44.807004], [-0.653448, 44.807076], [-0.653416, 44.807078], [-0.653432, 44.80721], [-0.65379, 44.807185]], [[-0.65361, 44.807066], [-0.653531, 44.807071], [-0.653526, 44.807031], [-0.653604, 44.807025], [-0.65361, 44.807066]]]]}}]", "google_fallback_attempted": "false", "google_fallback_success": "false", "google_fallback_group_id": "", "google_nearby_status": "", "google_nearby_error": "", "google_raw_nearby_count": "0", "google_excluded_outside_parcel": "0", "google_nearby_ranked_json": "[]", "google_winner_place_id": "", "google_winner_name": "", "google_anchor_address": "", "google_api_gouv_query": "", "google_api_gouv_etablissements_count": "0", "google_reject_reason": "", "osm_pois_json": "[]", "osm_poi_count": 0, "osm_pois_status": "ok", "osm_poi_truncated": 0, "osm_data_as_of": ""}, "geometry": {"type": "MultiPolygon", "coordinates": [[[[-0.6532339, 44.8070109], [-0.6531967, 44.8071347], [-0.6531772, 44.8071863], [-0.6530888, 44.8074195], [-0.6536415, 44.8073919], [-0.6538087, 44.8073324], [-0.6539137, 44.8072214], [-0.6539174, 44.8071841], [-0.6539266, 44.8070903], [-0.6539272, 44.8070854], [-0.6538548, 44.8065215], [-0.6538493, 44.8064785], [-0.6536185, 44.8064843], [-0.6534302, 44.8064892], [-0.6533907, 44.8064901], [-0.6533551, 44.8066084], [-0.6533295, 44.8066936], [-0.6532689, 44.8068944], [-0.6532339, 44.8070109]]]]}, "id": "parcelle:33318:KC:0094"}, {"type": "Feature", "properties": {"scout_v5_id": "parcelle:33318:KC:0474", "grain": "parcelle", "batiment_construction_id": "", "bdnb_batiment_construction_id": "", "batiment_groupe_id": "", "osm_building_id": "", "osm_match_status": "", "osm_bdnb_intersection_area_m2": "", "osm_address_text": "", "code_insee": "33318", "section": "KC", "numero_norm": "0474", "code_iris": "333180103", "nom_iris": "Madran", "nb_batiments": 1, "annee_construction": "", "footprint_m2": "", "footprint_sum_m2": 2917.3729597103124, "siren_status": "none", "status_technique": "no_candidate", "status_metier": "none", "siret_count": 0, "passerelle_address": "", "passerelle_indice_norm": "", "passerelle_numero_match": "", "passerelle_addresses_json": "[]", "sirets_json": "[]", "sirens_json": "[]", "matching_confidence": 0.0, "matching_reason": "", "matching_status": "mono", "matching_decision": "", "matching_siren_selected": "", "matching_debug_json": "", "parcelles_json": "", "buildings_json": "[{\"batiment_construction_id\": \"r:5925451\", \"bdnb_batiment_construction_id\": null, \"batiment_groupe_id\": null, \"annee_construction\": null, \"footprint_m2\": 2917.3729597103124, \"intersection_area_m2\": 2917.3729597103134, \"osm_building_id\": \"r:5925451\", \"osm_match_status\": \"unmatched\", \"osm_bdnb_intersection_area_m2\": null, \"osm_address_text\": \"\", \"matching_status\": \"mono\", \"matching_decision\": \"mono\", \"matching_siren_selected\": \"\"}]", "building_geometries_json": "[{\"batiment_construction_id\": \"r:5925451\", \"bdnb_batiment_construction_id\": null, \"batiment_groupe_id\": null, \"osm_building_id\": \"r:5925451\", \"osm_match_status\": \"unmatched\", \"osm_bdnb_intersection_area_m2\": null, \"osm_address_text\": \"\", \"annee_construction\": null, \"footprint_m2\": 2917.3729597103124, \"geometry\": {\"type\": \"MultiPolygon\", \"coordinates\": [[[[-0.651266, 44.807819], [-0.651255, 44.807803], [-0.651246, 44.807806], [-0.651238, 44.807796], [-0.651248, 44.807792], [-0.651185, 44.807699], [-0.651174, 44.807702], [-0.651169, 44.807694], [-0.651082, 44.807724], [-0.65105, 44.807676], [-0.651006, 44.807612], [-0.651025, 44.807605], [-0.651003, 44.80757], [-0.651122, 44.807528], [-0.651156, 44.807454], [-0.651127, 44.807408], [-0.651086, 44.807421], [-0.651095, 44.807437], [-0.651068, 44.807446], [-0.651044, 44.807502], [-0.651055, 44.807519], [-0.650985, 44.807544], [-0.650965, 44.807551], [-0.650937, 44.80751], [-0.650842, 44.80737], [-0.650683, 44.807423], [-0.6506763, 44.8074332], [-0.650656, 44.807464], [-0.650714, 44.807549], [-0.650758, 44.807615], [-0.650736, 44.807623], [-0.650759, 44.807657], [-0.650782, 44.807649], [-0.650807, 44.807687], [-0.650863, 44.807769], [-0.650887, 44.807776], [-0.650871, 44.807804], [-0.650852, 44.807799], [-0.650803, 44.807816], [-0.650568, 44.807895], [-0.65055, 44.807901], [-0.650559, 44.807916], [-0.650544, 44.807921], [-0.650531, 44.807901], [-0.65048, 44.807918], [-0.650493, 44.807939], [-0.650479, 44.807944], [-0.650468, 44.80793], [-0.650411, 44.807949], [-0.650372, 44.807894], [-0.650156, 44.807968], [-0.650161, 44.807975], [-0.650148, 44.80798], [-0.650206, 44.808067], [-0.650215, 44.808064], [-0.650221, 44.80807], [-0.65027, 44.808054], [-0.650298, 44.808045], [-0.650331, 44.808094], [-0.650302, 44.808104], [-0.650251, 44.80812], [-0.650258, 44.80813], [-0.650249, 44.808133], [-0.650308, 44.808223], [-0.650322, 44.808219], [-0.650325, 44.808223], [-0.650604, 44.80813], [-0.650558, 44.80806], [-0.650574, 44.808055], [-0.650588, 44.808077], [-0.650638, 44.80806], [-0.650624, 44.808037], [-0.650639, 44.808032], [-0.650646, 44.808045], [-0.650667, 44.808038], [-0.650678, 44.808055], [-0.650902, 44.80798], [-0.650891, 44.807963], [-0.650975, 44.807935], [-0.651018, 44.807999], [-0.651032, 44.807994], [-0.651037, 44.808002], [-0.65117, 44.807958], [-0.651165, 44.807951], [-0.651177, 44.807948], [-0.651187, 44.807953], [-0.651237, 44.807936], [-0.651263, 44.807881], [-0.651266, 44.807819]], [[-0.650988, 44.807812], [-0.65098, 44.80783], [-0.650957, 44.807839], [-0.650931, 44.807832], [-0.650921, 44.807816], [-0.650933, 44.807797], [-0.650954, 44.80779], [-0.650979, 44.807796], [-0.650988, 44.807812]]]]}}]", "google_fallback_attempted": "false", "google_fallback_success": "false", "google_fallback_group_id": "", "google_nearby_status": "", "google_nearby_error": "", "google_raw_nearby_count": "0", "google_excluded_outside_parcel": "0", "google_nearby_ranked_json": "[]", "google_winner_place_id": "", "google_winner_name": "", "google_anchor_address": "", "google_api_gouv_query": "", "google_api_gouv_etablissements_count": "0", "google_reject_reason": "", "osm_pois_json": "[]", "osm_poi_count": 0, "osm_pois_status": "ok", "osm_poi_truncated": 0, "osm_data_as_of": ""}, "geometry": {"type": "MultiPolygon", "coordinates": [[[[-0.6498761, 44.8066841], [-0.6498736, 44.8067587], [-0.6498703, 44.8068369], [-0.6498682, 44.8068899], [-0.6498648, 44.8069739], [-0.6498616, 44.80705], [-0.6498591, 44.8071115], [-0.6496381, 44.8071069], [-0.6494361, 44.8071026], [-0.6494256, 44.8074064], [-0.6494185, 44.8076103], [-0.6494171, 44.807653], [-0.6494258, 44.8079216], [-0.6494961, 44.8086227], [-0.6495458, 44.8086413], [-0.6502848, 44.8085796], [-0.6506826, 44.808441], [-0.6506045, 44.8083118], [-0.6506674, 44.8082915], [-0.6506802, 44.8082672], [-0.6506698, 44.8082432], [-0.6507526, 44.8082121], [-0.6507644, 44.8082329], [-0.6508098, 44.8082404], [-0.6508765, 44.8082182], [-0.6512428, 44.8080962], [-0.6512458, 44.8080687], [-0.6513127, 44.8080721], [-0.6513131, 44.8080633], [-0.6513197, 44.807945], [-0.6513393, 44.8075904], [-0.6513077, 44.807588], [-0.6512744, 44.8075856], [-0.6512817, 44.8073994], [-0.6512909, 44.8071618], [-0.6513084, 44.8067082], [-0.6512949, 44.8067091], [-0.6511578, 44.8067068], [-0.6510455, 44.8067048], [-0.6509203, 44.8067025], [-0.6508009, 44.8067003], [-0.6507593, 44.8066996], [-0.6505681, 44.8066963], [-0.6503763, 44.8066931], [-0.6502788, 44.8066912], [-0.6501808, 44.8066895], [-0.6500397, 44.806687], [-0.6498761, 44.8066841]]]]}, "id": "parcelle:33318:KC:0474"}, {"type": "Feature", "properties": {"scout_v5_id": "parcelle:33318:KH:0108", "grain": "parcelle", "batiment_construction_id": "", "bdnb_batiment_construction_id": "", "batiment_groupe_id": "", "osm_building_id": "", "osm_match_status": "", "osm_bdnb_intersection_area_m2": "", "osm_address_text": "", "code_insee": "33318", "section": "KH", "numero_norm": "0108", "code_iris": "333180108", "nom_iris": "Le Monteil", "nb_batiments": 1, "annee_construction": "", "footprint_m2": "", "footprint_sum_m2": 584.6631453589696, "siren_status": "none", "status_technique": "no_candidate", "status_metier": "none", "siret_count": 0, "passerelle_address": "", "passerelle_indice_norm": "", "passerelle_numero_match": "", "passerelle_addresses_json": "[]", "sirets_json": "[]", "sirens_json": "[]", "matching_confidence": 0.0, "matching_reason": "", "matching_status": "mono", "matching_decision": "", "matching_siren_selected": "", "matching_debug_json": "", "parcelles_json": "", "buildings_json": "[{\"batiment_construction_id\": \"r:5929593\", \"bdnb_batiment_construction_id\": null, \"batiment_groupe_id\": null, \"annee_construction\": null, \"footprint_m2\": 584.6631453589696, \"intersection_area_m2\": 584.6631453589696, \"osm_building_id\": \"r:5929593\", \"osm_match_status\": \"unmatched\", \"osm_bdnb_intersection_area_m2\": null, \"osm_address_text\": \"\", \"matching_status\": \"mono\", \"matching_decision\": \"mono\", \"matching_siren_selected\": \"\"}]", "building_geometries_json": "[{\"batiment_construction_id\": \"r:5929593\", \"bdnb_batiment_construction_id\": null, \"batiment_groupe_id\": null, \"osm_building_id\": \"r:5929593\", \"osm_match_status\": \"unmatched\", \"osm_bdnb_intersection_area_m2\": null, \"osm_address_text\": \"\", \"annee_construction\": null, \"footprint_m2\": 584.6631453589696, \"geometry\": {\"type\": \"MultiPolygon\", \"coordinates\": [[[[-0.644351, 44.807317], [-0.644338, 44.807077], [-0.644048, 44.807085], [-0.644062, 44.807324], [-0.644351, 44.807317]], [[-0.644227, 44.807227], [-0.644175, 44.807228], [-0.644172, 44.807174], [-0.644225, 44.807172], [-0.644227, 44.807227]]]]}}]", "google_fallback_attempted": "false", "google_fallback_success": "false", "google_fallback_group_id": "", "google_nearby_status": "", "google_nearby_error": "", "google_raw_nearby_count": "0", "google_excluded_outside_parcel": "0", "google_nearby_ranked_json": "[]", "google_winner_place_id": "", "google_winner_name": "", "google_anchor_address": "", "google_api_gouv_query": "", "google_api_gouv_etablissements_count": "0", "google_reject_reason": "", "osm_pois_json": "[]", "osm_poi_count": 0, "osm_pois_status": "ok", "osm_poi_truncated": 0, "osm_data_as_of": ""}, "geometry": {"type": "MultiPolygon", "coordinates": [[[[-0.6442554, 44.8076014], [-0.6443543, 44.8075971], [-0.6444273, 44.8075939], [-0.6444855, 44.8075901], [-0.644459, 44.8073897], [-0.6444483, 44.8073107], [-0.644418, 44.8070832], [-0.6443885, 44.8068613], [-0.6443391, 44.8068602], [-0.6442944, 44.8068607], [-0.643995, 44.8068637], [-0.64397, 44.806864], [-0.6439797, 44.8069553], [-0.6439836, 44.8069909], [-0.6439879, 44.8071265], [-0.643988, 44.8071317], [-0.6439892, 44.807172], [-0.643993, 44.8073229], [-0.6439857, 44.8073743], [-0.6439942, 44.8073742], [-0.6440038, 44.8073738], [-0.6441068, 44.8073711], [-0.6441162, 44.807371], [-0.6442453, 44.8073675], [-0.6442497, 44.8074704], [-0.6442554, 44.8076014]]]]}, "id": "parcelle:33318:KH:0108"}, {"type": "Feature", "properties": {"scout_v5_id": "parcelle:33318:BR:0360", "grain": "parcelle", "batiment_construction_id": "", "bdnb_batiment_construction_id": "", "batiment_groupe_id": "", "osm_building_id": "", "osm_match_status": "", "osm_bdnb_intersection_area_m2": "", "osm_address_text": "", "code_insee": "33318", "section": "BR", "numero_norm": "0360", "code_iris": "333180106", "nom_iris": "Le Bourg", "nb_batiments": 1, "annee_construction": "", "footprint_m2": "", "footprint_sum_m2": 435.5461391565319, "siren_status": "none", "status_technique": "no_candidate", "status_metier": "none", "siret_count": 0, "passerelle_address": "", "passerelle_indice_norm": "", "passerelle_numero_match": "", "passerelle_addresses_json": "[]", "sirets_json": "[]", "sirens_json": "[]", "matching_confidence": 0.0, "matching_reason": "", "matching_status": "mono", "matching_decision": "", "matching_siren_selected": "", "matching_debug_json": "", "parcelles_json": "", "buildings_json": "[{\"batiment_construction_id\": \"r:5932611\", \"bdnb_batiment_construction_id\": \"bdnb-bg-PJUH-VSWL-CJK2:1\", \"batiment_groupe_id\": \"bdnb-bg-PJUH-VSWL-CJK2\", \"annee_construction\": 1982, \"footprint_m2\": 435.5461391565319, \"intersection_area_m2\": 397.5688863234901, \"osm_building_id\": \"r:5932611\", \"osm_match_status\": \"matched\", \"osm_bdnb_intersection_area_m2\": 433.08523568582586, \"osm_address_text\": \"\", \"matching_status\": \"mono\", \"matching_decision\": \"mono\", \"matching_siren_selected\": \"\"}]", "building_geometries_json": "[{\"batiment_construction_id\": \"r:5932611\", \"bdnb_batiment_construction_id\": \"bdnb-bg-PJUH-VSWL-CJK2:1\", \"batiment_groupe_id\": \"bdnb-bg-PJUH-VSWL-CJK2\", \"osm_building_id\": \"r:5932611\", \"osm_match_status\": \"matched\", \"osm_bdnb_intersection_area_m2\": 433.08523568582586, \"osm_address_text\": \"\", \"annee_construction\": 1982, \"footprint_m2\": 435.5461391565319, \"geometry\": {\"type\": \"MultiPolygon\", \"coordinates\": [[[[-0.635146, 44.805844], [-0.6351056, 44.8057602], [-0.635062, 44.80577], [-0.635059, 44.805761], [-0.635062, 44.805757], [-0.635099, 44.805748], [-0.635077, 44.805701], [-0.635116, 44.805691], [-0.635111, 44.805682], [-0.635101, 44.805669], [-0.635094, 44.805664], [-0.635104, 44.805658], [-0.635095, 44.805651], [-0.635077, 44.805642], [-0.635055, 44.805636], [-0.635032, 44.805632], [-0.635009, 44.805633], [-0.634977, 44.805639], [-0.634981, 44.805647], [-0.634949, 44.805655], [-0.63495, 44.80566], [-0.634919, 44.805667], [-0.634921, 44.805672], [-0.634889, 44.805679], [-0.634891, 44.805684], [-0.634859, 44.805691], [-0.634916, 44.805809], [-0.634965, 44.805798], [-0.635035, 44.805943], [-0.635126, 44.80592], [-0.635144, 44.805895], [-0.635122, 44.80585], [-0.635146, 44.805844]], [[-0.635052, 44.805746], [-0.63505, 44.805751], [-0.635038, 44.805754], [-0.635021, 44.805724], [-0.635038, 44.805719], [-0.635052, 44.805746]]]]}}]", "google_fallback_attempted": "false", "google_fallback_success": "false", "google_fallback_group_id": "", "google_nearby_status": "", "google_nearby_error": "", "google_raw_nearby_count": "0", "google_excluded_outside_parcel": "0", "google_nearby_ranked_json": "[]", "google_winner_place_id": "", "google_winner_name": "", "google_anchor_address": "", "google_api_gouv_query": "", "google_api_gouv_etablissements_count": "0", "google_reject_reason": "", "osm_pois_json": "[]", "osm_poi_count": 0, "osm_pois_status": "ok", "osm_poi_truncated": 0, "osm_data_as_of": ""}, "geometry": {"type": "MultiPolygon", "coordinates": [[[[-0.635024, 44.8060357], [-0.6350721, 44.8060243], [-0.6352174, 44.8059899], [-0.6352129, 44.8059814], [-0.6351733, 44.8059061], [-0.635141, 44.8058447], [-0.6351405, 44.8058435], [-0.6350973, 44.8057615], [-0.6350969, 44.805761], [-0.635071, 44.8057119], [-0.6350703, 44.8057105], [-0.6350654, 44.8057015], [-0.6350442, 44.805661], [-0.6350314, 44.8056365], [-0.6350298, 44.8056335], [-0.6350289, 44.8056317], [-0.6350042, 44.8055851], [-0.6349232, 44.8056198], [-0.6348416, 44.8056547], [-0.6348589, 44.8056912], [-0.6349176, 44.8058132], [-0.634918, 44.8058145], [-0.6349255, 44.8058302], [-0.6349397, 44.8058596], [-0.6350012, 44.8059878], [-0.6350119, 44.8060101], [-0.635024, 44.8060357]]]]}, "id": "parcelle:33318:BR:0360"}, {"type": "Feature", "properties": {"scout_v5_id": "parcelle:33318:DH:0018", "grain": "parcelle", "batiment_construction_id": "", "bdnb_batiment_construction_id": "", "batiment_groupe_id": "", "osm_building_id": "", "osm_match_status": "", "osm_bdnb_intersection_area_m2": "", "osm_address_text": "", "code_insee": "33318", "section": "DH", "numero_norm": "0018", "code_iris": "333180117", "nom_iris": "Fac Sciences-Droit", "nb_batiments": 4, "annee_construction": "", "footprint_m2": "", "footprint_sum_m2": 12376.97012281049, "siren_status": "none", "status_technique": "no_candidate", "status_metier": "none", "siret_count": 0, "passerelle_address": "", "passerelle_indice_norm": "", "passerelle_numero_match": "", "passerelle_addresses_json": "[]", "sirets_json": "[]", "sirens_json": "[]", "matching_confidence": 0.0, "matching_reason": "", "matching_status": "mono", "matching_decision": "", "matching_siren_selected": "", "matching_debug_json": "", "parcelles_json": "", "buildings_json": "[{\"batiment_construction_id\": \"r:6030995\", \"bdnb_batiment_construction_id\": \"bdnb-bg-7NCV-VGUQ-RWC5:3\", \"batiment_groupe_id\": \"bdnb-bg-7NCV-VGUQ-RWC5\", \"annee_construction\": null, \"footprint_m2\": 5597.755347948238, \"intersection_area_m2\": 5590.281389754062, \"osm_building_id\": \"r:6030995\", \"osm_match_status\": \"matched\", \"osm_bdnb_intersection_area_m2\": 2668.6615548640934, \"osm_address_text\": \"87 Avenue du Docteur Schweitzer, 33600 Pessac\", \"matching_status\": \"mono\", \"matching_decision\": \"mono\", \"matching_siren_selected\": \"\"}, {\"batiment_construction_id\": \"r:6031049\", \"bdnb_batiment_construction_id\": \"bdnb-bg-AKQZ-PWZ5-YHF4:1\", \"batiment_groupe_id\": \"bdnb-bg-AKQZ-PWZ5-YHF4\", \"annee_construction\": 2005, \"footprint_m2\": 2444.181550451204, \"intersection_area_m2\": 2444.181550451204, \"osm_building_id\": \"r:6031049\", \"osm_match_status\": \"matched\", \"osm_bdnb_intersection_area_m2\": 2284.4032915061093, \"osm_address_text\": \"\", \"matching_status\": \"mono\", \"matching_decision\": \"mono\", \"matching_siren_selected\": \"\"}, {\"batiment_construction_id\": \"r:63529400\", \"bdnb_batiment_construction_id\": \"bdnb-bg-G5W6-YTHZ-9H8Y:1\", \"batiment_groupe_id\": \"bdnb-bg-G5W6-YTHZ-9H8Y\", \"annee_construction\": null, \"footprint_m2\": 3448.397121052927, \"intersection_area_m2\": 3448.397121052926, \"osm_building_id\": \"r:63529400\", \"osm_match_status\": \"matched\", \"osm_bdnb_intersection_area_m2\": 3199.6224628547743, \"osm_address_text\": \"\", \"matching_status\": \"mono\", \"matching_decision\": \"mono\", \"matching_siren_selected\": \"\"}, {\"batiment_construction_id\": \"r:64008068\", \"bdnb_batiment_construction_id\": \"bdnb-bg-GQRJ-YALZ-VJLR:2\", \"batiment_groupe_id\": \"bdnb-bg-GQRJ-YALZ-VJLR\", \"annee_construction\": null, \"footprint_m2\": 886.6361033581197, \"intersection_area_m2\": 886.63610335812, \"osm_building_id\": \"r:64008068\", \"osm_match_status\": \"matched\", \"osm_bdnb_intersection_area_m2\": 867.5735799974262, \"osm_address_text\": \"\", \"matching_status\": \"mono\", \"matching_decision\": \"mono\", \"matching_siren_selected\": \"\"}]", "building_geometries_json": "[{\"batiment_construction_id\": \"r:6030995\", \"bdnb_batiment_construction_id\": \"bdnb-bg-7NCV-VGUQ-RWC5:3\", \"batiment_groupe_id\": \"bdnb-bg-7NCV-VGUQ-RWC5\", \"osm_building_id\": \"r:6030995\", \"osm_match_status\": \"matched\", \"osm_bdnb_intersection_area_m2\": 2668.6615548640934, \"osm_address_text\": \"87 Avenue du Docteur Schweitzer, 33600 Pessac\", \"annee_construction\": null, \"footprint_m2\": 5597.755347948238, \"geometry\": {\"type\": \"MultiPolygon\", \"coordinates\": [[[[-0.6144536, 44.8023836], [-0.6144129, 44.8023064], [-0.6143329, 44.8021546], [-0.6143032, 44.8020982], [-0.6144306, 44.8020652], [-0.614449, 44.8020498], [-0.6144516, 44.8020324], [-0.6144476, 44.8020243], [-0.6144328, 44.8020127], [-0.6144095, 44.8020107], [-0.6143809, 44.8020108], [-0.6141239, 44.8020835], [-0.6141482, 44.8021229], [-0.6140575, 44.8021481], [-0.6140182, 44.8020669], [-0.6140137, 44.8020577], [-0.6142558, 44.8019911], [-0.6141002, 44.8016949], [-0.6132233, 44.8019306], [-0.6133745, 44.8022274], [-0.6136334, 44.8021626], [-0.6136788, 44.8022512], [-0.6135914, 44.8022752], [-0.6135474, 44.8022133], [-0.6132855, 44.8022854], [-0.6133483, 44.8023858], [-0.6134601, 44.8023556], [-0.6134804, 44.8023914], [-0.6136075, 44.802615], [-0.6144536, 44.8023836]], [[-0.614268, 44.802319], [-0.614165, 44.802347], [-0.614113, 44.802249], [-0.614217, 44.802221], [-0.614268, 44.802319]], [[-0.614028, 44.802384], [-0.613925, 44.802411], [-0.613873, 44.802314], [-0.613976, 44.802286], [-0.614028, 44.802384]], [[-0.613788, 44.802448], [-0.613685, 44.802475], [-0.613634, 44.802378], [-0.613736, 44.80235], [-0.613788, 44.802448]]]]}}, {\"batiment_construction_id\": \"r:6031049\", \"bdnb_batiment_construction_id\": \"bdnb-bg-AKQZ-PWZ5-YHF4:1\", \"batiment_groupe_id\": \"bdnb-bg-AKQZ-PWZ5-YHF4\", \"osm_building_id\": \"r:6031049\", \"osm_match_status\": \"matched\", \"osm_bdnb_intersection_area_m2\": 2284.4032915061093, \"osm_address_text\": \"\", \"annee_construction\": 2005, \"footprint_m2\": 2444.181550451204, \"geometry\": {\"type\": \"MultiPolygon\", \"coordinates\": [[[[-0.614345, 44.801478], [-0.614291, 44.801378], [-0.614199, 44.801404], [-0.614204, 44.801413], [-0.614168, 44.801424], [-0.61397, 44.801052], [-0.613945, 44.801059], [-0.613937, 44.801042], [-0.613949, 44.801039], [-0.613954, 44.801036], [-0.613959, 44.801028], [-0.61396, 44.801021], [-0.613954, 44.801013], [-0.613939, 44.801008], [-0.613929, 44.801009], [-0.61392, 44.801012], [-0.613914, 44.801001], [-0.613952, 44.80099], [-0.613907, 44.800906], [-0.613831, 44.800927], [-0.613838, 44.800939], [-0.613791, 44.800951], [-0.613784, 44.800939], [-0.613719, 44.800957], [-0.6136724, 44.8010309], [-0.613661, 44.801049], [-0.613645, 44.801075], [-0.613609, 44.801063], [-0.613529, 44.801084], [-0.613493, 44.801141], [-0.613441, 44.801154], [-0.613628, 44.801507], [-0.613645, 44.801503], [-0.613664, 44.80154], [-0.613719, 44.801525], [-0.613747, 44.801535], [-0.61382, 44.801515], [-0.613814, 44.801502], [-0.61386, 44.80149], [-0.613866, 44.801503], [-0.613884, 44.801498], [-0.613896, 44.801495], [-0.613903, 44.80151], [-0.613891, 44.801513], [-0.613875, 44.801517], [-0.613916, 44.801594], [-0.614222, 44.801511], [-0.614187, 44.801445], [-0.614219, 44.801436], [-0.614255, 44.801502], [-0.614345, 44.801478]], [[-0.614089, 44.801442], [-0.613998, 44.801467], [-0.613912, 44.801301], [-0.61396, 44.801288], [-0.614015, 44.801357], [-0.614015, 44.801358], [-0.614019, 44.801362], [-0.614021, 44.801362], [-0.614028, 44.801367], [-0.614041, 44.801365], [-0.614025, 44.801334], [-0.614033, 44.801332], [-0.614089, 44.801442]], [[-0.61396, 44.801208], [-0.613924, 44.801218], [-0.613925, 44.80122], [-0.613876, 44.801232], [-0.613808, 44.801106], [-0.613769, 44.801116], [-0.613763, 44.801111], [-0.613834, 44.800996], [-0.613845, 44.800993], [-0.61396, 44.801208]]]]}}, {\"batiment_construction_id\": \"r:63529400\", \"bdnb_batiment_construction_id\": \"bdnb-bg-G5W6-YTHZ-9H8Y:1\", \"batiment_groupe_id\": \"bdnb-bg-G5W6-YTHZ-9H8Y\", \"osm_building_id\": \"r:63529400\", \"osm_match_status\": \"matched\", \"osm_bdnb_intersection_area_m2\": 3199.6224628547743, \"osm_address_text\": \"\", \"annee_construction\": null, \"footprint_m2\": 3448.397121052927, \"geometry\": {\"type\": \"MultiPolygon\", \"coordinates\": [[[[-0.6163081, 44.8011185], [-0.6162247, 44.8009611], [-0.6161056, 44.8007366], [-0.616026, 44.800758], [-0.615996, 44.800766], [-0.615978, 44.800732], [-0.6159064, 44.8005989], [-0.615898, 44.8005834], [-0.616194, 44.8005038], [-0.6161292, 44.8003817], [-0.615263, 44.800615], [-0.6152699, 44.8006328], [-0.6151995, 44.8006519], [-0.6151257, 44.8006715], [-0.6150283, 44.8004877], [-0.6149441, 44.8005104], [-0.6149516, 44.8005245], [-0.6147578, 44.8005766], [-0.6147508, 44.8005634], [-0.6146971, 44.8005778], [-0.6147502, 44.8006781], [-0.6149707, 44.8006188], [-0.6150241, 44.8007195], [-0.6149643, 44.8007356], [-0.6150343, 44.8008676], [-0.6151715, 44.8008307], [-0.61514, 44.8007713], [-0.6152479, 44.8007423], [-0.6153234, 44.8008845], [-0.615138, 44.8009343], [-0.615192, 44.8010362], [-0.6156588, 44.8009107], [-0.6156045, 44.8008082], [-0.615432, 44.8008546], [-0.615364, 44.8007264], [-0.6158144, 44.8006054], [-0.6159116, 44.8007886], [-0.6158847, 44.8007959], [-0.6160873, 44.8011778], [-0.6163081, 44.8011185]]]]}}, {\"batiment_construction_id\": \"r:64008068\", \"bdnb_batiment_construction_id\": \"bdnb-bg-GQRJ-YALZ-VJLR:2\", \"batiment_groupe_id\": \"bdnb-bg-GQRJ-YALZ-VJLR\", \"osm_building_id\": \"r:64008068\", \"osm_match_status\": \"matched\", \"osm_bdnb_intersection_area_m2\": 867.5735799974262, \"osm_address_text\": \"\", \"annee_construction\": null, \"footprint_m2\": 886.6361033581197, \"geometry\": {\"type\": \"MultiPolygon\", \"coordinates\": [[[[-0.6149392, 44.8016472], [-0.6149173, 44.8016456], [-0.6149205, 44.8016239], [-0.614929, 44.8016245], [-0.6149377, 44.8015651], [-0.6145068, 44.801533], [-0.6144939, 44.8016203], [-0.6144632, 44.801618], [-0.6144251, 44.801877], [-0.6145283, 44.8018847], [-0.6145274, 44.8018907], [-0.6146201, 44.8018976], [-0.6146256, 44.8018605], [-0.6145355, 44.8018538], [-0.6145704, 44.8016198], [-0.6145926, 44.8016084], [-0.6148147, 44.8016245], [-0.6147788, 44.8018686], [-0.614691, 44.8018621], [-0.6146851, 44.8019022], [-0.614777, 44.8019091], [-0.6147782, 44.8019012], [-0.6149005, 44.8019103], [-0.6149392, 44.8016472]]]]}}]", "google_fallback_attempted": "false", "google_fallback_success": "false", "google_fallback_group_id": "", "google_nearby_status": "", "google_nearby_error": "", "google_raw_nearby_count": "0", "google_excluded_outside_parcel": "0", "google_nearby_ranked_json": "[]", "google_winner_place_id": "", "google_winner_name": "", "google_anchor_address": "", "google_api_gouv_query": "", "google_api_gouv_etablissements_count": "0", "google_reject_reason": "", "osm_pois_json": "[]", "osm_poi_count": 0, "osm_pois_status": "ok", "osm_poi_truncated": 0, "osm_data_as_of": ""}, "geometry": {"type": "MultiPolygon", "coordinates": [[[[-0.6171373, 44.8005979], [-0.6171103, 44.8005718], [-0.617083, 44.8005477], [-0.6170419, 44.8005158], [-0.61669, 44.8002483], [-0.6135684, 44.800327], [-0.6135612, 44.8003412], [-0.6135507, 44.8003573], [-0.613549, 44.8003802], [-0.6135551, 44.8004076], [-0.613572, 44.8004369], [-0.6137355, 44.8007429], [-0.6137438, 44.8007675], [-0.6137475, 44.800799], [-0.6137407, 44.8008254], [-0.6137222, 44.8008546], [-0.6136939, 44.8008752], [-0.6136505, 44.8009006], [-0.6135841, 44.8009295], [-0.6131764, 44.8010409], [-0.6131922, 44.8012643], [-0.6132323, 44.8015159], [-0.6132584, 44.8016715], [-0.6132554, 44.8017785], [-0.6132537, 44.8018468], [-0.613252, 44.8019112], [-0.6132505, 44.8019701], [-0.613249, 44.80202], [-0.6132748, 44.8022794], [-0.6133006, 44.8025423], [-0.6134055, 44.8025206], [-0.6134964, 44.8027346], [-0.6149119, 44.8026387], [-0.615018, 44.8026293], [-0.6151224, 44.8026139], [-0.6152369, 44.8025943], [-0.6153484, 44.8025703], [-0.6154519, 44.8025438], [-0.6155339, 44.8025205], [-0.615644, 44.8024861], [-0.6157471, 44.8024462], [-0.6158422, 44.8024072], [-0.6159386, 44.8023613], [-0.6160708, 44.8022924], [-0.6161658, 44.8022364], [-0.6162542, 44.8021782], [-0.6163354, 44.8021199], [-0.6163979, 44.8020696], [-0.6164996, 44.8019807], [-0.6165803, 44.8019002], [-0.6166527, 44.8018142], [-0.6167162, 44.8017285], [-0.6167776, 44.8016381], [-0.6168244, 44.8015489], [-0.6168596, 44.8014729], [-0.616896, 44.8013759], [-0.6171013, 44.8007102], [-0.6171373, 44.8005979]]]]}, "id": "parcelle:33318:DH:0018"}, {"type": "Feature", "properties": {"scout_v5_id": "parcelle:33318:HA:0008", "grain": "parcelle", "batiment_construction_id": "", "bdnb_batiment_construction_id": "", "batiment_groupe_id": "", "osm_building_id": "", "osm_match_status": "", "osm_bdnb_intersection_area_m2": "", "osm_address_text": "", "code_insee": "33318", "section": "HA", "numero_norm": "0008", "code_iris": "333180121", "nom_iris": "Saige Sud", "nb_batiments": 1, "annee_construction": "", "footprint_m2": "", "footprint_sum_m2": 963.1938945339459, "siren_status": "none", "status_technique": "no_candidate", "status_metier": "none", "siret_count": 0, "passerelle_address": "", "passerelle_indice_norm": "", "passerelle_numero_match": "", "passerelle_addresses_json": "[]", "sirets_json": "[]", "sirens_json": "[]", "matching_confidence": 0.0, "matching_reason": "", "matching_status": "mono", "matching_decision": "", "matching_siren_selected": "", "matching_debug_json": "", "parcelles_json": "", "buildings_json": "[{\"batiment_construction_id\": \"r:6031003\", \"bdnb_batiment_construction_id\": \"bdnb-bg-6U16-21D5-EKMJ:2\", \"batiment_groupe_id\": \"bdnb-bg-6U16-21D5-EKMJ\", \"annee_construction\": null, \"footprint_m2\": 963.1938945339459, \"intersection_area_m2\": 963.1938945339461, \"osm_building_id\": \"r:6031003\", \"osm_match_status\": \"matched\", \"osm_bdnb_intersection_area_m2\": 961.7770296953504, \"osm_address_text\": \"\", \"matching_status\": \"mono\", \"matching_decision\": \"mono\", \"matching_siren_selected\": \"\"}]", "building_geometries_json": "[{\"batiment_construction_id\": \"r:6031003\", \"bdnb_batiment_construction_id\": \"bdnb-bg-6U16-21D5-EKMJ:2\", \"batiment_groupe_id\": \"bdnb-bg-6U16-21D5-EKMJ\", \"osm_building_id\": \"r:6031003\", \"osm_match_status\": \"matched\", \"osm_bdnb_intersection_area_m2\": 961.7770296953504, \"osm_address_text\": \"\", \"annee_construction\": null, \"footprint_m2\": 963.1938945339459, \"geometry\": {\"type\": \"MultiPolygon\", \"coordinates\": [[[[-0.630729, 44.789831], [-0.630672, 44.789695], [-0.630621, 44.789714], [-0.630579, 44.789681], [-0.630608, 44.789657], [-0.63062, 44.789659], [-0.630699, 44.7896], [-0.63054, 44.789566], [-0.630532, 44.789585], [-0.63052, 44.789582], [-0.630504, 44.789612], [-0.630321, 44.789644], [-0.630348, 44.789683], [-0.630269, 44.789774], [-0.630303, 44.789881], [-0.630434, 44.789936], [-0.630576, 44.789909], [-0.630576, 44.789904], [-0.630604, 44.789899], [-0.630607, 44.789905], [-0.630673, 44.789892], [-0.630686, 44.789867], [-0.63071, 44.789872], [-0.630729, 44.789831]], [[-0.630508, 44.789792], [-0.630499, 44.789817], [-0.630468, 44.789829], [-0.630435, 44.789822], [-0.63042, 44.7898], [-0.630428, 44.789776], [-0.630461, 44.789765], [-0.630493, 44.789771], [-0.630508, 44.789792]]]]}}]", "google_fallback_attempted": "false", "google_fallback_success": "false", "google_fallback_group_id": "", "google_nearby_status": "", "google_nearby_error": "", "google_raw_nearby_count": "0", "google_excluded_outside_parcel": "0", "google_nearby_ranked_json": "[]", "google_winner_place_id": "", "google_winner_name": "", "google_anchor_address": "", "google_api_gouv_query": "", "google_api_gouv_etablissements_count": "0", "google_reject_reason": "", "osm_pois_json": "[]", "osm_poi_count": 0, "osm_pois_status": "ok", "osm_poi_truncated": 0, "osm_data_as_of": ""}, "geometry": {"type": "MultiPolygon", "coordinates": [[[[-0.6310133, 44.7894802], [-0.6305372, 44.78951], [-0.6299928, 44.7895442], [-0.6300076, 44.7896563], [-0.6300102, 44.7896758], [-0.6300388, 44.7898922], [-0.6300531, 44.7899998], [-0.6305077, 44.7899694], [-0.6305319, 44.7899678], [-0.6309761, 44.7899382], [-0.6310701, 44.7899318], [-0.6310651, 44.7898909], [-0.6310443, 44.7897259], [-0.6310394, 44.7896884], [-0.6310197, 44.7895313], [-0.6310133, 44.7894802]]]]}, "id": "parcelle:33318:HA:0008"}, {"type": "Feature", "properties": {"scout_v5_id": "parcelle:33318:BO:0209", "grain": "parcelle", "batiment_construction_id": "", "bdnb_batiment_construction_id": "", "batiment_groupe_id": "", "osm_building_id": "", "osm_match_status": "", "osm_bdnb_intersection_area_m2": "", "osm_address_text": "", "code_insee": "33318", "section": "BO", "numero_norm": "0209", "code_iris": "333180106", "nom_iris": "Le Bourg", "nb_batiments": 1, "annee_construction": "", "footprint_m2": "", "footprint_sum_m2": 656.1456960673722, "siren_status": "none", "status_technique": "no_candidate", "status_metier": "none", "siret_count": 0, "passerelle_address": "", "passerelle_indice_norm": "", "passerelle_numero_match": "", "passerelle_addresses_json": "[]", "sirets_json": "[]", "sirens_json": "[]", "matching_confidence": 0.0, "matching_reason": "", "matching_status": "mono", "matching_decision": "", "matching_siren_selected": "", "matching_debug_json": "", "parcelles_json": "", "buildings_json": "[{\"batiment_construction_id\": \"r:6031007\", \"bdnb_batiment_construction_id\": \"bdnb-bg-KKMM-1DXU-FPJR:1\", \"batiment_groupe_id\": \"bdnb-bg-KKMM-1DXU-FPJR\", \"annee_construction\": null, \"footprint_m2\": 656.1456960673722, \"intersection_area_m2\": 283.07599750533205, \"osm_building_id\": \"r:6031007\", \"osm_match_status\": \"matched\", \"osm_bdnb_intersection_area_m2\": 360.1038833029154, \"osm_address_text\": \"\", \"matching_status\": \"partage\", \"matching_decision\": \"unique_by_intersection\", \"matching_siren_selected\": \"\"}]", "building_geometries_json": "[{\"batiment_construction_id\": \"r:6031007\", \"bdnb_batiment_construction_id\": \"bdnb-bg-KKMM-1DXU-FPJR:1\", \"batiment_groupe_id\": \"bdnb-bg-KKMM-1DXU-FPJR\", \"osm_building_id\": \"r:6031007\", \"osm_match_status\": \"matched\", \"osm_bdnb_intersection_area_m2\": 360.1038833029154, \"osm_address_text\": \"\", \"annee_construction\": null, \"footprint_m2\": 656.1456960673722, \"geometry\": {\"type\": \"MultiPolygon\", \"coordinates\": [[[[-0.630011, 44.806028], [-0.629995, 44.805998], [-0.629766, 44.806078], [-0.629647, 44.805842], [-0.6298863, 44.8057798], [-0.6298791, 44.8057659], [-0.629846, 44.805702], [-0.629809, 44.805632], [-0.6297388, 44.8054897], [-0.6296973, 44.8054057], [-0.629635, 44.805424], [-0.629665, 44.805484], [-0.629313, 44.805574], [-0.629373, 44.805693], [-0.629427, 44.805679], [-0.629725, 44.805603], [-0.629728, 44.805607], [-0.629738, 44.805633], [-0.629744, 44.80566], [-0.629745, 44.805687], [-0.629741, 44.805713], [-0.629733, 44.805739], [-0.62972, 44.805765], [-0.629703, 44.805788], [-0.629681, 44.805811], [-0.629669, 44.805821], [-0.629656, 44.805831], [-0.629642, 44.805835], [-0.629637, 44.805826], [-0.629617, 44.805831], [-0.629622, 44.805839], [-0.6296, 44.805845], [-0.629604, 44.805852], [-0.62961, 44.805861], [-0.629613, 44.805865], [-0.62961, 44.805866], [-0.629627, 44.805882], [-0.629641, 44.805878], [-0.629716, 44.806027], [-0.629705, 44.80603], [-0.629712, 44.806044], [-0.629713, 44.806045], [-0.629718, 44.806058], [-0.629722, 44.806075], [-0.629725, 44.806089], [-0.629722, 44.806089], [-0.629723, 44.806105], [-0.629727, 44.806105], [-0.629728, 44.80611], [-0.62973, 44.806118], [-0.629734, 44.806125], [-0.629739, 44.806133], [-0.629758, 44.806127], [-0.629753, 44.806118], [-0.629756, 44.806117], [-0.630011, 44.806028]], [[-0.629665, 44.805602], [-0.62939, 44.805672], [-0.629345, 44.805583], [-0.62962, 44.805512], [-0.629665, 44.805602]]]]}}]", "google_fallback_attempted": "false", "google_fallback_success": "false", "google_fallback_group_id": "", "google_nearby_status": "", "google_nearby_error": "", "google_raw_nearby_count": "0", "google_excluded_outside_parcel": "0", "google_nearby_ranked_json": "[]", "google_winner_place_id": "", "google_winner_name": "", "google_anchor_address": "", "google_api_gouv_query": "", "google_api_gouv_etablissements_count": "0", "google_reject_reason": "", "osm_pois_json": "[]", "osm_poi_count": 0, "osm_pois_status": "ok", "osm_poi_truncated": 0, "osm_data_as_of": ""}, "geometry": {"type": "MultiPolygon", "coordinates": [[[[-0.6300964, 44.8062272], [-0.6300833, 44.8061948], [-0.6300414, 44.8060905], [-0.6300213, 44.8060406], [-0.629984, 44.8059684], [-0.6299044, 44.8058144], [-0.6298459, 44.8057016], [-0.6297558, 44.8057301], [-0.6296735, 44.8057552], [-0.6295013, 44.8058078], [-0.6295724, 44.805947], [-0.6295982, 44.8059975], [-0.6296476, 44.8060939], [-0.6296768, 44.8061508], [-0.6297167, 44.806229], [-0.6297598, 44.8063129], [-0.6297631, 44.8063195], [-0.6299374, 44.8062712], [-0.6300964, 44.8062272]]]]}, "id": "parcelle:33318:BO:0209"}, {"type": "Feature", "properties": {"scout_v5_id": "parcelle:33318:BO:0650", "grain": "parcelle", "batiment_construction_id": "", "bdnb_batiment_construction_id": "", "batiment_groupe_id": "", "osm_building_id": "", "osm_match_status": "", "osm_bdnb_intersection_area_m2": "", "osm_address_text": "", "code_insee": "33318", "section": "BO", "numero_norm": "0650", "code_iris": "333180106", "nom_iris": "Le Bourg", "nb_batiments": 1, "annee_construction": "", "footprint_m2": "", "footprint_sum_m2": 656.1456960673722, "siren_status": "none", "status_technique": "no_candidate", "status_metier": "none", "siret_count": 0, "passerelle_address": "", "passerelle_indice_norm": "", "passerelle_numero_match": "", "passerelle_addresses_json": "[]", "sirets_json": "[]", "sirens_json": "[]", "matching_confidence": 0.0, "matching_reason": "", "matching_status": "mono", "matching_decision": "", "matching_siren_selected": "", "matching_debug_json": "", "parcelles_json": "", "buildings_json": "[{\"batiment_construction_id\": \"r:6031007\", \"bdnb_batiment_construction_id\": \"bdnb-bg-KKMM-1DXU-FPJR:1\", \"batiment_groupe_id\": \"bdnb-bg-KKMM-1DXU-FPJR\", \"annee_construction\": null, \"footprint_m2\": 656.1456960673722, \"intersection_area_m2\": 299.9507549766347, \"osm_building_id\": \"r:6031007\", \"osm_match_status\": \"matched\", \"osm_bdnb_intersection_area_m2\": 360.1038833029154, \"osm_address_text\": \"\", \"matching_status\": \"partage\", \"matching_decision\": \"unique_by_intersection\", \"matching_siren_selected\": \"\"}]", "building_geometries_json": "[{\"batiment_construction_id\": \"r:6031007\", \"bdnb_batiment_construction_id\": \"bdnb-bg-KKMM-1DXU-FPJR:1\", \"batiment_groupe_id\": \"bdnb-bg-KKMM-1DXU-FPJR\", \"osm_building_id\": \"r:6031007\", \"osm_match_status\": \"matched\", \"osm_bdnb_intersection_area_m2\": 360.1038833029154, \"osm_address_text\": \"\", \"annee_construction\": null, \"footprint_m2\": 656.1456960673722, \"geometry\": {\"type\": \"MultiPolygon\", \"coordinates\": [[[[-0.630011, 44.806028], [-0.629995, 44.805998], [-0.629766, 44.806078], [-0.629647, 44.805842], [-0.6298863, 44.8057798], [-0.6298791, 44.8057659], [-0.629846, 44.805702], [-0.629809, 44.805632], [-0.6297388, 44.8054897], [-0.6296973, 44.8054057], [-0.629635, 44.805424], [-0.629665, 44.805484], [-0.629313, 44.805574], [-0.629373, 44.805693], [-0.629427, 44.805679], [-0.629725, 44.805603], [-0.629728, 44.805607], [-0.629738, 44.805633], [-0.629744, 44.80566], [-0.629745, 44.805687], [-0.629741, 44.805713], [-0.629733, 44.805739], [-0.62972, 44.805765], [-0.629703, 44.805788], [-0.629681, 44.805811], [-0.629669, 44.805821], [-0.629656, 44.805831], [-0.629642, 44.805835], [-0.629637, 44.805826], [-0.629617, 44.805831], [-0.629622, 44.805839], [-0.6296, 44.805845], [-0.629604, 44.805852], [-0.62961, 44.805861], [-0.629613, 44.805865], [-0.62961, 44.805866], [-0.629627, 44.805882], [-0.629641, 44.805878], [-0.629716, 44.806027], [-0.629705, 44.80603], [-0.629712, 44.806044], [-0.629713, 44.806045], [-0.629718, 44.806058], [-0.629722, 44.806075], [-0.629725, 44.806089], [-0.629722, 44.806089], [-0.629723, 44.806105], [-0.629727, 44.806105], [-0.629728, 44.80611], [-0.62973, 44.806118], [-0.629734, 44.806125], [-0.629739, 44.806133], [-0.629758, 44.806127], [-0.629753, 44.806118], [-0.629756, 44.806117], [-0.630011, 44.806028]], [[-0.629665, 44.805602], [-0.62939, 44.805672], [-0.629345, 44.805583], [-0.62962, 44.805512], [-0.629665, 44.805602]]]]}}]", "google_fallback_attempted": "false", "google_fallback_success": "false", "google_fallback_group_id": "", "google_nearby_status": "", "google_nearby_error": "", "google_raw_nearby_count": "0", "google_excluded_outside_parcel": "0", "google_nearby_ranked_json": "[]", "google_winner_place_id": "", "google_winner_name": "", "google_anchor_address": "", "google_api_gouv_query": "", "google_api_gouv_etablissements_count": "0", "google_reject_reason": "", "osm_pois_json": "[]", "osm_poi_count": 0, "osm_pois_status": "ok", "osm_poi_truncated": 0, "osm_data_as_of": ""}, "geometry": {"type": "MultiPolygon", "coordinates": [[[[-0.6298092, 44.8056319], [-0.6297085, 44.8054271], [-0.6292893, 44.8055138], [-0.6291796, 44.8055512], [-0.6291533, 44.8056008], [-0.6292697, 44.8057971], [-0.6292776, 44.8057947], [-0.6294262, 44.8057492], [-0.6294652, 44.8057372], [-0.6295809, 44.8057018], [-0.6296987, 44.8056656], [-0.6298092, 44.8056319]]]]}, "id": "parcelle:33318:BO:0650"}, {"type": "Feature", "properties": {"scout_v5_id": "parcelle:33318:BO:0657", "grain": "parcelle", "batiment_construction_id": "", "bdnb_batiment_construction_id": "", "batiment_groupe_id": "", "osm_building_id": "", "osm_match_status": "", "osm_bdnb_intersection_area_m2": "", "osm_address_text": "", "code_insee": "33318", "section": "BO", "numero_norm": "0657", "code_iris": "333180106", "nom_iris": "Le Bourg", "nb_batiments": 1, "annee_construction": "", "footprint_m2": "", "footprint_sum_m2": 656.1456960673722, "siren_status": "none", "status_technique": "no_candidate", "status_metier": "none", "siret_count": 0, "passerelle_address": "", "passerelle_indice_norm": "", "passerelle_numero_match": "", "passerelle_addresses_json": "[]", "sirets_json": "[]", "sirens_json": "[]", "matching_confidence": 0.0, "matching_reason": "", "matching_status": "mono", "matching_decision": "", "matching_siren_selected": "", "matching_debug_json": "", "parcelles_json": "", "buildings_json": "[{\"batiment_construction_id\": \"r:6031007\", \"bdnb_batiment_construction_id\": \"bdnb-bg-KKMM-1DXU-FPJR:1\", \"batiment_groupe_id\": \"bdnb-bg-KKMM-1DXU-FPJR\", \"annee_construction\": null, \"footprint_m2\": 656.1456960673722, \"intersection_area_m2\": 61.1828618170098, \"osm_building_id\": \"r:6031007\", \"osm_match_status\": \"matched\", \"osm_bdnb_intersection_area_m2\": 360.1038833029154, \"osm_address_text\": \"\", \"matching_status\": \"partage\", \"matching_decision\": \"unique_by_intersection\", \"matching_siren_selected\": \"\"}]", "building_geometries_json": "[{\"batiment_construction_id\": \"r:6031007\", \"bdnb_batiment_construction_id\": \"bdnb-bg-KKMM-1DXU-FPJR:1\", \"batiment_groupe_id\": \"bdnb-bg-KKMM-1DXU-FPJR\", \"osm_building_id\": \"r:6031007\", \"osm_match_status\": \"matched\", \"osm_bdnb_intersection_area_m2\": 360.1038833029154, \"osm_address_text\": \"\", \"annee_construction\": null, \"footprint_m2\": 656.1456960673722, \"geometry\": {\"type\": \"MultiPolygon\", \"coordinates\": [[[[-0.630011, 44.806028], [-0.629995, 44.805998], [-0.629766, 44.806078], [-0.629647, 44.805842], [-0.6298863, 44.8057798], [-0.6298791, 44.8057659], [-0.629846, 44.805702], [-0.629809, 44.805632], [-0.6297388, 44.8054897], [-0.6296973, 44.8054057], [-0.629635, 44.805424], [-0.629665, 44.805484], [-0.629313, 44.805574], [-0.629373, 44.805693], [-0.629427, 44.805679], [-0.629725, 44.805603], [-0.629728, 44.805607], [-0.629738, 44.805633], [-0.629744, 44.80566], [-0.629745, 44.805687], [-0.629741, 44.805713], [-0.629733, 44.805739], [-0.62972, 44.805765], [-0.629703, 44.805788], [-0.629681, 44.805811], [-0.629669, 44.805821], [-0.629656, 44.805831], [-0.629642, 44.805835], [-0.629637, 44.805826], [-0.629617, 44.805831], [-0.629622, 44.805839], [-0.6296, 44.805845], [-0.629604, 44.805852], [-0.62961, 44.805861], [-0.629613, 44.805865], [-0.62961, 44.805866], [-0.629627, 44.805882], [-0.629641, 44.805878], [-0.629716, 44.806027], [-0.629705, 44.80603], [-0.629712, 44.806044], [-0.629713, 44.806045], [-0.629718, 44.806058], [-0.629722, 44.806075], [-0.629725, 44.806089], [-0.629722, 44.806089], [-0.629723, 44.806105], [-0.629727, 44.806105], [-0.629728, 44.80611], [-0.62973, 44.806118], [-0.629734, 44.806125], [-0.629739, 44.806133], [-0.629758, 44.806127], [-0.629753, 44.806118], [-0.629756, 44.806117], [-0.630011, 44.806028]], [[-0.629665, 44.805602], [-0.62939, 44.805672], [-0.629345, 44.805583], [-0.62962, 44.805512], [-0.629665, 44.805602]]]]}}]", "google_fallback_attempted": "false", "google_fallback_success": "false", "google_fallback_group_id": "", "google_nearby_status": "", "google_nearby_error": "", "google_raw_nearby_count": "0", "google_excluded_outside_parcel": "0", "google_nearby_ranked_json": "[]", "google_winner_place_id": "", "google_winner_name": "", "google_anchor_address": "", "google_api_gouv_query": "", "google_api_gouv_etablissements_count": "0", "google_reject_reason": "", "osm_pois_json": "[]", "osm_poi_count": 0, "osm_pois_status": "ok", "osm_poi_truncated": 0, "osm_data_as_of": ""}, "geometry": {"type": "MultiPolygon", "coordinates": [[[[-0.6298459, 44.8057016], [-0.6298092, 44.8056319], [-0.6296987, 44.8056656], [-0.6295809, 44.8057018], [-0.6294652, 44.8057372], [-0.6295013, 44.8058078], [-0.6296735, 44.8057552], [-0.6297558, 44.8057301], [-0.6298459, 44.8057016]]]]}, "id": "parcelle:33318:BO:0657"}, {"type": "Feature", "properties": {"scout_v5_id": "parcelle:33318:CY:0226", "grain": "parcelle", "batiment_construction_id": "", "bdnb_batiment_construction_id": "", "batiment_groupe_id": "", "osm_building_id": "", "osm_match_status": "", "osm_bdnb_intersection_area_m2": "", "osm_address_text": "", "code_insee": "33318", "section": "CY", "numero_norm": "0226", "code_iris": "333180116", "nom_iris": "Candau", "nb_batiments": 1, "annee_construction": "", "footprint_m2": "", "footprint_sum_m2": 1017.3919409484162, "siren_status": "none", "status_technique": "no_candidate", "status_metier": "none", "siret_count": 0, "passerelle_address": "", "passerelle_indice_norm": "", "passerelle_numero_match": "", "passerelle_addresses_json": "[]", "sirets_json": "[]", "sirens_json": "[]", "matching_confidence": 0.0, "matching_reason": "", "matching_status": "mono", "matching_decision": "", "matching_siren_selected": "", "matching_debug_json": "", "parcelles_json": "", "buildings_json": "[{\"batiment_construction_id\": \"r:6031011\", \"bdnb_batiment_construction_id\": \"bdnb-bg-64H4-K5XK-MEMR:3\", \"batiment_groupe_id\": \"bdnb-bg-64H4-K5XK-MEMR\", \"annee_construction\": 2012, \"footprint_m2\": 1017.3919409484162, \"intersection_area_m2\": 734.2285931472917, \"osm_building_id\": \"r:6031011\", \"osm_match_status\": \"matched\", \"osm_bdnb_intersection_area_m2\": 965.711910393354, \"osm_address_text\": \"\", \"matching_status\": \"partage\", \"matching_decision\": \"unique_by_intersection\", \"matching_siren_selected\": \"\"}]", "building_geometries_json": "[{\"batiment_construction_id\": \"r:6031011\", \"bdnb_batiment_construction_id\": \"bdnb-bg-64H4-K5XK-MEMR:3\", \"batiment_groupe_id\": \"bdnb-bg-64H4-K5XK-MEMR\", \"osm_building_id\": \"r:6031011\", \"osm_match_status\": \"matched\", \"osm_bdnb_intersection_area_m2\": 965.711910393354, \"osm_address_text\": \"\", \"annee_construction\": 2012, \"footprint_m2\": 1017.3919409484162, \"geometry\": {\"type\": \"MultiPolygon\", \"coordinates\": [[[[-0.616029, 44.803438], [-0.616022, 44.803421], [-0.615972, 44.803304], [-0.61586, 44.803329], [-0.615879, 44.803374], [-0.615815, 44.803385], [-0.615749, 44.803403], [-0.615715, 44.803324], [-0.615679, 44.803331], [-0.615552, 44.803358], [-0.615546, 44.803346], [-0.61543, 44.803371], [-0.615436, 44.803383], [-0.615309, 44.80341], [-0.615337, 44.803475], [-0.615357, 44.803471], [-0.615406, 44.803585], [-0.615474, 44.803571], [-0.615475, 44.803574], [-0.61548, 44.8035729], [-0.615488, 44.803571], [-0.615496, 44.80359], [-0.615489, 44.803591], [-0.615516, 44.803657], [-0.61558, 44.803644], [-0.615552, 44.80358], [-0.615591, 44.803571], [-0.615585, 44.803554], [-0.615626, 44.803545], [-0.615641, 44.80358], [-0.6156969, 44.8035677], [-0.615718, 44.803563], [-0.6157097, 44.8035431], [-0.615696, 44.80351], [-0.616029, 44.803438]], [[-0.615555, 44.803491], [-0.615495, 44.803504], [-0.615486, 44.803485], [-0.615546, 44.803472], [-0.615555, 44.803491]]]]}}]", "google_fallback_attempted": "false", "google_fallback_success": "false", "google_fallback_group_id": "", "google_nearby_status": "", "google_nearby_error": "", "google_raw_nearby_count": "0", "google_excluded_outside_parcel": "0", "google_nearby_ranked_json": "[]", "google_winner_place_id": "", "google_winner_name": "", "google_anchor_address": "", "google_api_gouv_query": "", "google_api_gouv_etablissements_count": "0", "google_reject_reason": "", "osm_pois_json": "[]", "osm_poi_count": 0, "osm_pois_status": "ok", "osm_poi_truncated": 0, "osm_data_as_of": ""}, "geometry": {"type": "MultiPolygon", "coordinates": [[[[-0.6158022, 44.8031813], [-0.6151762, 44.8030378], [-0.6150969, 44.8031104], [-0.615328, 44.803654], [-0.6154947, 44.8036088], [-0.6155574, 44.8035918], [-0.6156348, 44.8035707], [-0.6157106, 44.8035501], [-0.6157994, 44.803526], [-0.6157915, 44.8034894], [-0.6157529, 44.8033115], [-0.6158022, 44.8031813]]]]}, "id": "parcelle:33318:CY:0226"}, {"type": "Feature", "properties": {"scout_v5_id": "parcelle:33318:CY:0227", "grain": "parcelle", "batiment_construction_id": "", "bdnb_batiment_construction_id": "", "batiment_groupe_id": "", "osm_building_id": "", "osm_match_status": "", "osm_bdnb_intersection_area_m2": "", "osm_address_text": "", "code_insee": "33318", "section": "CY", "numero_norm": "0227", "code_iris": "333180116", "nom_iris": "Candau", "nb_batiments": 1, "annee_construction": "", "footprint_m2": "", "footprint_sum_m2": 1017.3919409484162, "siren_status": "none", "status_technique": "no_candidate", "status_metier": "none", "siret_count": 0, "passerelle_address": "", "passerelle_indice_norm": "", "passerelle_numero_match": "", "passerelle_addresses_json": "[]", "sirets_json": "[]", "sirens_json": "[]", "matching_confidence": 0.0, "matching_reason": "", "matching_status": "mono", "matching_decision": "", "matching_siren_selected": "", "matching_debug_json": "", "parcelles_json": "", "buildings_json": "[{\"batiment_construction_id\": \"r:6031011\", \"bdnb_batiment_construction_id\": \"bdnb-bg-64H4-K5XK-MEMR:3\", \"batiment_groupe_id\": \"bdnb-bg-64H4-K5XK-MEMR\", \"annee_construction\": 2012, \"footprint_m2\": 1017.3919409484162, \"intersection_area_m2\": 283.1633478024733, \"osm_building_id\": \"r:6031011\", \"osm_match_status\": \"matched\", \"osm_bdnb_intersection_area_m2\": 965.711910393354, \"osm_address_text\": \"\", \"matching_status\": \"partage\", \"matching_decision\": \"unique_by_intersection\", \"matching_siren_selected\": \"\"}]", "building_geometries_json": "[{\"batiment_construction_id\": \"r:6031011\", \"bdnb_batiment_construction_id\": \"bdnb-bg-64H4-K5XK-MEMR:3\", \"batiment_groupe_id\": \"bdnb-bg-64H4-K5XK-MEMR\", \"osm_building_id\": \"r:6031011\", \"osm_match_status\": \"matched\", \"osm_bdnb_intersection_area_m2\": 965.711910393354, \"osm_address_text\": \"\", \"annee_construction\": 2012, \"footprint_m2\": 1017.3919409484162, \"geometry\": {\"type\": \"MultiPolygon\", \"coordinates\": [[[[-0.616029, 44.803438], [-0.616022, 44.803421], [-0.615972, 44.803304], [-0.61586, 44.803329], [-0.615879, 44.803374], [-0.615815, 44.803385], [-0.615749, 44.803403], [-0.615715, 44.803324], [-0.615679, 44.803331], [-0.615552, 44.803358], [-0.615546, 44.803346], [-0.61543, 44.803371], [-0.615436, 44.803383], [-0.615309, 44.80341], [-0.615337, 44.803475], [-0.615357, 44.803471], [-0.615406, 44.803585], [-0.615474, 44.803571], [-0.615475, 44.803574], [-0.61548, 44.8035729], [-0.615488, 44.803571], [-0.615496, 44.80359], [-0.615489, 44.803591], [-0.615516, 44.803657], [-0.61558, 44.803644], [-0.615552, 44.80358], [-0.615591, 44.803571], [-0.615585, 44.803554], [-0.615626, 44.803545], [-0.615641, 44.80358], [-0.6156969, 44.8035677], [-0.615718, 44.803563], [-0.6157097, 44.8035431], [-0.615696, 44.80351], [-0.616029, 44.803438]], [[-0.615555, 44.803491], [-0.615495, 44.803504], [-0.615486, 44.803485], [-0.615546, 44.803472], [-0.615555, 44.803491]]]]}}]", "google_fallback_attempted": "false", "google_fallback_success": "false", "google_fallback_group_id": "", "google_nearby_status": "", "google_nearby_error": "", "google_raw_nearby_count": "0", "google_excluded_outside_parcel": "0", "google_nearby_ranked_json": "[]", "google_winner_place_id": "", "google_winner_name": "", "google_anchor_address": "", "google_api_gouv_query": "", "google_api_gouv_etablissements_count": "0", "google_reject_reason": "", "osm_pois_json": "[]", "osm_poi_count": 0, "osm_pois_status": "ok", "osm_poi_truncated": 0, "osm_data_as_of": ""}, "geometry": {"type": "MultiPolygon", "coordinates": [[[[-0.616658, 44.8036529], [-0.6165679, 44.8034098], [-0.6164692, 44.8033343], [-0.6158022, 44.8031813], [-0.6157529, 44.8033115], [-0.6157915, 44.8034894], [-0.6157994, 44.803526], [-0.6157106, 44.8035501], [-0.6156348, 44.8035707], [-0.6155574, 44.8035918], [-0.6154947, 44.8036088], [-0.615328, 44.803654], [-0.6154631, 44.8039719], [-0.6155229, 44.8039557], [-0.6157032, 44.8039061], [-0.6157677, 44.8038885], [-0.6162852, 44.8037516], [-0.6162947, 44.8037491], [-0.6164007, 44.803721], [-0.6165016, 44.8036943], [-0.616658, 44.8036529]]]]}, "id": "parcelle:33318:CY:0227"}, {"type": "Feature", "properties": {"scout_v5_id": "parcelle:33318:DH:0092", "grain": "parcelle", "batiment_construction_id": "", "bdnb_batiment_construction_id": "", "batiment_groupe_id": "", "osm_building_id": "", "osm_match_status": "", "osm_bdnb_intersection_area_m2": "", "osm_address_text": "", "code_insee": "33318", "section": "DH", "numero_norm": "0092", "code_iris": "333180117", "nom_iris": "Fac Sciences-Droit", "nb_batiments": 2, "annee_construction": "", "footprint_m2": "", "footprint_sum_m2": 6747.058008830918, "siren_status": "none", "status_technique": "no_candidate", "status_metier": "none", "siret_count": 0, "passerelle_address": "", "passerelle_indice_norm": "", "passerelle_numero_match": "", "passerelle_addresses_json": "[]", "sirets_json": "[]", "sirens_json": "[]", "matching_confidence": 0.0, "matching_reason": "", "matching_status": "mono", "matching_decision": "", "matching_siren_selected": "", "matching_debug_json": "", "parcelles_json": "", "buildings_json": "[{\"batiment_construction_id\": \"r:6031017\", \"bdnb_batiment_construction_id\": \"bdnb-bg-LYQC-VTRH-L4EW:1\", \"batiment_groupe_id\": \"bdnb-bg-LYQC-VTRH-L4EW\", \"annee_construction\": null, \"footprint_m2\": 5723.673197521923, \"intersection_area_m2\": 5723.673197521927, \"osm_building_id\": \"r:6031017\", \"osm_match_status\": \"matched\", \"osm_bdnb_intersection_area_m2\": 5463.99256429227, \"osm_address_text\": \"\", \"matching_status\": \"mono\", \"matching_decision\": \"mono\", \"matching_siren_selected\": \"\"}, {\"batiment_construction_id\": \"r:64008096\", \"bdnb_batiment_construction_id\": \"bdnb-bg-MLND-TCVF-T9HS:3\", \"batiment_groupe_id\": \"bdnb-bg-MLND-TCVF-T9HS\", \"annee_construction\": 2013, \"footprint_m2\": 1023.3848113089952, \"intersection_area_m2\": 1023.3848113089952, \"osm_building_id\": \"r:64008096\", \"osm_match_status\": \"matched\", \"osm_bdnb_intersection_area_m2\": 978.5465629598439, \"osm_address_text\": \"\", \"matching_status\": \"mono\", \"matching_decision\": \"mono\", \"matching_siren_selected\": \"\"}]", "building_geometries_json": "[{\"batiment_construction_id\": \"r:6031017\", \"bdnb_batiment_construction_id\": \"bdnb-bg-LYQC-VTRH-L4EW:1\", \"batiment_groupe_id\": \"bdnb-bg-LYQC-VTRH-L4EW\", \"osm_building_id\": \"r:6031017\", \"osm_match_status\": \"matched\", \"osm_bdnb_intersection_area_m2\": 5463.99256429227, \"osm_address_text\": \"\", \"annee_construction\": null, \"footprint_m2\": 5723.673197521923, \"geometry\": {\"type\": \"MultiPolygon\", \"coordinates\": [[[[-0.6119583, 44.8015704], [-0.6117744, 44.8012358], [-0.6113381, 44.8013583], [-0.6112895, 44.8012674], [-0.611913, 44.801091], [-0.6118417, 44.8009553], [-0.6112721, 44.8011119], [-0.6112697, 44.8010571], [-0.6114989, 44.800934], [-0.6114398, 44.8009126], [-0.6114023, 44.8009684], [-0.6113624, 44.800957], [-0.6113991, 44.8009025], [-0.6113783, 44.8008951], [-0.6113393, 44.8009499], [-0.6113039, 44.8009398], [-0.6113438, 44.8008859], [-0.6111472, 44.8008229], [-0.6111891, 44.8010989], [-0.6112293, 44.8010809], [-0.6112325, 44.8011228], [-0.611175, 44.8011384], [-0.6111843, 44.8011548], [-0.6111288, 44.8011694], [-0.611073, 44.8011843], [-0.6110659, 44.8011705], [-0.6108463, 44.8012319], [-0.6108416, 44.8012214], [-0.6108687, 44.8012116], [-0.6108897, 44.8011975], [-0.6109046, 44.8011788], [-0.6109113, 44.801161], [-0.6109117, 44.8011375], [-0.6109038, 44.8011182], [-0.6108892, 44.8011008], [-0.6108677, 44.8010862], [-0.6108416, 44.8010768], [-0.6108114, 44.8010724], [-0.6107847, 44.8010727], [-0.6107591, 44.8010799], [-0.6107294, 44.8010974], [-0.6107188, 44.8011077], [-0.6107124, 44.801118], [-0.6107064, 44.8011316], [-0.6107034, 44.8011431], [-0.6107059, 44.8011621], [-0.6107068, 44.801168], [-0.610717, 44.8011854], [-0.610733, 44.8012016], [-0.610755, 44.8012138], [-0.61078, 44.8012218], [-0.6108094, 44.8012255], [-0.6108006, 44.8012452], [-0.6103886, 44.8013596], [-0.6104641, 44.8014971], [-0.610489, 44.8014901], [-0.6105101, 44.8015273], [-0.6106729, 44.8014792], [-0.6106633, 44.8014627], [-0.6107104, 44.8014497], [-0.610923, 44.801391], [-0.6109301, 44.8014034], [-0.6109778, 44.8013902], [-0.6109709, 44.8013782], [-0.6111088, 44.8013386], [-0.6111413, 44.8013973], [-0.6111513, 44.8014154], [-0.6107188, 44.8015369], [-0.6109052, 44.8018733], [-0.6113701, 44.8017393], [-0.6112203, 44.8014715], [-0.6112816, 44.8014545], [-0.6113428, 44.8014376], [-0.6114932, 44.8017037], [-0.6119583, 44.8015704]], [[-0.6117334, 44.8015358], [-0.6116172, 44.8015723], [-0.611509, 44.801383], [-0.611625, 44.801347], [-0.6117334, 44.8015358]], [[-0.611176, 44.801724], [-0.611068, 44.801754], [-0.61105, 44.801722], [-0.611029, 44.801728], [-0.610937, 44.801563], [-0.611066, 44.801527], [-0.611176, 44.801724]]]]}}, {\"batiment_construction_id\": \"r:64008096\", \"bdnb_batiment_construction_id\": \"bdnb-bg-MLND-TCVF-T9HS:3\", \"batiment_groupe_id\": \"bdnb-bg-MLND-TCVF-T9HS\", \"osm_building_id\": \"r:64008096\", \"osm_match_status\": \"matched\", \"osm_bdnb_intersection_area_m2\": 978.5465629598439, \"osm_address_text\": \"\", \"annee_construction\": 2013, \"footprint_m2\": 1023.3848113089952, \"geometry\": {\"type\": \"MultiPolygon\", \"coordinates\": [[[[-0.6122064, 44.8017658], [-0.6121418, 44.8016478], [-0.6114808, 44.8018301], [-0.6113034, 44.801879], [-0.6113315, 44.8019303], [-0.6112935, 44.8019407], [-0.611329, 44.8020071], [-0.6122064, 44.8017658]]]]}}]", "google_fallback_attempted": "false", "google_fallback_success": "false", "google_fallback_group_id": "", "google_nearby_status": "", "google_nearby_error": "", "google_raw_nearby_count": "0", "google_excluded_outside_parcel": "0", "google_nearby_ranked_json": "[]", "google_winner_place_id": "", "google_winner_name": "", "google_anchor_address": "", "google_api_gouv_query": "", "google_api_gouv_etablissements_count": "0", "google_reject_reason": "", "osm_pois_json": "[]", "osm_poi_count": 0, "osm_pois_status": "ok", "osm_poi_truncated": 0, "osm_data_as_of": ""}, "geometry": {"type": "MultiPolygon", "coordinates": [[[[-0.6100604, 44.8008366], [-0.6100846, 44.8009559], [-0.6101794, 44.8011259], [-0.6103582, 44.8014466], [-0.6100526, 44.8015324], [-0.6100494, 44.8015574], [-0.6103676, 44.8014682], [-0.6103771, 44.8014956], [-0.6103782, 44.8014995], [-0.6103815, 44.8015077], [-0.6103857, 44.8015158], [-0.6103905, 44.8015235], [-0.6103962, 44.8015311], [-0.6104025, 44.8015384], [-0.6104096, 44.8015453], [-0.6104174, 44.8015518], [-0.6104256, 44.801558], [-0.6104347, 44.8015637], [-0.6104439, 44.8015689], [-0.610454, 44.8015737], [-0.6104644, 44.801578], [-0.6104753, 44.8015818], [-0.6104863, 44.8015849], [-0.6104978, 44.8015875], [-0.6105094, 44.8015896], [-0.6105105, 44.8015897], [-0.6106153, 44.8015542], [-0.610672, 44.8016558], [-0.6106938, 44.8016496], [-0.6109936, 44.802199], [-0.6103256, 44.8023359], [-0.6103384, 44.8023755], [-0.6115214, 44.802133], [-0.6126559, 44.8019004], [-0.6124227, 44.8013687], [-0.6123529, 44.801223], [-0.6123254, 44.8011802], [-0.6122994, 44.8011447], [-0.6122677, 44.8011046], [-0.6122337, 44.8010671], [-0.6121883, 44.8010234], [-0.6121432, 44.8009856], [-0.6120785, 44.8009382], [-0.61202, 44.8009009], [-0.6119579, 44.800865], [-0.6118873, 44.800832], [-0.611819, 44.8008026], [-0.6117555, 44.8007785], [-0.611671, 44.8007523], [-0.6115982, 44.8007369], [-0.6115224, 44.800721], [-0.6114228, 44.8007059], [-0.611335, 44.8006989], [-0.6112299, 44.8006968], [-0.6111292, 44.8007019], [-0.6110338, 44.8007119], [-0.6109085, 44.8007262], [-0.6100604, 44.8008366]]]]}, "id": "parcelle:33318:DH:0092"}, {"type": "Feature", "properties": {"scout_v5_id": "parcelle:33318:DR:0219", "grain": "parcelle", "batiment_construction_id": "", "bdnb_batiment_construction_id": "", "batiment_groupe_id": "", "osm_building_id": "", "osm_match_status": "", "osm_bdnb_intersection_area_m2": "", "osm_address_text": "", "code_insee": "33318", "section": "DR", "numero_norm": "0219", "code_iris": "333180115", "nom_iris": "Sardine", "nb_batiments": 1, "annee_construction": "", "footprint_m2": "", "footprint_sum_m2": 2017.131925008417, "siren_status": "none", "status_technique": "no_candidate", "status_metier": "none", "siret_count": 0, "passerelle_address": "", "passerelle_indice_norm": "", "passerelle_numero_match": "", "passerelle_addresses_json": "[]", "sirets_json": "[]", "sirens_json": "[]", "matching_confidence": 0.0, "matching_reason": "", "matching_status": "mono", "matching_decision": "", "matching_siren_selected": "", "matching_debug_json": "", "parcelles_json": "", "buildings_json": "[{\"batiment_construction_id\": \"r:6031031\", \"bdnb_batiment_construction_id\": \"bdnb-bg-C5B4-RFEA-PRBL:1\", \"batiment_groupe_id\": \"bdnb-bg-C5B4-RFEA-PRBL\", \"annee_construction\": null, \"footprint_m2\": 2017.131925008417, \"intersection_area_m2\": 1045.913743252968, \"osm_building_id\": \"r:6031031\", \"osm_match_status\": \"matched\", \"osm_bdnb_intersection_area_m2\": 1045.3582343402136, \"osm_address_text\": \"\", \"matching_status\": \"partage\", \"matching_decision\": \"unique_by_intersection\", \"matching_siren_selected\": \"\"}]", "building_geometries_json": "[{\"batiment_construction_id\": \"r:6031031\", \"bdnb_batiment_construction_id\": \"bdnb-bg-C5B4-RFEA-PRBL:1\", \"batiment_groupe_id\": \"bdnb-bg-C5B4-RFEA-PRBL\", \"osm_building_id\": \"r:6031031\", \"osm_match_status\": \"matched\", \"osm_bdnb_intersection_area_m2\": 1045.3582343402136, \"osm_address_text\": \"\", \"annee_construction\": null, \"footprint_m2\": 2017.131925008417, \"geometry\": {\"type\": \"MultiPolygon\", \"coordinates\": [[[[-0.623637, 44.796162], [-0.623618, 44.796148], [-0.623517, 44.796074], [-0.623477, 44.796102], [-0.6234419, 44.7960772], [-0.623395, 44.796044], [-0.623337, 44.796084], [-0.623347, 44.796091], [-0.6232678, 44.7961467], [-0.623216, 44.796183], [-0.623271, 44.796223], [-0.623252, 44.796237], [-0.623233, 44.796251], [-0.623067, 44.79625], [-0.623069, 44.79612], [-0.623084, 44.796121], [-0.623084, 44.796062], [-0.623057, 44.7960617], [-0.622897, 44.79606], [-0.622896, 44.796081], [-0.622804, 44.796081], [-0.622766, 44.796081], [-0.622765, 44.796139], [-0.622779, 44.796139], [-0.622778, 44.796178], [-0.622827, 44.796178], [-0.622826, 44.79627], [-0.62286, 44.79627], [-0.62286, 44.796299], [-0.622796, 44.796344], [-0.622863, 44.796392], [-0.622815, 44.796425], [-0.622876, 44.796469], [-0.622875, 44.79651], [-0.623112, 44.796511], [-0.623134, 44.796517], [-0.623146, 44.796519], [-0.623164, 44.796521], [-0.623185, 44.79652], [-0.623222, 44.796511], [-0.623222, 44.79649], [-0.62326, 44.79649], [-0.6232606, 44.796471], [-0.623261, 44.796457], [-0.623391, 44.796458], [-0.623392, 44.796315], [-0.623419, 44.796297], [-0.623431, 44.796306], [-0.623488, 44.796265], [-0.623499, 44.796274], [-0.623589, 44.796211], [-0.623578, 44.796203], [-0.623637, 44.796162]], [[-0.623204, 44.796366], [-0.623203, 44.796435], [-0.62298, 44.796434], [-0.62298, 44.796364], [-0.623204, 44.796366]]]]}}]", "google_fallback_attempted": "false", "google_fallback_success": "false", "google_fallback_group_id": "", "google_nearby_status": "", "google_nearby_error": "", "google_raw_nearby_count": "0", "google_excluded_outside_parcel": "0", "google_nearby_ranked_json": "[]", "google_winner_place_id": "", "google_winner_name": "", "google_anchor_address": "", "google_api_gouv_query": "", "google_api_gouv_etablissements_count": "0", "google_reject_reason": "", "osm_pois_json": "[]", "osm_poi_count": 0, "osm_pois_status": "ok", "osm_poi_truncated": 0, "osm_data_as_of": ""}, "geometry": {"type": "MultiPolygon", "coordinates": [[[[-0.6226814, 44.7959936], [-0.6226809, 44.7960032], [-0.622678, 44.7961303], [-0.6226744, 44.7962693], [-0.6226867, 44.7962693], [-0.6237545, 44.796273], [-0.623765, 44.7960007], [-0.6226814, 44.7959936]]]]}, "id": "parcelle:33318:DR:0219"}, {"type": "Feature", "properties": {"scout_v5_id": "parcelle:33318:DR:0269", "grain": "parcelle", "batiment_construction_id": "", "bdnb_batiment_construction_id": "", "batiment_groupe_id": "", "osm_building_id": "", "osm_match_status": "", "osm_bdnb_intersection_area_m2": "", "osm_address_text": "", "code_insee": "33318", "section": "DR", "numero_norm": "0269", "code_iris": "333180115", "nom_iris": "Sardine", "nb_batiments": 1, "annee_construction": "", "footprint_m2": "", "footprint_sum_m2": 2017.131925008417, "siren_status": "none", "status_technique": "no_candidate", "status_metier": "none", "siret_count": 0, "passerelle_address": "", "passerelle_indice_norm": "", "passerelle_numero_match": "", "passerelle_addresses_json": "[]", "sirets_json": "[]", "sirens_json": "[]", "matching_confidence": 0.0, "matching_reason": "", "matching_status": "mono", "matching_decision": "", "matching_siren_selected": "", "matching_debug_json": "", "parcelles_json": "", "buildings_json": "[{\"batiment_construction_id\": \"r:6031031\", \"bdnb_batiment_construction_id\": \"bdnb-bg-C5B4-RFEA-PRBL:1\", \"batiment_groupe_id\": \"bdnb-bg-C5B4-RFEA-PRBL\", \"annee_construction\": null, \"footprint_m2\": 2017.131925008417, \"intersection_area_m2\": 971.2181817538201, \"osm_building_id\": \"r:6031031\", \"osm_match_status\": \"matched\", \"osm_bdnb_intersection_area_m2\": 1045.3582343402136, \"osm_address_text\": \"\", \"matching_status\": \"partage\", \"matching_decision\": \"unique_by_intersection\", \"matching_siren_selected\": \"\"}]", "building_geometries_json": "[{\"batiment_construction_id\": \"r:6031031\", \"bdnb_batiment_construction_id\": \"bdnb-bg-C5B4-RFEA-PRBL:1\", \"batiment_groupe_id\": \"bdnb-bg-C5B4-RFEA-PRBL\", \"osm_building_id\": \"r:6031031\", \"osm_match_status\": \"matched\", \"osm_bdnb_intersection_area_m2\": 1045.3582343402136, \"osm_address_text\": \"\", \"annee_construction\": null, \"footprint_m2\": 2017.131925008417, \"geometry\": {\"type\": \"MultiPolygon\", \"coordinates\": [[[[-0.623637, 44.796162], [-0.623618, 44.796148], [-0.623517, 44.796074], [-0.623477, 44.796102], [-0.6234419, 44.7960772], [-0.623395, 44.796044], [-0.623337, 44.796084], [-0.623347, 44.796091], [-0.6232678, 44.7961467], [-0.623216, 44.796183], [-0.623271, 44.796223], [-0.623252, 44.796237], [-0.623233, 44.796251], [-0.623067, 44.79625], [-0.623069, 44.79612], [-0.623084, 44.796121], [-0.623084, 44.796062], [-0.623057, 44.7960617], [-0.622897, 44.79606], [-0.622896, 44.796081], [-0.622804, 44.796081], [-0.622766, 44.796081], [-0.622765, 44.796139], [-0.622779, 44.796139], [-0.622778, 44.796178], [-0.622827, 44.796178], [-0.622826, 44.79627], [-0.62286, 44.79627], [-0.62286, 44.796299], [-0.622796, 44.796344], [-0.622863, 44.796392], [-0.622815, 44.796425], [-0.622876, 44.796469], [-0.622875, 44.79651], [-0.623112, 44.796511], [-0.623134, 44.796517], [-0.623146, 44.796519], [-0.623164, 44.796521], [-0.623185, 44.79652], [-0.623222, 44.796511], [-0.623222, 44.79649], [-0.62326, 44.79649], [-0.6232606, 44.796471], [-0.623261, 44.796457], [-0.623391, 44.796458], [-0.623392, 44.796315], [-0.623419, 44.796297], [-0.623431, 44.796306], [-0.623488, 44.796265], [-0.623499, 44.796274], [-0.623589, 44.796211], [-0.623578, 44.796203], [-0.623637, 44.796162]], [[-0.623204, 44.796366], [-0.623203, 44.796435], [-0.62298, 44.796434], [-0.62298, 44.796364], [-0.623204, 44.796366]]]]}}]", "google_fallback_attempted": "false", "google_fallback_success": "false", "google_fallback_group_id": "", "google_nearby_status": "", "google_nearby_error": "", "google_raw_nearby_count": "0", "google_excluded_outside_parcel": "0", "google_nearby_ranked_json": "[]", "google_winner_place_id": "", "google_winner_name": "", "google_anchor_address": "", "google_api_gouv_query": "", "google_api_gouv_etablissements_count": "0", "google_reject_reason": "", "osm_pois_json": "[]", "osm_poi_count": 0, "osm_pois_status": "ok", "osm_poi_truncated": 0, "osm_data_as_of": ""}, "geometry": {"type": "MultiPolygon", "coordinates": [[[[-0.6230588, 44.7965896], [-0.6231097, 44.7965896], [-0.6231379, 44.796714], [-0.6233134, 44.7967169], [-0.6237389, 44.7966652], [-0.6237545, 44.796273], [-0.6226867, 44.7962693], [-0.622738, 44.7964485], [-0.6227758, 44.796581], [-0.6227925, 44.7965828], [-0.6227943, 44.7965902], [-0.6230109, 44.7965898], [-0.6230578, 44.7965856], [-0.6230588, 44.7965896]], [[-0.6235539, 44.7963875], [-0.623522, 44.7963929], [-0.623517, 44.7963706], [-0.62355, 44.7963667], [-0.6235539, 44.7963875]]]]}, "id": "parcelle:33318:DR:0269"}, {"type": "Feature", "properties": {"scout_v5_id": "parcelle:33318:EZ:0083", "grain": "parcelle", "batiment_construction_id": "", "bdnb_batiment_construction_id": "", "batiment_groupe_id": "", "osm_building_id": "", "osm_match_status": "", "osm_bdnb_intersection_area_m2": "", "osm_address_text": "", "code_insee": "33318", "section": "EZ", "numero_norm": "0083", "code_iris": "333180118", "nom_iris": "Fac Lettres", "nb_batiments": 2, "annee_construction": "", "footprint_m2": "", "footprint_sum_m2": 5005.189051792375, "siren_status": "none", "status_technique": "no_candidate", "status_metier": "none", "siret_count": 0, "passerelle_address": "", "passerelle_indice_norm": "", "passerelle_numero_match": "", "passerelle_addresses_json": "[]", "sirets_json": "[]", "sirens_json": "[]", "matching_confidence": 0.0, "matching_reason": "", "matching_status": "mono", "matching_decision": "", "matching_siren_selected": "", "matching_debug_json": "", "parcelles_json": "", "buildings_json": "[{\"batiment_construction_id\": \"r:6031033\", \"bdnb_batiment_construction_id\": \"bdnb-bg-93YB-6CKR-QQJW:5\", \"batiment_groupe_id\": \"bdnb-bg-93YB-6CKR-QQJW\", \"annee_construction\": 1970, \"footprint_m2\": 3633.1668192637853, \"intersection_area_m2\": 3633.166819263787, \"osm_building_id\": \"r:6031033\", \"osm_match_status\": \"matched\", \"osm_bdnb_intersection_area_m2\": 3097.38788892546, \"osm_address_text\": \"Esplanade des Antilles, 33607 Pessac Cedex\", \"matching_status\": \"mono\", \"matching_decision\": \"mono\", \"matching_siren_selected\": \"\"}, {\"batiment_construction_id\": \"r:63473998\", \"bdnb_batiment_construction_id\": \"bdnb-bg-93YB-6CKR-QQJW:14\", \"batiment_groupe_id\": \"bdnb-bg-93YB-6CKR-QQJW\", \"annee_construction\": 1970, \"footprint_m2\": 1372.022232528589, \"intersection_area_m2\": 1372.022232528589, \"osm_building_id\": \"r:63473998\", \"osm_match_status\": \"matched\", \"osm_bdnb_intersection_area_m2\": 1275.7758025462056, \"osm_address_text\": \"23 Esplanade des Antilles, 33600 Pessac\", \"matching_status\": \"mono\", \"matching_decision\": \"mono\", \"matching_siren_selected\": \"\"}]", "building_geometries_json": "[{\"batiment_construction_id\": \"r:6031033\", \"bdnb_batiment_construction_id\": \"bdnb-bg-93YB-6CKR-QQJW:5\", \"batiment_groupe_id\": \"bdnb-bg-93YB-6CKR-QQJW\", \"osm_building_id\": \"r:6031033\", \"osm_match_status\": \"matched\", \"osm_bdnb_intersection_area_m2\": 3097.38788892546, \"osm_address_text\": \"Esplanade des Antilles, 33607 Pessac Cedex\", \"annee_construction\": 1970, \"footprint_m2\": 3633.1668192637853, \"geometry\": {\"type\": \"MultiPolygon\", \"coordinates\": [[[[-0.6209017, 44.7936218], [-0.6208899, 44.7936048], [-0.6208373, 44.7936243], [-0.6207256, 44.7936641], [-0.6206488, 44.7936909], [-0.6206425, 44.7936772], [-0.6206278, 44.7936454], [-0.6204392, 44.7936952], [-0.6204468, 44.7937111], [-0.6203564, 44.7937354], [-0.6203469, 44.7937171], [-0.6203233, 44.7936699], [-0.6202993, 44.7936219], [-0.6202514, 44.7935246], [-0.6202704, 44.7935202], [-0.6202846, 44.7935485], [-0.6202987, 44.7935781], [-0.6203075, 44.7935943], [-0.6203458, 44.7935834], [-0.6204019, 44.7935687], [-0.620514, 44.7935383], [-0.6207421, 44.7934808], [-0.6207258, 44.7934479], [-0.6207153, 44.7934269], [-0.6207086, 44.7934134], [-0.6206953, 44.7933862], [-0.6206745, 44.7933462], [-0.620656, 44.7933061], [-0.6206402, 44.793309], [-0.6205951, 44.7933169], [-0.6205244, 44.7933292], [-0.6204181, 44.7933482], [-0.6202069, 44.7933922], [-0.6202425, 44.7934625], [-0.6202116, 44.7934709], [-0.6201765, 44.7934805], [-0.6201505, 44.7934237], [-0.6201296, 44.7934136], [-0.6200996, 44.7934177], [-0.6200277, 44.793435], [-0.6199434, 44.7934561], [-0.6197651, 44.7935112], [-0.6197991, 44.7935796], [-0.6197701, 44.7935872], [-0.6197357, 44.7935963], [-0.6197032, 44.7935311], [-0.6196115, 44.7935598], [-0.6195283, 44.7935875], [-0.6193507, 44.7936535], [-0.6194191, 44.7937584], [-0.6194503, 44.7938218], [-0.6195764, 44.7937879], [-0.6198024, 44.7937307], [-0.619771, 44.7936694], [-0.6197655, 44.7936581], [-0.6197941, 44.7936476], [-0.619811, 44.7936798], [-0.6198264, 44.7937121], [-0.6198566, 44.7937742], [-0.6198367, 44.7937817], [-0.6198189, 44.793791], [-0.6198051, 44.7937995], [-0.6197948, 44.7938085], [-0.6197866, 44.7938158], [-0.6197762, 44.7938274], [-0.6197652, 44.7938448], [-0.6197597, 44.7938586], [-0.6197559, 44.7938721], [-0.619754, 44.7938855], [-0.6197542, 44.793902], [-0.6197556, 44.7939127], [-0.619758, 44.7939235], [-0.6197616, 44.7939354], [-0.6197686, 44.7939492], [-0.6197756, 44.7939596], [-0.6197804, 44.7939672], [-0.6197866, 44.793974], [-0.6197924, 44.7939809], [-0.6198051, 44.793993], [-0.6195498, 44.7940878], [-0.6195743, 44.7941237], [-0.6198498, 44.7940196], [-0.6198714, 44.7940282], [-0.6198931, 44.7940327], [-0.6199226, 44.7940372], [-0.6199424, 44.7940377], [-0.6199605, 44.7940365], [-0.6199739, 44.7940341], [-0.6199851, 44.7940311], [-0.6200094, 44.7940242], [-0.6200272, 44.7940154], [-0.6200453, 44.7940042], [-0.6200599, 44.7939926], [-0.6200771, 44.7939752], [-0.6200884, 44.7939565], [-0.6200956, 44.7939345], [-0.6200983, 44.7939233], [-0.620114, 44.7939169], [-0.6201366, 44.7939079], [-0.6202735, 44.7938567], [-0.6203503, 44.7938267], [-0.6203463, 44.7938175], [-0.6203759, 44.7938059], [-0.6204091, 44.7937928], [-0.6204134, 44.7938034], [-0.6206305, 44.7937221], [-0.6206573, 44.7937121], [-0.6206579, 44.7937143], [-0.6209017, 44.7936218]], [[-0.6203301, 44.7937419], [-0.6200533, 44.7938157], [-0.6200414, 44.7938058], [-0.620028, 44.7937968], [-0.6200178, 44.7937907], [-0.6200052, 44.7937845], [-0.6199756, 44.7937735], [-0.6199595, 44.79377], [-0.6199451, 44.7937676], [-0.6199236, 44.793766], [-0.6199129, 44.7937657], [-0.6198931, 44.7937667], [-0.6198308, 44.7936386], [-0.6198349, 44.7936377], [-0.6198651, 44.7936976], [-0.6202413, 44.7935995], [-0.6202061, 44.7935368], [-0.6202255, 44.7935318], [-0.6203208, 44.7937244], [-0.6203301, 44.7937419]]]]}}, {\"batiment_construction_id\": \"r:63473998\", \"bdnb_batiment_construction_id\": \"bdnb-bg-93YB-6CKR-QQJW:14\", \"batiment_groupe_id\": \"bdnb-bg-93YB-6CKR-QQJW\", \"osm_building_id\": \"r:63473998\", \"osm_match_status\": \"matched\", \"osm_bdnb_intersection_area_m2\": 1275.7758025462056, \"osm_address_text\": \"23 Esplanade des Antilles, 33600 Pessac\", \"annee_construction\": 1970, \"footprint_m2\": 1372.022232528589, \"geometry\": {\"type\": \"MultiPolygon\", \"coordinates\": [[[[-0.6162877, 44.795789], [-0.6162624, 44.7957422], [-0.6161399, 44.7955052], [-0.6157868, 44.7955963], [-0.615804, 44.7956297], [-0.6156228, 44.7956764], [-0.6156605, 44.79575], [-0.6157043, 44.7957387], [-0.615793, 44.7959118], [-0.615931, 44.7958718], [-0.6159373, 44.7958815], [-0.6159783, 44.7958711], [-0.6160946, 44.7958415], [-0.6162877, 44.795789]]]]}}]", "google_fallback_attempted": "false", "google_fallback_success": "false", "google_fallback_group_id": "", "google_nearby_status": "", "google_nearby_error": "", "google_raw_nearby_count": "0", "google_excluded_outside_parcel": "0", "google_nearby_ranked_json": "[]", "google_winner_place_id": "", "google_winner_name": "", "google_anchor_address": "", "google_api_gouv_query": "", "google_api_gouv_etablissements_count": "0", "google_reject_reason": "", "osm_pois_json": "[]", "osm_poi_count": 0, "osm_pois_status": "ok", "osm_poi_truncated": 0, "osm_data_as_of": ""}, "geometry": {"type": "MultiPolygon", "coordinates": [[[[-0.6233097, 44.793092], [-0.6232946, 44.7931367], [-0.6232689, 44.7931791], [-0.6232475, 44.7932198], [-0.6231955, 44.7932854], [-0.6231652, 44.7933127], [-0.6231303, 44.7933369], [-0.6230814, 44.793365], [-0.6229808, 44.7931732], [-0.6227531, 44.7927299], [-0.6225105, 44.7922643], [-0.6224452, 44.792139], [-0.6223351, 44.7919301], [-0.6222588, 44.7917848], [-0.6220859, 44.7918327], [-0.6218072, 44.7919098], [-0.6197568, 44.7924716], [-0.618187, 44.7928954], [-0.6174791, 44.7930864], [-0.6174162, 44.7931038], [-0.617365, 44.7931181], [-0.6173, 44.7931362], [-0.6170788, 44.7932024], [-0.6169146, 44.7932591], [-0.6167833, 44.7933071], [-0.6166193, 44.7933754], [-0.6164805, 44.793439], [-0.6163747, 44.7934892], [-0.6162675, 44.793545], [-0.6161122, 44.7936353], [-0.615943, 44.7937437], [-0.6158618, 44.7938006], [-0.6157727, 44.7938701], [-0.6157262, 44.7939052], [-0.6156811, 44.7939415], [-0.6156706, 44.7939499], [-0.6156465, 44.7939535], [-0.6156275, 44.7939529], [-0.6155985, 44.7939465], [-0.6155829, 44.793932], [-0.6155795, 44.7939266], [-0.6155729, 44.7939173], [-0.6155029, 44.7937792], [-0.6153779, 44.7938093], [-0.6153755, 44.7938098], [-0.6154281, 44.7939106], [-0.6154283, 44.7939108], [-0.6154283, 44.793911], [-0.6154285, 44.7939114], [-0.6154286, 44.7939117], [-0.6154288, 44.7939121], [-0.6154291, 44.7939124], [-0.6154292, 44.7939128], [-0.6154294, 44.7939131], [-0.6154295, 44.7939135], [-0.6154297, 44.7939138], [-0.6154298, 44.7939142], [-0.6154298, 44.7939146], [-0.61543, 44.7939149], [-0.6154301, 44.7939153], [-0.6154303, 44.7939156], [-0.6154303, 44.7939161], [-0.6154305, 44.7939164], [-0.6154306, 44.7939168], [-0.6154306, 44.7939171], [-0.6154308, 44.7939175], [-0.6154308, 44.7939179], [-0.615431, 44.7939182], [-0.615431, 44.7939187], [-0.615431, 44.793919], [-0.6154312, 44.7939194], [-0.6154312, 44.7939197], [-0.6154312, 44.7939201], [-0.6154312, 44.7939205], [-0.6154311, 44.7939209], [-0.6154312, 44.7939213], [-0.6154312, 44.7939216], [-0.6154312, 44.793922], [-0.6154312, 44.7939224], [-0.6154313, 44.7939227], [-0.6154313, 44.7939232], [-0.6154313, 44.7939235], [-0.6154312, 44.7939239], [-0.6154312, 44.7939242], [-0.6154313, 44.7939246], [-0.6154311, 44.793925], [-0.6154312, 44.7939254], [-0.6154311, 44.7939258], [-0.6154311, 44.7939261], [-0.615431, 44.7939265], [-0.6154309, 44.7939269], [-0.6154309, 44.7939272], [-0.6154308, 44.7939276], [-0.6154307, 44.793928], [-0.6154306, 44.7939284], [-0.6154306, 44.7939288], [-0.6154305, 44.7939291], [-0.6154304, 44.7939295], [-0.6154303, 44.7939299], [-0.6154302, 44.7939302], [-0.6154301, 44.7939306], [-0.6154299, 44.793931], [-0.6154297, 44.7939313], [-0.6154296, 44.7939317], [-0.6154295, 44.7939321], [-0.6154292, 44.7939324], [-0.6154291, 44.7939328], [-0.615429, 44.7939331], [-0.6154288, 44.7939335], [-0.6154287, 44.7939339], [-0.6154284, 44.7939342], [-0.6154283, 44.7939345], [-0.6154281, 44.7939349], [-0.6154279, 44.7939353], [-0.6154278, 44.7939356], [-0.6154276, 44.793936], [-0.6154273, 44.7939363], [-0.6154271, 44.7939366], [-0.615427, 44.793937], [-0.6154268, 44.7939374], [-0.6154265, 44.7939376], [-0.6154263, 44.793938], [-0.6154261, 44.7939384], [-0.6154258, 44.7939387], [-0.6154256, 44.793939], [-0.6154252, 44.7939394], [-0.615425, 44.7939397], [-0.6154248, 44.79394], [-0.6154245, 44.7939403], [-0.6154243, 44.7939407], [-0.6154239, 44.793941], [-0.6154237, 44.7939413], [-0.6154234, 44.7939416], [-0.615423, 44.7939419], [-0.6154228, 44.7939423], [-0.6154224, 44.7939426], [-0.6154218, 44.7939432], [-0.6153772, 44.7939789], [-0.6153763, 44.7939797], [-0.6153755, 44.7939805], [-0.6153748, 44.7939813], [-0.6153739, 44.7939822], [-0.6153731, 44.7939829], [-0.6153723, 44.7939838], [-0.6153714, 44.7939846], [-0.6153706, 44.7939855], [-0.6153698, 44.7939864], [-0.6153691, 44.7939872], [-0.6153682, 44.793988], [-0.6153675, 44.7939889], [-0.6153667, 44.7939898], [-0.615366, 44.7939906], [-0.6153653, 44.7939915], [-0.6153645, 44.7939924], [-0.6153638, 44.7939932], [-0.6153631, 44.793994], [-0.6153621, 44.7939949], [-0.6153614, 44.7939957], [-0.6153607, 44.7939967], [-0.61536, 44.7939975], [-0.6153593, 44.7939984], [-0.6153586, 44.7939993], [-0.6153579, 44.7940002], [-0.6153572, 44.794001], [-0.6153565, 44.7940019], [-0.6153558, 44.7940029], [-0.6153551, 44.7940037], [-0.6153544, 44.7940046], [-0.6153536, 44.7940055], [-0.6153528, 44.7940064], [-0.6153523, 44.7940073], [-0.6153516, 44.7940082], [-0.6153509, 44.7940092], [-0.6153503, 44.79401], [-0.6153496, 44.7940108], [-0.615349, 44.7940117], [-0.6153483, 44.7940127], [-0.6153477, 44.7940136], [-0.615347, 44.7940145], [-0.6153465, 44.7940154], [-0.6153456, 44.7940164], [-0.6153451, 44.7940172], [-0.6153445, 44.7940181], [-0.6153438, 44.794019], [-0.6153432, 44.7940199], [-0.6153426, 44.794021], [-0.6153421, 44.7940219], [-0.6153415, 44.7940228], [-0.6153409, 44.7940237], [-0.6153404, 44.7940246], [-0.6153398, 44.7940256], [-0.6153391, 44.7940265], [-0.6153385, 44.7940274], [-0.6153379, 44.7940283], [-0.6153374, 44.7940293], [-0.6153368, 44.7940302], [-0.6153362, 44.7940311], [-0.6153358, 44.794032], [-0.6153352, 44.794033], [-0.6153346, 44.7940339], [-0.6153342, 44.7940348], [-0.6153336, 44.7940359], [-0.615333, 44.7940368], [-0.6153325, 44.7940377], [-0.6153319, 44.7940387], [-0.6153314, 44.7940396], [-0.615331, 44.7940406], [-0.6153304, 44.7940415], [-0.61533, 44.7940425], [-0.6153295, 44.7940435], [-0.615329, 44.7940444], [-0.6153285, 44.7940454], [-0.6153281, 44.7940463], [-0.6153276, 44.7940473], [-0.6153271, 44.7940482], [-0.6153266, 44.7940492], [-0.6153262, 44.7940502], [-0.6153257, 44.7940512], [-0.6153253, 44.7940522], [-0.6153248, 44.7940531], [-0.6153244, 44.7940541], [-0.615324, 44.794055], [-0.6153236, 44.7940559], [-0.6153232, 44.7940569], [-0.6153226, 44.7940579], [-0.6153223, 44.7940588], [-0.6153219, 44.7940598], [-0.6153157, 44.7940603], [-0.6153137, 44.7940606], [-0.6153118, 44.7940608], [-0.6153098, 44.794061], [-0.6153079, 44.7940612], [-0.6153059, 44.7940615], [-0.615304, 44.7940619], [-0.6153021, 44.7940622], [-0.6153001, 44.7940626], [-0.6152983, 44.7940631], [-0.6152964, 44.7940636], [-0.6152945, 44.794064], [-0.6152927, 44.7940645], [-0.6152909, 44.794065], [-0.6152891, 44.7940656], [-0.6152872, 44.7940662], [-0.6152855, 44.7940668], [-0.6152837, 44.7940675], [-0.615282, 44.7940682], [-0.6152803, 44.7940688], [-0.6152784, 44.7940696], [-0.6152767, 44.7940703], [-0.6152751, 44.7940711], [-0.6152734, 44.7940719], [-0.6152718, 44.7940727], [-0.6152702, 44.7940735], [-0.6152688, 44.7940745], [-0.6152672, 44.7940752], [-0.6152657, 44.7940762], [-0.6152641, 44.7940771], [-0.6152627, 44.7940781], [-0.6152613, 44.794079], [-0.6152599, 44.7940801], [-0.6152584, 44.7940811], [-0.6152571, 44.7940821], [-0.6152558, 44.7940832], [-0.6152545, 44.7940843], [-0.6152532, 44.7940852], [-0.6152519, 44.7940864], [-0.6152509, 44.7940876], [-0.6152495, 44.7940887], [-0.6152484, 44.7940899], [-0.6152472, 44.794091], [-0.6152461, 44.7940922], [-0.6152452, 44.7940935], [-0.6152442, 44.7940947], [-0.6152432, 44.7940959], [-0.6152424, 44.7940972], [-0.6152414, 44.7940985], [-0.6152406, 44.7940998], [-0.6152398, 44.794101], [-0.6152389, 44.7941023], [-0.6152382, 44.7941037], [-0.6152376, 44.794105], [-0.6152369, 44.7941063], [-0.6152363, 44.7941076], [-0.6152358, 44.794109], [-0.6152352, 44.7941104], [-0.6152347, 44.7941117], [-0.6152342, 44.7941132], [-0.6152337, 44.7941145], [-0.6152334, 44.7941159], [-0.615233, 44.7941173], [-0.6152329, 44.7941187], [-0.6152326, 44.79412], [-0.6152324, 44.7941214], [-0.6152321, 44.7941229], [-0.615232, 44.7941242], [-0.6152319, 44.7941257], [-0.6152319, 44.794127], [-0.6152319, 44.7941285], [-0.6152319, 44.7941299], [-0.615232, 44.7941314], [-0.615232, 44.7941327], [-0.6152321, 44.7941342], [-0.6152323, 44.7941356], [-0.6152327, 44.7941369], [-0.6152329, 44.7941384], [-0.6152332, 44.7941398], [-0.6152336, 44.7941411], [-0.615234, 44.7941426], [-0.6152344, 44.7941439], [-0.6152348, 44.7941453], [-0.6152353, 44.7941467], [-0.6152359, 44.794148], [-0.6152365, 44.7941493], [-0.6152372, 44.7941507], [-0.6152378, 44.794152], [-0.6152384, 44.7941533], [-0.6152392, 44.7941547], [-0.61524, 44.7941561], [-0.6146623, 44.7943106], [-0.6141255, 44.7944498], [-0.613971, 44.7944898], [-0.6134846, 44.794616], [-0.6135549, 44.794755], [-0.612429, 44.7950538], [-0.6125502, 44.7952941], [-0.612419, 44.7953273], [-0.6123559, 44.7953433], [-0.6121126, 44.7954047], [-0.6120554, 44.7952964], [-0.6121546, 44.7952677], [-0.611817, 44.7946261], [-0.6111486, 44.7951088], [-0.6111625, 44.795118], [-0.6117995, 44.7955452], [-0.6116091, 44.7956809], [-0.6113423, 44.795871], [-0.6109122, 44.7961774], [-0.6110357, 44.7962656], [-0.611456, 44.7965626], [-0.6109744, 44.7969125], [-0.6109278, 44.7969666], [-0.61206, 44.7973557], [-0.612644, 44.7975506], [-0.6126793, 44.7975625], [-0.6127607, 44.7975858], [-0.6128246, 44.7975985], [-0.6129255, 44.797616], [-0.6129518, 44.7976204], [-0.6130607, 44.7976389], [-0.613119, 44.7976461], [-0.6131447, 44.7976482], [-0.6131671, 44.7976502], [-0.6132357, 44.7976552], [-0.6132638, 44.7976574], [-0.6132869, 44.7976584], [-0.6133327, 44.7976606], [-0.613386, 44.7976631], [-0.6134459, 44.7976629], [-0.6135437, 44.7976644], [-0.6137551, 44.797655], [-0.6138303, 44.7976509], [-0.6139475, 44.7976392], [-0.6140103, 44.7976317], [-0.6140946, 44.797618], [-0.6142202, 44.7975935], [-0.6143389, 44.7975677], [-0.6144558, 44.7975389], [-0.6146927, 44.7974752], [-0.6148687, 44.7974277], [-0.6170602, 44.7968371], [-0.6170477, 44.7968056], [-0.6171041, 44.7967906], [-0.6170892, 44.796762], [-0.6170022, 44.7965979], [-0.6169216, 44.7964466], [-0.616361, 44.7965985], [-0.6159309, 44.7967144], [-0.614923, 44.7969871], [-0.6148434, 44.7970087], [-0.6146187, 44.7965871], [-0.6146183, 44.7965596], [-0.6144964, 44.7963309], [-0.6148044, 44.7962511], [-0.6151559, 44.7961586], [-0.6152518, 44.7961325], [-0.6156527, 44.7960239], [-0.6156949, 44.7960507], [-0.6161984, 44.795915], [-0.6161756, 44.7958731], [-0.6161765, 44.7958728], [-0.6162043, 44.7958665], [-0.6164219, 44.7958083], [-0.6164222, 44.7958088], [-0.6164324, 44.7958096], [-0.6164361, 44.7958122], [-0.6165431, 44.7960115], [-0.6165442, 44.7960112], [-0.6165929, 44.7959982], [-0.616569, 44.7959534], [-0.616395, 44.7956281], [-0.6170414, 44.795454], [-0.6171022, 44.795457], [-0.6175328, 44.7953398], [-0.6175171, 44.79531], [-0.6186031, 44.7950171], [-0.6190713, 44.7958928], [-0.6190721, 44.7958943], [-0.6190781, 44.7959046], [-0.6190852, 44.7959116], [-0.6190998, 44.7959165], [-0.6191099, 44.795921], [-0.6191371, 44.7959377], [-0.6191574, 44.7959588], [-0.6191699, 44.7959828], [-0.6191719, 44.7959912], [-0.6191732, 44.7960031], [-0.6194636, 44.7960639], [-0.6194715, 44.7960655], [-0.619685, 44.7959967], [-0.6198389, 44.7959538], [-0.6199819, 44.7959147], [-0.6199996, 44.7959102], [-0.6202753, 44.7958377], [-0.6202959, 44.7958763], [-0.6202965, 44.7958774], [-0.6203241, 44.7959292], [-0.6205444, 44.7963431], [-0.6205617, 44.7963773], [-0.6205972, 44.796445], [-0.6206652, 44.7965754], [-0.6206897, 44.7966238], [-0.6206913, 44.7966365], [-0.6207546, 44.7966147], [-0.6206143, 44.7963438], [-0.6206187, 44.7963421], [-0.6206402, 44.7963339], [-0.62069, 44.7963142], [-0.6206983, 44.7963123], [-0.6207428, 44.7963019], [-0.619802, 44.7945345], [-0.6211043, 44.7941771], [-0.621457, 44.794082], [-0.6220001, 44.795108], [-0.6220293, 44.7951633], [-0.6218033, 44.7955644], [-0.6216112, 44.7959053], [-0.6216467, 44.7958939], [-0.6217307, 44.7958671], [-0.6217844, 44.7958499], [-0.6221087, 44.7952752], [-0.6221632, 44.7951787], [-0.6221934, 44.7951248], [-0.6216507, 44.7940852], [-0.62271, 44.7941804], [-0.6227106, 44.7941768], [-0.6227214, 44.7941478], [-0.6227224, 44.7941455], [-0.6227384, 44.7941153], [-0.6227587, 44.7940865], [-0.6227831, 44.7940592], [-0.6228114, 44.7940338], [-0.6228431, 44.7940106], [-0.6228779, 44.79399], [-0.6229155, 44.7939718], [-0.6229556, 44.7939565], [-0.6229976, 44.7939444], [-0.6230411, 44.7939353], [-0.6230859, 44.7939295], [-0.6231316, 44.793927], [-0.6231659, 44.7937705], [-0.6231887, 44.7936664], [-0.6233097, 44.793092]], [[-0.6180568, 44.79393], [-0.6190843, 44.7936504], [-0.6194295, 44.7942959], [-0.618407, 44.7945803], [-0.6180568, 44.79393]], [[-0.6163547, 44.794099], [-0.6177764, 44.7937122], [-0.6182504, 44.7946179], [-0.6182681, 44.7946517], [-0.6182617, 44.7946578], [-0.6168566, 44.7950419], [-0.6163547, 44.794099]], [[-0.6211419, 44.7929222], [-0.6224715, 44.7925631], [-0.6228788, 44.7933443], [-0.6215493, 44.7937035], [-0.6211419, 44.7929222]]]]}, "id": "parcelle:33318:EZ:0083"}, {"type": "Feature", "properties": {"scout_v5_id": "parcelle:33318:DT:0175", "grain": "parcelle", "batiment_construction_id": "", "bdnb_batiment_construction_id": "", "batiment_groupe_id": "", "osm_building_id": "", "osm_match_status": "", "osm_bdnb_intersection_area_m2": "", "osm_address_text": "", "code_insee": "33318", "section": "DT", "numero_norm": "0175", "code_iris": "333180119", "nom_iris": "Châtaigneraie", "nb_batiments": 1, "annee_construction": "", "footprint_m2": "", "footprint_sum_m2": 843.9351387743112, "siren_status": "none", "status_technique": "no_candidate", "status_metier": "none", "siret_count": 0, "passerelle_address": "", "passerelle_indice_norm": "", "passerelle_numero_match": "", "passerelle_addresses_json": "[]", "sirets_json": "[]", "sirens_json": "[]", "matching_confidence": 0.0, "matching_reason": "", "matching_status": "mono", "matching_decision": "", "matching_siren_selected": "", "matching_debug_json": "", "parcelles_json": "", "buildings_json": "[{\"batiment_construction_id\": \"r:6031035\", \"bdnb_batiment_construction_id\": \"bdnb-bg-VDSU-QAUB-JHTY:3\", \"batiment_groupe_id\": \"bdnb-bg-VDSU-QAUB-JHTY\", \"annee_construction\": null, \"footprint_m2\": 843.9351387743112, \"intersection_area_m2\": 843.9351387743116, \"osm_building_id\": \"r:6031035\", \"osm_match_status\": \"matched\", \"osm_bdnb_intersection_area_m2\": 779.0958289193869, \"osm_address_text\": \"\", \"matching_status\": \"mono\", \"matching_decision\": \"mono\", \"matching_siren_selected\": \"\"}]", "building_geometries_json": "[{\"batiment_construction_id\": \"r:6031035\", \"bdnb_batiment_construction_id\": \"bdnb-bg-VDSU-QAUB-JHTY:3\", \"batiment_groupe_id\": \"bdnb-bg-VDSU-QAUB-JHTY\", \"osm_building_id\": \"r:6031035\", \"osm_match_status\": \"matched\", \"osm_bdnb_intersection_area_m2\": 779.0958289193869, \"osm_address_text\": \"\", \"annee_construction\": null, \"footprint_m2\": 843.9351387743112, \"geometry\": {\"type\": \"MultiPolygon\", \"coordinates\": [[[[-0.648402, 44.793863], [-0.648349, 44.793789], [-0.648187, 44.793849], [-0.648074, 44.793702], [-0.648189, 44.793657], [-0.648173, 44.793635], [-0.648254, 44.793604], [-0.648159, 44.793481], [-0.648055, 44.793521], [-0.648036, 44.793498], [-0.647917, 44.793544], [-0.647958, 44.793601], [-0.647863, 44.793637], [-0.647908, 44.793696], [-0.648002, 44.793659], [-0.648044, 44.793714], [-0.64795, 44.79375], [-0.648109, 44.793959], [-0.648229, 44.793913], [-0.648239, 44.793926], [-0.648402, 44.793863]], [[-0.64812, 44.793605], [-0.648025, 44.793642], [-0.648, 44.793609], [-0.648094, 44.793572], [-0.64812, 44.793605]]]]}}]", "google_fallback_attempted": "false", "google_fallback_success": "false", "google_fallback_group_id": "", "google_nearby_status": "", "google_nearby_error": "", "google_raw_nearby_count": "0", "google_excluded_outside_parcel": "0", "google_nearby_ranked_json": "[]", "google_winner_place_id": "", "google_winner_name": "", "google_anchor_address": "", "google_api_gouv_query": "", "google_api_gouv_etablissements_count": "0", "google_reject_reason": "", "osm_pois_json": "[]", "osm_poi_count": 0, "osm_pois_status": "ok", "osm_poi_truncated": 0, "osm_data_as_of": ""}, "geometry": {"type": "MultiPolygon", "coordinates": [[[[-0.6487127, 44.7938096], [-0.6482183, 44.79312], [-0.6475831, 44.7933825], [-0.6478248, 44.7936791], [-0.6480744, 44.7939852], [-0.6481298, 44.7940554], [-0.6487127, 44.7938096]]]]}, "id": "parcelle:33318:DT:0175"}, {"type": "Feature", "properties": {"scout_v5_id": "parcelle:33318:HA:0007", "grain": "parcelle", "batiment_construction_id": "", "bdnb_batiment_construction_id": "", "batiment_groupe_id": "", "osm_building_id": "", "osm_match_status": "", "osm_bdnb_intersection_area_m2": "", "osm_address_text": "", "code_insee": "33318", "section": "HA", "numero_norm": "0007", "code_iris": "333180121", "nom_iris": "Saige Sud", "nb_batiments": 1, "annee_construction": "", "footprint_m2": "", "footprint_sum_m2": 2831.4221012570392, "siren_status": "none", "status_technique": "no_candidate", "status_metier": "none", "siret_count": 0, "passerelle_address": "", "passerelle_indice_norm": "", "passerelle_numero_match": "", "passerelle_addresses_json": "[]", "sirets_json": "[]", "sirens_json": "[]", "matching_confidence": 0.0, "matching_reason": "", "matching_status": "mono", "matching_decision": "", "matching_siren_selected": "", "matching_debug_json": "", "parcelles_json": "", "buildings_json": "[{\"batiment_construction_id\": \"r:6031037\", \"bdnb_batiment_construction_id\": null, \"batiment_groupe_id\": null, \"annee_construction\": null, \"footprint_m2\": 2831.4221012570392, \"intersection_area_m2\": 2831.4221012570392, \"osm_building_id\": \"r:6031037\", \"osm_match_status\": \"unmatched\", \"osm_bdnb_intersection_area_m2\": null, \"osm_address_text\": \"\", \"matching_status\": \"mono\", \"matching_decision\": \"mono\", \"matching_siren_selected\": \"\"}]", "building_geometries_json": "[{\"batiment_construction_id\": \"r:6031037\", \"bdnb_batiment_construction_id\": null, \"batiment_groupe_id\": null, \"osm_building_id\": \"r:6031037\", \"osm_match_status\": \"unmatched\", \"osm_bdnb_intersection_area_m2\": null, \"osm_address_text\": \"\", \"annee_construction\": null, \"footprint_m2\": 2831.4221012570392, \"geometry\": {\"type\": \"MultiPolygon\", \"coordinates\": [[[[-0.6279, 44.791083], [-0.627831, 44.790509], [-0.627099, 44.790555], [-0.62717, 44.791128], [-0.6279, 44.791083]], [[-0.627687, 44.790956], [-0.627351, 44.790977], [-0.627315, 44.790681], [-0.627653, 44.790662], [-0.627687, 44.790956]]]]}}]", "google_fallback_attempted": "false", "google_fallback_success": "false", "google_fallback_group_id": "", "google_nearby_status": "", "google_nearby_error": "", "google_raw_nearby_count": "0", "google_excluded_outside_parcel": "0", "google_nearby_ranked_json": "[]", "google_winner_place_id": "", "google_winner_name": "", "google_anchor_address": "", "google_api_gouv_query": "", "google_api_gouv_etablissements_count": "0", "google_reject_reason": "", "osm_pois_json": "[]", "osm_poi_count": 0, "osm_pois_status": "ok", "osm_poi_truncated": 0, "osm_data_as_of": ""}, "geometry": {"type": "MultiPolygon", "coordinates": [[[[-0.6282266, 44.7911628], [-0.6281882, 44.790831], [-0.6281459, 44.7904653], [-0.6280808, 44.7904684], [-0.6280783, 44.7904378], [-0.6280792, 44.7904312], [-0.6280813, 44.7904274], [-0.6280828, 44.7904242], [-0.6280834, 44.7904216], [-0.6280864, 44.7904192], [-0.6280902, 44.7904146], [-0.6280931, 44.790412], [-0.6280962, 44.7904083], [-0.6281017, 44.7904052], [-0.62811, 44.7904015], [-0.6281178, 44.790397], [-0.6278981, 44.7904111], [-0.6269796, 44.7904698], [-0.6268897, 44.7904756], [-0.6267513, 44.7904844], [-0.6267411, 44.790485], [-0.6267336, 44.7904855], [-0.6267227, 44.7904884], [-0.6267121, 44.7904907], [-0.6267032, 44.7904948], [-0.6266968, 44.7904988], [-0.6266915, 44.7905057], [-0.6266876, 44.7905128], [-0.6266852, 44.7905222], [-0.6266839, 44.7905301], [-0.6267763, 44.7912884], [-0.6267786, 44.7912963], [-0.6267832, 44.7913033], [-0.6267884, 44.7913081], [-0.6267969, 44.7913115], [-0.6268036, 44.7913143], [-0.62681, 44.7913155], [-0.6268127, 44.791316], [-0.6268182, 44.7913169], [-0.626827, 44.7913167], [-0.6268402, 44.7913182], [-0.6269811, 44.7913093], [-0.6280257, 44.7912449], [-0.6280209, 44.7912031], [-0.6280177, 44.7911763], [-0.6282266, 44.7911628]]]]}, "id": "parcelle:33318:HA:0007"}, {"type": "Feature", "properties": {"scout_v5_id": "parcelle:33318:DH:0203", "grain": "parcelle", "batiment_construction_id": "", "bdnb_batiment_construction_id": "", "batiment_groupe_id": "", "osm_building_id": "", "osm_match_status": "", "osm_bdnb_intersection_area_m2": "", "osm_address_text": "", "code_insee": "33318", "section": "DH", "numero_norm": "0203", "code_iris": "333180117", "nom_iris": "Fac Sciences-Droit", "nb_batiments": 1, "annee_construction": "", "footprint_m2": "", "footprint_sum_m2": 6234.473998346505, "siren_status": "none", "status_technique": "no_candidate", "status_metier": "none", "siret_count": 0, "passerelle_address": "", "passerelle_indice_norm": "", "passerelle_numero_match": "", "passerelle_addresses_json": "[]", "sirets_json": "[]", "sirens_json": "[]", "matching_confidence": 0.0, "matching_reason": "", "matching_status": "mono", "matching_decision": "", "matching_siren_selected": "", "matching_debug_json": "", "parcelles_json": "", "buildings_json": "[{\"batiment_construction_id\": \"r:6031047\", \"bdnb_batiment_construction_id\": \"bdnb-bg-M7MS-84MX-3QGJ:6\", \"batiment_groupe_id\": \"bdnb-bg-M7MS-84MX-3QGJ\", \"annee_construction\": 2008, \"footprint_m2\": 6234.473998346505, \"intersection_area_m2\": 6234.473998346506, \"osm_building_id\": \"r:6031047\", \"osm_match_status\": \"matched\", \"osm_bdnb_intersection_area_m2\": 6169.647592380452, \"osm_address_text\": \"11 Allée Ausone, 33607 Pessac\", \"matching_status\": \"mono\", \"matching_decision\": \"mono\", \"matching_siren_selected\": \"\"}]", "building_geometries_json": "[{\"batiment_construction_id\": \"r:6031047\", \"bdnb_batiment_construction_id\": \"bdnb-bg-M7MS-84MX-3QGJ:6\", \"batiment_groupe_id\": \"bdnb-bg-M7MS-84MX-3QGJ\", \"osm_building_id\": \"r:6031047\", \"osm_match_status\": \"matched\", \"osm_bdnb_intersection_area_m2\": 6169.647592380452, \"osm_address_text\": \"11 Allée Ausone, 33607 Pessac\", \"annee_construction\": 2008, \"footprint_m2\": 6234.473998346505, \"geometry\": {\"type\": \"MultiPolygon\", \"coordinates\": [[[[-0.6153462, 44.7986939], [-0.6152488, 44.7985113], [-0.6152326, 44.7985157], [-0.6152074, 44.7984686], [-0.6151354, 44.7984883], [-0.6151267, 44.7984707], [-0.6151438, 44.7984655], [-0.6151615, 44.798454], [-0.6151735, 44.7984389], [-0.6151777, 44.7984219], [-0.6151738, 44.7984048], [-0.6151621, 44.7983896], [-0.615144, 44.7983781], [-0.6151215, 44.7983714], [-0.6150972, 44.7983704], [-0.6150852, 44.7983464], [-0.6151462, 44.7983294], [-0.6150752, 44.7981974], [-0.6142066, 44.7984252], [-0.6140216, 44.7984737], [-0.6134483, 44.7986248], [-0.6135089, 44.7987422], [-0.6134897, 44.7987476], [-0.6135667, 44.7988954], [-0.6135889, 44.7988906], [-0.6136489, 44.7990043], [-0.6141113, 44.7988857], [-0.6142309, 44.798855], [-0.6142972, 44.7989764], [-0.6144412, 44.7989374], [-0.6143722, 44.7988104], [-0.614654, 44.7987349], [-0.6147996, 44.7986959], [-0.6148686, 44.7988191], [-0.6150701, 44.7987673], [-0.6150588, 44.7987456], [-0.6150847, 44.7987389], [-0.6150966, 44.7987613], [-0.6153462, 44.7986939]], [[-0.6147732, 44.7985734], [-0.6143452, 44.7986844], [-0.6143092, 44.7986944], [-0.6142332, 44.7985514], [-0.6142692, 44.7985424], [-0.6146962, 44.7984294], [-0.6147732, 44.7985734]]]]}}]", "google_fallback_attempted": "false", "google_fallback_success": "false", "google_fallback_group_id": "", "google_nearby_status": "", "google_nearby_error": "", "google_raw_nearby_count": "0", "google_excluded_outside_parcel": "0", "google_nearby_ranked_json": "[]", "google_winner_place_id": "", "google_winner_name": "", "google_anchor_address": "", "google_api_gouv_query": "", "google_api_gouv_etablissements_count": "0", "google_reject_reason": "", "osm_pois_json": "[]", "osm_poi_count": 0, "osm_pois_status": "ok", "osm_poi_truncated": 0, "osm_data_as_of": ""}, "geometry": {"type": "MultiPolygon", "coordinates": [[[[-0.6130327, 44.7995907], [-0.6131088, 44.7995685], [-0.6131647, 44.7996761], [-0.6131988, 44.7996671], [-0.6131465, 44.7995651], [-0.6137477, 44.7994035], [-0.6140785, 44.7993146], [-0.615495, 44.7989336], [-0.6155244, 44.7989238], [-0.6150204, 44.7979795], [-0.6128923, 44.7980936], [-0.6128482, 44.7981555], [-0.6114363, 44.7992473], [-0.6114463, 44.7992658], [-0.6114723, 44.7993132], [-0.6118052, 44.7999238], [-0.6130327, 44.7995907]], [[-0.6119344, 44.7989878], [-0.6132009, 44.7986519], [-0.6135201, 44.7992529], [-0.6120199, 44.799656], [-0.6117434, 44.7991343], [-0.6119344, 44.7989878]]]]}, "id": "parcelle:33318:DH:0203"}, {"type": "Feature", "properties": {"scout_v5_id": "parcelle:33318:DE:0288", "grain": "parcelle", "batiment_construction_id": "", "bdnb_batiment_construction_id": "", "batiment_groupe_id": "", "osm_building_id": "", "osm_match_status": "", "osm_bdnb_intersection_area_m2": "", "osm_address_text": "", "code_insee": "33318", "section": "DE", "numero_norm": "0288", "code_iris": "333180116", "nom_iris": "Candau", "nb_batiments": 1, "annee_construction": "", "footprint_m2": "", "footprint_sum_m2": 5735.796170138209, "siren_status": "none", "status_technique": "no_candidate", "status_metier": "none", "siret_count": 0, "passerelle_address": "", "passerelle_indice_norm": "", "passerelle_numero_match": "", "passerelle_addresses_json": "[]", "sirets_json": "[]", "sirens_json": "[]", "matching_confidence": 0.0, "matching_reason": "", "matching_status": "mono", "matching_decision": "", "matching_siren_selected": "", "matching_debug_json": "", "parcelles_json": "", "buildings_json": "[{\"batiment_construction_id\": \"r:6031051\", \"bdnb_batiment_construction_id\": \"bdnb-bg-CT3J-BE8Q-57A2:2\", \"batiment_groupe_id\": \"bdnb-bg-CT3J-BE8Q-57A2\", \"annee_construction\": null, \"footprint_m2\": 5735.796170138209, \"intersection_area_m2\": 5735.796170138211, \"osm_building_id\": \"r:6031051\", \"osm_match_status\": \"matched\", \"osm_bdnb_intersection_area_m2\": 5728.522582539097, \"osm_address_text\": \"Clinique mutualiste Arnaud Duben\", \"matching_status\": \"mono\", \"matching_decision\": \"mono\", \"matching_siren_selected\": \"\"}]", "building_geometries_json": "[{\"batiment_construction_id\": \"r:6031051\", \"bdnb_batiment_construction_id\": \"bdnb-bg-CT3J-BE8Q-57A2:2\", \"batiment_groupe_id\": \"bdnb-bg-CT3J-BE8Q-57A2\", \"osm_building_id\": \"r:6031051\", \"osm_match_status\": \"matched\", \"osm_bdnb_intersection_area_m2\": 5728.522582539097, \"osm_address_text\": \"Clinique mutualiste Arnaud Duben\", \"annee_construction\": null, \"footprint_m2\": 5735.796170138209, \"geometry\": {\"type\": \"MultiPolygon\", \"coordinates\": [[[[-0.610812, 44.80701], [-0.610647, 44.806799], [-0.610627, 44.806772], [-0.610682, 44.806752], [-0.610422, 44.806405], [-0.610161, 44.8065], [-0.609844, 44.806077], [-0.609707, 44.806128], [-0.609837, 44.806308], [-0.609809, 44.806318], [-0.609833, 44.80635], [-0.609861, 44.80634], [-0.6098859, 44.806374], [-0.6099007, 44.8063942], [-0.609971, 44.80649], [-0.60991, 44.806513], [-0.609862, 44.806452], [-0.6098372, 44.8064176], [-0.6098226, 44.8063973], [-0.609609, 44.8061], [-0.60947, 44.806152], [-0.609434, 44.806174], [-0.609417, 44.806186], [-0.609402, 44.806199], [-0.609376, 44.806227], [-0.609366, 44.806242], [-0.609349, 44.806274], [-0.609344, 44.80629], [-0.609339, 44.806324], [-0.609339, 44.806341], [-0.609341, 44.806357], [-0.609344, 44.806374], [-0.609349, 44.80639], [-0.609356, 44.806406], [-0.609375, 44.806437], [-0.609453, 44.806544], [-0.609539, 44.806512], [-0.609576, 44.806561], [-0.609602, 44.806551], [-0.609599, 44.806547], [-0.609619, 44.806541], [-0.609628, 44.806557], [-0.609566, 44.80658], [-0.609625, 44.806659], [-0.609527, 44.806696], [-0.609659, 44.806873], [-0.609693, 44.80686], [-0.609731, 44.806845], [-0.609752, 44.806873], [-0.609797, 44.806856], [-0.60996, 44.807075], [-0.609969, 44.807087], [-0.609976, 44.807085], [-0.609991, 44.807079], [-0.609999, 44.807057], [-0.610023, 44.807062], [-0.610034, 44.807046], [-0.610019, 44.807025], [-0.610125, 44.806985], [-0.610026, 44.806859], [-0.6101, 44.806832], [-0.61005, 44.806767], [-0.610106, 44.806746], [-0.610218, 44.806893], [-0.610261, 44.806951], [-0.610448, 44.80688], [-0.610393, 44.80681], [-0.610422, 44.806798], [-0.610345, 44.806696], [-0.610382, 44.806682], [-0.610489, 44.806824], [-0.610461, 44.806837], [-0.610483, 44.806866], [-0.610512, 44.806855], [-0.610668, 44.807063], [-0.610812, 44.80701]], [[-0.610277, 44.806602], [-0.610255, 44.806627], [-0.610231, 44.806603], [-0.610277, 44.806602]], [[-0.609641, 44.806332], [-0.609491, 44.806389], [-0.609486, 44.806383], [-0.609477, 44.806365], [-0.609473, 44.806353], [-0.60947, 44.806334], [-0.609472, 44.806314], [-0.60948, 44.806291], [-0.609488, 44.806278], [-0.609502, 44.806261], [-0.609514, 44.806251], [-0.609526, 44.806242], [-0.60954, 44.806234], [-0.609564, 44.806224], [-0.609641, 44.806332]]]]}}]", "google_fallback_attempted": "false", "google_fallback_success": "false", "google_fallback_group_id": "", "google_nearby_status": "", "google_nearby_error": "", "google_raw_nearby_count": "0", "google_excluded_outside_parcel": "0", "google_nearby_ranked_json": "[]", "google_winner_place_id": "", "google_winner_name": "", "google_anchor_address": "", "google_api_gouv_query": "", "google_api_gouv_etablissements_count": "0", "google_reject_reason": "", "osm_pois_json": "[]", "osm_poi_count": 0, "osm_pois_status": "ok", "osm_poi_truncated": 0, "osm_data_as_of": ""}, "geometry": {"type": "MultiPolygon", "coordinates": [[[[-0.6110323, 44.8051342], [-0.6105592, 44.8052892], [-0.6100667, 44.8054506], [-0.6099611, 44.8054851], [-0.6088252, 44.8058572], [-0.6089803, 44.8060663], [-0.6087917, 44.8061373], [-0.6088196, 44.8061749], [-0.6089858, 44.8061122], [-0.6090005, 44.8061066], [-0.6090129, 44.806102], [-0.6090721, 44.8060796], [-0.6090946, 44.8061103], [-0.6091083, 44.806129], [-0.6091122, 44.8061346], [-0.6092201, 44.8062824], [-0.6089321, 44.8063916], [-0.6089221, 44.8063779], [-0.6086847, 44.8064673], [-0.6085756, 44.8063204], [-0.6086202, 44.8063036], [-0.6084249, 44.8060406], [-0.6085335, 44.8059997], [-0.6085056, 44.805962], [-0.6078096, 44.8061899], [-0.6076956, 44.8062274], [-0.6074793, 44.8063884], [-0.6074284, 44.8064333], [-0.6073959, 44.8064683], [-0.6073667, 44.8064995], [-0.6073659, 44.8065006], [-0.6073449, 44.8065285], [-0.607326, 44.8065544], [-0.6073177, 44.8065711], [-0.6075266, 44.8065751], [-0.607672, 44.8065777], [-0.607789, 44.80658], [-0.608006, 44.806584], [-0.6082936, 44.8065893], [-0.6084565, 44.8065924], [-0.6085745, 44.8066506], [-0.6087431, 44.8067338], [-0.6093453, 44.8070309], [-0.6094016, 44.8070588], [-0.6094985, 44.8071065], [-0.6094987, 44.8071385], [-0.6094989, 44.8071697], [-0.6094993, 44.8072246], [-0.6094993, 44.8072535], [-0.6094997, 44.807309], [-0.6094998, 44.8073335], [-0.6095004, 44.8074196], [-0.6095013, 44.8076124], [-0.6095017, 44.807694], [-0.6095021, 44.8077759], [-0.6095027, 44.8078552], [-0.609503, 44.8079394], [-0.6095038, 44.8080839], [-0.6096364, 44.8081001], [-0.6098614, 44.8081277], [-0.609877, 44.8081913], [-0.6099327, 44.8081894], [-0.6099599, 44.8081888], [-0.6099849, 44.8081897], [-0.6100325, 44.8081885], [-0.610076, 44.8081873], [-0.6101211, 44.8081812], [-0.610153, 44.8081734], [-0.610194, 44.808159], [-0.6102046, 44.8081556], [-0.6103759, 44.808082], [-0.6105355, 44.8080083], [-0.6106149, 44.807981], [-0.610687, 44.8079574], [-0.6107213, 44.8079433], [-0.6107668, 44.8079243], [-0.610826, 44.8079031], [-0.610868, 44.8078913], [-0.6109313, 44.8078767], [-0.6109821, 44.8078661], [-0.6110209, 44.8078628], [-0.6110779, 44.8078561], [-0.6111307, 44.807853], [-0.6111719, 44.8078519], [-0.6112195, 44.8078508], [-0.6112521, 44.807847], [-0.6113074, 44.8078408], [-0.6116891, 44.8077911], [-0.6111918, 44.8071355], [-0.6108306, 44.8066594], [-0.6118208, 44.8062816], [-0.6118174, 44.8062602], [-0.6117914, 44.8061436], [-0.6117672, 44.8060368], [-0.6117472, 44.8059531], [-0.6117417, 44.8059344], [-0.6117327, 44.8058982], [-0.6117178, 44.805842], [-0.611715, 44.8058302], [-0.6117056, 44.8057979], [-0.6117028, 44.8057912], [-0.6116666, 44.8056738], [-0.6116594, 44.8056505], [-0.6116506, 44.805622], [-0.6116412, 44.8055915], [-0.6116201, 44.8055236], [-0.6115935, 44.8054408], [-0.611568, 44.8053633], [-0.6115569, 44.8053295], [-0.6115471, 44.8053002], [-0.6115369, 44.8052707], [-0.6115239, 44.8052343], [-0.6115024, 44.805177], [-0.6114423, 44.8050219], [-0.6114344, 44.8050024], [-0.6110323, 44.8051342]]]]}, "id": "parcelle:33318:DE:0288"}, {"type": "Feature", "properties": {"scout_v5_id": "parcelle:33318:EZ:0086", "grain": "parcelle", "batiment_construction_id": "", "bdnb_batiment_construction_id": "", "batiment_groupe_id": "", "osm_building_id": "", "osm_match_status": "", "osm_bdnb_intersection_area_m2": "", "osm_address_text": "", "code_insee": "33318", "section": "EZ", "numero_norm": "0086", "code_iris": "333180118", "nom_iris": "Fac Lettres", "nb_batiments": 17, "annee_construction": "", "footprint_m2": "", "footprint_sum_m2": 12957.574659033577, "siren_status": "none", "status_technique": "no_candidate", "status_metier": "none", "siret_count": 0, "passerelle_address": "", "passerelle_indice_norm": "", "passerelle_numero_match": "", "passerelle_addresses_json": "[]", "sirets_json": "[]", "sirens_json": "[]", "matching_confidence": 0.0, "matching_reason": "", "matching_status": "mono", "matching_decision": "", "matching_siren_selected": "", "matching_debug_json": "", "parcelles_json": "", "buildings_json": "[{\"batiment_construction_id\": \"r:100585816\", \"bdnb_batiment_construction_id\": \"bdnb-bg-93YB-6CKR-QQJW:12\", \"batiment_groupe_id\": \"bdnb-bg-93YB-6CKR-QQJW\", \"annee_construction\": 1970, \"footprint_m2\": 781.2192084760587, \"intersection_area_m2\": 781.2192084760588, \"osm_building_id\": \"r:100585816\", \"osm_match_status\": \"matched\", \"osm_bdnb_intersection_area_m2\": 739.369814748389, \"osm_address_text\": \"\", \"matching_status\": \"mono\", \"matching_decision\": \"mono\", \"matching_siren_selected\": \"\"}, {\"batiment_construction_id\": \"r:14496009\", \"bdnb_batiment_construction_id\": \"bdnb-bg-93YB-6CKR-QQJW:12\", \"batiment_groupe_id\": \"bdnb-bg-93YB-6CKR-QQJW\", \"annee_construction\": 1970, \"footprint_m2\": 461.7562271974523, \"intersection_area_m2\": 461.7562271974523, \"osm_building_id\": \"r:14496009\", \"osm_match_status\": \"matched\", \"osm_bdnb_intersection_area_m2\": 436.24080845583825, \"osm_address_text\": \"\", \"matching_status\": \"mono\", \"matching_decision\": \"mono\", \"matching_siren_selected\": \"\"}, {\"batiment_construction_id\": \"r:14496011\", \"bdnb_batiment_construction_id\": \"bdnb-bg-93YB-6CKR-QQJW:12\", \"batiment_groupe_id\": \"bdnb-bg-93YB-6CKR-QQJW\", \"annee_construction\": 1970, \"footprint_m2\": 776.530949612151, \"intersection_area_m2\": 776.5309496121511, \"osm_building_id\": \"r:14496011\", \"osm_match_status\": \"matched\", \"osm_bdnb_intersection_area_m2\": 760.1283836246014, \"osm_address_text\": \"\", \"matching_status\": \"mono\", \"matching_decision\": \"mono\", \"matching_siren_selected\": \"\"}, {\"batiment_construction_id\": \"r:63474000\", \"bdnb_batiment_construction_id\": \"bdnb-bg-93YB-6CKR-QQJW:11\", \"batiment_groupe_id\": \"bdnb-bg-93YB-6CKR-QQJW\", \"annee_construction\": 1970, \"footprint_m2\": 863.4580976672386, \"intersection_area_m2\": 863.4580976672386, \"osm_building_id\": \"r:63474000\", \"osm_match_status\": \"matched\", \"osm_bdnb_intersection_area_m2\": 786.0148352614111, \"osm_address_text\": \"\", \"matching_status\": \"mono\", \"matching_decision\": \"mono\", \"matching_siren_selected\": \"\"}, {\"batiment_construction_id\": \"r:63474004\", \"bdnb_batiment_construction_id\": \"bdnb-bg-93YB-6CKR-QQJW:12\", \"batiment_groupe_id\": \"bdnb-bg-93YB-6CKR-QQJW\", \"annee_construction\": 1970, \"footprint_m2\": 855.8693713483499, \"intersection_area_m2\": 855.8693713483499, \"osm_building_id\": \"r:63474004\", \"osm_match_status\": \"matched\", \"osm_bdnb_intersection_area_m2\": 802.3980102155916, \"osm_address_text\": \"\", \"matching_status\": \"mono\", \"matching_decision\": \"mono\", \"matching_siren_selected\": \"\"}, {\"batiment_construction_id\": \"r:63474006\", \"bdnb_batiment_construction_id\": \"bdnb-bg-93YB-6CKR-QQJW:12\", \"batiment_groupe_id\": \"bdnb-bg-93YB-6CKR-QQJW\", \"annee_construction\": 1970, \"footprint_m2\": 847.7685607159913, \"intersection_area_m2\": 847.7685607159914, \"osm_building_id\": \"r:63474006\", \"osm_match_status\": \"matched\", \"osm_bdnb_intersection_area_m2\": 834.2928209764766, \"osm_address_text\": \"\", \"matching_status\": \"mono\", \"matching_decision\": \"mono\", \"matching_siren_selected\": \"\"}, {\"batiment_construction_id\": \"r:63474008\", \"bdnb_batiment_construction_id\": \"bdnb-bg-93YB-6CKR-QQJW:12\", \"batiment_groupe_id\": \"bdnb-bg-93YB-6CKR-QQJW\", \"annee_construction\": 1970, \"footprint_m2\": 749.861054364236, \"intersection_area_m2\": 749.8610543642359, \"osm_building_id\": \"r:63474008\", \"osm_match_status\": \"matched\", \"osm_bdnb_intersection_area_m2\": 745.062701109745, \"osm_address_text\": \"\", \"matching_status\": \"mono\", \"matching_decision\": \"mono\", \"matching_siren_selected\": \"\"}, {\"batiment_construction_id\": \"r:63474010\", \"bdnb_batiment_construction_id\": \"bdnb-bg-93YB-6CKR-QQJW:12\", \"batiment_groupe_id\": \"bdnb-bg-93YB-6CKR-QQJW\", \"annee_construction\": 1970, \"footprint_m2\": 526.7701079380556, \"intersection_area_m2\": 526.7701079380556, \"osm_building_id\": \"r:63474010\", \"osm_match_status\": \"matched\", \"osm_bdnb_intersection_area_m2\": 485.4668257612398, \"osm_address_text\": \"\", \"matching_status\": \"mono\", \"matching_decision\": \"mono\", \"matching_siren_selected\": \"\"}, {\"batiment_construction_id\": \"r:91347092\", \"bdnb_batiment_construction_id\": \"bdnb-bg-93YB-6CKR-QQJW:12\", \"batiment_groupe_id\": \"bdnb-bg-93YB-6CKR-QQJW\", \"annee_construction\": 1970, \"footprint_m2\": 1729.3536028894578, \"intersection_area_m2\": 1729.3536028894575, \"osm_building_id\": \"r:91347092\", \"osm_match_status\": \"matched\", \"osm_bdnb_intersection_area_m2\": 1541.7287248830603, \"osm_address_text\": \"\", \"matching_status\": \"mono\", \"matching_decision\": \"mono\", \"matching_siren_selected\": \"\"}, {\"batiment_construction_id\": \"r:91347094\", \"bdnb_batiment_construction_id\": \"bdnb-bg-93YB-6CKR-QQJW:12\", \"batiment_groupe_id\": \"bdnb-bg-93YB-6CKR-QQJW\", \"annee_construction\": 1970, \"footprint_m2\": 1002.6712139194375, \"intersection_area_m2\": 1002.6712139194377, \"osm_building_id\": \"r:91347094\", \"osm_match_status\": \"matched\", \"osm_bdnb_intersection_area_m2\": 997.4358171671303, \"osm_address_text\": \"\", \"matching_status\": \"mono\", \"matching_decision\": \"mono\", \"matching_siren_selected\": \"\"}, {\"batiment_construction_id\": \"r:91347096\", \"bdnb_batiment_construction_id\": \"bdnb-bg-93YB-6CKR-QQJW:12\", \"batiment_groupe_id\": \"bdnb-bg-93YB-6CKR-QQJW\", \"annee_construction\": 1970, \"footprint_m2\": 827.0064505583997, \"intersection_area_m2\": 827.0064505583998, \"osm_building_id\": \"r:91347096\", \"osm_match_status\": \"matched\", \"osm_bdnb_intersection_area_m2\": 815.1441024963178, \"osm_address_text\": \"\", \"matching_status\": \"mono\", \"matching_decision\": \"mono\", \"matching_siren_selected\": \"\"}, {\"batiment_construction_id\": \"r:91347570\", \"bdnb_batiment_construction_id\": \"bdnb-bg-93YB-6CKR-QQJW:12\", \"batiment_groupe_id\": \"bdnb-bg-93YB-6CKR-QQJW\", \"annee_construction\": 1970, \"footprint_m2\": 682.1813219407761, \"intersection_area_m2\": 682.1813219407761, \"osm_building_id\": \"r:91347570\", \"osm_match_status\": \"matched\", \"osm_bdnb_intersection_area_m2\": 657.761337413111, \"osm_address_text\": \"\", \"matching_status\": \"mono\", \"matching_decision\": \"mono\", \"matching_siren_selected\": \"\"}, {\"batiment_construction_id\": \"r:91347572\", \"bdnb_batiment_construction_id\": \"bdnb-bg-93YB-6CKR-QQJW:12\", \"batiment_groupe_id\": \"bdnb-bg-93YB-6CKR-QQJW\", \"annee_construction\": 1970, \"footprint_m2\": 494.43282240337385, \"intersection_area_m2\": 494.4328224033739, \"osm_building_id\": \"r:91347572\", \"osm_match_status\": \"matched\", \"osm_bdnb_intersection_area_m2\": 494.4328224033739, \"osm_address_text\": \"\", \"matching_status\": \"mono\", \"matching_decision\": \"mono\", \"matching_siren_selected\": \"\"}, {\"batiment_construction_id\": \"r:91347574\", \"bdnb_batiment_construction_id\": \"bdnb-bg-93YB-6CKR-QQJW:12\", \"batiment_groupe_id\": \"bdnb-bg-93YB-6CKR-QQJW\", \"annee_construction\": 1970, \"footprint_m2\": 645.0656831134514, \"intersection_area_m2\": 645.0656831134515, \"osm_building_id\": \"r:91347574\", \"osm_match_status\": \"matched\", \"osm_bdnb_intersection_area_m2\": 621.4629188429633, \"osm_address_text\": \"\", \"matching_status\": \"mono\", \"matching_decision\": \"mono\", \"matching_siren_selected\": \"\"}, {\"batiment_construction_id\": \"r:91347576\", \"bdnb_batiment_construction_id\": \"bdnb-bg-93YB-6CKR-QQJW:12\", \"batiment_groupe_id\": \"bdnb-bg-93YB-6CKR-QQJW\", \"annee_construction\": 1970, \"footprint_m2\": 483.83641345573017, \"intersection_area_m2\": 483.8364134557302, \"osm_building_id\": \"r:91347576\", \"osm_match_status\": \"matched\", \"osm_bdnb_intersection_area_m2\": 474.5724004103046, \"osm_address_text\": \"\", \"matching_status\": \"mono\", \"matching_decision\": \"mono\", \"matching_siren_selected\": \"\"}, {\"batiment_construction_id\": \"r:91347578\", \"bdnb_batiment_construction_id\": \"bdnb-bg-93YB-6CKR-QQJW:12\", \"batiment_groupe_id\": \"bdnb-bg-93YB-6CKR-QQJW\", \"annee_construction\": 1970, \"footprint_m2\": 482.5908822490037, \"intersection_area_m2\": 482.5908822490037, \"osm_building_id\": \"r:91347578\", \"osm_match_status\": \"matched\", \"osm_bdnb_intersection_area_m2\": 469.6820489668936, \"osm_address_text\": \"\", \"matching_status\": \"mono\", \"matching_decision\": \"mono\", \"matching_siren_selected\": \"\"}, {\"batiment_construction_id\": \"r:91347580\", \"bdnb_batiment_construction_id\": \"bdnb-bg-93YB-6CKR-QQJW:12\", \"batiment_groupe_id\": \"bdnb-bg-93YB-6CKR-QQJW\", \"annee_construction\": 1970, \"footprint_m2\": 747.2026911844124, \"intersection_area_m2\": 747.2026911844125, \"osm_building_id\": \"r:91347580\", \"osm_match_status\": \"matched\", \"osm_bdnb_intersection_area_m2\": 694.4088498420956, \"osm_address_text\": \"\", \"matching_status\": \"mono\", \"matching_decision\": \"mono\", \"matching_siren_selected\": \"\"}]", "building_geometries_json": "[{\"batiment_construction_id\": \"r:100585816\", \"bdnb_batiment_construction_id\": \"bdnb-bg-93YB-6CKR-QQJW:12\", \"batiment_groupe_id\": \"bdnb-bg-93YB-6CKR-QQJW\", \"osm_building_id\": \"r:100585816\", \"osm_match_status\": \"matched\", \"osm_bdnb_intersection_area_m2\": 739.369814748389, \"osm_address_text\": \"\", \"annee_construction\": 1970, \"footprint_m2\": 781.2192084760587, \"geometry\": {\"type\": \"MultiPolygon\", \"coordinates\": [[[[-0.6170296, 44.7958383], [-0.6169132, 44.7956159], [-0.6168855, 44.7956228], [-0.616871, 44.7955982], [-0.6166415, 44.7956565], [-0.6166516, 44.7956821], [-0.6166263, 44.7956907], [-0.6167388, 44.7959057], [-0.6167692, 44.7958987], [-0.6167735, 44.7959078], [-0.6168196, 44.795896], [-0.6168345, 44.7959251], [-0.616849, 44.7959532], [-0.616991, 44.7959147], [-0.6169781, 44.7958887], [-0.6169629, 44.7958581], [-0.6170296, 44.7958383]]]]}}, {\"batiment_construction_id\": \"r:14496009\", \"bdnb_batiment_construction_id\": \"bdnb-bg-93YB-6CKR-QQJW:12\", \"batiment_groupe_id\": \"bdnb-bg-93YB-6CKR-QQJW\", \"osm_building_id\": \"r:14496009\", \"osm_match_status\": \"matched\", \"osm_bdnb_intersection_area_m2\": 436.24080845583825, \"osm_address_text\": \"\", \"annee_construction\": 1970, \"footprint_m2\": 461.7562271974523, \"geometry\": {\"type\": \"MultiPolygon\", \"coordinates\": [[[[-0.6176092, 44.7955606], [-0.6175988, 44.7955406], [-0.6175328, 44.7954148], [-0.6174994, 44.7954237], [-0.6172205, 44.7954984], [-0.6172248, 44.7955067], [-0.6172923, 44.7956371], [-0.6172977, 44.7956476], [-0.6176092, 44.7955606]]]]}}, {\"batiment_construction_id\": \"r:14496011\", \"bdnb_batiment_construction_id\": \"bdnb-bg-93YB-6CKR-QQJW:12\", \"batiment_groupe_id\": \"bdnb-bg-93YB-6CKR-QQJW\", \"osm_building_id\": \"r:14496011\", \"osm_match_status\": \"matched\", \"osm_bdnb_intersection_area_m2\": 760.1283836246014, \"osm_address_text\": \"\", \"annee_construction\": 1970, \"footprint_m2\": 776.530949612151, \"geometry\": {\"type\": \"MultiPolygon\", \"coordinates\": [[[[-0.6180457, 44.7960999], [-0.6179787, 44.7959769], [-0.6179533, 44.7959268], [-0.6179337, 44.7958902], [-0.6179133, 44.7958524], [-0.6178937, 44.7958161], [-0.6178539, 44.7957418], [-0.6178145, 44.7956679], [-0.6178014, 44.7956434], [-0.6177814, 44.795606], [-0.6177747, 44.7955935], [-0.6177671, 44.7955794], [-0.6177608, 44.7955676], [-0.6177487, 44.7955451], [-0.6177275, 44.7955054], [-0.6176745, 44.7955199], [-0.6176236, 44.7955338], [-0.6175988, 44.7955406], [-0.6176092, 44.7955606], [-0.6176275, 44.7955973], [-0.6176431, 44.7956286], [-0.6177361, 44.7958011], [-0.6177378, 44.7958043], [-0.6177497, 44.7958262], [-0.6178445, 44.7960006], [-0.6178484, 44.7960083], [-0.6178722, 44.7960515], [-0.617874, 44.7960556], [-0.6179172, 44.7961344], [-0.6180457, 44.7960999]]]]}}, {\"batiment_construction_id\": \"r:63474000\", \"bdnb_batiment_construction_id\": \"bdnb-bg-93YB-6CKR-QQJW:11\", \"batiment_groupe_id\": \"bdnb-bg-93YB-6CKR-QQJW\", \"osm_building_id\": \"r:63474000\", \"osm_match_status\": \"matched\", \"osm_bdnb_intersection_area_m2\": 786.0148352614111, \"osm_address_text\": \"\", \"annee_construction\": 1970, \"footprint_m2\": 863.4580976672386, \"geometry\": {\"type\": \"MultiPolygon\", \"coordinates\": [[[[-0.6174628, 44.7966523], [-0.617309, 44.7963667], [-0.6171905, 44.7964003], [-0.6171697, 44.7964061], [-0.6171444, 44.7964131], [-0.6170138, 44.7964494], [-0.6170258, 44.7964717], [-0.6171808, 44.7967588], [-0.6172769, 44.796734], [-0.6172575, 44.7966968], [-0.6173112, 44.7966824], [-0.6173644, 44.7966681], [-0.6173691, 44.7966778], [-0.6174628, 44.7966523]]]]}}, {\"batiment_construction_id\": \"r:63474004\", \"bdnb_batiment_construction_id\": \"bdnb-bg-93YB-6CKR-QQJW:12\", \"batiment_groupe_id\": \"bdnb-bg-93YB-6CKR-QQJW\", \"osm_building_id\": \"r:63474004\", \"osm_match_status\": \"matched\", \"osm_bdnb_intersection_area_m2\": 802.3980102155916, \"osm_address_text\": \"\", \"annee_construction\": 1970, \"footprint_m2\": 855.8693713483499, \"geometry\": {\"type\": \"MultiPolygon\", \"coordinates\": [[[[-0.618723, 44.7957626], [-0.6187189, 44.795755], [-0.6186026, 44.7955394], [-0.6185945, 44.7955244], [-0.6185762, 44.7954918], [-0.6185479, 44.7954372], [-0.6185347, 44.7954125], [-0.6185228, 44.7953903], [-0.6184862, 44.7953219], [-0.6184836, 44.795317], [-0.6183941, 44.7953437], [-0.6183103, 44.7953678], [-0.6182819, 44.7953762], [-0.6182886, 44.7953894], [-0.6183058, 44.7954231], [-0.6183227, 44.795419], [-0.6185048, 44.795765], [-0.6184938, 44.7957682], [-0.6185033, 44.7957872], [-0.6185164, 44.7958135], [-0.6185412, 44.7958074], [-0.6186396, 44.7957835], [-0.618723, 44.7957626]]]]}}, {\"batiment_construction_id\": \"r:63474006\", \"bdnb_batiment_construction_id\": \"bdnb-bg-93YB-6CKR-QQJW:12\", \"batiment_groupe_id\": \"bdnb-bg-93YB-6CKR-QQJW\", \"osm_building_id\": \"r:63474006\", \"osm_match_status\": \"matched\", \"osm_bdnb_intersection_area_m2\": 834.2928209764766, \"osm_address_text\": \"\", \"annee_construction\": 1970, \"footprint_m2\": 847.7685607159913, \"geometry\": {\"type\": \"MultiPolygon\", \"coordinates\": [[[[-0.6173114, 44.7959784], [-0.6172813, 44.795921], [-0.6172455, 44.7958528], [-0.6172426, 44.7958471], [-0.616991, 44.7959147], [-0.616849, 44.7959532], [-0.6165965, 44.7960214], [-0.6166298, 44.7960866], [-0.6166634, 44.7961518], [-0.6169864, 44.7960653], [-0.6170042, 44.7960605], [-0.6173073, 44.7959795], [-0.6173114, 44.7959784]]]]}}, {\"batiment_construction_id\": \"r:63474008\", \"bdnb_batiment_construction_id\": \"bdnb-bg-93YB-6CKR-QQJW:12\", \"batiment_groupe_id\": \"bdnb-bg-93YB-6CKR-QQJW\", \"osm_building_id\": \"r:63474008\", \"osm_match_status\": \"matched\", \"osm_bdnb_intersection_area_m2\": 745.062701109745, \"osm_address_text\": \"\", \"annee_construction\": 1970, \"footprint_m2\": 749.861054364236, \"geometry\": {\"type\": \"MultiPolygon\", \"coordinates\": [[[[-0.6167512, 44.796453], [-0.6167097, 44.7963723], [-0.6166159, 44.7961956], [-0.616546, 44.7960628], [-0.616533, 44.7960382], [-0.6164936, 44.7960486], [-0.616352, 44.7960852], [-0.6165051, 44.7963755], [-0.616571, 44.7965008], [-0.6166659, 44.7964747], [-0.6167512, 44.796453]]]]}}, {\"batiment_construction_id\": \"r:63474010\", \"bdnb_batiment_construction_id\": \"bdnb-bg-93YB-6CKR-QQJW:12\", \"batiment_groupe_id\": \"bdnb-bg-93YB-6CKR-QQJW\", \"osm_building_id\": \"r:63474010\", \"osm_match_status\": \"matched\", \"osm_bdnb_intersection_area_m2\": 485.4668257612398, \"osm_address_text\": \"\", \"annee_construction\": 1970, \"footprint_m2\": 526.7701079380556, \"geometry\": {\"type\": \"MultiPolygon\", \"coordinates\": [[[[-0.6157422, 44.7963971], [-0.6157045, 44.7963285], [-0.6156975, 44.7963157], [-0.6156845, 44.796292], [-0.6156733, 44.7962712], [-0.6155892, 44.7961144], [-0.6154025, 44.7961655], [-0.6154865, 44.7963206], [-0.6154983, 44.7963425], [-0.6155106, 44.7963653], [-0.6155132, 44.7963701], [-0.6155294, 44.7964002], [-0.6155389, 44.7963978], [-0.6155649, 44.7964457], [-0.6157422, 44.7963971]]]]}}, {\"batiment_construction_id\": \"r:91347092\", \"bdnb_batiment_construction_id\": \"bdnb-bg-93YB-6CKR-QQJW:12\", \"batiment_groupe_id\": \"bdnb-bg-93YB-6CKR-QQJW\", \"osm_building_id\": \"r:91347092\", \"osm_match_status\": \"matched\", \"osm_bdnb_intersection_area_m2\": 1541.7287248830603, \"osm_address_text\": \"\", \"annee_construction\": 1970, \"footprint_m2\": 1729.3536028894578, \"geometry\": {\"type\": \"MultiPolygon\", \"coordinates\": [[[[-0.6179172, 44.7961344], [-0.617874, 44.7960556], [-0.6177739, 44.7960808], [-0.6177551, 44.7960408], [-0.617767, 44.7960377], [-0.6177659, 44.7960281], [-0.6178484, 44.7960083], [-0.6178445, 44.7960006], [-0.6177497, 44.7958262], [-0.6177378, 44.7958043], [-0.6177361, 44.7958011], [-0.6176431, 44.7956286], [-0.6175194, 44.7956632], [-0.6175054, 44.7956671], [-0.6175545, 44.7957635], [-0.6172992, 44.7958317], [-0.6173385, 44.795905], [-0.6173829, 44.7959893], [-0.6174832, 44.7961785], [-0.6175171, 44.7962432], [-0.6179172, 44.7961344]]]]}}, {\"batiment_construction_id\": \"r:91347094\", \"bdnb_batiment_construction_id\": \"bdnb-bg-93YB-6CKR-QQJW:12\", \"batiment_groupe_id\": \"bdnb-bg-93YB-6CKR-QQJW\", \"osm_building_id\": \"r:91347094\", \"osm_match_status\": \"matched\", \"osm_bdnb_intersection_area_m2\": 997.4358171671303, \"osm_address_text\": \"\", \"annee_construction\": 1970, \"footprint_m2\": 1002.6712139194375, \"geometry\": {\"type\": \"MultiPolygon\", \"coordinates\": [[[[-0.6183941, 44.7953437], [-0.6183764, 44.7953088], [-0.6183639, 44.7952841], [-0.6183605, 44.7952774], [-0.6183218, 44.7952024], [-0.6182793, 44.7952139], [-0.6182597, 44.7952192], [-0.6182407, 44.7952243], [-0.6176708, 44.7953781], [-0.6176534, 44.7953828], [-0.6176042, 44.7953959], [-0.6175328, 44.7954148], [-0.6175988, 44.7955406], [-0.6176236, 44.7955338], [-0.6176745, 44.7955199], [-0.6177275, 44.7955054], [-0.6183006, 44.795351], [-0.6183103, 44.7953678], [-0.6183941, 44.7953437]]]]}}, {\"batiment_construction_id\": \"r:91347096\", \"bdnb_batiment_construction_id\": \"bdnb-bg-93YB-6CKR-QQJW:12\", \"batiment_groupe_id\": \"bdnb-bg-93YB-6CKR-QQJW\", \"osm_building_id\": \"r:91347096\", \"osm_match_status\": \"matched\", \"osm_bdnb_intersection_area_m2\": 815.1441024963178, \"osm_address_text\": \"\", \"annee_construction\": 1970, \"footprint_m2\": 827.0064505583997, \"geometry\": {\"type\": \"MultiPolygon\", \"coordinates\": [[[[-0.6187083, 44.795921], [-0.6186745, 44.7958535], [-0.6186608, 44.7958253], [-0.6186443, 44.7957927], [-0.6186396, 44.7957835], [-0.6185412, 44.7958074], [-0.6185516, 44.7958266], [-0.6182392, 44.7959086], [-0.6179787, 44.7959769], [-0.6180457, 44.7960999], [-0.6181237, 44.7960788], [-0.6184305, 44.795996], [-0.6187083, 44.795921]]]]}}, {\"batiment_construction_id\": \"r:91347570\", \"bdnb_batiment_construction_id\": \"bdnb-bg-93YB-6CKR-QQJW:12\", \"batiment_groupe_id\": \"bdnb-bg-93YB-6CKR-QQJW\", \"osm_building_id\": \"r:91347570\", \"osm_match_status\": \"matched\", \"osm_bdnb_intersection_area_m2\": 657.761337413111, \"osm_address_text\": \"\", \"annee_construction\": 1970, \"footprint_m2\": 682.1813219407761, \"geometry\": {\"type\": \"MultiPolygon\", \"coordinates\": [[[[-0.6156115, 44.7967583], [-0.6155452, 44.7966334], [-0.6154159, 44.7963912], [-0.6154133, 44.7963863], [-0.6154098, 44.7963799], [-0.6152937, 44.796412], [-0.6152616, 44.7964209], [-0.6152337, 44.7964287], [-0.6152438, 44.7964483], [-0.6153636, 44.7966815], [-0.6154299, 44.796807], [-0.6156115, 44.7967583]]]]}}, {\"batiment_construction_id\": \"r:91347572\", \"bdnb_batiment_construction_id\": \"bdnb-bg-93YB-6CKR-QQJW:12\", \"batiment_groupe_id\": \"bdnb-bg-93YB-6CKR-QQJW\", \"osm_building_id\": \"r:91347572\", \"osm_match_status\": \"matched\", \"osm_bdnb_intersection_area_m2\": 494.4328224033739, \"osm_address_text\": \"\", \"annee_construction\": 1970, \"footprint_m2\": 494.43282240337385, \"geometry\": {\"type\": \"MultiPolygon\", \"coordinates\": [[[[-0.616571, 44.7965008], [-0.6165051, 44.7963755], [-0.6164621, 44.7963874], [-0.6161105, 44.7964812], [-0.6161765, 44.7966063], [-0.616571, 44.7965008]]]]}}, {\"batiment_construction_id\": \"r:91347574\", \"bdnb_batiment_construction_id\": \"bdnb-bg-93YB-6CKR-QQJW:12\", \"batiment_groupe_id\": \"bdnb-bg-93YB-6CKR-QQJW\", \"osm_building_id\": \"r:91347574\", \"osm_match_status\": \"matched\", \"osm_bdnb_intersection_area_m2\": 621.4629188429633, \"osm_address_text\": \"\", \"annee_construction\": 1970, \"footprint_m2\": 645.0656831134514, \"geometry\": {\"type\": \"MultiPolygon\", \"coordinates\": [[[[-0.6161765, 44.7966063], [-0.6161105, 44.7964812], [-0.6159824, 44.7962444], [-0.6159792, 44.7962385], [-0.6158487, 44.7962743], [-0.6158071, 44.7962857], [-0.6158875, 44.7964364], [-0.6159337, 44.7965292], [-0.6159995, 44.796653], [-0.616111, 44.7966236], [-0.6161765, 44.7966063]]]]}}, {\"batiment_construction_id\": \"r:91347576\", \"bdnb_batiment_construction_id\": \"bdnb-bg-93YB-6CKR-QQJW:12\", \"batiment_groupe_id\": \"bdnb-bg-93YB-6CKR-QQJW\", \"osm_building_id\": \"r:91347576\", \"osm_match_status\": \"matched\", \"osm_bdnb_intersection_area_m2\": 474.5724004103046, \"osm_address_text\": \"\", \"annee_construction\": 1970, \"footprint_m2\": 483.83641345573017, \"geometry\": {\"type\": \"MultiPolygon\", \"coordinates\": [[[[-0.6159995, 44.796653], [-0.6159337, 44.7965292], [-0.6156053, 44.7966173], [-0.6155783, 44.7966246], [-0.6155452, 44.7966334], [-0.6156115, 44.7967583], [-0.6156735, 44.7967409], [-0.6159995, 44.796653]]]]}}, {\"batiment_construction_id\": \"r:91347578\", \"bdnb_batiment_construction_id\": \"bdnb-bg-93YB-6CKR-QQJW:12\", \"batiment_groupe_id\": \"bdnb-bg-93YB-6CKR-QQJW\", \"osm_building_id\": \"r:91347578\", \"osm_match_status\": \"matched\", \"osm_bdnb_intersection_area_m2\": 469.6820489668936, \"osm_address_text\": \"\", \"annee_construction\": 1970, \"footprint_m2\": 482.5908822490037, \"geometry\": {\"type\": \"MultiPolygon\", \"coordinates\": [[[[-0.6154299, 44.796807], [-0.6153636, 44.7966815], [-0.6153195, 44.796693], [-0.6149795, 44.7967842], [-0.6149867, 44.796798], [-0.6150011, 44.7968246], [-0.6150019, 44.796826], [-0.615013, 44.7968465], [-0.6150151, 44.7968504], [-0.615047, 44.7969091], [-0.6154299, 44.796807]]]]}}, {\"batiment_construction_id\": \"r:91347580\", \"bdnb_batiment_construction_id\": \"bdnb-bg-93YB-6CKR-QQJW:12\", \"batiment_groupe_id\": \"bdnb-bg-93YB-6CKR-QQJW\", \"osm_building_id\": \"r:91347580\", \"osm_match_status\": \"matched\", \"osm_bdnb_intersection_area_m2\": 694.4088498420956, \"osm_address_text\": \"\", \"annee_construction\": 1970, \"footprint_m2\": 747.2026911844124, \"geometry\": {\"type\": \"MultiPolygon\", \"coordinates\": [[[[-0.615047, 44.7969091], [-0.6150151, 44.7968504], [-0.615013, 44.7968465], [-0.6150019, 44.796826], [-0.6150011, 44.7968246], [-0.6149867, 44.796798], [-0.6149795, 44.7967842], [-0.6149713, 44.7967683], [-0.614967, 44.7967694], [-0.6149537, 44.7967438], [-0.6149399, 44.7967173], [-0.6149247, 44.7966888], [-0.6149105, 44.7966621], [-0.614896, 44.7966347], [-0.6148815, 44.7966077], [-0.6148743, 44.796594], [-0.6148672, 44.7965806], [-0.6148531, 44.7965533], [-0.6148517, 44.7965507], [-0.6148458, 44.7965393], [-0.6148447, 44.7965372], [-0.6148391, 44.7965266], [-0.6148266, 44.7965027], [-0.6148033, 44.796509], [-0.6147179, 44.7965313], [-0.6146503, 44.7965492], [-0.6146606, 44.7965737], [-0.6146746, 44.7965999], [-0.6146892, 44.796628], [-0.6146961, 44.7966416], [-0.6147177, 44.7966826], [-0.6147317, 44.7967099], [-0.6147457, 44.7967369], [-0.6147602, 44.7967649], [-0.6147741, 44.7967919], [-0.6147882, 44.7968188], [-0.6148027, 44.7968467], [-0.6147958, 44.7968484], [-0.6148091, 44.7968754], [-0.6148153, 44.7968871], [-0.6148211, 44.796898], [-0.6148376, 44.7969313], [-0.6148531, 44.7969607], [-0.6149699, 44.7969296], [-0.615047, 44.7969091]]]]}}]", "google_fallback_attempted": "false", "google_fallback_success": "false", "google_fallback_group_id": "", "google_nearby_status": "", "google_nearby_error": "", "google_raw_nearby_count": "0", "google_excluded_outside_parcel": "0", "google_nearby_ranked_json": "[]", "google_winner_place_id": "", "google_winner_name": "", "google_anchor_address": "", "google_api_gouv_query": "", "google_api_gouv_etablissements_count": "0", "google_reject_reason": "", "osm_pois_json": "[]", "osm_poi_count": 0, "osm_pois_status": "ok", "osm_poi_truncated": 0, "osm_data_as_of": ""}, "geometry": {"type": "MultiPolygon", "coordinates": [[[[-0.6194636, 44.7960639], [-0.6191732, 44.7960031], [-0.6191719, 44.7959912], [-0.6191699, 44.7959828], [-0.6191574, 44.7959588], [-0.6191371, 44.7959377], [-0.6191099, 44.795921], [-0.6190998, 44.7959165], [-0.6190852, 44.7959116], [-0.6190781, 44.7959046], [-0.6190721, 44.7958943], [-0.6190713, 44.7958928], [-0.6186031, 44.7950171], [-0.6175171, 44.79531], [-0.6175328, 44.7953398], [-0.6171022, 44.795457], [-0.6170414, 44.795454], [-0.616395, 44.7956281], [-0.616569, 44.7959534], [-0.6165929, 44.7959982], [-0.6165442, 44.7960112], [-0.6165431, 44.7960115], [-0.6164361, 44.7958122], [-0.6164324, 44.7958096], [-0.6164222, 44.7958088], [-0.6164219, 44.7958083], [-0.6162043, 44.7958665], [-0.6161765, 44.7958728], [-0.6161756, 44.7958731], [-0.6161984, 44.795915], [-0.6156949, 44.7960507], [-0.6156527, 44.7960239], [-0.6152518, 44.7961325], [-0.6151559, 44.7961586], [-0.6148044, 44.7962511], [-0.6144964, 44.7963309], [-0.6146183, 44.7965596], [-0.6146187, 44.7965871], [-0.6148434, 44.7970087], [-0.614923, 44.7969871], [-0.6159309, 44.7967144], [-0.616361, 44.7965985], [-0.6169216, 44.7964466], [-0.6170022, 44.7965979], [-0.6170892, 44.796762], [-0.6171041, 44.7967906], [-0.6176445, 44.796648], [-0.6176631, 44.7966676], [-0.6178921, 44.7966], [-0.6180428, 44.7965694], [-0.6181844, 44.796561], [-0.6182881, 44.7965621], [-0.618415, 44.7965731], [-0.61851, 44.7965894], [-0.6186488, 44.7966202], [-0.6187223, 44.7966609], [-0.6187293, 44.7966627], [-0.6188425, 44.7966973], [-0.6188434, 44.7966975], [-0.6188637, 44.7967038], [-0.6189727, 44.7967462], [-0.6188797, 44.7966562], [-0.618874, 44.7966507], [-0.6188686, 44.796645], [-0.6188653, 44.796641], [-0.6188625, 44.7966369], [-0.6188601, 44.7966326], [-0.6188583, 44.7966282], [-0.6188567, 44.7966238], [-0.6188556, 44.7966195], [-0.6188548, 44.7966151], [-0.6188542, 44.7966107], [-0.618853, 44.7965974], [-0.6188528, 44.7965878], [-0.6188527, 44.7965832], [-0.6188529, 44.7965786], [-0.6188535, 44.796574], [-0.6188545, 44.7965695], [-0.6188556, 44.7965649], [-0.6188572, 44.7965605], [-0.6188591, 44.796556], [-0.6188613, 44.7965518], [-0.6188637, 44.7965475], [-0.6188665, 44.7965432], [-0.6188695, 44.7965391], [-0.6188729, 44.7965351], [-0.6188773, 44.7965318], [-0.618882, 44.7965287], [-0.6189106, 44.7965114], [-0.6188737, 44.7964402], [-0.6188668, 44.7962043], [-0.6194636, 44.7960639]]]]}, "id": "parcelle:33318:EZ:0086"}, {"type": "Feature", "properties": {"scout_v5_id": "parcelle:33318:HH:0118", "grain": "parcelle", "batiment_construction_id": "", "bdnb_batiment_construction_id": "", "batiment_groupe_id": "", "osm_building_id": "", "osm_match_status": "", "osm_bdnb_intersection_area_m2": "", "osm_address_text": "", "code_insee": "33318", "section": "HH", "numero_norm": "0118", "code_iris": "333180120", "nom_iris": "Parc Industriel", "nb_batiments": 1, "annee_construction": "", "footprint_m2": "", "footprint_sum_m2": 2009.2351426969408, "siren_status": "none", "status_technique": "no_candidate", "status_metier": "none", "siret_count": 0, "passerelle_address": "", "passerelle_indice_norm": "", "passerelle_numero_match": "", "passerelle_addresses_json": "[]", "sirets_json": "[]", "sirens_json": "[]", "matching_confidence": 0.0, "matching_reason": "", "matching_status": "mono", "matching_decision": "", "matching_siren_selected": "", "matching_debug_json": "", "parcelles_json": "", "buildings_json": "[{\"batiment_construction_id\": \"r:21783223\", \"bdnb_batiment_construction_id\": \"bdnb-bg-CJYN-3M92-2F7U:1\", \"batiment_groupe_id\": \"bdnb-bg-CJYN-3M92-2F7U\", \"annee_construction\": 2017, \"footprint_m2\": 2009.2351426969408, \"intersection_area_m2\": 2009.2351426969399, \"osm_building_id\": \"r:21783223\", \"osm_match_status\": \"matched\", \"osm_bdnb_intersection_area_m2\": 2004.099878157815, \"osm_address_text\": \"\", \"matching_status\": \"mono\", \"matching_decision\": \"mono\", \"matching_siren_selected\": \"\"}]", "building_geometries_json": "[{\"batiment_construction_id\": \"r:21783223\", \"bdnb_batiment_construction_id\": \"bdnb-bg-CJYN-3M92-2F7U:1\", \"batiment_groupe_id\": \"bdnb-bg-CJYN-3M92-2F7U\", \"osm_building_id\": \"r:21783223\", \"osm_match_status\": \"matched\", \"osm_bdnb_intersection_area_m2\": 2004.099878157815, \"osm_address_text\": \"\", \"annee_construction\": 2017, \"footprint_m2\": 2009.2351426969408, \"geometry\": {\"type\": \"MultiPolygon\", \"coordinates\": [[[[-0.6540089, 44.7814474], [-0.6535989, 44.7811254], [-0.6532453, 44.781356], [-0.6531269, 44.7814331], [-0.6532561, 44.7815353], [-0.6533691, 44.7814633], [-0.6533917, 44.7814811], [-0.6536458, 44.7816808], [-0.6538626, 44.7815406], [-0.6539552, 44.7815094], [-0.6539411, 44.7814904], [-0.6540089, 44.7814474]], [[-0.6538374, 44.7814323], [-0.6537899, 44.7814821], [-0.653714, 44.7814237], [-0.6537551, 44.7813969], [-0.6538374, 44.7814323]]]]}}]", "google_fallback_attempted": "false", "google_fallback_success": "false", "google_fallback_group_id": "", "google_nearby_status": "", "google_nearby_error": "", "google_raw_nearby_count": "0", "google_excluded_outside_parcel": "0", "google_nearby_ranked_json": "[]", "google_winner_place_id": "", "google_winner_name": "", "google_anchor_address": "", "google_api_gouv_query": "", "google_api_gouv_etablissements_count": "0", "google_reject_reason": "", "osm_pois_json": "[]", "osm_poi_count": 0, "osm_pois_status": "ok", "osm_poi_truncated": 0, "osm_data_as_of": ""}, "geometry": {"type": "MultiPolygon", "coordinates": [[[[-0.6536533, 44.7819309], [-0.6537395, 44.7818936], [-0.6537592, 44.7818779], [-0.6538187, 44.781833], [-0.6538456, 44.7818128], [-0.6538986, 44.7817743], [-0.6539816, 44.7817188], [-0.6541243, 44.7816249], [-0.6543447, 44.7814883], [-0.6543496, 44.7814501], [-0.6543537, 44.7814167], [-0.6536408, 44.7808489], [-0.6532948, 44.7810694], [-0.6532096, 44.7810021], [-0.65281, 44.7812555], [-0.6530771, 44.7814694], [-0.6535553, 44.7818524], [-0.6535986, 44.7818871], [-0.6536322, 44.781914], [-0.6536533, 44.7819309]]]]}, "id": "parcelle:33318:HH:0118"}, {"type": "Feature", "properties": {"scout_v5_id": "parcelle:33318:CR:0084", "grain": "parcelle", "batiment_construction_id": "", "bdnb_batiment_construction_id": "", "batiment_groupe_id": "", "osm_building_id": "", "osm_match_status": "", "osm_bdnb_intersection_area_m2": "", "osm_address_text": "", "code_insee": "33318", "section": "CR", "numero_norm": "0084", "code_iris": "333180109", "nom_iris": "L'Alouette", "nb_batiments": 11, "annee_construction": "", "footprint_m2": "", "footprint_sum_m2": 21882.039964383865, "siren_status": "none", "status_technique": "no_candidate", "status_metier": "none", "siret_count": 0, "passerelle_address": "", "passerelle_indice_norm": "", "passerelle_numero_match": "", "passerelle_addresses_json": "[]", "sirets_json": "[]", "sirens_json": "[]", "matching_confidence": 0.0, "matching_reason": "", "matching_status": "mono", "matching_decision": "", "matching_siren_selected": "", "matching_debug_json": "", "parcelles_json": "", "buildings_json": "[{\"batiment_construction_id\": \"r:207612956\", \"bdnb_batiment_construction_id\": \"bdnb-bg-Y9RH-RY7R-CKA7:19\", \"batiment_groupe_id\": \"bdnb-bg-Y9RH-RY7R-CKA7\", \"annee_construction\": 1925, \"footprint_m2\": 660.2128222362295, \"intersection_area_m2\": 660.2128222362295, \"osm_building_id\": \"r:207612956\", \"osm_match_status\": \"matched\", \"osm_bdnb_intersection_area_m2\": 623.1165387326607, \"osm_address_text\": \"\", \"matching_status\": \"mono\", \"matching_decision\": \"mono\", \"matching_siren_selected\": \"\"}, {\"batiment_construction_id\": \"r:207613026\", \"bdnb_batiment_construction_id\": \"bdnb-bg-Y9RH-RY7R-CKA7:11\", \"batiment_groupe_id\": \"bdnb-bg-Y9RH-RY7R-CKA7\", \"annee_construction\": 1925, \"footprint_m2\": 1114.1397197689673, \"intersection_area_m2\": 1114.1397197689676, \"osm_building_id\": \"r:207613026\", \"osm_match_status\": \"matched\", \"osm_bdnb_intersection_area_m2\": 1111.8063534017463, \"osm_address_text\": \"\", \"matching_status\": \"mono\", \"matching_decision\": \"mono\", \"matching_siren_selected\": \"\"}, {\"batiment_construction_id\": \"r:207613068\", \"bdnb_batiment_construction_id\": \"bdnb-bg-Y9RH-RY7R-CKA7:1\", \"batiment_groupe_id\": \"bdnb-bg-Y9RH-RY7R-CKA7\", \"annee_construction\": 1925, \"footprint_m2\": 858.3864440017923, \"intersection_area_m2\": 858.3864440017924, \"osm_building_id\": \"r:207613068\", \"osm_match_status\": \"matched\", \"osm_bdnb_intersection_area_m2\": 816.2711382385821, \"osm_address_text\": \"\", \"matching_status\": \"mono\", \"matching_decision\": \"mono\", \"matching_siren_selected\": \"\"}, {\"batiment_construction_id\": \"r:207613076\", \"bdnb_batiment_construction_id\": \"bdnb-bg-Y9RH-RY7R-CKA7:14\", \"batiment_groupe_id\": \"bdnb-bg-Y9RH-RY7R-CKA7\", \"annee_construction\": 1925, \"footprint_m2\": 683.9640121231703, \"intersection_area_m2\": 683.96401212317, \"osm_building_id\": \"r:207613076\", \"osm_match_status\": \"matched\", \"osm_bdnb_intersection_area_m2\": 632.4950408067718, \"osm_address_text\": \"\", \"matching_status\": \"mono\", \"matching_decision\": \"mono\", \"matching_siren_selected\": \"\"}, {\"batiment_construction_id\": \"r:207613080\", \"bdnb_batiment_construction_id\": \"bdnb-bg-Y9RH-RY7R-CKA7:16\", \"batiment_groupe_id\": \"bdnb-bg-Y9RH-RY7R-CKA7\", \"annee_construction\": 1925, \"footprint_m2\": 4153.380498817377, \"intersection_area_m2\": 4153.380498817375, \"osm_building_id\": \"r:207613080\", \"osm_match_status\": \"matched\", \"osm_bdnb_intersection_area_m2\": 3822.6292419428682, \"osm_address_text\": \"\", \"matching_status\": \"mono\", \"matching_decision\": \"mono\", \"matching_siren_selected\": \"\"}, {\"batiment_construction_id\": \"r:207613124\", \"bdnb_batiment_construction_id\": \"bdnb-bg-Y9RH-RY7R-CKA7:17\", \"batiment_groupe_id\": \"bdnb-bg-Y9RH-RY7R-CKA7\", \"annee_construction\": 1925, \"footprint_m2\": 988.0294733215967, \"intersection_area_m2\": 988.0294733215965, \"osm_building_id\": \"r:207613124\", \"osm_match_status\": \"matched\", \"osm_bdnb_intersection_area_m2\": 940.2982238079203, \"osm_address_text\": \"\", \"matching_status\": \"mono\", \"matching_decision\": \"mono\", \"matching_siren_selected\": \"\"}, {\"batiment_construction_id\": \"r:207613152\", \"bdnb_batiment_construction_id\": \"bdnb-bg-Y9RH-RY7R-CKA7:4\", \"batiment_groupe_id\": \"bdnb-bg-Y9RH-RY7R-CKA7\", \"annee_construction\": 1925, \"footprint_m2\": 4887.61149360163, \"intersection_area_m2\": 4887.611493601629, \"osm_building_id\": \"r:207613152\", \"osm_match_status\": \"matched\", \"osm_bdnb_intersection_area_m2\": 4758.606934150688, \"osm_address_text\": \"\", \"matching_status\": \"mono\", \"matching_decision\": \"mono\", \"matching_siren_selected\": \"\"}, {\"batiment_construction_id\": \"r:207613154\", \"bdnb_batiment_construction_id\": \"bdnb-bg-Y9RH-RY7R-CKA7:16\", \"batiment_groupe_id\": \"bdnb-bg-Y9RH-RY7R-CKA7\", \"annee_construction\": 1925, \"footprint_m2\": 581.5330885047543, \"intersection_area_m2\": 581.5330885047543, \"osm_building_id\": \"r:207613154\", \"osm_match_status\": \"matched\", \"osm_bdnb_intersection_area_m2\": 518.6038694942175, \"osm_address_text\": \"\", \"matching_status\": \"mono\", \"matching_decision\": \"mono\", \"matching_siren_selected\": \"\"}, {\"batiment_construction_id\": \"r:207613158\", \"bdnb_batiment_construction_id\": \"bdnb-bg-VTZZ-1QJH-JP58:1\", \"batiment_groupe_id\": \"bdnb-bg-VTZZ-1QJH-JP58\", \"annee_construction\": null, \"footprint_m2\": 568.921567913726, \"intersection_area_m2\": 568.921567913726, \"osm_building_id\": \"r:207613158\", \"osm_match_status\": \"matched\", \"osm_bdnb_intersection_area_m2\": 524.6754346790376, \"osm_address_text\": \"\", \"matching_status\": \"mono\", \"matching_decision\": \"mono\", \"matching_siren_selected\": \"\"}, {\"batiment_construction_id\": \"r:207613194\", \"bdnb_batiment_construction_id\": \"bdnb-bg-Y9RH-RY7R-CKA7:3\", \"batiment_groupe_id\": \"bdnb-bg-Y9RH-RY7R-CKA7\", \"annee_construction\": 1925, \"footprint_m2\": 1434.6054654228215, \"intersection_area_m2\": 1434.6054654228212, \"osm_building_id\": \"r:207613194\", \"osm_match_status\": \"matched\", \"osm_bdnb_intersection_area_m2\": 1311.2941548119968, \"osm_address_text\": \"\", \"matching_status\": \"mono\", \"matching_decision\": \"mono\", \"matching_siren_selected\": \"\"}, {\"batiment_construction_id\": \"r:23274881\", \"bdnb_batiment_construction_id\": \"bdnb-bg-Y9RH-RY7R-CKA7:4\", \"batiment_groupe_id\": \"bdnb-bg-Y9RH-RY7R-CKA7\", \"annee_construction\": 1925, \"footprint_m2\": 5951.255378671799, \"intersection_area_m2\": 5951.255378671799, \"osm_building_id\": \"r:23274881\", \"osm_match_status\": \"matched\", \"osm_bdnb_intersection_area_m2\": 5792.6214837486195, \"osm_address_text\": \"\", \"matching_status\": \"mono\", \"matching_decision\": \"mono\", \"matching_siren_selected\": \"\"}]", "building_geometries_json": "[{\"batiment_construction_id\": \"r:207612956\", \"bdnb_batiment_construction_id\": \"bdnb-bg-Y9RH-RY7R-CKA7:19\", \"batiment_groupe_id\": \"bdnb-bg-Y9RH-RY7R-CKA7\", \"osm_building_id\": \"r:207612956\", \"osm_match_status\": \"matched\", \"osm_bdnb_intersection_area_m2\": 623.1165387326607, \"osm_address_text\": \"\", \"annee_construction\": 1925, \"footprint_m2\": 660.2128222362295, \"geometry\": {\"type\": \"MultiPolygon\", \"coordinates\": [[[[-0.655231, 44.796587], [-0.654792, 44.796573], [-0.65478, 44.796797], [-0.65489, 44.796801], [-0.654897, 44.79673], [-0.655223, 44.796739], [-0.655231, 44.796587]]]]}}, {\"batiment_construction_id\": \"r:207613026\", \"bdnb_batiment_construction_id\": \"bdnb-bg-Y9RH-RY7R-CKA7:11\", \"batiment_groupe_id\": \"bdnb-bg-Y9RH-RY7R-CKA7\", \"osm_building_id\": \"r:207613026\", \"osm_match_status\": \"matched\", \"osm_bdnb_intersection_area_m2\": 1111.8063534017463, \"osm_address_text\": \"\", \"annee_construction\": 1925, \"footprint_m2\": 1114.1397197689673, \"geometry\": {\"type\": \"MultiPolygon\", \"coordinates\": [[[[-0.657539, 44.79621], [-0.657373, 44.796201], [-0.657374, 44.796181], [-0.657062, 44.796167], [-0.65706, 44.796185], [-0.656888, 44.796176], [-0.656884, 44.796213], [-0.656881, 44.796241], [-0.656868, 44.796359], [-0.657523, 44.796395], [-0.657534, 44.796268], [-0.657537, 44.796243], [-0.657539, 44.79621]]]]}}, {\"batiment_construction_id\": \"r:207613068\", \"bdnb_batiment_construction_id\": \"bdnb-bg-Y9RH-RY7R-CKA7:1\", \"batiment_groupe_id\": \"bdnb-bg-Y9RH-RY7R-CKA7\", \"osm_building_id\": \"r:207613068\", \"osm_match_status\": \"matched\", \"osm_bdnb_intersection_area_m2\": 816.2711382385821, \"osm_address_text\": \"\", \"annee_construction\": 1925, \"footprint_m2\": 858.3864440017923, \"geometry\": {\"type\": \"MultiPolygon\", \"coordinates\": [[[[-0.660866, 44.79685], [-0.660763, 44.796741], [-0.660796, 44.796725], [-0.660716, 44.796642], [-0.660683, 44.796658], [-0.660621, 44.796593], [-0.660485, 44.796659], [-0.660534, 44.796712], [-0.66048, 44.796738], [-0.660431, 44.796685], [-0.660335, 44.796731], [-0.660387, 44.796786], [-0.660423, 44.79677], [-0.660435, 44.796782], [-0.660417, 44.79679], [-0.66048, 44.796856], [-0.660499, 44.796847], [-0.660548, 44.796899], [-0.660513, 44.796916], [-0.660581, 44.796988], [-0.660637, 44.796961], [-0.660622, 44.796944], [-0.660804, 44.796856], [-0.66082, 44.796872], [-0.660866, 44.79685]]]]}}, {\"batiment_construction_id\": \"r:207613076\", \"bdnb_batiment_construction_id\": \"bdnb-bg-Y9RH-RY7R-CKA7:14\", \"batiment_groupe_id\": \"bdnb-bg-Y9RH-RY7R-CKA7\", \"osm_building_id\": \"r:207613076\", \"osm_match_status\": \"matched\", \"osm_bdnb_intersection_area_m2\": 632.4950408067718, \"osm_address_text\": \"\", \"annee_construction\": 1925, \"footprint_m2\": 683.9640121231703, \"geometry\": {\"type\": \"MultiPolygon\", \"coordinates\": [[[[-0.656445, 44.796702], [-0.656409, 44.796703], [-0.656414, 44.796574], [-0.656292, 44.796571], [-0.656289, 44.796703], [-0.656262, 44.796703], [-0.65626, 44.796745], [-0.656128, 44.796745], [-0.656127, 44.796764], [-0.656093, 44.796762], [-0.65609, 44.796814], [-0.656124, 44.796814], [-0.656123, 44.796835], [-0.656257, 44.796839], [-0.656255, 44.79688], [-0.656283, 44.79688], [-0.656279, 44.797006], [-0.656399, 44.797008], [-0.656403, 44.796883], [-0.656441, 44.796885], [-0.656445, 44.796702]]]]}}, {\"batiment_construction_id\": \"r:207613080\", \"bdnb_batiment_construction_id\": \"bdnb-bg-Y9RH-RY7R-CKA7:16\", \"batiment_groupe_id\": \"bdnb-bg-Y9RH-RY7R-CKA7\", \"osm_building_id\": \"r:207613080\", \"osm_match_status\": \"matched\", \"osm_bdnb_intersection_area_m2\": 3822.6292419428682, \"osm_address_text\": \"\", \"annee_construction\": 1925, \"footprint_m2\": 4153.380498817377, \"geometry\": {\"type\": \"MultiPolygon\", \"coordinates\": [[[[-0.656883, 44.798921], [-0.656802, 44.798796], [-0.656868, 44.798774], [-0.656868, 44.798582], [-0.65664, 44.798582], [-0.656608, 44.798648], [-0.656528, 44.79872], [-0.656424, 44.798764], [-0.656309, 44.798778], [-0.656171, 44.798757], [-0.656073, 44.798707], [-0.656013, 44.798645], [-0.655981, 44.798571], [-0.65588, 44.798571], [-0.655881, 44.798738], [-0.655837, 44.798756], [-0.655726, 44.798756], [-0.655725, 44.798864], [-0.655726, 44.798876], [-0.655906, 44.798877], [-0.655906, 44.798912], [-0.655906, 44.798993], [-0.655905, 44.799005], [-0.655816, 44.799004], [-0.655815, 44.799096], [-0.655834, 44.799096], [-0.655834, 44.799231], [-0.655863, 44.799232], [-0.655864, 44.79928], [-0.655901, 44.79928], [-0.655901, 44.799324], [-0.656027, 44.799324], [-0.656027, 44.79931], [-0.656027, 44.799232], [-0.656057, 44.799232], [-0.656059, 44.799187], [-0.656093, 44.799187], [-0.656092, 44.799097], [-0.656285, 44.799098], [-0.656285, 44.799233], [-0.656092, 44.799232], [-0.656092, 44.799311], [-0.656195, 44.799311], [-0.656195, 44.799348], [-0.656384, 44.799349], [-0.656384, 44.79933], [-0.656366, 44.79933], [-0.656366, 44.799283], [-0.656384, 44.799283], [-0.656496, 44.799284], [-0.656497, 44.799135], [-0.656387, 44.799135], [-0.656347, 44.799135], [-0.656348, 44.79907], [-0.656349, 44.798992], [-0.656516, 44.798992], [-0.656541, 44.798975], [-0.656531, 44.79896], [-0.65655, 44.798954], [-0.656557, 44.798962], [-0.656739, 44.798963], [-0.656725, 44.79894], [-0.656746, 44.798933], [-0.656782, 44.798991], [-0.656883, 44.798921]]]]}}, {\"batiment_construction_id\": \"r:207613124\", \"bdnb_batiment_construction_id\": \"bdnb-bg-Y9RH-RY7R-CKA7:17\", \"batiment_groupe_id\": \"bdnb-bg-Y9RH-RY7R-CKA7\", \"osm_building_id\": \"r:207613124\", \"osm_match_status\": \"matched\", \"osm_bdnb_intersection_area_m2\": 940.2982238079203, \"osm_address_text\": \"\", \"annee_construction\": 1925, \"footprint_m2\": 988.0294733215967, \"geometry\": {\"type\": \"MultiPolygon\", \"coordinates\": [[[[-0.655483, 44.796727], [-0.655344, 44.796721], [-0.655339, 44.79678], [-0.655364, 44.796781], [-0.655337, 44.797104], [-0.655194, 44.797098], [-0.655196, 44.797081], [-0.655107, 44.797078], [-0.655105, 44.797098], [-0.655049, 44.797096], [-0.655043, 44.797162], [-0.6551, 44.797167], [-0.655097, 44.797192], [-0.655187, 44.797197], [-0.655188, 44.797182], [-0.65532, 44.797188], [-0.655319, 44.797204], [-0.655329, 44.797204], [-0.655304, 44.797514], [-0.655279, 44.797513], [-0.655274, 44.797573], [-0.655409, 44.797578], [-0.655415, 44.797519], [-0.655396, 44.797518], [-0.655422, 44.797209], [-0.655443, 44.797209], [-0.655447, 44.797179], [-0.655424, 44.797179], [-0.655428, 44.797132], [-0.655451, 44.797133], [-0.655454, 44.797102], [-0.655431, 44.797101], [-0.655458, 44.796785], [-0.655477, 44.796787], [-0.655483, 44.796727]]]]}}, {\"batiment_construction_id\": \"r:207613152\", \"bdnb_batiment_construction_id\": \"bdnb-bg-Y9RH-RY7R-CKA7:4\", \"batiment_groupe_id\": \"bdnb-bg-Y9RH-RY7R-CKA7\", \"osm_building_id\": \"r:207613152\", \"osm_match_status\": \"matched\", \"osm_bdnb_intersection_area_m2\": 4758.606934150688, \"osm_address_text\": \"\", \"annee_construction\": 1925, \"footprint_m2\": 4887.61149360163, \"geometry\": {\"type\": \"MultiPolygon\", \"coordinates\": [[[[-0.660183, 44.798348], [-0.65983, 44.798342], [-0.65982, 44.798335], [-0.659774, 44.7983], [-0.659728, 44.798267], [-0.659684, 44.798234], [-0.659647, 44.798206], [-0.659601, 44.798172], [-0.659589, 44.798164], [-0.659597, 44.797913], [-0.659411, 44.79791], [-0.659411, 44.797924], [-0.659352, 44.797923], [-0.659352, 44.797909], [-0.6590846, 44.797905], [-0.6590839, 44.797975], [-0.6590788, 44.7980829], [-0.65908, 44.798095], [-0.659122, 44.798096], [-0.659119, 44.798138], [-0.6590782, 44.798138], [-0.6590777, 44.7981892], [-0.659074, 44.79827], [-0.659118, 44.798271], [-0.659148, 44.798271], [-0.659427, 44.798275], [-0.659437, 44.798283], [-0.6594621, 44.7983006], [-0.65961, 44.798412], [-0.659656, 44.798446], [-0.659667, 44.798454], [-0.65966, 44.798705], [-0.659761, 44.798706], [-0.65976, 44.798752], [-0.659742, 44.798752], [-0.65974, 44.798822], [-0.659113, 44.798813], [-0.659111, 44.798883], [-0.659264, 44.798885], [-0.659255, 44.799252], [-0.659392, 44.799254], [-0.659394, 44.799189], [-0.659435, 44.79919], [-0.659442, 44.79894], [-0.659663, 44.798943], [-0.659656, 44.799258], [-0.659834, 44.79926], [-0.659843, 44.798893], [-0.659998, 44.798896], [-0.66, 44.798827], [-0.659874, 44.798825], [-0.659884, 44.798459], [-0.659887, 44.798458], [-0.659914, 44.798459], [-0.659912, 44.798476], [-0.6599527, 44.7984768], [-0.6599846, 44.7984774], [-0.6601286, 44.7984801], [-0.6601573, 44.7984806], [-0.660179, 44.798481], [-0.660183, 44.798348]]]]}}, {\"batiment_construction_id\": \"r:207613154\", \"bdnb_batiment_construction_id\": \"bdnb-bg-Y9RH-RY7R-CKA7:16\", \"batiment_groupe_id\": \"bdnb-bg-Y9RH-RY7R-CKA7\", \"osm_building_id\": \"r:207613154\", \"osm_match_status\": \"matched\", \"osm_bdnb_intersection_area_m2\": 518.6038694942175, \"osm_address_text\": \"\", \"annee_construction\": 1925, \"footprint_m2\": 581.5330885047543, \"geometry\": {\"type\": \"MultiPolygon\", \"coordinates\": [[[[-0.656134, 44.798319], [-0.656003, 44.798244], [-0.655771, 44.798243], [-0.65577, 44.798346], [-0.655802, 44.798345], [-0.655801, 44.798409], [-0.655833, 44.798408], [-0.655832, 44.798494], [-0.65588, 44.798495], [-0.655977, 44.798495], [-0.656019, 44.798496], [-0.65602, 44.798486], [-0.656051, 44.798399], [-0.656134, 44.798319]]]]}}, {\"batiment_construction_id\": \"r:207613158\", \"bdnb_batiment_construction_id\": \"bdnb-bg-VTZZ-1QJH-JP58:1\", \"batiment_groupe_id\": \"bdnb-bg-VTZZ-1QJH-JP58\", \"osm_building_id\": \"r:207613158\", \"osm_match_status\": \"matched\", \"osm_bdnb_intersection_area_m2\": 524.6754346790376, \"osm_address_text\": \"\", \"annee_construction\": null, \"footprint_m2\": 568.921567913726, \"geometry\": {\"type\": \"MultiPolygon\", \"coordinates\": [[[[-0.655019, 44.795912], [-0.654919, 44.79587], [-0.65485, 44.795953], [-0.654766, 44.795918], [-0.654733, 44.795957], [-0.654677, 44.795933], [-0.654617, 44.796003], [-0.654694, 44.796037], [-0.654683, 44.796052], [-0.654726, 44.796069], [-0.654701, 44.7961], [-0.654718, 44.796107], [-0.65465, 44.796187], [-0.654755, 44.796231], [-0.654857, 44.796107], [-0.65487, 44.796112], [-0.65493, 44.79604], [-0.654917, 44.796035], [-0.655019, 44.795912]]]]}}, {\"batiment_construction_id\": \"r:207613194\", \"bdnb_batiment_construction_id\": \"bdnb-bg-Y9RH-RY7R-CKA7:3\", \"batiment_groupe_id\": \"bdnb-bg-Y9RH-RY7R-CKA7\", \"osm_building_id\": \"r:207613194\", \"osm_match_status\": \"matched\", \"osm_bdnb_intersection_area_m2\": 1311.2941548119968, \"osm_address_text\": \"\", \"annee_construction\": 1925, \"footprint_m2\": 1434.6054654228215, \"geometry\": {\"type\": \"MultiPolygon\", \"coordinates\": [[[[-0.660263, 44.797131], [-0.660185, 44.797049], [-0.660131, 44.797073], [-0.660133, 44.797076], [-0.659827, 44.797221], [-0.659788, 44.797179], [-0.659779, 44.797183], [-0.659774, 44.797179], [-0.6596472, 44.7972194], [-0.659626, 44.797229], [-0.659644, 44.797279], [-0.659546, 44.797295], [-0.659286, 44.79734], [-0.659284, 44.797337], [-0.659221, 44.797348], [-0.659255, 44.797445], [-0.6594711, 44.7974125], [-0.6594804, 44.7974389], [-0.6597094, 44.7973998], [-0.6596938, 44.7973486], [-0.6597961, 44.7973364], [-0.659892, 44.797446], [-0.659848, 44.797467], [-0.659913, 44.797538], [-0.659958, 44.797516], [-0.659965, 44.797524], [-0.660107, 44.797456], [-0.6601, 44.797449], [-0.66011, 44.797444], [-0.660146, 44.797428], [-0.66008, 44.797357], [-0.660035, 44.797378], [-0.660019, 44.797361], [-0.659925, 44.797261], [-0.659928, 44.797259], [-0.660097, 44.79718], [-0.660115, 44.797201], [-0.660263, 44.797131]]]]}}, {\"batiment_construction_id\": \"r:23274881\", \"bdnb_batiment_construction_id\": \"bdnb-bg-Y9RH-RY7R-CKA7:4\", \"batiment_groupe_id\": \"bdnb-bg-Y9RH-RY7R-CKA7\", \"osm_building_id\": \"r:23274881\", \"osm_match_status\": \"matched\", \"osm_bdnb_intersection_area_m2\": 5792.6214837486195, \"osm_address_text\": \"\", \"annee_construction\": 1925, \"footprint_m2\": 5951.255378671799, \"geometry\": {\"type\": \"MultiPolygon\", \"coordinates\": [[[[-0.6588264, 44.7984572], [-0.6581969, 44.7984468], [-0.6581943, 44.7985206], [-0.6582203, 44.798521], [-0.6582158, 44.7986523], [-0.658166, 44.7986515], [-0.6581298, 44.7986509], [-0.6581369, 44.7984462], [-0.657989, 44.7984435], [-0.6579813, 44.7986674], [-0.6579356, 44.7986666], [-0.6579369, 44.7986281], [-0.6578828, 44.7986271], [-0.6578815, 44.7986656], [-0.6578546, 44.7986653], [-0.6578578, 44.7985705], [-0.6578361, 44.7985702], [-0.6578402, 44.798456], [-0.6576429, 44.7984525], [-0.6576426, 44.7984607], [-0.657627, 44.7984604], [-0.6576272, 44.7984492], [-0.6575374, 44.7984476], [-0.6575327, 44.7985882], [-0.6575867, 44.7985891], [-0.6575852, 44.7986397], [-0.6575311, 44.7986388], [-0.6575276, 44.7987457], [-0.6576165, 44.7987471], [-0.6576168, 44.7987381], [-0.6576321, 44.7987384], [-0.6576318, 44.7987474], [-0.657774, 44.7987498], [-0.6577715, 44.7988257], [-0.6576295, 44.7988235], [-0.6576292, 44.7988325], [-0.6576137, 44.7988323], [-0.657614, 44.7988232], [-0.6575252, 44.7988217], [-0.6575216, 44.7989285], [-0.6575759, 44.7989295], [-0.6575741, 44.7989801], [-0.65752, 44.7989791], [-0.6575154, 44.7991197], [-0.6576042, 44.7991212], [-0.6576046, 44.7991103], [-0.65762, 44.7991105], [-0.6576198, 44.7991183], [-0.6578172, 44.7991216], [-0.657821, 44.7990079], [-0.6578425, 44.7990081], [-0.6578458, 44.798907], [-0.6579233, 44.7989082], [-0.6579187, 44.799049], [-0.6579342, 44.7990493], [-0.6579339, 44.7990603], [-0.6579183, 44.79906], [-0.6579163, 44.7991232], [-0.6581138, 44.7991265], [-0.6581151, 44.7990881], [-0.658186, 44.7990892], [-0.6581847, 44.7991277], [-0.6583349, 44.7991302], [-0.658337, 44.7990669], [-0.6583242, 44.7990667], [-0.6583245, 44.7990558], [-0.6583373, 44.799056], [-0.6583407, 44.7989547], [-0.6584191, 44.7989561], [-0.6584158, 44.7990573], [-0.6584313, 44.7990575], [-0.6584309, 44.7990685], [-0.6584154, 44.7990683], [-0.6584133, 44.7991315], [-0.6586108, 44.7991347], [-0.6586124, 44.7990881], [-0.6586556, 44.7990887], [-0.6586541, 44.7991355], [-0.6588042, 44.7991379], [-0.6588062, 44.7990748], [-0.6587934, 44.7990745], [-0.6587939, 44.7990635], [-0.6588015, 44.7990637], [-0.6588061, 44.798923], [-0.658746, 44.7989221], [-0.6587466, 44.7989097], [-0.6588116, 44.7989107], [-0.658812, 44.7988981], [-0.6588156, 44.7987933], [-0.6588158, 44.7987849], [-0.658811, 44.7987849], [-0.658812, 44.7987633], [-0.6588264, 44.7984572]], [[-0.6587133, 44.7986093], [-0.6587122, 44.7986408], [-0.6584955, 44.7986373], [-0.658498, 44.7985619], [-0.6586132, 44.7985638], [-0.6586137, 44.7985498], [-0.6586677, 44.7985508], [-0.6586656, 44.7986086], [-0.6587133, 44.7986093]], [[-0.6586926, 44.7989606], [-0.6586905, 44.7990238], [-0.6585672, 44.7990217], [-0.6585685, 44.7989772], [-0.6585529, 44.7989769], [-0.6585536, 44.7989583], [-0.6586926, 44.7989606]], [[-0.6585579, 44.7987833], [-0.6585551, 44.7988705], [-0.6585148, 44.79887], [-0.6585158, 44.7988381], [-0.658341, 44.7988352], [-0.65834, 44.798867], [-0.6582999, 44.7988664], [-0.6583028, 44.7987791], [-0.6585579, 44.7987833]], [[-0.6584321, 44.7985608], [-0.6584292, 44.7986362], [-0.6583082, 44.7986341], [-0.6583106, 44.7985588], [-0.6584321, 44.7985608]], [[-0.6582062, 44.7989526], [-0.6582056, 44.7989712], [-0.65819, 44.7989709], [-0.6581874, 44.799048], [-0.6581163, 44.7990466], [-0.6581194, 44.7989511], [-0.6582062, 44.7989526]], [[-0.6581251, 44.7987562], [-0.6581225, 44.7988316], [-0.6579008, 44.7988279], [-0.657902, 44.798795], [-0.6579304, 44.7987955], [-0.6579321, 44.7987458], [-0.6579775, 44.7987466], [-0.6579772, 44.7987539], [-0.6581251, 44.7987562]], [[-0.6577782, 44.7985916], [-0.6577764, 44.7986532], [-0.6577503, 44.7986528], [-0.6577505, 44.7986417], [-0.6576423, 44.79864], [-0.6576441, 44.7985894], [-0.6577782, 44.7985916]], [[-0.6577684, 44.7989215], [-0.6577663, 44.7989832], [-0.6576322, 44.798981], [-0.6576338, 44.7989305], [-0.6577419, 44.7989322], [-0.6577423, 44.7989211], [-0.6577684, 44.7989215]]]]}}]", "google_fallback_attempted": "false", "google_fallback_success": "false", "google_fallback_group_id": "", "google_nearby_status": "", "google_nearby_error": "", "google_raw_nearby_count": "0", "google_excluded_outside_parcel": "0", "google_nearby_ranked_json": "[]", "google_winner_place_id": "", "google_winner_name": "", "google_anchor_address": "", "google_api_gouv_query": "", "google_api_gouv_etablissements_count": "0", "google_reject_reason": "", "osm_pois_json": "[]", "osm_poi_count": 0, "osm_pois_status": "ok", "osm_poi_truncated": 0, "osm_data_as_of": ""}, "geometry": {"type": "MultiPolygon", "coordinates": [[[[-0.6579227, 44.7944116], [-0.6577922, 44.7944732], [-0.6577918, 44.794434], [-0.6574884, 44.794582], [-0.6573262, 44.7946556], [-0.6569122, 44.794837], [-0.6566267, 44.7949545], [-0.6557338, 44.7953114], [-0.6550377, 44.7955797], [-0.6548987, 44.7956333], [-0.6544785, 44.7957951], [-0.6545823, 44.7975802], [-0.6546449, 44.7975832], [-0.6546184, 44.7978391], [-0.6545138, 44.7988491], [-0.6547269, 44.7990604], [-0.654898, 44.7991813], [-0.6559177, 44.7998337], [-0.6559602, 44.7998609], [-0.6570173, 44.7998761], [-0.6569974, 44.8003971], [-0.6568798, 44.8003947], [-0.6569996, 44.8004376], [-0.6571112, 44.8004774], [-0.657226, 44.8005185], [-0.6572476, 44.8005137], [-0.6572855, 44.7995156], [-0.657336, 44.7995168], [-0.6573432, 44.7993301], [-0.6579378, 44.7993408], [-0.6589355, 44.7993589], [-0.6598303, 44.7993751], [-0.6598373, 44.7993667], [-0.6599339, 44.79927], [-0.6599835, 44.7992185], [-0.6600375, 44.7991571], [-0.6600936, 44.7990934], [-0.6601551, 44.7990099], [-0.6601807, 44.7989756], [-0.6602193, 44.7989234], [-0.6602617, 44.7988664], [-0.660356, 44.7987396], [-0.660456, 44.7986051], [-0.66057, 44.7984517], [-0.6606576, 44.7983345], [-0.6607442, 44.7982182], [-0.6607642, 44.7981911], [-0.6609431, 44.7979509], [-0.6609708, 44.7979136], [-0.6610292, 44.7978428], [-0.6610957, 44.7977621], [-0.6611649, 44.7976794], [-0.6611964, 44.7976411], [-0.6612547, 44.7976034], [-0.661156, 44.7974925], [-0.6611465, 44.7974792], [-0.6611472, 44.7974753], [-0.6612057, 44.7974429], [-0.6616732, 44.7971794], [-0.6618759, 44.7970628], [-0.661821, 44.7970109], [-0.6617778, 44.7969697], [-0.6616999, 44.7968957], [-0.661679, 44.7968756], [-0.6610851, 44.7965521], [-0.6608128, 44.7964514], [-0.6603068, 44.7962087], [-0.6597787, 44.7959343], [-0.6594654, 44.7957772], [-0.6588183, 44.7955784], [-0.6588282, 44.7954726], [-0.658837, 44.7953759], [-0.658424, 44.7950265], [-0.6582707, 44.7948626], [-0.6581353, 44.7946938], [-0.6579227, 44.7944116]], [[-0.6583075, 44.7972063], [-0.6583634, 44.7974242], [-0.6579509, 44.7974764], [-0.6579227, 44.797366], [-0.6578731, 44.7972749], [-0.6579377, 44.7972151], [-0.6580947, 44.7972343], [-0.6583075, 44.7972063]]]]}, "id": "parcelle:33318:CR:0084"}, {"type": "Feature", "properties": {"scout_v5_id": "parcelle:33318:BI:0476", "grain": "parcelle", "batiment_construction_id": "", "bdnb_batiment_construction_id": "", "batiment_groupe_id": "", "osm_building_id": "", "osm_match_status": "", "osm_bdnb_intersection_area_m2": "", "osm_address_text": "", "code_insee": "33318", "section": "BI", "numero_norm": "0476", "code_iris": "333180107", "nom_iris": "Les Échoppes", "nb_batiments": 1, "annee_construction": "", "footprint_m2": "", "footprint_sum_m2": 609.4953532829874, "siren_status": "none", "status_technique": "no_candidate", "status_metier": "none", "siret_count": 0, "passerelle_address": "", "passerelle_indice_norm": "", "passerelle_numero_match": "", "passerelle_addresses_json": "[]", "sirets_json": "[]", "sirens_json": "[]", "matching_confidence": 0.0, "matching_reason": "", "matching_status": "mono", "matching_decision": "", "matching_siren_selected": "", "matching_debug_json": "", "parcelles_json": "", "buildings_json": "[{\"batiment_construction_id\": \"r:26184699\", \"bdnb_batiment_construction_id\": \"bdnb-bg-DLNS-UHRA-ZCA1:1\", \"batiment_groupe_id\": \"bdnb-bg-DLNS-UHRA-ZCA1\", \"annee_construction\": 1970, \"footprint_m2\": 609.4953532829874, \"intersection_area_m2\": 607.3511175135792, \"osm_building_id\": \"r:26184699\", \"osm_match_status\": \"matched\", \"osm_bdnb_intersection_area_m2\": 146.17436551050972, \"osm_address_text\": \"\", \"matching_status\": \"mono\", \"matching_decision\": \"mono\", \"matching_siren_selected\": \"\"}]", "building_geometries_json": "[{\"batiment_construction_id\": \"r:26184699\", \"bdnb_batiment_construction_id\": \"bdnb-bg-DLNS-UHRA-ZCA1:1\", \"batiment_groupe_id\": \"bdnb-bg-DLNS-UHRA-ZCA1\", \"osm_building_id\": \"r:26184699\", \"osm_match_status\": \"matched\", \"osm_bdnb_intersection_area_m2\": 146.17436551050972, \"osm_address_text\": \"\", \"annee_construction\": 1970, \"footprint_m2\": 609.4953532829874, \"geometry\": {\"type\": \"MultiPolygon\", \"coordinates\": [[[[-0.620647, 44.814758], [-0.620492, 44.814591], [-0.6203906, 44.8146366], [-0.6204761, 44.8147298], [-0.620301, 44.814869], [-0.620406, 44.814937], [-0.620647, 44.814758]]], [[[-0.6203448, 44.8146839], [-0.620343, 44.8146777], [-0.6203318, 44.814663], [-0.620279, 44.814684], [-0.620251, 44.814651], [-0.6200416, 44.8147427], [-0.62008, 44.8147926], [-0.6200965, 44.8147954], [-0.620112, 44.8147931], [-0.6203398, 44.814693], [-0.6203448, 44.8146839]]]]}}]", "google_fallback_attempted": "false", "google_fallback_success": "false", "google_fallback_group_id": "", "google_nearby_status": "", "google_nearby_error": "", "google_raw_nearby_count": "0", "google_excluded_outside_parcel": "0", "google_nearby_ranked_json": "[]", "google_winner_place_id": "", "google_winner_name": "", "google_anchor_address": "", "google_api_gouv_query": "", "google_api_gouv_etablissements_count": "0", "google_reject_reason": "", "osm_pois_json": "[]", "osm_poi_count": 0, "osm_pois_status": "ok", "osm_poi_truncated": 0, "osm_data_as_of": ""}, "geometry": {"type": "MultiPolygon", "coordinates": [[[[-0.6200183, 44.8147968], [-0.6201196, 44.8149149], [-0.6201681, 44.8149715], [-0.6202086, 44.8150186], [-0.6202649, 44.8150843], [-0.6203096, 44.8151365], [-0.6203269, 44.8151565], [-0.6207102, 44.8148416], [-0.620647, 44.8147583], [-0.6204915, 44.8145912], [-0.6203194, 44.8146669], [-0.6202792, 44.8146839], [-0.6202516, 44.8146511], [-0.620098, 44.814719], [-0.6200255, 44.8147509], [-0.6200049, 44.81476], [-0.6199917, 44.8147658], [-0.6200183, 44.8147968]]]]}, "id": "parcelle:33318:BI:0476"}, {"type": "Feature", "properties": {"scout_v5_id": "parcelle:33318:HN:0115", "grain": "parcelle", "batiment_construction_id": "", "bdnb_batiment_construction_id": "", "batiment_groupe_id": "", "osm_building_id": "", "osm_match_status": "", "osm_bdnb_intersection_area_m2": "", "osm_address_text": "", "code_insee": "33318", "section": "HN", "numero_norm": "0115", "code_iris": "333180120", "nom_iris": "Parc Industriel", "nb_batiments": 1, "annee_construction": "", "footprint_m2": "", "footprint_sum_m2": 1862.9467946096615, "siren_status": "none", "status_technique": "no_candidate", "status_metier": "none", "siret_count": 0, "passerelle_address": "", "passerelle_indice_norm": "", "passerelle_numero_match": "", "passerelle_addresses_json": "[]", "sirets_json": "[]", "sirens_json": "[]", "matching_confidence": 0.0, "matching_reason": "", "matching_status": "mono", "matching_decision": "", "matching_siren_selected": "", "matching_debug_json": "", "parcelles_json": "", "buildings_json": "[{\"batiment_construction_id\": \"r:31303429\", \"bdnb_batiment_construction_id\": null, \"batiment_groupe_id\": null, \"annee_construction\": null, \"footprint_m2\": 1862.9467946096615, \"intersection_area_m2\": 1862.9467946096613, \"osm_building_id\": \"r:31303429\", \"osm_match_status\": \"unmatched\", \"osm_bdnb_intersection_area_m2\": null, \"osm_address_text\": \"\", \"matching_status\": \"mono\", \"matching_decision\": \"mono\", \"matching_siren_selected\": \"\"}]", "building_geometries_json": "[{\"batiment_construction_id\": \"r:31303429\", \"bdnb_batiment_construction_id\": null, \"batiment_groupe_id\": null, \"osm_building_id\": \"r:31303429\", \"osm_match_status\": \"unmatched\", \"osm_bdnb_intersection_area_m2\": null, \"osm_address_text\": \"\", \"annee_construction\": null, \"footprint_m2\": 1862.9467946096615, \"geometry\": {\"type\": \"MultiPolygon\", \"coordinates\": [[[[-0.6513044, 44.7837357], [-0.6511916, 44.7836425], [-0.6512225, 44.7836236], [-0.651017, 44.783454], [-0.650868, 44.783338], [-0.6508418, 44.7833549], [-0.650795, 44.783385], [-0.65072, 44.783328], [-0.6506846, 44.783353], [-0.6505091, 44.78346], [-0.6510389, 44.7838976], [-0.6513044, 44.7837357]]]]}}]", "google_fallback_attempted": "false", "google_fallback_success": "false", "google_fallback_group_id": "", "google_nearby_status": "", "google_nearby_error": "", "google_raw_nearby_count": "0", "google_excluded_outside_parcel": "0", "google_nearby_ranked_json": "[]", "google_winner_place_id": "", "google_winner_name": "", "google_anchor_address": "", "google_api_gouv_query": "", "google_api_gouv_etablissements_count": "0", "google_reject_reason": "", "osm_pois_json": "[]", "osm_poi_count": 0, "osm_pois_status": "ok", "osm_poi_truncated": 0, "osm_data_as_of": ""}, "geometry": {"type": "MultiPolygon", "coordinates": [[[[-0.6511051, 44.7833993], [-0.6508751, 44.7832182], [-0.6503069, 44.783579], [-0.6503113, 44.7835866], [-0.6503163, 44.7835988], [-0.6503211, 44.783611], [-0.650324, 44.783624], [-0.6503251, 44.7836356], [-0.650325, 44.7836433], [-0.6503233, 44.7836559], [-0.6503211, 44.7836662], [-0.6503201, 44.783678], [-0.650317, 44.7836899], [-0.6503141, 44.7836988], [-0.6503109, 44.7837099], [-0.6505029, 44.7838613], [-0.6505043, 44.7838624], [-0.6505353, 44.7838867], [-0.6505673, 44.7839119], [-0.6508716, 44.7841518], [-0.6508758, 44.7841551], [-0.6515439, 44.7837447], [-0.6515396, 44.7837413], [-0.6511051, 44.7833993]]]]}, "id": "parcelle:33318:HN:0115"}, {"type": "Feature", "properties": {"scout_v5_id": "parcelle:33318:ET:0113", "grain": "parcelle", "batiment_construction_id": "", "bdnb_batiment_construction_id": "", "batiment_groupe_id": "", "osm_building_id": "", "osm_match_status": "", "osm_bdnb_intersection_area_m2": "", "osm_address_text": "", "code_insee": "33318", "section": "ET", "numero_norm": "0113", "code_iris": "333180113", "nom_iris": "Camponac", "nb_batiments": 5, "annee_construction": "", "footprint_m2": "", "footprint_sum_m2": 2429.939788454275, "siren_status": "none", "status_technique": "no_candidate", "status_metier": "none", "siret_count": 0, "passerelle_address": "", "passerelle_indice_norm": "", "passerelle_numero_match": "", "passerelle_addresses_json": "[]", "sirets_json": "[]", "sirens_json": "[]", "matching_confidence": 0.0, "matching_reason": "", "matching_status": "mono", "matching_decision": "", "matching_siren_selected": "", "matching_debug_json": "", "parcelles_json": "", "buildings_json": "[{\"batiment_construction_id\": \"r:63434816\", \"bdnb_batiment_construction_id\": null, \"batiment_groupe_id\": null, \"annee_construction\": null, \"footprint_m2\": 485.7155032647055, \"intersection_area_m2\": 485.71550326470555, \"osm_building_id\": \"r:63434816\", \"osm_match_status\": \"unmatched\", \"osm_bdnb_intersection_area_m2\": null, \"osm_address_text\": \"\", \"matching_status\": \"mono\", \"matching_decision\": \"mono\", \"matching_siren_selected\": \"\"}, {\"batiment_construction_id\": \"r:63434820\", \"bdnb_batiment_construction_id\": null, \"batiment_groupe_id\": null, \"annee_construction\": null, \"footprint_m2\": 539.6294062613662, \"intersection_area_m2\": 539.6294062613661, \"osm_building_id\": \"r:63434820\", \"osm_match_status\": \"unmatched\", \"osm_bdnb_intersection_area_m2\": null, \"osm_address_text\": \"\", \"matching_status\": \"mono\", \"matching_decision\": \"mono\", \"matching_siren_selected\": \"\"}, {\"batiment_construction_id\": \"r:63434826\", \"bdnb_batiment_construction_id\": null, \"batiment_groupe_id\": null, \"annee_construction\": null, \"footprint_m2\": 465.15266680301954, \"intersection_area_m2\": 465.15266680301954, \"osm_building_id\": \"r:63434826\", \"osm_match_status\": \"unmatched\", \"osm_bdnb_intersection_area_m2\": null, \"osm_address_text\": \"\", \"matching_status\": \"mono\", \"matching_decision\": \"mono\", \"matching_siren_selected\": \"\"}, {\"batiment_construction_id\": \"r:63434828\", \"bdnb_batiment_construction_id\": null, \"batiment_groupe_id\": null, \"annee_construction\": null, \"footprint_m2\": 469.06671107755517, \"intersection_area_m2\": 469.06671107755517, \"osm_building_id\": \"r:63434828\", \"osm_match_status\": \"unmatched\", \"osm_bdnb_intersection_area_m2\": null, \"osm_address_text\": \"\", \"matching_status\": \"mono\", \"matching_decision\": \"mono\", \"matching_siren_selected\": \"\"}, {\"batiment_construction_id\": \"r:63434832\", \"bdnb_batiment_construction_id\": null, \"batiment_groupe_id\": null, \"annee_construction\": null, \"footprint_m2\": 470.3755010476282, \"intersection_area_m2\": 470.3755010476282, \"osm_building_id\": \"r:63434832\", \"osm_match_status\": \"unmatched\", \"osm_bdnb_intersection_area_m2\": null, \"osm_address_text\": \"\", \"matching_status\": \"mono\", \"matching_decision\": \"mono\", \"matching_siren_selected\": \"\"}]", "building_geometries_json": "[{\"batiment_construction_id\": \"r:63434816\", \"bdnb_batiment_construction_id\": null, \"batiment_groupe_id\": null, \"osm_building_id\": \"r:63434816\", \"osm_match_status\": \"unmatched\", \"osm_bdnb_intersection_area_m2\": null, \"osm_address_text\": \"\", \"annee_construction\": null, \"footprint_m2\": 485.7155032647055, \"geometry\": {\"type\": \"MultiPolygon\", \"coordinates\": [[[[-0.6421507, 44.7901884], [-0.642088, 44.7899744], [-0.6418378, 44.7900132], [-0.6419071, 44.7902265], [-0.6421507, 44.7901884]]]]}}, {\"batiment_construction_id\": \"r:63434820\", \"bdnb_batiment_construction_id\": null, \"batiment_groupe_id\": null, \"osm_building_id\": \"r:63434820\", \"osm_match_status\": \"unmatched\", \"osm_bdnb_intersection_area_m2\": null, \"osm_address_text\": \"\", \"annee_construction\": null, \"footprint_m2\": 539.6294062613662, \"geometry\": {\"type\": \"MultiPolygon\", \"coordinates\": [[[[-0.642667, 44.7906452], [-0.6426421, 44.7905641], [-0.642604, 44.7904403], [-0.6424832, 44.7904618], [-0.6423576, 44.7904811], [-0.6423317, 44.7904963], [-0.6423947, 44.7906982], [-0.6426418, 44.7906607], [-0.642667, 44.7906452]]]]}}, {\"batiment_construction_id\": \"r:63434826\", \"bdnb_batiment_construction_id\": null, \"batiment_groupe_id\": null, \"osm_building_id\": \"r:63434826\", \"osm_match_status\": \"unmatched\", \"osm_bdnb_intersection_area_m2\": null, \"osm_address_text\": \"\", \"annee_construction\": null, \"footprint_m2\": 465.15266680301954, \"geometry\": {\"type\": \"MultiPolygon\", \"coordinates\": [[[[-0.6434839, 44.7901685], [-0.6434138, 44.7899608], [-0.6431749, 44.7900015], [-0.6432358, 44.7902073], [-0.6434839, 44.7901685]]]]}}, {\"batiment_construction_id\": \"r:63434828\", \"bdnb_batiment_construction_id\": null, \"batiment_groupe_id\": null, \"osm_building_id\": \"r:63434828\", \"osm_match_status\": \"unmatched\", \"osm_bdnb_intersection_area_m2\": null, \"osm_address_text\": \"\", \"annee_construction\": null, \"footprint_m2\": 469.06671107755517, \"geometry\": {\"type\": \"MultiPolygon\", \"coordinates\": [[[[-0.6439959, 44.7904734], [-0.6439302, 44.7902668], [-0.6436813, 44.7903042], [-0.6437548, 44.7905119], [-0.6439959, 44.7904734]]]]}}, {\"batiment_construction_id\": \"r:63434832\", \"bdnb_batiment_construction_id\": null, \"batiment_groupe_id\": null, \"osm_building_id\": \"r:63434832\", \"osm_match_status\": \"unmatched\", \"osm_bdnb_intersection_area_m2\": null, \"osm_address_text\": \"\", \"annee_construction\": null, \"footprint_m2\": 470.3755010476282, \"geometry\": {\"type\": \"MultiPolygon\", \"coordinates\": [[[[-0.6441064, 44.7900681], [-0.6440378, 44.7898617], [-0.6437917, 44.7899], [-0.643863, 44.7901086], [-0.6441064, 44.7900681]]]]}}]", "google_fallback_attempted": "false", "google_fallback_success": "false", "google_fallback_group_id": "", "google_nearby_status": "", "google_nearby_error": "", "google_raw_nearby_count": "0", "google_excluded_outside_parcel": "0", "google_nearby_ranked_json": "[]", "google_winner_place_id": "", "google_winner_name": "", "google_anchor_address": "", "google_api_gouv_query": "", "google_api_gouv_etablissements_count": "0", "google_reject_reason": "", "osm_pois_json": "[]", "osm_poi_count": 0, "osm_pois_status": "ok", "osm_poi_truncated": 0, "osm_data_as_of": ""}, "geometry": {"type": "MultiPolygon", "coordinates": [[[[-0.6434221, 44.7892675], [-0.6418386, 44.7895229], [-0.6415932, 44.7895556], [-0.6408371, 44.7896512], [-0.640728, 44.7897145], [-0.6406998, 44.7897307], [-0.6403461, 44.7898699], [-0.6399663, 44.790018], [-0.6396924, 44.7901242], [-0.6395985, 44.7901605], [-0.6406442, 44.7911971], [-0.6409141, 44.7911472], [-0.6410386, 44.7911269], [-0.6410846, 44.7911201], [-0.6411987, 44.791102], [-0.6413563, 44.7910769], [-0.6414164, 44.7910683], [-0.6417204, 44.7910194], [-0.641812, 44.7910047], [-0.6422186, 44.7909392], [-0.6423435, 44.7909189], [-0.6424564, 44.7909013], [-0.6426237, 44.7908749], [-0.6429393, 44.7908253], [-0.642967, 44.7908207], [-0.6432518, 44.7907758], [-0.6432898, 44.7907697], [-0.6436043, 44.7907202], [-0.6437757, 44.7906931], [-0.6439199, 44.7906703], [-0.6439575, 44.7906643], [-0.6442367, 44.7906202], [-0.6445215, 44.7905752], [-0.6445571, 44.7905696], [-0.6446232, 44.790559], [-0.64488, 44.7905182], [-0.6451199, 44.7904799], [-0.6450814, 44.7903818], [-0.6450798, 44.7903804], [-0.6450453, 44.7903358], [-0.6450354, 44.7903121], [-0.6449428, 44.79002], [-0.6448996, 44.7899733], [-0.6448022, 44.7899231], [-0.644555, 44.7897954], [-0.6444772, 44.789742], [-0.6443959, 44.7896938], [-0.6434221, 44.7892675]]]]}, "id": "parcelle:33318:ET:0113"}, {"type": "Feature", "properties": {"scout_v5_id": "parcelle:33318:HM:0059", "grain": "parcelle", "batiment_construction_id": "", "bdnb_batiment_construction_id": "", "batiment_groupe_id": "", "osm_building_id": "", "osm_match_status": "", "osm_bdnb_intersection_area_m2": "", "osm_address_text": "", "code_insee": "33318", "section": "HM", "numero_norm": "0059", "code_iris": "333180120", "nom_iris": "Parc Industriel", "nb_batiments": 1, "annee_construction": "", "footprint_m2": "", "footprint_sum_m2": 611.1099387032249, "siren_status": "none", "status_technique": "no_candidate", "status_metier": "none", "siret_count": 0, "passerelle_address": "", "passerelle_indice_norm": "", "passerelle_numero_match": "", "passerelle_addresses_json": "[]", "sirets_json": "[]", "sirens_json": "[]", "matching_confidence": 0.0, "matching_reason": "", "matching_status": "mono", "matching_decision": "", "matching_siren_selected": "", "matching_debug_json": "", "parcelles_json": "", "buildings_json": "[{\"batiment_construction_id\": \"r:63434866\", \"bdnb_batiment_construction_id\": \"bdnb-bg-2ZWX-ZF18-GB5T:1\", \"batiment_groupe_id\": \"bdnb-bg-2ZWX-ZF18-GB5T\", \"annee_construction\": null, \"footprint_m2\": 611.1099387032249, \"intersection_area_m2\": 611.109938703225, \"osm_building_id\": \"r:63434866\", \"osm_match_status\": \"matched\", \"osm_bdnb_intersection_area_m2\": 610.3036495829655, \"osm_address_text\": \"\", \"matching_status\": \"mono\", \"matching_decision\": \"mono\", \"matching_siren_selected\": \"\"}]", "building_geometries_json": "[{\"batiment_construction_id\": \"r:63434866\", \"bdnb_batiment_construction_id\": \"bdnb-bg-2ZWX-ZF18-GB5T:1\", \"batiment_groupe_id\": \"bdnb-bg-2ZWX-ZF18-GB5T\", \"osm_building_id\": \"r:63434866\", \"osm_match_status\": \"matched\", \"osm_bdnb_intersection_area_m2\": 610.3036495829655, \"osm_address_text\": \"\", \"annee_construction\": null, \"footprint_m2\": 611.1099387032249, \"geometry\": {\"type\": \"MultiPolygon\", \"coordinates\": [[[[-0.644125, 44.7883508], [-0.6440117, 44.7883107], [-0.6440701, 44.7882299], [-0.64392, 44.788174], [-0.6438567, 44.7882571], [-0.6437727, 44.7882271], [-0.6436975, 44.7883341], [-0.6437118, 44.7883387], [-0.6436983, 44.7883574], [-0.6437641, 44.7883791], [-0.6437752, 44.7883599], [-0.6437858, 44.7883635], [-0.6437813, 44.7883712], [-0.6438312, 44.7883906], [-0.6438174, 44.788408], [-0.6438616, 44.7884244], [-0.6438741, 44.7884074], [-0.6439251, 44.7884274], [-0.6439326, 44.7884175], [-0.6439411, 44.7884207], [-0.6439253, 44.7884417], [-0.6440216, 44.7884768], [-0.6440372, 44.7884571], [-0.6440478, 44.7884612], [-0.644125, 44.7883508]]]]}}]", "google_fallback_attempted": "false", "google_fallback_success": "false", "google_fallback_group_id": "", "google_nearby_status": "", "google_nearby_error": "", "google_raw_nearby_count": "0", "google_excluded_outside_parcel": "0", "google_nearby_ranked_json": "[]", "google_winner_place_id": "", "google_winner_name": "", "google_anchor_address": "", "google_api_gouv_query": "", "google_api_gouv_etablissements_count": "0", "google_reject_reason": "", "osm_pois_json": "[]", "osm_poi_count": 0, "osm_pois_status": "ok", "osm_poi_truncated": 0, "osm_data_as_of": ""}, "geometry": {"type": "MultiPolygon", "coordinates": [[[[-0.644234, 44.7886831], [-0.6442346, 44.7886824], [-0.644238, 44.7886787], [-0.6442414, 44.7886749], [-0.6442926, 44.7886192], [-0.6446495, 44.78823], [-0.644704, 44.7881705], [-0.6447075, 44.7881668], [-0.6447127, 44.7881642], [-0.6447799, 44.7881303], [-0.6442812, 44.7879077], [-0.6434032, 44.7882899], [-0.6434801, 44.788311], [-0.6434798, 44.7883939], [-0.644234, 44.7886831]]]]}, "id": "parcelle:33318:HM:0059"}, {"type": "Feature", "properties": {"scout_v5_id": "parcelle:33318:HM:0034", "grain": "parcelle", "batiment_construction_id": "", "bdnb_batiment_construction_id": "", "batiment_groupe_id": "", "osm_building_id": "", "osm_match_status": "", "osm_bdnb_intersection_area_m2": "", "osm_address_text": "", "code_insee": "33318", "section": "HM", "numero_norm": "0034", "code_iris": "333180120", "nom_iris": "Parc Industriel", "nb_batiments": 1, "annee_construction": "", "footprint_m2": "", "footprint_sum_m2": 640.6671463736241, "siren_status": "none", "status_technique": "no_candidate", "status_metier": "none", "siret_count": 0, "passerelle_address": "", "passerelle_indice_norm": "", "passerelle_numero_match": "", "passerelle_addresses_json": "[]", "sirets_json": "[]", "sirens_json": "[]", "matching_confidence": 0.0, "matching_reason": "", "matching_status": "mono", "matching_decision": "", "matching_siren_selected": "", "matching_debug_json": "", "parcelles_json": "", "buildings_json": "[{\"batiment_construction_id\": \"r:63434874\", \"bdnb_batiment_construction_id\": \"bdnb-bg-RQLW-RLAG-MX3S:1\", \"batiment_groupe_id\": \"bdnb-bg-RQLW-RLAG-MX3S\", \"annee_construction\": null, \"footprint_m2\": 640.6671463736241, \"intersection_area_m2\": 640.6671463736244, \"osm_building_id\": \"r:63434874\", \"osm_match_status\": \"matched\", \"osm_bdnb_intersection_area_m2\": 579.5116808668236, \"osm_address_text\": \"\", \"matching_status\": \"mono\", \"matching_decision\": \"mono\", \"matching_siren_selected\": \"\"}]", "building_geometries_json": "[{\"batiment_construction_id\": \"r:63434874\", \"bdnb_batiment_construction_id\": \"bdnb-bg-RQLW-RLAG-MX3S:1\", \"batiment_groupe_id\": \"bdnb-bg-RQLW-RLAG-MX3S\", \"osm_building_id\": \"r:63434874\", \"osm_match_status\": \"matched\", \"osm_bdnb_intersection_area_m2\": 579.5116808668236, \"osm_address_text\": \"\", \"annee_construction\": null, \"footprint_m2\": 640.6671463736241, \"geometry\": {\"type\": \"MultiPolygon\", \"coordinates\": [[[[-0.6458015, 44.7883223], [-0.6456168, 44.7882382], [-0.6455295, 44.7883349], [-0.6454973, 44.7883208], [-0.6454062, 44.7884242], [-0.6454359, 44.7884382], [-0.6453564, 44.7885259], [-0.6454146, 44.7885528], [-0.6454389, 44.7885637], [-0.645498, 44.788591], [-0.6455976, 44.7884794], [-0.6456176, 44.788489], [-0.6456748, 44.7884276], [-0.6457171, 44.7884471], [-0.6457835, 44.7883739], [-0.6457636, 44.7883648], [-0.6458015, 44.7883223]]]]}}]", "google_fallback_attempted": "false", "google_fallback_success": "false", "google_fallback_group_id": "", "google_nearby_status": "", "google_nearby_error": "", "google_raw_nearby_count": "0", "google_excluded_outside_parcel": "0", "google_nearby_ranked_json": "[]", "google_winner_place_id": "", "google_winner_name": "", "google_anchor_address": "", "google_api_gouv_query": "", "google_api_gouv_etablissements_count": "0", "google_reject_reason": "", "osm_pois_json": "[]", "osm_poi_count": 0, "osm_pois_status": "ok", "osm_poi_truncated": 0, "osm_data_as_of": ""}, "geometry": {"type": "MultiPolygon", "coordinates": [[[[-0.6458098, 44.7877745], [-0.6451825, 44.7884602], [-0.6447848, 44.7888945], [-0.6450434, 44.7889936], [-0.645107, 44.7889819], [-0.6452033, 44.7889809], [-0.6454484, 44.7889642], [-0.6456629, 44.788836], [-0.6460047, 44.7884801], [-0.6462141, 44.7882306], [-0.6462181, 44.788129], [-0.6458098, 44.7877745]]]]}, "id": "parcelle:33318:HM:0034"}, {"type": "Feature", "properties": {"scout_v5_id": "parcelle:33318:DR:0264", "grain": "parcelle", "batiment_construction_id": "", "bdnb_batiment_construction_id": "", "batiment_groupe_id": "", "osm_building_id": "", "osm_match_status": "", "osm_bdnb_intersection_area_m2": "", "osm_address_text": "", "code_insee": "33318", "section": "DR", "numero_norm": "0264", "code_iris": "333180115", "nom_iris": "Sardine", "nb_batiments": 2, "annee_construction": "", "footprint_m2": "", "footprint_sum_m2": 1426.3713926548087, "siren_status": "none", "status_technique": "no_candidate", "status_metier": "none", "siret_count": 0, "passerelle_address": "", "passerelle_indice_norm": "", "passerelle_numero_match": "", "passerelle_addresses_json": "[]", "sirets_json": "[]", "sirens_json": "[]", "matching_confidence": 0.0, "matching_reason": "", "matching_status": "mono", "matching_decision": "", "matching_siren_selected": "", "matching_debug_json": "", "parcelles_json": "", "buildings_json": "[{\"batiment_construction_id\": \"r:63435490\", \"bdnb_batiment_construction_id\": \"bdnb-bg-R2BW-WWF7-58MP:8\", \"batiment_groupe_id\": \"bdnb-bg-R2BW-WWF7-58MP\", \"annee_construction\": null, \"footprint_m2\": 727.4237882109464, \"intersection_area_m2\": 727.4237882109464, \"osm_building_id\": \"r:63435490\", \"osm_match_status\": \"matched\", \"osm_bdnb_intersection_area_m2\": 690.542770602299, \"osm_address_text\": \"\", \"matching_status\": \"mono\", \"matching_decision\": \"mono\", \"matching_siren_selected\": \"\"}, {\"batiment_construction_id\": \"r:63435492\", \"bdnb_batiment_construction_id\": \"bdnb-bg-R2BW-WWF7-58MP:4\", \"batiment_groupe_id\": \"bdnb-bg-R2BW-WWF7-58MP\", \"annee_construction\": null, \"footprint_m2\": 698.9476044438622, \"intersection_area_m2\": 698.9476044438621, \"osm_building_id\": \"r:63435492\", \"osm_match_status\": \"matched\", \"osm_bdnb_intersection_area_m2\": 658.5870619693907, \"osm_address_text\": \"\", \"matching_status\": \"mono\", \"matching_decision\": \"mono\", \"matching_siren_selected\": \"\"}]", "building_geometries_json": "[{\"batiment_construction_id\": \"r:63435490\", \"bdnb_batiment_construction_id\": \"bdnb-bg-R2BW-WWF7-58MP:8\", \"batiment_groupe_id\": \"bdnb-bg-R2BW-WWF7-58MP\", \"osm_building_id\": \"r:63435490\", \"osm_match_status\": \"matched\", \"osm_bdnb_intersection_area_m2\": 690.542770602299, \"osm_address_text\": \"\", \"annee_construction\": null, \"footprint_m2\": 727.4237882109464, \"geometry\": {\"type\": \"MultiPolygon\", \"coordinates\": [[[[-0.6288777, 44.7953713], [-0.6287919, 44.7953096], [-0.6281144, 44.7957873], [-0.6282003, 44.795849], [-0.6288777, 44.7953713]]]]}}, {\"batiment_construction_id\": \"r:63435492\", \"bdnb_batiment_construction_id\": \"bdnb-bg-R2BW-WWF7-58MP:4\", \"batiment_groupe_id\": \"bdnb-bg-R2BW-WWF7-58MP\", \"osm_building_id\": \"r:63435492\", \"osm_match_status\": \"matched\", \"osm_bdnb_intersection_area_m2\": 658.5870619693907, \"osm_address_text\": \"\", \"annee_construction\": null, \"footprint_m2\": 698.9476044438622, \"geometry\": {\"type\": \"MultiPolygon\", \"coordinates\": [[[[-0.6300949, 44.7951786], [-0.6300158, 44.7951182], [-0.6293105, 44.7955863], [-0.6293895, 44.7956466], [-0.6300949, 44.7951786]]]]}}]", "google_fallback_attempted": "false", "google_fallback_success": "false", "google_fallback_group_id": "", "google_nearby_status": "", "google_nearby_error": "", "google_raw_nearby_count": "0", "google_excluded_outside_parcel": "0", "google_nearby_ranked_json": "[]", "google_winner_place_id": "", "google_winner_name": "", "google_anchor_address": "", "google_api_gouv_query": "", "google_api_gouv_etablissements_count": "0", "google_reject_reason": "", "osm_pois_json": "[]", "osm_poi_count": 0, "osm_pois_status": "ok", "osm_poi_truncated": 0, "osm_data_as_of": ""}, "geometry": {"type": "MultiPolygon", "coordinates": [[[[-0.627607, 44.7960062], [-0.6276315, 44.7960037], [-0.6290152, 44.7958619], [-0.6292775, 44.7958352], [-0.6304374, 44.7957164], [-0.6304267, 44.7956394], [-0.6303217, 44.7956491], [-0.6302804, 44.7956528], [-0.6302388, 44.7956555], [-0.6301809, 44.795659], [-0.6300914, 44.7956646], [-0.6300344, 44.7956682], [-0.6299927, 44.7956707], [-0.6298913, 44.7955688], [-0.6297942, 44.7954711], [-0.6298581, 44.7954263], [-0.6299582, 44.7953563], [-0.6300823, 44.7952694], [-0.6303276, 44.7950978], [-0.6303122, 44.7949755], [-0.6302553, 44.794976], [-0.6302455, 44.7948979], [-0.6303291, 44.7948844], [-0.6302978, 44.7946425], [-0.6302842, 44.7944639], [-0.6302824, 44.7944481], [-0.6301491, 44.7944565], [-0.6301276, 44.7942807], [-0.630132, 44.7942786], [-0.6297936, 44.7942613], [-0.629747, 44.794262], [-0.6297149, 44.7942669], [-0.6296778, 44.794276], [-0.6296439, 44.7942866], [-0.6293383, 44.7944103], [-0.6292412, 44.7944495], [-0.6291187, 44.7945132], [-0.6289693, 44.7945983], [-0.6288437, 44.7946737], [-0.6287325, 44.7947451], [-0.6286416, 44.794808], [-0.6285439, 44.7948762], [-0.628453, 44.7949471], [-0.6282643, 44.7951042], [-0.6281776, 44.7951844], [-0.6280702, 44.7952883], [-0.6280021, 44.7953621], [-0.6279302, 44.7954426], [-0.627885, 44.7954964], [-0.6278191, 44.7955824], [-0.6278052, 44.7956004], [-0.627697, 44.7957463], [-0.6276374, 44.7958366], [-0.6275862, 44.7959186], [-0.6275564, 44.7959709], [-0.627607, 44.7960062]]]]}, "id": "parcelle:33318:DR:0264"}, {"type": "Feature", "properties": {"scout_v5_id": "parcelle:33318:HA:0073", "grain": "parcelle", "batiment_construction_id": "", "bdnb_batiment_construction_id": "", "batiment_groupe_id": "", "osm_building_id": "", "osm_match_status": "", "osm_bdnb_intersection_area_m2": "", "osm_address_text": "", "code_insee": "33318", "section": "HA", "numero_norm": "0073", "code_iris": "333180122", "nom_iris": "Saige Nord", "nb_batiments": 1, "annee_construction": "", "footprint_m2": "", "footprint_sum_m2": 2677.069319455078, "siren_status": "none", "status_technique": "no_candidate", "status_metier": "none", "siret_count": 0, "passerelle_address": "", "passerelle_indice_norm": "", "passerelle_numero_match": "", "passerelle_addresses_json": "[]", "sirets_json": "[]", "sirens_json": "[]", "matching_confidence": 0.0, "matching_reason": "", "matching_status": "mono", "matching_decision": "", "matching_siren_selected": "", "matching_debug_json": "", "parcelles_json": "", "buildings_json": "[{\"batiment_construction_id\": \"r:63435500\", \"bdnb_batiment_construction_id\": null, \"batiment_groupe_id\": null, \"annee_construction\": null, \"footprint_m2\": 2677.069319455078, \"intersection_area_m2\": 2677.0693194550786, \"osm_building_id\": \"r:63435500\", \"osm_match_status\": \"unmatched\", \"osm_bdnb_intersection_area_m2\": null, \"osm_address_text\": \"1 Place du Théâtre de Verdure, 33600\", \"matching_status\": \"mono\", \"matching_decision\": \"mono\", \"matching_siren_selected\": \"\"}]", "building_geometries_json": "[{\"batiment_construction_id\": \"r:63435500\", \"bdnb_batiment_construction_id\": null, \"batiment_groupe_id\": null, \"osm_building_id\": \"r:63435500\", \"osm_match_status\": \"unmatched\", \"osm_bdnb_intersection_area_m2\": null, \"osm_address_text\": \"1 Place du Théâtre de Verdure, 33600\", \"annee_construction\": null, \"footprint_m2\": 2677.069319455078, \"geometry\": {\"type\": \"MultiPolygon\", \"coordinates\": [[[[-0.6313107, 44.7932507], [-0.6312512, 44.7927375], [-0.6310253, 44.7927508], [-0.6309624, 44.7922083], [-0.6312143, 44.7921935], [-0.6311994, 44.7920648], [-0.6307668, 44.7920903], [-0.6308599, 44.7928933], [-0.6310926, 44.7928796], [-0.6311222, 44.7931342], [-0.6308926, 44.7931477], [-0.6309073, 44.7932744], [-0.6313107, 44.7932507]]]]}}]", "google_fallback_attempted": "false", "google_fallback_success": "false", "google_fallback_group_id": "", "google_nearby_status": "", "google_nearby_error": "", "google_raw_nearby_count": "0", "google_excluded_outside_parcel": "0", "google_nearby_ranked_json": "[]", "google_winner_place_id": "", "google_winner_name": "", "google_anchor_address": "", "google_api_gouv_query": "", "google_api_gouv_etablissements_count": "0", "google_reject_reason": "", "osm_pois_json": "[]", "osm_poi_count": 0, "osm_pois_status": "ok", "osm_poi_truncated": 0, "osm_data_as_of": ""}, "geometry": {"type": "MultiPolygon", "coordinates": [[[[-0.6306094, 44.7933718], [-0.6314823, 44.7933166], [-0.6314931, 44.7933921], [-0.6319225, 44.7928907], [-0.6327322, 44.7919473], [-0.6331674, 44.7914404], [-0.6332048, 44.7913975], [-0.6332913, 44.7912769], [-0.6321367, 44.7913498], [-0.6321944, 44.7918026], [-0.6321985, 44.7918347], [-0.6322553, 44.7922805], [-0.6322481, 44.7922864], [-0.6322455, 44.7922913], [-0.6322412, 44.7922951], [-0.632237, 44.7923009], [-0.6322328, 44.7923066], [-0.6322295, 44.7923121], [-0.6322258, 44.7923166], [-0.6322234, 44.7923215], [-0.6322196, 44.7923269], [-0.6322154, 44.7923312], [-0.6322113, 44.7923372], [-0.6322064, 44.7923416], [-0.6322007, 44.7923464], [-0.6321959, 44.7923504], [-0.6321878, 44.7923544], [-0.6321828, 44.7923572], [-0.6321748, 44.7923598], [-0.6321679, 44.7923626], [-0.6321613, 44.7923648], [-0.6321543, 44.7923666], [-0.6321469, 44.7923678], [-0.6321398, 44.7923696], [-0.6321323, 44.7923707], [-0.6321258, 44.7923713], [-0.6321214, 44.7923718], [-0.632116, 44.7923731], [-0.6318661, 44.7923895], [-0.6317142, 44.7923992], [-0.6316659, 44.7924024], [-0.6315193, 44.7924119], [-0.6315127, 44.7924123], [-0.6315036, 44.792413], [-0.6314953, 44.7924105], [-0.6314863, 44.7924091], [-0.6314802, 44.7924067], [-0.6314731, 44.7924049], [-0.6314669, 44.7924027], [-0.6314605, 44.7924003], [-0.6314567, 44.7923983], [-0.6314514, 44.7923961], [-0.631446, 44.7923929], [-0.6314417, 44.7923894], [-0.6314363, 44.792386], [-0.6314311, 44.7923834], [-0.6314261, 44.7923791], [-0.6314221, 44.7923754], [-0.6314179, 44.7923719], [-0.6314126, 44.7923668], [-0.6314068, 44.7923603], [-0.631405, 44.7923564], [-0.6314029, 44.792353], [-0.6314003, 44.7923503], [-0.6313972, 44.7923455], [-0.6313947, 44.7923401], [-0.6313917, 44.7923343], [-0.6313906, 44.7923296], [-0.6313527, 44.7920007], [-0.6312888, 44.7919661], [-0.6312254, 44.79197], [-0.6307679, 44.7919987], [-0.6304385, 44.7920192], [-0.6306094, 44.7933718]]]]}, "id": "parcelle:33318:HA:0073"}, {"type": "Feature", "properties": {"scout_v5_id": "parcelle:33318:BE:0070", "grain": "parcelle", "batiment_construction_id": "", "bdnb_batiment_construction_id": "", "batiment_groupe_id": "", "osm_building_id": "", "osm_match_status": "", "osm_bdnb_intersection_area_m2": "", "osm_address_text": "", "code_insee": "33318", "section": "BE", "numero_norm": "0070", "code_iris": "333180106", "nom_iris": "Le Bourg", "nb_batiments": 1, "annee_construction": "", "footprint_m2": "", "footprint_sum_m2": 1860.314270159876, "siren_status": "none", "status_technique": "no_candidate", "status_metier": "none", "siret_count": 0, "passerelle_address": "", "passerelle_indice_norm": "", "passerelle_numero_match": "", "passerelle_addresses_json": "[]", "sirets_json": "[]", "sirens_json": "[]", "matching_confidence": 0.0, "matching_reason": "", "matching_status": "mono", "matching_decision": "", "matching_siren_selected": "", "matching_debug_json": "", "parcelles_json": "", "buildings_json": "[{\"batiment_construction_id\": \"r:63440890\", \"bdnb_batiment_construction_id\": \"bdnb-bg-ECHJ-CU43-V8EF:1\", \"batiment_groupe_id\": \"bdnb-bg-ECHJ-CU43-V8EF\", \"annee_construction\": 2017, \"footprint_m2\": 1860.314270159876, \"intersection_area_m2\": 1798.355696198247, \"osm_building_id\": \"r:63440890\", \"osm_match_status\": \"matched\", \"osm_bdnb_intersection_area_m2\": 1789.3105570391724, \"osm_address_text\": \"Avenue du Colonel Robert Jacqui, 33600 Pessac\", \"matching_status\": \"partage\", \"matching_decision\": \"unique_by_intersection\", \"matching_siren_selected\": \"\"}]", "building_geometries_json": "[{\"batiment_construction_id\": \"r:63440890\", \"bdnb_batiment_construction_id\": \"bdnb-bg-ECHJ-CU43-V8EF:1\", \"batiment_groupe_id\": \"bdnb-bg-ECHJ-CU43-V8EF\", \"osm_building_id\": \"r:63440890\", \"osm_match_status\": \"matched\", \"osm_bdnb_intersection_area_m2\": 1789.3105570391724, \"osm_address_text\": \"Avenue du Colonel Robert Jacqui, 33600 Pessac\", \"annee_construction\": 2017, \"footprint_m2\": 1860.314270159876, \"geometry\": {\"type\": \"MultiPolygon\", \"coordinates\": [[[[-0.6284231, 44.8114802], [-0.6283932, 44.8113085], [-0.6282958, 44.8113177], [-0.6281426, 44.8113328], [-0.6281204, 44.8112259], [-0.6279864, 44.8112401], [-0.6280084, 44.8113421], [-0.6277257, 44.8113734], [-0.6277102, 44.8113064], [-0.6274869, 44.8114549], [-0.6275166, 44.8115788], [-0.6276254, 44.8115652], [-0.627636, 44.8116093], [-0.6282801, 44.8115467], [-0.6282736, 44.8115189], [-0.6283086, 44.8115147], [-0.6283039, 44.8114933], [-0.6284231, 44.8114802]]]]}}]", "google_fallback_attempted": "false", "google_fallback_success": "false", "google_fallback_group_id": "", "google_nearby_status": "", "google_nearby_error": "", "google_raw_nearby_count": "0", "google_excluded_outside_parcel": "0", "google_nearby_ranked_json": "[]", "google_winner_place_id": "", "google_winner_name": "", "google_anchor_address": "", "google_api_gouv_query": "", "google_api_gouv_etablissements_count": "0", "google_reject_reason": "", "osm_pois_json": "[]", "osm_poi_count": 0, "osm_pois_status": "ok", "osm_poi_truncated": 0, "osm_data_as_of": ""}, "geometry": {"type": "MultiPolygon", "coordinates": [[[[-0.627743, 44.8112345], [-0.6276206, 44.8113049], [-0.6274364, 44.8114345], [-0.6274802, 44.8116078], [-0.6275786, 44.8116479], [-0.6290339, 44.8114892], [-0.6289944, 44.8114378], [-0.6289253, 44.8111254], [-0.6288869, 44.8111052], [-0.6283238, 44.8111672], [-0.628292, 44.811198], [-0.6282968, 44.8112245], [-0.6282982, 44.8112333], [-0.6282755, 44.8112624], [-0.6282192, 44.8112683], [-0.6281274, 44.8112779], [-0.6278032, 44.8113122], [-0.6277884, 44.8112929], [-0.627743, 44.8112345]]]]}, "id": "parcelle:33318:BE:0070"}, {"type": "Feature", "properties": {"scout_v5_id": "parcelle:33318:BE:0169", "grain": "parcelle", "batiment_construction_id": "", "bdnb_batiment_construction_id": "", "batiment_groupe_id": "", "osm_building_id": "", "osm_match_status": "", "osm_bdnb_intersection_area_m2": "", "osm_address_text": "", "code_insee": "33318", "section": "BE", "numero_norm": "0169", "code_iris": "333180106", "nom_iris": "Le Bourg", "nb_batiments": 1, "annee_construction": "", "footprint_m2": "", "footprint_sum_m2": 1860.314270159876, "siren_status": "none", "status_technique": "no_candidate", "status_metier": "none", "siret_count": 0, "passerelle_address": "", "passerelle_indice_norm": "", "passerelle_numero_match": "", "passerelle_addresses_json": "[]", "sirets_json": "[]", "sirens_json": "[]", "matching_confidence": 0.0, "matching_reason": "", "matching_status": "mono", "matching_decision": "", "matching_siren_selected": "", "matching_debug_json": "", "parcelles_json": "", "buildings_json": "[{\"batiment_construction_id\": \"r:63440890\", \"bdnb_batiment_construction_id\": \"bdnb-bg-ECHJ-CU43-V8EF:1\", \"batiment_groupe_id\": \"bdnb-bg-ECHJ-CU43-V8EF\", \"annee_construction\": 2017, \"footprint_m2\": 1860.314270159876, \"intersection_area_m2\": 61.95857396218661, \"osm_building_id\": \"r:63440890\", \"osm_match_status\": \"matched\", \"osm_bdnb_intersection_area_m2\": 1789.3105570391724, \"osm_address_text\": \"Avenue du Colonel Robert Jacqui, 33600 Pessac\", \"matching_status\": \"partage\", \"matching_decision\": \"unique_by_intersection\", \"matching_siren_selected\": \"\"}]", "building_geometries_json": "[{\"batiment_construction_id\": \"r:63440890\", \"bdnb_batiment_construction_id\": \"bdnb-bg-ECHJ-CU43-V8EF:1\", \"batiment_groupe_id\": \"bdnb-bg-ECHJ-CU43-V8EF\", \"osm_building_id\": \"r:63440890\", \"osm_match_status\": \"matched\", \"osm_bdnb_intersection_area_m2\": 1789.3105570391724, \"osm_address_text\": \"Avenue du Colonel Robert Jacqui, 33600 Pessac\", \"annee_construction\": 2017, \"footprint_m2\": 1860.314270159876, \"geometry\": {\"type\": \"MultiPolygon\", \"coordinates\": [[[[-0.6284231, 44.8114802], [-0.6283932, 44.8113085], [-0.6282958, 44.8113177], [-0.6281426, 44.8113328], [-0.6281204, 44.8112259], [-0.6279864, 44.8112401], [-0.6280084, 44.8113421], [-0.6277257, 44.8113734], [-0.6277102, 44.8113064], [-0.6274869, 44.8114549], [-0.6275166, 44.8115788], [-0.6276254, 44.8115652], [-0.627636, 44.8116093], [-0.6282801, 44.8115467], [-0.6282736, 44.8115189], [-0.6283086, 44.8115147], [-0.6283039, 44.8114933], [-0.6284231, 44.8114802]]]]}}]", "google_fallback_attempted": "false", "google_fallback_success": "false", "google_fallback_group_id": "", "google_nearby_status": "", "google_nearby_error": "", "google_raw_nearby_count": "0", "google_excluded_outside_parcel": "0", "google_nearby_ranked_json": "[]", "google_winner_place_id": "", "google_winner_name": "", "google_anchor_address": "", "google_api_gouv_query": "", "google_api_gouv_etablissements_count": "0", "google_reject_reason": "", "osm_pois_json": "[]", "osm_poi_count": 0, "osm_pois_status": "ok", "osm_poi_truncated": 0, "osm_data_as_of": ""}, "geometry": {"type": "MultiPolygon", "coordinates": [[[[-0.627743, 44.8112345], [-0.6277884, 44.8112929], [-0.6278032, 44.8113122], [-0.6281274, 44.8112779], [-0.6282192, 44.8112683], [-0.6282755, 44.8112624], [-0.6282982, 44.8112333], [-0.6282968, 44.8112245], [-0.628292, 44.811198], [-0.6283238, 44.8111672], [-0.6288869, 44.8111052], [-0.6289253, 44.8111254], [-0.6289679, 44.8110373], [-0.6289312, 44.8109416], [-0.6287058, 44.8106513], [-0.6286289, 44.8106966], [-0.6284356, 44.8108107], [-0.6282907, 44.8109072], [-0.6280481, 44.8110667], [-0.6277715, 44.8112176], [-0.627743, 44.8112345]]]]}, "id": "parcelle:33318:BE:0169"}, {"type": "Feature", "properties": {"scout_v5_id": "parcelle:33318:DH:0171", "grain": "parcelle", "batiment_construction_id": "", "bdnb_batiment_construction_id": "", "batiment_groupe_id": "", "osm_building_id": "", "osm_match_status": "", "osm_bdnb_intersection_area_m2": "", "osm_address_text": "", "code_insee": "33318", "section": "DH", "numero_norm": "0171", "code_iris": "333180117", "nom_iris": "Fac Sciences-Droit", "nb_batiments": 1, "annee_construction": "", "footprint_m2": "", "footprint_sum_m2": 8339.69096963923, "siren_status": "none", "status_technique": "no_candidate", "status_metier": "none", "siret_count": 0, "passerelle_address": "", "passerelle_indice_norm": "", "passerelle_numero_match": "", "passerelle_addresses_json": "[]", "sirets_json": "[]", "sirens_json": "[]", "matching_confidence": 0.0, "matching_reason": "", "matching_status": "mono", "matching_decision": "", "matching_siren_selected": "", "matching_debug_json": "", "parcelles_json": "", "buildings_json": "[{\"batiment_construction_id\": \"r:63480008\", \"bdnb_batiment_construction_id\": \"bdnb-bg-M7MS-84MX-3QGJ:1\", \"batiment_groupe_id\": \"bdnb-bg-M7MS-84MX-3QGJ\", \"annee_construction\": 2008, \"footprint_m2\": 8339.69096963923, \"intersection_area_m2\": 8339.690969639227, \"osm_building_id\": \"r:63480008\", \"osm_match_status\": \"matched\", \"osm_bdnb_intersection_area_m2\": 7834.020302990367, \"osm_address_text\": \"Avenue Léon Duguit, 33608 Pessac\", \"matching_status\": \"mono\", \"matching_decision\": \"mono\", \"matching_siren_selected\": \"\"}]", "building_geometries_json": "[{\"batiment_construction_id\": \"r:63480008\", \"bdnb_batiment_construction_id\": \"bdnb-bg-M7MS-84MX-3QGJ:1\", \"batiment_groupe_id\": \"bdnb-bg-M7MS-84MX-3QGJ\", \"osm_building_id\": \"r:63480008\", \"osm_match_status\": \"matched\", \"osm_bdnb_intersection_area_m2\": 7834.020302990367, \"osm_address_text\": \"Avenue Léon Duguit, 33608 Pessac\", \"annee_construction\": 2008, \"footprint_m2\": 8339.69096963923, \"geometry\": {\"type\": \"MultiPolygon\", \"coordinates\": [[[[-0.6193636, 44.7976681], [-0.6192449, 44.7974347], [-0.6189814, 44.797503], [-0.6189787, 44.797498], [-0.6189524, 44.7975047], [-0.6189557, 44.7973449], [-0.6191626, 44.7972877], [-0.6190323, 44.7970325], [-0.6187409, 44.7971098], [-0.6188086, 44.7972424], [-0.6187751, 44.797251], [-0.618739, 44.7972607], [-0.6186689, 44.7971286], [-0.6182993, 44.7972254], [-0.6183274, 44.797281], [-0.6182506, 44.7973005], [-0.6183299, 44.7974567], [-0.6184071, 44.797437], [-0.61843, 44.7974826], [-0.6184459, 44.7974784], [-0.6184546, 44.7974957], [-0.6184482, 44.7974978], [-0.6185007, 44.7976024], [-0.6185059, 44.7976128], [-0.618513, 44.7976112], [-0.6185209, 44.7976263], [-0.6183891, 44.7976601], [-0.6181778, 44.7977143], [-0.6181174, 44.7977299], [-0.6181117, 44.7977181], [-0.618076, 44.7977271], [-0.6180372, 44.7977369], [-0.6179838, 44.7977505], [-0.617894, 44.7977732], [-0.6178104, 44.7977943], [-0.617751, 44.7978094], [-0.6177181, 44.7978177], [-0.6176771, 44.7978281], [-0.6176913, 44.7978575], [-0.6176219, 44.797876], [-0.6175498, 44.7978956], [-0.6175343, 44.7978665], [-0.6173921, 44.7979042], [-0.6170388, 44.797998], [-0.6170005, 44.7980081], [-0.6169658, 44.7980173], [-0.6166597, 44.798099], [-0.6166283, 44.7981072], [-0.6165034, 44.7981399], [-0.6164692, 44.798149], [-0.6160379, 44.7982633], [-0.6160034, 44.7982725], [-0.6159723, 44.7982808], [-0.6155466, 44.7983937], [-0.6155714, 44.7984443], [-0.6155802, 44.7984623], [-0.6155908, 44.798484], [-0.6156054, 44.7985138], [-0.6156114, 44.7985261], [-0.617081, 44.798135], [-0.617529, 44.7980158], [-0.6175407, 44.7980127], [-0.6176004, 44.7979968], [-0.6175716, 44.7979386], [-0.6176431, 44.7979188], [-0.6177133, 44.7978994], [-0.6177484, 44.7979647], [-0.617787, 44.7980371], [-0.618219, 44.7979234], [-0.6181473, 44.7977892], [-0.6182111, 44.7977722], [-0.6182937, 44.7977506], [-0.6184043, 44.7979565], [-0.6186577, 44.7978907], [-0.6185685, 44.7977194], [-0.6186379, 44.7977021], [-0.6187081, 44.7978402], [-0.6188899, 44.7977931], [-0.6188185, 44.7976549], [-0.6188852, 44.7976368], [-0.6189574, 44.7977749], [-0.6191028, 44.7977367], [-0.6190316, 44.7975979], [-0.6190804, 44.7975862], [-0.6191518, 44.7977233], [-0.6193636, 44.7976681]]]]}}]", "google_fallback_attempted": "false", "google_fallback_success": "false", "google_fallback_group_id": "", "google_nearby_status": "", "google_nearby_error": "", "google_raw_nearby_count": "0", "google_excluded_outside_parcel": "0", "google_nearby_ranked_json": "[]", "google_winner_place_id": "", "google_winner_name": "", "google_anchor_address": "", "google_api_gouv_query": "", "google_api_gouv_etablissements_count": "0", "google_reject_reason": "", "osm_pois_json": "[]", "osm_poi_count": 0, "osm_pois_status": "ok", "osm_poi_truncated": 0, "osm_data_as_of": ""}, "geometry": {"type": "MultiPolygon", "coordinates": [[[[-0.6190985, 44.7969709], [-0.6179241, 44.7972839], [-0.617946, 44.7973255], [-0.6179735, 44.7973776], [-0.6180387, 44.7975003], [-0.6177175, 44.797587], [-0.617573, 44.797626], [-0.6176389, 44.7977503], [-0.6153317, 44.7983652], [-0.6154218, 44.7985362], [-0.6154353, 44.7985603], [-0.6155445, 44.7987665], [-0.6194686, 44.7977212], [-0.6194271, 44.7976233], [-0.619377, 44.797524], [-0.6193687, 44.7975075], [-0.6193265, 44.7974239], [-0.6192479, 44.7972683], [-0.6192072, 44.7971879], [-0.6191932, 44.7971597], [-0.6191347, 44.7970443], [-0.6190985, 44.7969709]]]]}, "id": "parcelle:33318:DH:0171"}, {"type": "Feature", "properties": {"scout_v5_id": "parcelle:33318:HA:0076", "grain": "parcelle", "batiment_construction_id": "", "bdnb_batiment_construction_id": "", "batiment_groupe_id": "", "osm_building_id": "", "osm_match_status": "", "osm_bdnb_intersection_area_m2": "", "osm_address_text": "", "code_insee": "33318", "section": "HA", "numero_norm": "0076", "code_iris": "333180121", "nom_iris": "Saige Sud", "nb_batiments": 1, "annee_construction": "", "footprint_m2": "", "footprint_sum_m2": 1845.4583072246055, "siren_status": "none", "status_technique": "no_candidate", "status_metier": "none", "siret_count": 0, "passerelle_address": "", "passerelle_indice_norm": "", "passerelle_numero_match": "", "passerelle_addresses_json": "[]", "sirets_json": "[]", "sirens_json": "[]", "matching_confidence": 0.0, "matching_reason": "", "matching_status": "mono", "matching_decision": "", "matching_siren_selected": "", "matching_debug_json": "", "parcelles_json": "", "buildings_json": "[{\"batiment_construction_id\": \"r:63480032\", \"bdnb_batiment_construction_id\": \"bdnb-bg-QZ6R-KBXW-689D:2\", \"batiment_groupe_id\": \"bdnb-bg-QZ6R-KBXW-689D\", \"annee_construction\": null, \"footprint_m2\": 1845.4583072246055, \"intersection_area_m2\": 1845.4583072246057, \"osm_building_id\": \"r:63480032\", \"osm_match_status\": \"matched\", \"osm_bdnb_intersection_area_m2\": 1768.4848808226648, \"osm_address_text\": \"\", \"matching_status\": \"mono\", \"matching_decision\": \"mono\", \"matching_siren_selected\": \"\"}]", "building_geometries_json": "[{\"batiment_construction_id\": \"r:63480032\", \"bdnb_batiment_construction_id\": \"bdnb-bg-QZ6R-KBXW-689D:2\", \"batiment_groupe_id\": \"bdnb-bg-QZ6R-KBXW-689D\", \"osm_building_id\": \"r:63480032\", \"osm_match_status\": \"matched\", \"osm_bdnb_intersection_area_m2\": 1768.4848808226648, \"osm_address_text\": \"\", \"annee_construction\": null, \"footprint_m2\": 1845.4583072246055, \"geometry\": {\"type\": \"MultiPolygon\", \"coordinates\": [[[[-0.6261479, 44.7922915], [-0.6261339, 44.7921345], [-0.6260132, 44.79214], [-0.6260044, 44.792042], [-0.6259854, 44.7918292], [-0.6254795, 44.7918521], [-0.6255085, 44.7921765], [-0.6255442, 44.7921749], [-0.6255518, 44.7922596], [-0.6256358, 44.7922558], [-0.6256285, 44.7921733], [-0.6258858, 44.7921617], [-0.6258984, 44.7923028], [-0.6261479, 44.7922915]]]]}}]", "google_fallback_attempted": "false", "google_fallback_success": "false", "google_fallback_group_id": "", "google_nearby_status": "", "google_nearby_error": "", "google_raw_nearby_count": "0", "google_excluded_outside_parcel": "0", "google_nearby_ranked_json": "[]", "google_winner_place_id": "", "google_winner_name": "", "google_anchor_address": "", "google_api_gouv_query": "", "google_api_gouv_etablissements_count": "0", "google_reject_reason": "", "osm_pois_json": "[]", "osm_poi_count": 0, "osm_pois_status": "ok", "osm_poi_truncated": 0, "osm_data_as_of": ""}, "geometry": {"type": "MultiPolygon", "coordinates": [[[[-0.6250029, 44.7916316], [-0.6251399, 44.791742], [-0.6252624, 44.7918752], [-0.6253602, 44.7918336], [-0.625504, 44.7924008], [-0.6256117, 44.7928478], [-0.6257507, 44.7933555], [-0.6258621, 44.7937332], [-0.6258567, 44.7936943], [-0.6257839, 44.7931857], [-0.6259098, 44.7931776], [-0.6268916, 44.7931137], [-0.6268765, 44.7929967], [-0.6268536, 44.7927968], [-0.6268081, 44.7924291], [-0.6267961, 44.7923442], [-0.6267925, 44.7923167], [-0.6267795, 44.7922385], [-0.6267748, 44.7922028], [-0.6267249, 44.7918134], [-0.6267203, 44.7917768], [-0.6266827, 44.7914831], [-0.6266772, 44.7914419], [-0.6259163, 44.7914878], [-0.6250552, 44.7915399], [-0.6250429, 44.7915589], [-0.6250029, 44.7916316]]]]}, "id": "parcelle:33318:HA:0076"}, {"type": "Feature", "properties": {"scout_v5_id": "parcelle:33318:DH:0102", "grain": "parcelle", "batiment_construction_id": "", "bdnb_batiment_construction_id": "", "batiment_groupe_id": "", "osm_building_id": "", "osm_match_status": "", "osm_bdnb_intersection_area_m2": "", "osm_address_text": "", "code_insee": "33318", "section": "DH", "numero_norm": "0102", "code_iris": "333180117", "nom_iris": "Fac Sciences-Droit", "nb_batiments": 1, "annee_construction": "", "footprint_m2": "", "footprint_sum_m2": 703.1631779161352, "siren_status": "none", "status_technique": "no_candidate", "status_metier": "none", "siret_count": 0, "passerelle_address": "", "passerelle_indice_norm": "", "passerelle_numero_match": "", "passerelle_addresses_json": "[]", "sirets_json": "[]", "sirens_json": "[]", "matching_confidence": 0.0, "matching_reason": "", "matching_status": "mono", "matching_decision": "", "matching_siren_selected": "", "matching_debug_json": "", "parcelles_json": "", "buildings_json": "[{\"batiment_construction_id\": \"r:63529406\", \"bdnb_batiment_construction_id\": null, \"batiment_groupe_id\": null, \"annee_construction\": null, \"footprint_m2\": 703.1631779161352, \"intersection_area_m2\": 703.163177916135, \"osm_building_id\": \"r:63529406\", \"osm_match_status\": \"unmatched\", \"osm_bdnb_intersection_area_m2\": null, \"osm_address_text\": \"\", \"matching_status\": \"mono\", \"matching_decision\": \"mono\", \"matching_siren_selected\": \"\"}]", "building_geometries_json": "[{\"batiment_construction_id\": \"r:63529406\", \"bdnb_batiment_construction_id\": null, \"batiment_groupe_id\": null, \"osm_building_id\": \"r:63529406\", \"osm_match_status\": \"unmatched\", \"osm_bdnb_intersection_area_m2\": null, \"osm_address_text\": \"\", \"annee_construction\": null, \"footprint_m2\": 703.1631779161352, \"geometry\": {\"type\": \"MultiPolygon\", \"coordinates\": [[[[-0.6138038, 44.799925], [-0.6137939, 44.7999115], [-0.6137953, 44.7998941], [-0.6137823, 44.7998837], [-0.6137821, 44.7998683], [-0.6137648, 44.7998589], [-0.6137586, 44.7998425], [-0.6137392, 44.7998364], [-0.6137295, 44.7998228], [-0.6137098, 44.7998189], [-0.6136963, 44.7998076], [-0.6136759, 44.7998072], [-0.61366, 44.7997981], [-0.613638, 44.7997998], [-0.6136183, 44.7997936], [-0.6135996, 44.7997984], [-0.6135792, 44.7997949], [-0.6135615, 44.7998032], [-0.6135394, 44.7998034], [-0.6135255, 44.7998135], [-0.6135054, 44.7998145], [-0.6134951, 44.7998268], [-0.6134795, 44.7998311], [-0.6134676, 44.7998467], [-0.6134482, 44.7998553], [-0.6134447, 44.7998706], [-0.6134301, 44.7998806], [-0.6134311, 44.799896], [-0.6134199, 44.7999097], [-0.6134257, 44.7999231], [-0.6134189, 44.7999384], [-0.6134294, 44.7999513], [-0.6134246, 44.7999676], [-0.6134396, 44.7999778], [-0.6134386, 44.7999939], [-0.6134551, 44.8000034], [-0.6134591, 44.8000167], [-0.6134785, 44.800024], [-0.6134886, 44.8000382], [-0.6135093, 44.8000422], [-0.6135225, 44.8000539], [-0.6135438, 44.8000549], [-0.6135598, 44.8000642], [-0.613581, 44.8000618], [-0.6135991, 44.8000688], [-0.6136186, 44.8000631], [-0.6136383, 44.8000677], [-0.6136577, 44.8000594], [-0.6136792, 44.8000595], [-0.6136946, 44.8000488], [-0.6137155, 44.8000468], [-0.6137265, 44.800034], [-0.6137473, 44.8000285], [-0.6137548, 44.8000146], [-0.6137716, 44.8000059], [-0.6137758, 44.7999912], [-0.6137906, 44.7999803], [-0.61379, 44.7999647], [-0.6138004, 44.7999541], [-0.6137955, 44.7999386], [-0.6138038, 44.799925]]]]}}]", "google_fallback_attempted": "false", "google_fallback_success": "false", "google_fallback_group_id": "", "google_nearby_status": "", "google_nearby_error": "", "google_raw_nearby_count": "0", "google_excluded_outside_parcel": "0", "google_nearby_ranked_json": "[]", "google_winner_place_id": "", "google_winner_name": "", "google_anchor_address": "", "google_api_gouv_query": "", "google_api_gouv_etablissements_count": "0", "google_reject_reason": "", "osm_pois_json": "[]", "osm_poi_count": 0, "osm_pois_status": "ok", "osm_poi_truncated": 0, "osm_data_as_of": ""}, "geometry": {"type": "MultiPolygon", "coordinates": [[[[-0.6131647, 44.7996761], [-0.6134214, 44.8001687], [-0.6134737, 44.8002692], [-0.6135865, 44.8002383], [-0.6140961, 44.8000984], [-0.6140833, 44.800073], [-0.6138408, 44.7995923], [-0.6132422, 44.7997514], [-0.6131988, 44.7996671], [-0.6131647, 44.7996761]]]]}, "id": "parcelle:33318:DH:0102"}, {"type": "Feature", "properties": {"scout_v5_id": "parcelle:33318:DH:0157", "grain": "parcelle", "batiment_construction_id": "", "bdnb_batiment_construction_id": "", "batiment_groupe_id": "", "osm_building_id": "", "osm_match_status": "", "osm_bdnb_intersection_area_m2": "", "osm_address_text": "", "code_insee": "33318", "section": "DH", "numero_norm": "0157", "code_iris": "333180117", "nom_iris": "Fac Sciences-Droit", "nb_batiments": 2, "annee_construction": "", "footprint_m2": "", "footprint_sum_m2": 1109.0335971544132, "siren_status": "none", "status_technique": "no_candidate", "status_metier": "none", "siret_count": 0, "passerelle_address": "", "passerelle_indice_norm": "", "passerelle_numero_match": "", "passerelle_addresses_json": "[]", "sirets_json": "[]", "sirens_json": "[]", "matching_confidence": 0.0, "matching_reason": "", "matching_status": "mono", "matching_decision": "", "matching_siren_selected": "", "matching_debug_json": "", "parcelles_json": "", "buildings_json": "[{\"batiment_construction_id\": \"r:63529412\", \"bdnb_batiment_construction_id\": null, \"batiment_groupe_id\": null, \"annee_construction\": null, \"footprint_m2\": 521.6622330639681, \"intersection_area_m2\": 521.6622330639681, \"osm_building_id\": \"r:63529412\", \"osm_match_status\": \"unmatched\", \"osm_bdnb_intersection_area_m2\": null, \"osm_address_text\": \"\", \"matching_status\": \"mono\", \"matching_decision\": \"mono\", \"matching_siren_selected\": \"\"}, {\"batiment_construction_id\": \"r:63529414\", \"bdnb_batiment_construction_id\": null, \"batiment_groupe_id\": null, \"annee_construction\": null, \"footprint_m2\": 587.3713640904451, \"intersection_area_m2\": 587.3713640904452, \"osm_building_id\": \"r:63529414\", \"osm_match_status\": \"unmatched\", \"osm_bdnb_intersection_area_m2\": null, \"osm_address_text\": \"\", \"matching_status\": \"mono\", \"matching_decision\": \"mono\", \"matching_siren_selected\": \"\"}]", "building_geometries_json": "[{\"batiment_construction_id\": \"r:63529412\", \"bdnb_batiment_construction_id\": null, \"batiment_groupe_id\": null, \"osm_building_id\": \"r:63529412\", \"osm_match_status\": \"unmatched\", \"osm_bdnb_intersection_area_m2\": null, \"osm_address_text\": \"\", \"annee_construction\": null, \"footprint_m2\": 521.6622330639681, \"geometry\": {\"type\": \"MultiPolygon\", \"coordinates\": [[[[-0.6124948, 44.8006714], [-0.6122553, 44.8002008], [-0.6121437, 44.8002294], [-0.6123831, 44.8007], [-0.6124948, 44.8006714]]]]}}, {\"batiment_construction_id\": \"r:63529414\", \"bdnb_batiment_construction_id\": null, \"batiment_groupe_id\": null, \"osm_building_id\": \"r:63529414\", \"osm_match_status\": \"unmatched\", \"osm_bdnb_intersection_area_m2\": null, \"osm_address_text\": \"\", \"annee_construction\": null, \"footprint_m2\": 587.3713640904451, \"geometry\": {\"type\": \"MultiPolygon\", \"coordinates\": [[[[-0.6134579, 44.8006131], [-0.6131816, 44.8000915], [-0.6130681, 44.8001205], [-0.6133465, 44.800643], [-0.6133826, 44.8006333], [-0.6133927, 44.8006306], [-0.6134079, 44.8006265], [-0.6134579, 44.8006131]]]]}}]", "google_fallback_attempted": "false", "google_fallback_success": "false", "google_fallback_group_id": "", "google_nearby_status": "", "google_nearby_error": "", "google_raw_nearby_count": "0", "google_excluded_outside_parcel": "0", "google_nearby_ranked_json": "[]", "google_winner_place_id": "", "google_winner_name": "", "google_anchor_address": "", "google_api_gouv_query": "", "google_api_gouv_etablissements_count": "0", "google_reject_reason": "", "osm_pois_json": "[]", "osm_poi_count": 0, "osm_pois_status": "ok", "osm_poi_truncated": 0, "osm_data_as_of": ""}, "geometry": {"type": "MultiPolygon", "coordinates": [[[[-0.6131781, 44.800984], [-0.6131902, 44.8009807], [-0.6132078, 44.8009533], [-0.6131346, 44.8008132], [-0.613355, 44.8007549], [-0.6133319, 44.8007109], [-0.6135958, 44.800641], [-0.6130327, 44.7995907], [-0.6118052, 44.7999238], [-0.6119917, 44.8002654], [-0.6120502, 44.8002491], [-0.6122945, 44.8007192], [-0.6122369, 44.8007342], [-0.6122525, 44.8007634], [-0.6130398, 44.8006524], [-0.6130801, 44.8007157], [-0.6131176, 44.8007852], [-0.6131455, 44.8008456], [-0.6131627, 44.8008959], [-0.613171, 44.8009384], [-0.6131781, 44.800984]]]]}, "id": "parcelle:33318:DH:0157"}, {"type": "Feature", "properties": {"scout_v5_id": "parcelle:33318:HA:0056", "grain": "parcelle", "batiment_construction_id": "", "bdnb_batiment_construction_id": "", "batiment_groupe_id": "", "osm_building_id": "", "osm_match_status": "", "osm_bdnb_intersection_area_m2": "", "osm_address_text": "", "code_insee": "33318", "section": "HA", "numero_norm": "0056", "code_iris": "333180122", "nom_iris": "Saige Nord", "nb_batiments": 1, "annee_construction": "", "footprint_m2": "", "footprint_sum_m2": 4523.292849121463, "siren_status": "none", "status_technique": "no_candidate", "status_metier": "none", "siret_count": 0, "passerelle_address": "", "passerelle_indice_norm": "", "passerelle_numero_match": "", "passerelle_addresses_json": "[]", "sirets_json": "[]", "sirens_json": "[]", "matching_confidence": 0.0, "matching_reason": "", "matching_status": "mono", "matching_decision": "", "matching_siren_selected": "", "matching_debug_json": "", "parcelles_json": "", "buildings_json": "[{\"batiment_construction_id\": \"r:63535180\", \"bdnb_batiment_construction_id\": null, \"batiment_groupe_id\": null, \"annee_construction\": null, \"footprint_m2\": 4523.292849121463, \"intersection_area_m2\": 4523.292849121464, \"osm_building_id\": \"r:63535180\", \"osm_match_status\": \"unmatched\", \"osm_bdnb_intersection_area_m2\": null, \"osm_address_text\": \"2 Place du Théâtre de Verdure, 33600\", \"matching_status\": \"mono\", \"matching_decision\": \"mono\", \"matching_siren_selected\": \"\"}]", "building_geometries_json": "[{\"batiment_construction_id\": \"r:63535180\", \"bdnb_batiment_construction_id\": null, \"batiment_groupe_id\": null, \"osm_building_id\": \"r:63535180\", \"osm_match_status\": \"unmatched\", \"osm_bdnb_intersection_area_m2\": null, \"osm_address_text\": \"2 Place du Théâtre de Verdure, 33600\", \"annee_construction\": null, \"footprint_m2\": 4523.292849121463, \"geometry\": {\"type\": \"MultiPolygon\", \"coordinates\": [[[[-0.6302305, 44.7933185], [-0.6302159, 44.7931783], [-0.6296088, 44.7932102], [-0.6295826, 44.7929582], [-0.6301627, 44.7929277], [-0.63008, 44.7921305], [-0.629301, 44.7921714], [-0.6293485, 44.7926303], [-0.6295365, 44.7926204], [-0.6295027, 44.7922943], [-0.6298462, 44.7922762], [-0.6299108, 44.7922728], [-0.629967, 44.7928147], [-0.6299117, 44.7928176], [-0.6293912, 44.792845], [-0.6294446, 44.7933598], [-0.6302305, 44.7933185]]]]}}]", "google_fallback_attempted": "false", "google_fallback_success": "false", "google_fallback_group_id": "", "google_nearby_status": "", "google_nearby_error": "", "google_raw_nearby_count": "0", "google_excluded_outside_parcel": "0", "google_nearby_ranked_json": "[]", "google_winner_place_id": "", "google_winner_name": "", "google_anchor_address": "", "google_api_gouv_query": "", "google_api_gouv_etablissements_count": "0", "google_reject_reason": "", "osm_pois_json": "[]", "osm_poi_count": 0, "osm_pois_status": "ok", "osm_poi_truncated": 0, "osm_data_as_of": ""}, "geometry": {"type": "MultiPolygon", "coordinates": [[[[-0.6306094, 44.7933718], [-0.6304385, 44.7920192], [-0.6300634, 44.7920427], [-0.6292945, 44.7920907], [-0.6291937, 44.792097], [-0.6292, 44.7921454], [-0.6291421, 44.7921498], [-0.6293014, 44.7934161], [-0.6293661, 44.7934459], [-0.6306094, 44.7933718]]]]}, "id": "parcelle:33318:HA:0056"}, {"type": "Feature", "properties": {"scout_v5_id": "parcelle:33318:HA:0094", "grain": "parcelle", "batiment_construction_id": "", "bdnb_batiment_construction_id": "", "batiment_groupe_id": "", "osm_building_id": "", "osm_match_status": "", "osm_bdnb_intersection_area_m2": "", "osm_address_text": "", "code_insee": "33318", "section": "HA", "numero_norm": "0094", "code_iris": "333180122", "nom_iris": "Saige Nord", "nb_batiments": 1, "annee_construction": "", "footprint_m2": "", "footprint_sum_m2": 619.9716724565461, "siren_status": "none", "status_technique": "no_candidate", "status_metier": "none", "siret_count": 0, "passerelle_address": "", "passerelle_indice_norm": "", "passerelle_numero_match": "", "passerelle_addresses_json": "[]", "sirets_json": "[]", "sirens_json": "[]", "matching_confidence": 0.0, "matching_reason": "", "matching_status": "mono", "matching_decision": "", "matching_siren_selected": "", "matching_debug_json": "", "parcelles_json": "", "buildings_json": "[{\"batiment_construction_id\": \"r:63575592\", \"bdnb_batiment_construction_id\": \"bdnb-bg-HKMU-GPC6-6BY5:1\", \"batiment_groupe_id\": \"bdnb-bg-HKMU-GPC6-6BY5\", \"annee_construction\": 2017, \"footprint_m2\": 619.9716724565461, \"intersection_area_m2\": 619.971672456546, \"osm_building_id\": \"r:63575592\", \"osm_match_status\": \"matched\", \"osm_bdnb_intersection_area_m2\": 569.5457084014495, \"osm_address_text\": \"\", \"matching_status\": \"mono\", \"matching_decision\": \"mono\", \"matching_siren_selected\": \"\"}]", "building_geometries_json": "[{\"batiment_construction_id\": \"r:63575592\", \"bdnb_batiment_construction_id\": \"bdnb-bg-HKMU-GPC6-6BY5:1\", \"batiment_groupe_id\": \"bdnb-bg-HKMU-GPC6-6BY5\", \"osm_building_id\": \"r:63575592\", \"osm_match_status\": \"matched\", \"osm_bdnb_intersection_area_m2\": 569.5457084014495, \"osm_address_text\": \"\", \"annee_construction\": 2017, \"footprint_m2\": 619.9716724565461, \"geometry\": {\"type\": \"MultiPolygon\", \"coordinates\": [[[[-0.628852, 44.7937384], [-0.6288345, 44.7936048], [-0.6283354, 44.7936379], [-0.6283535, 44.793776], [-0.6287313, 44.7937509], [-0.6287358, 44.793785], [-0.6287773, 44.7937822], [-0.6287722, 44.7937436], [-0.628852, 44.7937384]]]]}}]", "google_fallback_attempted": "false", "google_fallback_success": "false", "google_fallback_group_id": "", "google_nearby_status": "", "google_nearby_error": "", "google_raw_nearby_count": "0", "google_excluded_outside_parcel": "0", "google_nearby_ranked_json": "[]", "google_winner_place_id": "", "google_winner_name": "", "google_anchor_address": "", "google_api_gouv_query": "", "google_api_gouv_etablissements_count": "0", "google_reject_reason": "", "osm_pois_json": "[]", "osm_poi_count": 0, "osm_pois_status": "ok", "osm_poi_truncated": 0, "osm_data_as_of": ""}, "geometry": {"type": "MultiPolygon", "coordinates": [[[[-0.6291315, 44.7935509], [-0.6290575, 44.7935552], [-0.6289431, 44.7935621], [-0.6283406, 44.7935985], [-0.6282421, 44.7936044], [-0.6282853, 44.7939285], [-0.6283571, 44.7939318], [-0.6285092, 44.7939416], [-0.6286636, 44.7939493], [-0.6288113, 44.7939575], [-0.6290222, 44.7939692], [-0.6291217, 44.7939735], [-0.6291811, 44.7939775], [-0.6291968, 44.7939784], [-0.6292396, 44.7939604], [-0.6291923, 44.7935886], [-0.6291315, 44.7935509]]]]}, "id": "parcelle:33318:HA:0094"}, {"type": "Feature", "properties": {"scout_v5_id": "parcelle:33318:DH:0017", "grain": "parcelle", "batiment_construction_id": "", "bdnb_batiment_construction_id": "", "batiment_groupe_id": "", "osm_building_id": "", "osm_match_status": "", "osm_bdnb_intersection_area_m2": "", "osm_address_text": "", "code_insee": "33318", "section": "DH", "numero_norm": "0017", "code_iris": "333180117", "nom_iris": "Fac Sciences-Droit", "nb_batiments": 1, "annee_construction": "", "footprint_m2": "", "footprint_sum_m2": 849.6580635748948, "siren_status": "none", "status_technique": "no_candidate", "status_metier": "none", "siret_count": 0, "passerelle_address": "", "passerelle_indice_norm": "", "passerelle_numero_match": "", "passerelle_addresses_json": "[]", "sirets_json": "[]", "sirens_json": "[]", "matching_confidence": 0.0, "matching_reason": "", "matching_status": "mono", "matching_decision": "", "matching_siren_selected": "", "matching_debug_json": "", "parcelles_json": "", "buildings_json": "[{\"batiment_construction_id\": \"r:64008086\", \"bdnb_batiment_construction_id\": \"bdnb-bg-M7MS-84MX-3QGJ:8\", \"batiment_groupe_id\": \"bdnb-bg-M7MS-84MX-3QGJ\", \"annee_construction\": 2008, \"footprint_m2\": 849.6580635748948, \"intersection_area_m2\": 835.4197498971236, \"osm_building_id\": \"r:64008086\", \"osm_match_status\": \"matched\", \"osm_bdnb_intersection_area_m2\": 798.6391648595081, \"osm_address_text\": \"\", \"matching_status\": \"mono\", \"matching_decision\": \"mono\", \"matching_siren_selected\": \"\"}]", "building_geometries_json": "[{\"batiment_construction_id\": \"r:64008086\", \"bdnb_batiment_construction_id\": \"bdnb-bg-M7MS-84MX-3QGJ:8\", \"batiment_groupe_id\": \"bdnb-bg-M7MS-84MX-3QGJ\", \"osm_building_id\": \"r:64008086\", \"osm_match_status\": \"matched\", \"osm_bdnb_intersection_area_m2\": 798.6391648595081, \"osm_address_text\": \"\", \"annee_construction\": 2008, \"footprint_m2\": 849.6580635748948, \"geometry\": {\"type\": \"MultiPolygon\", \"coordinates\": [[[[-0.613233, 44.8013057], [-0.6131632, 44.8011751], [-0.6131131, 44.8011886], [-0.6131251, 44.801211], [-0.6130927, 44.8012208], [-0.6129608, 44.8012552], [-0.6129453, 44.8012262], [-0.6129346, 44.8012061], [-0.6126586, 44.8012804], [-0.6127376, 44.8014282], [-0.6127705, 44.8014193], [-0.6128001, 44.8014747], [-0.6131685, 44.8013756], [-0.6131542, 44.8013489], [-0.6131714, 44.8013442], [-0.6131611, 44.801325], [-0.613233, 44.8013057]]]]}}]", "google_fallback_attempted": "false", "google_fallback_success": "false", "google_fallback_group_id": "", "google_nearby_status": "", "google_nearby_error": "", "google_raw_nearby_count": "0", "google_excluded_outside_parcel": "0", "google_nearby_ranked_json": "[]", "google_winner_place_id": "", "google_winner_name": "", "google_anchor_address": "", "google_api_gouv_query": "", "google_api_gouv_etablissements_count": "0", "google_reject_reason": "", "osm_pois_json": "[]", "osm_poi_count": 0, "osm_pois_status": "ok", "osm_poi_truncated": 0, "osm_data_as_of": ""}, "geometry": {"type": "MultiPolygon", "coordinates": [[[[-0.6131764, 44.8010409], [-0.6126338, 44.801189], [-0.6126026, 44.8012015], [-0.6125781, 44.8012152], [-0.6125619, 44.801234], [-0.6125539, 44.8012464], [-0.6127326, 44.8016508], [-0.6129577, 44.8021643], [-0.6131381, 44.802576], [-0.6133006, 44.8025423], [-0.6132748, 44.8022794], [-0.613249, 44.80202], [-0.6132505, 44.8019701], [-0.613252, 44.8019112], [-0.6132537, 44.8018468], [-0.6132554, 44.8017785], [-0.6132584, 44.8016715], [-0.6132323, 44.8015159], [-0.6131922, 44.8012643], [-0.6131764, 44.8010409]]]]}, "id": "parcelle:33318:DH:0017"}, {"type": "Feature", "properties": {"scout_v5_id": "parcelle:33318:DH:0135", "grain": "parcelle", "batiment_construction_id": "", "bdnb_batiment_construction_id": "", "batiment_groupe_id": "", "osm_building_id": "", "osm_match_status": "", "osm_bdnb_intersection_area_m2": "", "osm_address_text": "", "code_insee": "33318", "section": "DH", "numero_norm": "0135", "code_iris": "333180117", "nom_iris": "Fac Sciences-Droit", "nb_batiments": 4, "annee_construction": "", "footprint_m2": "", "footprint_sum_m2": 5039.540454073699, "siren_status": "none", "status_technique": "no_candidate", "status_metier": "none", "siret_count": 0, "passerelle_address": "", "passerelle_indice_norm": "", "passerelle_numero_match": "", "passerelle_addresses_json": "[]", "sirets_json": "[]", "sirens_json": "[]", "matching_confidence": 0.0, "matching_reason": "", "matching_status": "mono", "matching_decision": "", "matching_siren_selected": "", "matching_debug_json": "", "parcelles_json": "", "buildings_json": "[{\"batiment_construction_id\": \"r:64008098\", \"bdnb_batiment_construction_id\": \"bdnb-bg-W1YF-1PMX-U3ZN:1\", \"batiment_groupe_id\": \"bdnb-bg-W1YF-1PMX-U3ZN\", \"annee_construction\": 2016, \"footprint_m2\": 1628.2067866237494, \"intersection_area_m2\": 1628.2067866237503, \"osm_building_id\": \"r:64008098\", \"osm_match_status\": \"matched\", \"osm_bdnb_intersection_area_m2\": 1522.091439911868, \"osm_address_text\": \"\", \"matching_status\": \"mono\", \"matching_decision\": \"mono\", \"matching_siren_selected\": \"\"}, {\"batiment_construction_id\": \"r:64008114\", \"bdnb_batiment_construction_id\": \"bdnb-bg-W1YF-1PMX-U3ZN:2\", \"batiment_groupe_id\": \"bdnb-bg-W1YF-1PMX-U3ZN\", \"annee_construction\": 2016, \"footprint_m2\": 1049.2685334762057, \"intersection_area_m2\": 1049.2685334762061, \"osm_building_id\": \"r:64008114\", \"osm_match_status\": \"matched\", \"osm_bdnb_intersection_area_m2\": 954.7823961830081, \"osm_address_text\": \"\", \"matching_status\": \"mono\", \"matching_decision\": \"mono\", \"matching_siren_selected\": \"\"}, {\"batiment_construction_id\": \"r:64008120\", \"bdnb_batiment_construction_id\": \"bdnb-bg-W1YF-1PMX-U3ZN:2\", \"batiment_groupe_id\": \"bdnb-bg-W1YF-1PMX-U3ZN\", \"annee_construction\": 2016, \"footprint_m2\": 908.1825950906789, \"intersection_area_m2\": 908.1825950906789, \"osm_building_id\": \"r:64008120\", \"osm_match_status\": \"matched\", \"osm_bdnb_intersection_area_m2\": 859.6514648200207, \"osm_address_text\": \"\", \"matching_status\": \"mono\", \"matching_decision\": \"mono\", \"matching_siren_selected\": \"\"}, {\"batiment_construction_id\": \"r:64008136\", \"bdnb_batiment_construction_id\": \"bdnb-bg-W1YF-1PMX-U3ZN:8\", \"batiment_groupe_id\": \"bdnb-bg-W1YF-1PMX-U3ZN\", \"annee_construction\": 2016, \"footprint_m2\": 1453.8825388830653, \"intersection_area_m2\": 1453.8825388830658, \"osm_building_id\": \"r:64008136\", \"osm_match_status\": \"matched\", \"osm_bdnb_intersection_area_m2\": 1356.3750275608973, \"osm_address_text\": \"\", \"matching_status\": \"mono\", \"matching_decision\": \"mono\", \"matching_siren_selected\": \"\"}]", "building_geometries_json": "[{\"batiment_construction_id\": \"r:64008098\", \"bdnb_batiment_construction_id\": \"bdnb-bg-W1YF-1PMX-U3ZN:1\", \"batiment_groupe_id\": \"bdnb-bg-W1YF-1PMX-U3ZN\", \"osm_building_id\": \"r:64008098\", \"osm_match_status\": \"matched\", \"osm_bdnb_intersection_area_m2\": 1522.091439911868, \"osm_address_text\": \"\", \"annee_construction\": 2016, \"footprint_m2\": 1628.2067866237494, \"geometry\": {\"type\": \"MultiPolygon\", \"coordinates\": [[[[-0.6096836, 44.8018885], [-0.6096089, 44.8017484], [-0.6096279, 44.8017433], [-0.6095867, 44.8017509], [-0.6089775, 44.8019154], [-0.6083568, 44.8020831], [-0.6084352, 44.8022302], [-0.6084828, 44.8022174], [-0.608472, 44.8021972], [-0.6090012, 44.8020542], [-0.6090129, 44.8020762], [-0.6090709, 44.8020609], [-0.6091019, 44.8020521], [-0.6090899, 44.8020295], [-0.6096287, 44.801884], [-0.6096377, 44.8019009], [-0.6096836, 44.8018885]]]]}}, {\"batiment_construction_id\": \"r:64008114\", \"bdnb_batiment_construction_id\": \"bdnb-bg-W1YF-1PMX-U3ZN:2\", \"batiment_groupe_id\": \"bdnb-bg-W1YF-1PMX-U3ZN\", \"osm_building_id\": \"r:64008114\", \"osm_match_status\": \"matched\", \"osm_bdnb_intersection_area_m2\": 954.7823961830081, \"osm_address_text\": \"\", \"annee_construction\": 2016, \"footprint_m2\": 1049.2685334762057, \"geometry\": {\"type\": \"MultiPolygon\", \"coordinates\": [[[[-0.6095981, 44.8030597], [-0.6093523, 44.8026118], [-0.6093522, 44.8025994], [-0.609289, 44.8024812], [-0.609194, 44.8025069], [-0.6091611, 44.8025158], [-0.6091064, 44.8025306], [-0.6091548, 44.8026212], [-0.6094154, 44.8031092], [-0.6095524, 44.8030721], [-0.6095981, 44.8030597]]]]}}, {\"batiment_construction_id\": \"r:64008120\", \"bdnb_batiment_construction_id\": \"bdnb-bg-W1YF-1PMX-U3ZN:2\", \"batiment_groupe_id\": \"bdnb-bg-W1YF-1PMX-U3ZN\", \"osm_building_id\": \"r:64008120\", \"osm_match_status\": \"matched\", \"osm_bdnb_intersection_area_m2\": 859.6514648200207, \"osm_address_text\": \"\", \"annee_construction\": 2016, \"footprint_m2\": 908.1825950906789, \"geometry\": {\"type\": \"MultiPolygon\", \"coordinates\": [[[[-0.6095896, 44.8034029], [-0.6095215, 44.8032756], [-0.6088562, 44.8034562], [-0.6088118, 44.8034682], [-0.6088459, 44.8035318], [-0.6088799, 44.8035954], [-0.6095896, 44.8034029]]]]}}, {\"batiment_construction_id\": \"r:64008136\", \"bdnb_batiment_construction_id\": \"bdnb-bg-W1YF-1PMX-U3ZN:8\", \"batiment_groupe_id\": \"bdnb-bg-W1YF-1PMX-U3ZN\", \"osm_building_id\": \"r:64008136\", \"osm_match_status\": \"matched\", \"osm_bdnb_intersection_area_m2\": 1356.3750275608973, \"osm_address_text\": \"\", \"annee_construction\": 2016, \"footprint_m2\": 1453.8825388830653, \"geometry\": {\"type\": \"MultiPolygon\", \"coordinates\": [[[[-0.6083343, 44.803597], [-0.6082637, 44.80346], [-0.6076911, 44.8036103], [-0.607151, 44.8037551], [-0.6072173, 44.8038853], [-0.6072228, 44.8038968], [-0.6072468, 44.8038906], [-0.6072692, 44.8038848], [-0.6072648, 44.8038736], [-0.6077269, 44.8037472], [-0.6077397, 44.8037706], [-0.6077735, 44.8037618], [-0.6078287, 44.8037474], [-0.607816, 44.8037231], [-0.6082866, 44.8035948], [-0.6082921, 44.8036082], [-0.6083343, 44.803597]]]]}}]", "google_fallback_attempted": "false", "google_fallback_success": "false", "google_fallback_group_id": "", "google_nearby_status": "", "google_nearby_error": "", "google_raw_nearby_count": "0", "google_excluded_outside_parcel": "0", "google_nearby_ranked_json": "[]", "google_winner_place_id": "", "google_winner_name": "", "google_anchor_address": "", "google_api_gouv_query": "", "google_api_gouv_etablissements_count": "0", "google_reject_reason": "", "osm_pois_json": "[]", "osm_poi_count": 0, "osm_pois_status": "ok", "osm_poi_truncated": 0, "osm_data_as_of": ""}, "geometry": {"type": "MultiPolygon", "coordinates": [[[[-0.6099596, 44.8033147], [-0.609953, 44.803241], [-0.6099521, 44.8032328], [-0.6099497, 44.8032188], [-0.6099458, 44.8032035], [-0.6099419, 44.8031922], [-0.6099381, 44.8031831], [-0.6099344, 44.8031751], [-0.6099307, 44.8031676], [-0.6093685, 44.8021124], [-0.6098124, 44.8019923], [-0.609819, 44.80199], [-0.6098258, 44.8019864], [-0.6098315, 44.8019816], [-0.6098361, 44.8019756], [-0.6098384, 44.8019694], [-0.6098388, 44.8019632], [-0.6098379, 44.8019585], [-0.6098363, 44.8019545], [-0.6096526, 44.8016106], [-0.6093495, 44.8016915], [-0.6092402, 44.8014845], [-0.6090663, 44.8015309], [-0.6088777, 44.8015811], [-0.6088162, 44.8015985], [-0.608663, 44.8016425], [-0.6086553, 44.8016384], [-0.6086452, 44.8016344], [-0.6086362, 44.8016316], [-0.608624, 44.8016291], [-0.6085289, 44.801608], [-0.6084248, 44.8016971], [-0.6083281, 44.8017834], [-0.608281, 44.8018272], [-0.6081504, 44.801956], [-0.6080089, 44.802099], [-0.6078793, 44.8022383], [-0.6077423, 44.8023903], [-0.607545, 44.8026349], [-0.6072646, 44.8030632], [-0.6071445, 44.8032464], [-0.6071035, 44.8033085], [-0.6069195, 44.8035901], [-0.6071463, 44.8040152], [-0.6072475, 44.8039891], [-0.6072957, 44.8040791], [-0.6073629, 44.8042017], [-0.6074063, 44.8041893], [-0.6075709, 44.8041424], [-0.6082944, 44.8039475], [-0.6084753, 44.8038985], [-0.6099203, 44.803508], [-0.6099276, 44.8035057], [-0.6099366, 44.8035018], [-0.6099455, 44.8034966], [-0.6099521, 44.8034913], [-0.6099576, 44.8034856], [-0.6099613, 44.8034805], [-0.6099596, 44.8033147]]]]}, "id": "parcelle:33318:DH:0135"}, {"type": "Feature", "properties": {"scout_v5_id": "parcelle:33318:DH:0093", "grain": "parcelle", "batiment_construction_id": "", "bdnb_batiment_construction_id": "", "batiment_groupe_id": "", "osm_building_id": "", "osm_match_status": "", "osm_bdnb_intersection_area_m2": "", "osm_address_text": "", "code_insee": "33318", "section": "DH", "numero_norm": "0093", "code_iris": "333180117", "nom_iris": "Fac Sciences-Droit", "nb_batiments": 1, "annee_construction": "", "footprint_m2": "", "footprint_sum_m2": 2363.082296890455, "siren_status": "none", "status_technique": "no_candidate", "status_metier": "none", "siret_count": 0, "passerelle_address": "", "passerelle_indice_norm": "", "passerelle_numero_match": "", "passerelle_addresses_json": "[]", "sirets_json": "[]", "sirens_json": "[]", "matching_confidence": 0.0, "matching_reason": "", "matching_status": "mono", "matching_decision": "", "matching_siren_selected": "", "matching_debug_json": "", "parcelles_json": "", "buildings_json": "[{\"batiment_construction_id\": \"r:68983442\", \"bdnb_batiment_construction_id\": null, \"batiment_groupe_id\": null, \"annee_construction\": null, \"footprint_m2\": 2363.082296890455, \"intersection_area_m2\": 2362.303512378567, \"osm_building_id\": \"r:68983442\", \"osm_match_status\": \"unmatched\", \"osm_bdnb_intersection_area_m2\": null, \"osm_address_text\": \"10 Résidence Universitaire Pierre Gilles de Gennes Rue Robert Escarpit, 33600 Pessac\", \"matching_status\": \"mono\", \"matching_decision\": \"mono\", \"matching_siren_selected\": \"\"}]", "building_geometries_json": "[{\"batiment_construction_id\": \"r:68983442\", \"bdnb_batiment_construction_id\": null, \"batiment_groupe_id\": null, \"osm_building_id\": \"r:68983442\", \"osm_match_status\": \"unmatched\", \"osm_bdnb_intersection_area_m2\": null, \"osm_address_text\": \"10 Résidence Universitaire Pierre Gilles de Gennes Rue Robert Escarpit, 33600 Pessac\", \"annee_construction\": null, \"footprint_m2\": 2363.082296890455, \"geometry\": {\"type\": \"MultiPolygon\", \"coordinates\": [[[[-0.6108527, 44.8021936], [-0.6107822, 44.8020716], [-0.6106998, 44.8020949], [-0.61067, 44.8020381], [-0.6107555, 44.8020136], [-0.6107201, 44.8019503], [-0.6106343, 44.8019744], [-0.6106012, 44.801916], [-0.6106832, 44.8018927], [-0.610646, 44.801828], [-0.6105654, 44.801851], [-0.6105356, 44.8017955], [-0.6106198, 44.8017718], [-0.6105508, 44.8016512], [-0.6101012, 44.8017725], [-0.6103972, 44.802325], [-0.6108527, 44.8021936]]]]}}]", "google_fallback_attempted": "false", "google_fallback_success": "false", "google_fallback_group_id": "", "google_nearby_status": "", "google_nearby_error": "", "google_raw_nearby_count": "0", "google_excluded_outside_parcel": "0", "google_nearby_ranked_json": "[]", "google_winner_place_id": "", "google_winner_name": "", "google_anchor_address": "", "google_api_gouv_query": "", "google_api_gouv_etablissements_count": "0", "google_reject_reason": "", "osm_pois_json": "[]", "osm_poi_count": 0, "osm_pois_status": "ok", "osm_poi_truncated": 0, "osm_data_as_of": ""}, "geometry": {"type": "MultiPolygon", "coordinates": [[[[-0.6103256, 44.8023359], [-0.6109936, 44.802199], [-0.6106938, 44.8016496], [-0.610672, 44.8016558], [-0.6106153, 44.8015542], [-0.6105105, 44.8015897], [-0.6105094, 44.8015896], [-0.6104978, 44.8015875], [-0.6104863, 44.8015849], [-0.6104753, 44.8015818], [-0.6104644, 44.801578], [-0.610454, 44.8015737], [-0.6104439, 44.8015689], [-0.6104347, 44.8015637], [-0.6104256, 44.801558], [-0.6104174, 44.8015518], [-0.6104096, 44.8015453], [-0.6104025, 44.8015384], [-0.6103962, 44.8015311], [-0.6103905, 44.8015235], [-0.6103857, 44.8015158], [-0.6103815, 44.8015077], [-0.6103782, 44.8014995], [-0.6103771, 44.8014956], [-0.6103676, 44.8014682], [-0.6100494, 44.8015574], [-0.6100229, 44.8017621], [-0.610079, 44.8018664], [-0.6102109, 44.8021145], [-0.6102781, 44.802241], [-0.6103248, 44.8023336], [-0.6103256, 44.8023359]]]]}, "id": "parcelle:33318:DH:0093"}, {"type": "Feature", "properties": {"scout_v5_id": "parcelle:33318:DH:0136", "grain": "parcelle", "batiment_construction_id": "", "bdnb_batiment_construction_id": "", "batiment_groupe_id": "", "osm_building_id": "", "osm_match_status": "", "osm_bdnb_intersection_area_m2": "", "osm_address_text": "", "code_insee": "33318", "section": "DH", "numero_norm": "0136", "code_iris": "333180117", "nom_iris": "Fac Sciences-Droit", "nb_batiments": 1, "annee_construction": "", "footprint_m2": "", "footprint_sum_m2": 952.6873448107492, "siren_status": "none", "status_technique": "no_candidate", "status_metier": "none", "siret_count": 0, "passerelle_address": "", "passerelle_indice_norm": "", "passerelle_numero_match": "", "passerelle_addresses_json": "[]", "sirets_json": "[]", "sirens_json": "[]", "matching_confidence": 0.0, "matching_reason": "", "matching_status": "mono", "matching_decision": "", "matching_siren_selected": "", "matching_debug_json": "", "parcelles_json": "", "buildings_json": "[{\"batiment_construction_id\": \"r:106049786\", \"bdnb_batiment_construction_id\": null, \"batiment_groupe_id\": null, \"annee_construction\": null, \"footprint_m2\": 952.6873448107492, \"intersection_area_m2\": 952.6873448107492, \"osm_building_id\": \"r:106049786\", \"osm_match_status\": \"unmatched\", \"osm_bdnb_intersection_area_m2\": null, \"osm_address_text\": \"B16\", \"matching_status\": \"mono\", \"matching_decision\": \"mono\", \"matching_siren_selected\": \"\"}]", "building_geometries_json": "[{\"batiment_construction_id\": \"r:106049786\", \"bdnb_batiment_construction_id\": null, \"batiment_groupe_id\": null, \"osm_building_id\": \"r:106049786\", \"osm_match_status\": \"unmatched\", \"osm_bdnb_intersection_area_m2\": null, \"osm_address_text\": \"B16\", \"annee_construction\": null, \"footprint_m2\": 952.6873448107492, \"geometry\": {\"type\": \"MultiPolygon\", \"coordinates\": [[[[-0.6076352, 44.8049137], [-0.6073307, 44.8043473], [-0.6071651, 44.8043927], [-0.6072224, 44.8045013], [-0.6072344, 44.8044978], [-0.6072427, 44.8045129], [-0.6072466, 44.80452], [-0.6072342, 44.8045234], [-0.6074664, 44.8049601], [-0.6076352, 44.8049137]]]]}}]", "google_fallback_attempted": "false", "google_fallback_success": "false", "google_fallback_group_id": "", "google_nearby_status": "", "google_nearby_error": "", "google_raw_nearby_count": "0", "google_excluded_outside_parcel": "0", "google_nearby_ranked_json": "[]", "google_winner_place_id": "", "google_winner_name": "", "google_anchor_address": "", "google_api_gouv_query": "", "google_api_gouv_etablissements_count": "0", "google_reject_reason": "", "osm_pois_json": "[]", "osm_poi_count": 0, "osm_pois_status": "ok", "osm_poi_truncated": 0, "osm_data_as_of": ""}, "geometry": {"type": "MultiPolygon", "coordinates": [[[[-0.6070616, 44.8058769], [-0.6069898, 44.8057412], [-0.6069376, 44.8056429], [-0.6068894, 44.8055538], [-0.6068274, 44.8054706], [-0.6068234, 44.8054656], [-0.6068204, 44.8054605], [-0.6068181, 44.8054545], [-0.6068172, 44.80545], [-0.6068169, 44.8054448], [-0.6068174, 44.8054391], [-0.6068188, 44.8054341], [-0.606821, 44.8054289], [-0.6068232, 44.8054254], [-0.6068265, 44.8054211], [-0.6068309, 44.8054166], [-0.6068361, 44.8054125], [-0.6068415, 44.805409], [-0.6068475, 44.8054058], [-0.6068537, 44.8054033], [-0.6068601, 44.8054011], [-0.6068694, 44.8053991], [-0.6070068, 44.8053766], [-0.6079416, 44.8051245], [-0.6079463, 44.8051228], [-0.6079533, 44.8051186], [-0.607958, 44.8051133], [-0.6079601, 44.8051081], [-0.6079599, 44.8051016], [-0.6079584, 44.8050977], [-0.607806, 44.804813], [-0.6076939, 44.8046011], [-0.607564, 44.8043601], [-0.6075172, 44.8042718], [-0.6075127, 44.8042653], [-0.6075065, 44.8042589], [-0.6074982, 44.8042525], [-0.6074876, 44.8042468], [-0.607476, 44.8042425], [-0.6074612, 44.8042393], [-0.6074485, 44.8042384], [-0.6074338, 44.8042391], [-0.6074181, 44.8042424], [-0.6072642, 44.8042869], [-0.6062967, 44.8045499], [-0.6062732, 44.8045547], [-0.6062695, 44.8045556], [-0.6062445, 44.8045625], [-0.6062267, 44.8045679], [-0.6062029, 44.8045783], [-0.6061926, 44.8045869], [-0.6060324, 44.8047599], [-0.6058344, 44.8049329], [-0.6057217, 44.8050185], [-0.6057188, 44.8050467], [-0.6056895, 44.8058151], [-0.6058924, 44.8061914], [-0.6067862, 44.8059509], [-0.6068918, 44.8059225], [-0.6070616, 44.8058769]]]]}, "id": "parcelle:33318:DH:0136"}, {"type": "Feature", "properties": {"scout_v5_id": "parcelle:33318:DY:0579", "grain": "parcelle", "batiment_construction_id": "", "bdnb_batiment_construction_id": "", "batiment_groupe_id": "", "osm_building_id": "", "osm_match_status": "", "osm_bdnb_intersection_area_m2": "", "osm_address_text": "", "code_insee": "33318", "section": "DY", "numero_norm": "0579", "code_iris": "333180111", "nom_iris": "Cap de Bos", "nb_batiments": 1, "annee_construction": "", "footprint_m2": "", "footprint_sum_m2": 1003.9089790818676, "siren_status": "none", "status_technique": "no_candidate", "status_metier": "none", "siret_count": 0, "passerelle_address": "", "passerelle_indice_norm": "", "passerelle_numero_match": "", "passerelle_addresses_json": "[]", "sirets_json": "[]", "sirens_json": "[]", "matching_confidence": 0.0, "matching_reason": "", "matching_status": "mono", "matching_decision": "", "matching_siren_selected": "", "matching_debug_json": "", "parcelles_json": "", "buildings_json": "[{\"batiment_construction_id\": \"r:120532404\", \"bdnb_batiment_construction_id\": \"bdnb-bg-HEGL-247J-D4TV:1\", \"batiment_groupe_id\": \"bdnb-bg-HEGL-247J-D4TV\", \"annee_construction\": null, \"footprint_m2\": 1003.9089790818676, \"intersection_area_m2\": 971.0444263524438, \"osm_building_id\": \"r:120532404\", \"osm_match_status\": \"matched\", \"osm_bdnb_intersection_area_m2\": 819.4500000004278, \"osm_address_text\": \"18 Rue d'Artois, 33600 Pessac\", \"matching_status\": \"mono\", \"matching_decision\": \"mono\", \"matching_siren_selected\": \"\"}]", "building_geometries_json": "[{\"batiment_construction_id\": \"r:120532404\", \"bdnb_batiment_construction_id\": \"bdnb-bg-HEGL-247J-D4TV:1\", \"batiment_groupe_id\": \"bdnb-bg-HEGL-247J-D4TV\", \"osm_building_id\": \"r:120532404\", \"osm_match_status\": \"matched\", \"osm_bdnb_intersection_area_m2\": 819.4500000004278, \"osm_address_text\": \"18 Rue d'Artois, 33600 Pessac\", \"annee_construction\": null, \"footprint_m2\": 1003.9089790818676, \"geometry\": {\"type\": \"MultiPolygon\", \"coordinates\": [[[[-0.683124, 44.792611], [-0.683102, 44.792226], [-0.682809, 44.792234], [-0.682814, 44.792329], [-0.682819, 44.792432], [-0.68283, 44.792619], [-0.68287, 44.792618], [-0.68287, 44.79263], [-0.682951, 44.792627], [-0.682951, 44.792616], [-0.683124, 44.792611]]]]}}]", "google_fallback_attempted": "false", "google_fallback_success": "false", "google_fallback_group_id": "", "google_nearby_status": "", "google_nearby_error": "", "google_raw_nearby_count": "0", "google_excluded_outside_parcel": "0", "google_nearby_ranked_json": "[]", "google_winner_place_id": "", "google_winner_name": "", "google_anchor_address": "", "google_api_gouv_query": "", "google_api_gouv_etablissements_count": "0", "google_reject_reason": "", "osm_pois_json": "[]", "osm_poi_count": 0, "osm_pois_status": "ok", "osm_poi_truncated": 0, "osm_data_as_of": ""}, "geometry": {"type": "MultiPolygon", "coordinates": [[[[-0.6827982, 44.7924324], [-0.6828199, 44.792432], [-0.6828326, 44.7924318], [-0.6828435, 44.7926226], [-0.6828732, 44.7926262], [-0.6829091, 44.7926347], [-0.6829348, 44.7926435], [-0.6829643, 44.7926509], [-0.6829881, 44.7926545], [-0.6830517, 44.7926576], [-0.6830766, 44.7926532], [-0.6830999, 44.7926459], [-0.6831274, 44.7926311], [-0.6831485, 44.7926124], [-0.6831499, 44.7926107], [-0.6831529, 44.7925862], [-0.683151, 44.7925589], [-0.6831329, 44.7922392], [-0.6831303, 44.7922289], [-0.6831165, 44.7922103], [-0.6830944, 44.7921919], [-0.6830659, 44.7921789], [-0.6830323, 44.7921688], [-0.6830179, 44.7921677], [-0.6829855, 44.7921654], [-0.682948, 44.7921652], [-0.6828838, 44.7921684], [-0.682855, 44.7921691], [-0.6828188, 44.7921672], [-0.6828271, 44.7923223], [-0.6828142, 44.7923226], [-0.6827933, 44.7923232], [-0.6827982, 44.7924324]]]]}, "id": "parcelle:33318:DY:0579"}, {"type": "Feature", "properties": {"scout_v5_id": "parcelle:33318:HH:0151", "grain": "parcelle", "batiment_construction_id": "", "bdnb_batiment_construction_id": "", "batiment_groupe_id": "", "osm_building_id": "", "osm_match_status": "", "osm_bdnb_intersection_area_m2": "", "osm_address_text": "", "code_insee": "33318", "section": "HH", "numero_norm": "0151", "code_iris": "333180120", "nom_iris": "Parc Industriel", "nb_batiments": 1, "annee_construction": "", "footprint_m2": "", "footprint_sum_m2": 613.8909645691002, "siren_status": "none", "status_technique": "no_candidate", "status_metier": "none", "siret_count": 0, "passerelle_address": "", "passerelle_indice_norm": "", "passerelle_numero_match": "", "passerelle_addresses_json": "[]", "sirets_json": "[]", "sirens_json": "[]", "matching_confidence": 0.0, "matching_reason": "", "matching_status": "mono", "matching_decision": "", "matching_siren_selected": "", "matching_debug_json": "", "parcelles_json": "", "buildings_json": "[{\"batiment_construction_id\": \"r:133535876\", \"bdnb_batiment_construction_id\": \"bdnb-bg-BKKH-CREL-ZRGJ:1\", \"batiment_groupe_id\": \"bdnb-bg-BKKH-CREL-ZRGJ\", \"annee_construction\": null, \"footprint_m2\": 613.8909645691002, \"intersection_area_m2\": 613.8909645691001, \"osm_building_id\": \"r:133535876\", \"osm_match_status\": \"matched\", \"osm_bdnb_intersection_area_m2\": 576.9984996731636, \"osm_address_text\": \"\", \"matching_status\": \"mono\", \"matching_decision\": \"mono\", \"matching_siren_selected\": \"\"}]", "building_geometries_json": "[{\"batiment_construction_id\": \"r:133535876\", \"bdnb_batiment_construction_id\": \"bdnb-bg-BKKH-CREL-ZRGJ:1\", \"batiment_groupe_id\": \"bdnb-bg-BKKH-CREL-ZRGJ\", \"osm_building_id\": \"r:133535876\", \"osm_match_status\": \"matched\", \"osm_bdnb_intersection_area_m2\": 576.9984996731636, \"osm_address_text\": \"\", \"annee_construction\": null, \"footprint_m2\": 613.8909645691002, \"geometry\": {\"type\": \"MultiPolygon\", \"coordinates\": [[[[-0.6530398, 44.7823917], [-0.6529458, 44.7822926], [-0.6527181, 44.7823954], [-0.6527374, 44.782417], [-0.652467, 44.7825399], [-0.6525556, 44.7826374], [-0.6528181, 44.7825183], [-0.6528026, 44.7825017], [-0.6530398, 44.7823917]]]]}}]", "google_fallback_attempted": "false", "google_fallback_success": "false", "google_fallback_group_id": "", "google_nearby_status": "", "google_nearby_error": "", "google_raw_nearby_count": "0", "google_excluded_outside_parcel": "0", "google_nearby_ranked_json": "[]", "google_winner_place_id": "", "google_winner_name": "", "google_anchor_address": "", "google_api_gouv_query": "", "google_api_gouv_etablissements_count": "0", "google_reject_reason": "", "osm_pois_json": "[]", "osm_poi_count": 0, "osm_pois_status": "ok", "osm_poi_truncated": 0, "osm_data_as_of": ""}, "geometry": {"type": "MultiPolygon", "coordinates": [[[[-0.6518937, 44.7827435], [-0.6520824, 44.7828719], [-0.6521003, 44.7828925], [-0.6521101, 44.7829039], [-0.6521365, 44.7829316], [-0.6521571, 44.7829531], [-0.6521786, 44.7829758], [-0.6522047, 44.7829991], [-0.6522276, 44.7830179], [-0.6522553, 44.783033], [-0.6522903, 44.7830473], [-0.6523623, 44.7830582], [-0.6523768, 44.7830596], [-0.6525109, 44.7830726], [-0.6525137, 44.7830729], [-0.6527379, 44.7828461], [-0.6527909, 44.7827923], [-0.6528979, 44.7826833], [-0.6530167, 44.7825623], [-0.6532749, 44.7822997], [-0.6533449, 44.7822326], [-0.6533344, 44.7821664], [-0.653262, 44.7821066], [-0.6531763, 44.782145], [-0.652366, 44.7825067], [-0.6518937, 44.7827435]]]]}, "id": "parcelle:33318:HH:0151"}, {"type": "Feature", "properties": {"scout_v5_id": "parcelle:33318:HE:0008", "grain": "parcelle", "batiment_construction_id": "", "bdnb_batiment_construction_id": "", "batiment_groupe_id": "", "osm_building_id": "", "osm_match_status": "", "osm_bdnb_intersection_area_m2": "", "osm_address_text": "", "code_insee": "33318", "section": "HE", "numero_norm": "0008", "code_iris": "333180120", "nom_iris": "Parc Industriel", "nb_batiments": 1, "annee_construction": "", "footprint_m2": "", "footprint_sum_m2": 622.7343310048875, "siren_status": "none", "status_technique": "no_candidate", "status_metier": "none", "siret_count": 0, "passerelle_address": "", "passerelle_indice_norm": "", "passerelle_numero_match": "", "passerelle_addresses_json": "[]", "sirets_json": "[]", "sirens_json": "[]", "matching_confidence": 0.0, "matching_reason": "", "matching_status": "mono", "matching_decision": "", "matching_siren_selected": "", "matching_debug_json": "", "parcelles_json": "", "buildings_json": "[{\"batiment_construction_id\": \"r:133635886\", \"bdnb_batiment_construction_id\": \"bdnb-bg-BG3C-6ENY-QEUL:1\", \"batiment_groupe_id\": \"bdnb-bg-BG3C-6ENY-QEUL\", \"annee_construction\": null, \"footprint_m2\": 622.7343310048875, \"intersection_area_m2\": 622.7343310048874, \"osm_building_id\": \"r:133635886\", \"osm_match_status\": \"matched\", \"osm_bdnb_intersection_area_m2\": 616.7559643957569, \"osm_address_text\": \"\", \"matching_status\": \"mono\", \"matching_decision\": \"mono\", \"matching_siren_selected\": \"\"}]", "building_geometries_json": "[{\"batiment_construction_id\": \"r:133635886\", \"bdnb_batiment_construction_id\": \"bdnb-bg-BG3C-6ENY-QEUL:1\", \"batiment_groupe_id\": \"bdnb-bg-BG3C-6ENY-QEUL\", \"osm_building_id\": \"r:133635886\", \"osm_match_status\": \"matched\", \"osm_bdnb_intersection_area_m2\": 616.7559643957569, \"osm_address_text\": \"\", \"annee_construction\": null, \"footprint_m2\": 622.7343310048875, \"geometry\": {\"type\": \"MultiPolygon\", \"coordinates\": [[[[-0.6491257, 44.7798269], [-0.6490505, 44.7797516], [-0.648793, 44.779876], [-0.6488106, 44.7798945], [-0.6488057, 44.7798929], [-0.6488004, 44.7798927], [-0.6487926, 44.7798933], [-0.6487874, 44.7798957], [-0.6487832, 44.7798992], [-0.6487806, 44.779903], [-0.6487794, 44.7799065], [-0.6487795, 44.7799106], [-0.6487827, 44.7799145], [-0.6487518, 44.7799283], [-0.6487253, 44.7799023], [-0.6487057, 44.7799116], [-0.6486703, 44.7798755], [-0.6486789, 44.7798583], [-0.6486453, 44.7798242], [-0.6486239, 44.7798211], [-0.6486286, 44.7798072], [-0.6485949, 44.7797731], [-0.6485732, 44.779772], [-0.6484861, 44.7798147], [-0.6484843, 44.7798313], [-0.6485152, 44.7798639], [-0.6485349, 44.779866], [-0.6485306, 44.7798802], [-0.6485621, 44.7799136], [-0.6485818, 44.7799158], [-0.6486044, 44.7799382], [-0.6486312, 44.7799252], [-0.6486458, 44.7799404], [-0.6485969, 44.7799638], [-0.6486811, 44.780051], [-0.64881, 44.7799864], [-0.6488044, 44.7799811], [-0.6491257, 44.7798269]]]]}}]", "google_fallback_attempted": "false", "google_fallback_success": "false", "google_fallback_group_id": "", "google_nearby_status": "", "google_nearby_error": "", "google_raw_nearby_count": "0", "google_excluded_outside_parcel": "0", "google_nearby_ranked_json": "[]", "google_winner_place_id": "", "google_winner_name": "", "google_anchor_address": "", "google_api_gouv_query": "", "google_api_gouv_etablissements_count": "0", "google_reject_reason": "", "osm_pois_json": "[]", "osm_poi_count": 0, "osm_pois_status": "ok", "osm_poi_truncated": 0, "osm_data_as_of": ""}, "geometry": {"type": "MultiPolygon", "coordinates": [[[[-0.6494867, 44.7797428], [-0.6492304, 44.7794767], [-0.6492086, 44.7794538], [-0.6491941, 44.779439], [-0.6491616, 44.7794052], [-0.6491489, 44.779392], [-0.648785, 44.779571], [-0.6483436, 44.779788], [-0.6487006, 44.7801255], [-0.6488236, 44.7800656], [-0.6490144, 44.7799728], [-0.6491073, 44.7799276], [-0.6491499, 44.7799068], [-0.6494867, 44.7797428]]]]}, "id": "parcelle:33318:HE:0008"}, {"type": "Feature", "properties": {"scout_v5_id": "parcelle:33318:ET:0063", "grain": "parcelle", "batiment_construction_id": "", "bdnb_batiment_construction_id": "", "batiment_groupe_id": "", "osm_building_id": "", "osm_match_status": "", "osm_bdnb_intersection_area_m2": "", "osm_address_text": "", "code_insee": "33318", "section": "ET", "numero_norm": "0063", "code_iris": "333180120", "nom_iris": "Parc Industriel", "nb_batiments": 2, "annee_construction": "", "footprint_m2": "", "footprint_sum_m2": 2238.628343316117, "siren_status": "none", "status_technique": "no_candidate", "status_metier": "none", "siret_count": 0, "passerelle_address": "", "passerelle_indice_norm": "", "passerelle_numero_match": "", "passerelle_addresses_json": "[]", "sirets_json": "[]", "sirens_json": "[]", "matching_confidence": 0.0, "matching_reason": "", "matching_status": "mono", "matching_decision": "", "matching_siren_selected": "", "matching_debug_json": "", "parcelles_json": "", "buildings_json": "[{\"batiment_construction_id\": \"r:135046040\", \"bdnb_batiment_construction_id\": \"bdnb-bg-7C42-8GLJ-R1G5:5\", \"batiment_groupe_id\": \"bdnb-bg-7C42-8GLJ-R1G5\", \"annee_construction\": null, \"footprint_m2\": 1002.012069052823, \"intersection_area_m2\": 228.08732117169762, \"osm_building_id\": \"r:135046040\", \"osm_match_status\": \"matched\", \"osm_bdnb_intersection_area_m2\": 947.0521129549757, \"osm_address_text\": \"\", \"matching_status\": \"partage\", \"matching_decision\": \"unique_by_intersection\", \"matching_siren_selected\": \"\"}, {\"batiment_construction_id\": \"w:218783772\", \"bdnb_batiment_construction_id\": \"bdnb-bg-GPDS-KLSP-W4E2:1\", \"batiment_groupe_id\": \"bdnb-bg-GPDS-KLSP-W4E2\", \"annee_construction\": 2004, \"footprint_m2\": 1236.616274263294, \"intersection_area_m2\": 1236.616274263294, \"osm_building_id\": \"w:218783772\", \"osm_match_status\": \"matched\", \"osm_bdnb_intersection_area_m2\": 689.6367018750583, \"osm_address_text\": \"\", \"matching_status\": \"mono\", \"matching_decision\": \"mono\", \"matching_siren_selected\": \"\"}]", "building_geometries_json": "[{\"batiment_construction_id\": \"r:135046040\", \"bdnb_batiment_construction_id\": \"bdnb-bg-7C42-8GLJ-R1G5:5\", \"batiment_groupe_id\": \"bdnb-bg-7C42-8GLJ-R1G5\", \"osm_building_id\": \"r:135046040\", \"osm_match_status\": \"matched\", \"osm_bdnb_intersection_area_m2\": 947.0521129549757, \"osm_address_text\": \"\", \"annee_construction\": null, \"footprint_m2\": 1002.012069052823, \"geometry\": {\"type\": \"MultiPolygon\", \"coordinates\": [[[[-0.6467984, 44.7887324], [-0.646656, 44.7886375], [-0.6464241, 44.788814], [-0.6463984, 44.7887968], [-0.6462024, 44.7889458], [-0.6462281, 44.7889628], [-0.6461305, 44.7890375], [-0.646273, 44.7891323], [-0.6467984, 44.7887324]]]]}}, {\"batiment_construction_id\": \"w:218783772\", \"bdnb_batiment_construction_id\": \"bdnb-bg-GPDS-KLSP-W4E2:1\", \"batiment_groupe_id\": \"bdnb-bg-GPDS-KLSP-W4E2\", \"osm_building_id\": \"w:218783772\", \"osm_match_status\": \"matched\", \"osm_bdnb_intersection_area_m2\": 689.6367018750583, \"osm_address_text\": \"\", \"annee_construction\": 2004, \"footprint_m2\": 1236.616274263294, \"geometry\": {\"type\": \"MultiPolygon\", \"coordinates\": [[[[-0.6471099, 44.7895309], [-0.6470242, 44.7895973], [-0.6469606, 44.7896465], [-0.646838, 44.789565], [-0.646797, 44.789597], [-0.646776, 44.789612], [-0.646734, 44.789644], [-0.647127, 44.789903], [-0.647229, 44.789825], [-0.6470768, 44.7897238], [-0.6471422, 44.7896747], [-0.6472282, 44.78961], [-0.647379, 44.789711], [-0.647484, 44.789631], [-0.647091, 44.789371], [-0.646989, 44.78945], [-0.6471099, 44.7895309]]]]}}]", "google_fallback_attempted": "false", "google_fallback_success": "false", "google_fallback_group_id": "", "google_nearby_status": "", "google_nearby_error": "", "google_raw_nearby_count": "0", "google_excluded_outside_parcel": "0", "google_nearby_ranked_json": "[]", "google_winner_place_id": "", "google_winner_name": "", "google_anchor_address": "", "google_api_gouv_query": "", "google_api_gouv_etablissements_count": "0", "google_reject_reason": "", "osm_pois_json": "[]", "osm_poi_count": 0, "osm_pois_status": "ok", "osm_poi_truncated": 0, "osm_data_as_of": ""}, "geometry": {"type": "MultiPolygon", "coordinates": [[[[-0.6474748, 44.7891166], [-0.6460109, 44.7889519], [-0.6458072, 44.78929], [-0.6459615, 44.78948], [-0.6463253, 44.7897733], [-0.6467382, 44.7900669], [-0.6470212, 44.7899864], [-0.6470564, 44.7902111], [-0.6477176, 44.7894689], [-0.6477163, 44.7892823], [-0.6474748, 44.7891166]]]]}, "id": "parcelle:33318:ET:0063"}, {"type": "Feature", "properties": {"scout_v5_id": "parcelle:33318:ET:0073", "grain": "parcelle", "batiment_construction_id": "", "bdnb_batiment_construction_id": "", "batiment_groupe_id": "", "osm_building_id": "", "osm_match_status": "", "osm_bdnb_intersection_area_m2": "", "osm_address_text": "", "code_insee": "33318", "section": "ET", "numero_norm": "0073", "code_iris": "333180120", "nom_iris": "Parc Industriel", "nb_batiments": 1, "annee_construction": "", "footprint_m2": "", "footprint_sum_m2": 1002.012069052823, "siren_status": "none", "status_technique": "no_candidate", "status_metier": "none", "siret_count": 0, "passerelle_address": "", "passerelle_indice_norm": "", "passerelle_numero_match": "", "passerelle_addresses_json": "[]", "sirets_json": "[]", "sirens_json": "[]", "matching_confidence": 0.0, "matching_reason": "", "matching_status": "mono", "matching_decision": "", "matching_siren_selected": "", "matching_debug_json": "", "parcelles_json": "", "buildings_json": "[{\"batiment_construction_id\": \"r:135046040\", \"bdnb_batiment_construction_id\": \"bdnb-bg-7C42-8GLJ-R1G5:5\", \"batiment_groupe_id\": \"bdnb-bg-7C42-8GLJ-R1G5\", \"annee_construction\": null, \"footprint_m2\": 1002.012069052823, \"intersection_area_m2\": 773.9247478834686, \"osm_building_id\": \"r:135046040\", \"osm_match_status\": \"matched\", \"osm_bdnb_intersection_area_m2\": 947.0521129549757, \"osm_address_text\": \"\", \"matching_status\": \"partage\", \"matching_decision\": \"unique_by_intersection\", \"matching_siren_selected\": \"\"}]", "building_geometries_json": "[{\"batiment_construction_id\": \"r:135046040\", \"bdnb_batiment_construction_id\": \"bdnb-bg-7C42-8GLJ-R1G5:5\", \"batiment_groupe_id\": \"bdnb-bg-7C42-8GLJ-R1G5\", \"osm_building_id\": \"r:135046040\", \"osm_match_status\": \"matched\", \"osm_bdnb_intersection_area_m2\": 947.0521129549757, \"osm_address_text\": \"\", \"annee_construction\": null, \"footprint_m2\": 1002.012069052823, \"geometry\": {\"type\": \"MultiPolygon\", \"coordinates\": [[[[-0.6467984, 44.7887324], [-0.646656, 44.7886375], [-0.6464241, 44.788814], [-0.6463984, 44.7887968], [-0.6462024, 44.7889458], [-0.6462281, 44.7889628], [-0.6461305, 44.7890375], [-0.646273, 44.7891323], [-0.6467984, 44.7887324]]]]}}]", "google_fallback_attempted": "false", "google_fallback_success": "false", "google_fallback_group_id": "", "google_nearby_status": "", "google_nearby_error": "", "google_raw_nearby_count": "0", "google_excluded_outside_parcel": "0", "google_nearby_ranked_json": "[]", "google_winner_place_id": "", "google_winner_name": "", "google_anchor_address": "", "google_api_gouv_query": "", "google_api_gouv_etablissements_count": "0", "google_reject_reason": "", "osm_pois_json": "[]", "osm_poi_count": 0, "osm_pois_status": "ok", "osm_poi_truncated": 0, "osm_data_as_of": ""}, "geometry": {"type": "MultiPolygon", "coordinates": [[[[-0.6474748, 44.7891166], [-0.6465795, 44.7884441], [-0.6464827, 44.7884518], [-0.646453, 44.7884547], [-0.6460109, 44.7889519], [-0.6474748, 44.7891166]]]]}, "id": "parcelle:33318:ET:0073"}, {"type": "Feature", "properties": {"scout_v5_id": "parcelle:33318:HB:0064", "grain": "parcelle", "batiment_construction_id": "", "bdnb_batiment_construction_id": "", "batiment_groupe_id": "", "osm_building_id": "", "osm_match_status": "", "osm_bdnb_intersection_area_m2": "", "osm_address_text": "", "code_insee": "33318", "section": "HB", "numero_norm": "0064", "code_iris": "333180120", "nom_iris": "Parc Industriel", "nb_batiments": 1, "annee_construction": "", "footprint_m2": "", "footprint_sum_m2": 404.4206689062806, "siren_status": "none", "status_technique": "no_candidate", "status_metier": "none", "siret_count": 0, "passerelle_address": "", "passerelle_indice_norm": "", "passerelle_numero_match": "", "passerelle_addresses_json": "[]", "sirets_json": "[]", "sirens_json": "[]", "matching_confidence": 0.0, "matching_reason": "", "matching_status": "mono", "matching_decision": "", "matching_siren_selected": "", "matching_debug_json": "", "parcelles_json": "", "buildings_json": "[{\"batiment_construction_id\": \"r:135118360\", \"bdnb_batiment_construction_id\": \"bdnb-bg-RZ2H-2LUV-N5CW:1\", \"batiment_groupe_id\": \"bdnb-bg-RZ2H-2LUV-N5CW\", \"annee_construction\": 1963, \"footprint_m2\": 404.4206689062806, \"intersection_area_m2\": 404.4206689062805, \"osm_building_id\": \"r:135118360\", \"osm_match_status\": \"matched\", \"osm_bdnb_intersection_area_m2\": 272.35295258929943, \"osm_address_text\": \"1 Avenue de la Tuileranne, 33600 Pessac\", \"matching_status\": \"mono\", \"matching_decision\": \"mono\", \"matching_siren_selected\": \"\"}]", "building_geometries_json": "[{\"batiment_construction_id\": \"r:135118360\", \"bdnb_batiment_construction_id\": \"bdnb-bg-RZ2H-2LUV-N5CW:1\", \"batiment_groupe_id\": \"bdnb-bg-RZ2H-2LUV-N5CW\", \"osm_building_id\": \"r:135118360\", \"osm_match_status\": \"matched\", \"osm_bdnb_intersection_area_m2\": 272.35295258929943, \"osm_address_text\": \"1 Avenue de la Tuileranne, 33600 Pessac\", \"annee_construction\": 1963, \"footprint_m2\": 404.4206689062806, \"geometry\": {\"type\": \"MultiPolygon\", \"coordinates\": [[[[-0.6367502, 44.7863213], [-0.6367472, 44.7862953], [-0.6367386, 44.786285], [-0.6364338, 44.7861615], [-0.6363504, 44.7862663], [-0.6366281, 44.7863789], [-0.6366246, 44.7863831], [-0.6366575, 44.7863966], [-0.6366882, 44.7863935], [-0.6367233, 44.7863496], [-0.6367266, 44.786351], [-0.6367502, 44.7863213]]]]}}]", "google_fallback_attempted": "false", "google_fallback_success": "false", "google_fallback_group_id": "", "google_nearby_status": "", "google_nearby_error": "", "google_raw_nearby_count": "0", "google_excluded_outside_parcel": "0", "google_nearby_ranked_json": "[]", "google_winner_place_id": "", "google_winner_name": "", "google_anchor_address": "", "google_api_gouv_query": "", "google_api_gouv_etablissements_count": "0", "google_reject_reason": "", "osm_pois_json": "[]", "osm_poi_count": 0, "osm_pois_status": "ok", "osm_poi_truncated": 0, "osm_data_as_of": ""}, "geometry": {"type": "MultiPolygon", "coordinates": [[[[-0.6362467, 44.785868], [-0.6361675, 44.7858802], [-0.635911, 44.7861696], [-0.6358702, 44.7862156], [-0.6359573, 44.7862511], [-0.6360874, 44.786304], [-0.6362201, 44.7863587], [-0.6363323, 44.786404], [-0.6364425, 44.7864489], [-0.6365599, 44.7864969], [-0.6366509, 44.7865339], [-0.6367437, 44.7865718], [-0.6367528, 44.7865754], [-0.6367952, 44.7865415], [-0.636837, 44.7865171], [-0.6370104, 44.7864602], [-0.6371168, 44.7864251], [-0.6371871, 44.7863653], [-0.6372093, 44.7862995], [-0.6371694, 44.7862627], [-0.6371289, 44.7862251], [-0.6369337, 44.7861375], [-0.6368015, 44.7860782], [-0.6362467, 44.785868]]]]}, "id": "parcelle:33318:HB:0064"}, {"type": "Feature", "properties": {"scout_v5_id": "parcelle:33318:CR:0041", "grain": "parcelle", "batiment_construction_id": "", "bdnb_batiment_construction_id": "", "batiment_groupe_id": "", "osm_building_id": "", "osm_match_status": "", "osm_bdnb_intersection_area_m2": "", "osm_address_text": "", "code_insee": "33318", "section": "CR", "numero_norm": "0041", "code_iris": "333180109", "nom_iris": "L'Alouette", "nb_batiments": 1, "annee_construction": "", "footprint_m2": "", "footprint_sum_m2": 3508.735632580351, "siren_status": "none", "status_technique": "no_candidate", "status_metier": "none", "siret_count": 0, "passerelle_address": "", "passerelle_indice_norm": "", "passerelle_numero_match": "", "passerelle_addresses_json": "[]", "sirets_json": "[]", "sirens_json": "[]", "matching_confidence": 0.0, "matching_reason": "", "matching_status": "mono", "matching_decision": "", "matching_siren_selected": "", "matching_debug_json": "", "parcelles_json": "", "buildings_json": "[{\"batiment_construction_id\": \"r:207612980\", \"bdnb_batiment_construction_id\": \"bdnb-bg-EVSV-BHQD-EFNJ:1\", \"batiment_groupe_id\": \"bdnb-bg-EVSV-BHQD-EFNJ\", \"annee_construction\": null, \"footprint_m2\": 3508.735632580351, \"intersection_area_m2\": 2820.331398838998, \"osm_building_id\": \"r:207612980\", \"osm_match_status\": \"matched\", \"osm_bdnb_intersection_area_m2\": 3393.8982202294405, \"osm_address_text\": \"\", \"matching_status\": \"partage\", \"matching_decision\": \"unique_by_intersection\", \"matching_siren_selected\": \"\"}]", "building_geometries_json": "[{\"batiment_construction_id\": \"r:207612980\", \"bdnb_batiment_construction_id\": \"bdnb-bg-EVSV-BHQD-EFNJ:1\", \"batiment_groupe_id\": \"bdnb-bg-EVSV-BHQD-EFNJ\", \"osm_building_id\": \"r:207612980\", \"osm_match_status\": \"matched\", \"osm_bdnb_intersection_area_m2\": 3393.8982202294405, \"osm_address_text\": \"\", \"annee_construction\": null, \"footprint_m2\": 3508.735632580351, \"geometry\": {\"type\": \"MultiPolygon\", \"coordinates\": [[[[-0.654464, 44.79703], [-0.654437, 44.796495], [-0.65393, 44.796508], [-0.653933, 44.796581], [-0.653657, 44.796588], [-0.653681, 44.79705], [-0.654464, 44.79703]]]]}}]", "google_fallback_attempted": "false", "google_fallback_success": "false", "google_fallback_group_id": "", "google_nearby_status": "", "google_nearby_error": "", "google_raw_nearby_count": "0", "google_excluded_outside_parcel": "0", "google_nearby_ranked_json": "[]", "google_winner_place_id": "", "google_winner_name": "", "google_anchor_address": "", "google_api_gouv_query": "", "google_api_gouv_etablissements_count": "0", "google_reject_reason": "", "osm_pois_json": "[]", "osm_poi_count": 0, "osm_pois_status": "ok", "osm_poi_truncated": 0, "osm_data_as_of": ""}, "geometry": {"type": "MultiPolygon", "coordinates": [[[[-0.6544099, 44.7965876], [-0.6536967, 44.7966438], [-0.65338, 44.796658], [-0.6536237, 44.797804], [-0.6538287, 44.7977891], [-0.6544987, 44.7977542], [-0.6544099, 44.7965876]]]]}, "id": "parcelle:33318:CR:0041"}, {"type": "Feature", "properties": {"scout_v5_id": "parcelle:33318:CR:0042", "grain": "parcelle", "batiment_construction_id": "", "bdnb_batiment_construction_id": "", "batiment_groupe_id": "", "osm_building_id": "", "osm_match_status": "", "osm_bdnb_intersection_area_m2": "", "osm_address_text": "", "code_insee": "33318", "section": "CR", "numero_norm": "0042", "code_iris": "333180109", "nom_iris": "L'Alouette", "nb_batiments": 1, "annee_construction": "", "footprint_m2": "", "footprint_sum_m2": 3508.735632580351, "siren_status": "none", "status_technique": "no_candidate", "status_metier": "none", "siret_count": 0, "passerelle_address": "", "passerelle_indice_norm": "", "passerelle_numero_match": "", "passerelle_addresses_json": "[]", "sirets_json": "[]", "sirens_json": "[]", "matching_confidence": 0.0, "matching_reason": "", "matching_status": "mono", "matching_decision": "", "matching_siren_selected": "", "matching_debug_json": "", "parcelles_json": "", "buildings_json": "[{\"batiment_construction_id\": \"r:207612980\", \"bdnb_batiment_construction_id\": \"bdnb-bg-EVSV-BHQD-EFNJ:1\", \"batiment_groupe_id\": \"bdnb-bg-EVSV-BHQD-EFNJ\", \"annee_construction\": null, \"footprint_m2\": 3508.735632580351, \"intersection_area_m2\": 104.05182594392835, \"osm_building_id\": \"r:207612980\", \"osm_match_status\": \"matched\", \"osm_bdnb_intersection_area_m2\": 3393.8982202294405, \"osm_address_text\": \"\", \"matching_status\": \"partage\", \"matching_decision\": \"unique_by_intersection\", \"matching_siren_selected\": \"\"}]", "building_geometries_json": "[{\"batiment_construction_id\": \"r:207612980\", \"bdnb_batiment_construction_id\": \"bdnb-bg-EVSV-BHQD-EFNJ:1\", \"batiment_groupe_id\": \"bdnb-bg-EVSV-BHQD-EFNJ\", \"osm_building_id\": \"r:207612980\", \"osm_match_status\": \"matched\", \"osm_bdnb_intersection_area_m2\": 3393.8982202294405, \"osm_address_text\": \"\", \"annee_construction\": null, \"footprint_m2\": 3508.735632580351, \"geometry\": {\"type\": \"MultiPolygon\", \"coordinates\": [[[[-0.654464, 44.79703], [-0.654437, 44.796495], [-0.65393, 44.796508], [-0.653933, 44.796581], [-0.653657, 44.796588], [-0.653681, 44.79705], [-0.654464, 44.79703]]]]}}]", "google_fallback_attempted": "false", "google_fallback_success": "false", "google_fallback_group_id": "", "google_nearby_status": "", "google_nearby_error": "", "google_raw_nearby_count": "0", "google_excluded_outside_parcel": "0", "google_nearby_ranked_json": "[]", "google_winner_place_id": "", "google_winner_name": "", "google_anchor_address": "", "google_api_gouv_query": "", "google_api_gouv_etablissements_count": "0", "google_reject_reason": "", "osm_pois_json": "[]", "osm_poi_count": 0, "osm_pois_status": "ok", "osm_poi_truncated": 0, "osm_data_as_of": ""}, "geometry": {"type": "MultiPolygon", "coordinates": [[[[-0.6544696, 44.7965759], [-0.6544092, 44.7965793], [-0.6544099, 44.7965876], [-0.6544987, 44.7977542], [-0.6538287, 44.7977891], [-0.6536237, 44.797804], [-0.6535056, 44.7978374], [-0.6535741, 44.7979026], [-0.6536389, 44.7978916], [-0.6537001, 44.7978827], [-0.6537619, 44.7978773], [-0.6539335, 44.7978679], [-0.6542891, 44.7978522], [-0.6545354, 44.7978404], [-0.6545029, 44.7981247], [-0.6544726, 44.7983908], [-0.6544604, 44.798497], [-0.6544303, 44.7987625], [-0.6544772, 44.7988114], [-0.6545672, 44.797979], [-0.6544696, 44.7965759]]]]}, "id": "parcelle:33318:CR:0042"}, {"type": "Feature", "properties": {"scout_v5_id": "parcelle:33318:CR:0050", "grain": "parcelle", "batiment_construction_id": "", "bdnb_batiment_construction_id": "", "batiment_groupe_id": "", "osm_building_id": "", "osm_match_status": "", "osm_bdnb_intersection_area_m2": "", "osm_address_text": "", "code_insee": "33318", "section": "CR", "numero_norm": "0050", "code_iris": "333180109", "nom_iris": "L'Alouette", "nb_batiments": 1, "annee_construction": "", "footprint_m2": "", "footprint_sum_m2": 3508.735632580351, "siren_status": "none", "status_technique": "no_candidate", "status_metier": "none", "siret_count": 0, "passerelle_address": "", "passerelle_indice_norm": "", "passerelle_numero_match": "", "passerelle_addresses_json": "[]", "sirets_json": "[]", "sirens_json": "[]", "matching_confidence": 0.0, "matching_reason": "", "matching_status": "mono", "matching_decision": "", "matching_siren_selected": "", "matching_debug_json": "", "parcelles_json": "", "buildings_json": "[{\"batiment_construction_id\": \"r:207612980\", \"bdnb_batiment_construction_id\": \"bdnb-bg-EVSV-BHQD-EFNJ:1\", \"batiment_groupe_id\": \"bdnb-bg-EVSV-BHQD-EFNJ\", \"annee_construction\": null, \"footprint_m2\": 3508.735632580351, \"intersection_area_m2\": 389.00672014404716, \"osm_building_id\": \"r:207612980\", \"osm_match_status\": \"matched\", \"osm_bdnb_intersection_area_m2\": 3393.8982202294405, \"osm_address_text\": \"\", \"matching_status\": \"partage\", \"matching_decision\": \"unique_by_intersection\", \"matching_siren_selected\": \"\"}]", "building_geometries_json": "[{\"batiment_construction_id\": \"r:207612980\", \"bdnb_batiment_construction_id\": \"bdnb-bg-EVSV-BHQD-EFNJ:1\", \"batiment_groupe_id\": \"bdnb-bg-EVSV-BHQD-EFNJ\", \"osm_building_id\": \"r:207612980\", \"osm_match_status\": \"matched\", \"osm_bdnb_intersection_area_m2\": 3393.8982202294405, \"osm_address_text\": \"\", \"annee_construction\": null, \"footprint_m2\": 3508.735632580351, \"geometry\": {\"type\": \"MultiPolygon\", \"coordinates\": [[[[-0.654464, 44.79703], [-0.654437, 44.796495], [-0.65393, 44.796508], [-0.653933, 44.796581], [-0.653657, 44.796588], [-0.653681, 44.79705], [-0.654464, 44.79703]]]]}}]", "google_fallback_attempted": "false", "google_fallback_success": "false", "google_fallback_group_id": "", "google_nearby_status": "", "google_nearby_error": "", "google_raw_nearby_count": "0", "google_excluded_outside_parcel": "0", "google_nearby_ranked_json": "[]", "google_winner_place_id": "", "google_winner_name": "", "google_anchor_address": "", "google_api_gouv_query": "", "google_api_gouv_etablissements_count": "0", "google_reject_reason": "", "osm_pois_json": "[]", "osm_poi_count": 0, "osm_pois_status": "ok", "osm_poi_truncated": 0, "osm_data_as_of": ""}, "geometry": {"type": "MultiPolygon", "coordinates": [[[[-0.6544167, 44.795819], [-0.652601, 44.7965186], [-0.6526906, 44.7966496], [-0.6527643, 44.7967573], [-0.652779, 44.796747], [-0.6527925, 44.7967379], [-0.6528094, 44.7967279], [-0.6528256, 44.7967183], [-0.6528471, 44.796708], [-0.6528677, 44.7966996], [-0.6529004, 44.7966884], [-0.6529249, 44.7966816], [-0.6529563, 44.7966747], [-0.6529881, 44.7966695], [-0.6530344, 44.7966614], [-0.6530832, 44.7966543], [-0.6531192, 44.7966523], [-0.6535247, 44.7966222], [-0.6541817, 44.7965799], [-0.654468, 44.7965533], [-0.6544167, 44.795819]]]]}, "id": "parcelle:33318:CR:0050"}, {"type": "Feature", "properties": {"scout_v5_id": "parcelle:33318:CR:0083", "grain": "parcelle", "batiment_construction_id": "", "bdnb_batiment_construction_id": "", "batiment_groupe_id": "", "osm_building_id": "", "osm_match_status": "", "osm_bdnb_intersection_area_m2": "", "osm_address_text": "", "code_insee": "33318", "section": "CR", "numero_norm": "0083", "code_iris": "333180109", "nom_iris": "L'Alouette", "nb_batiments": 1, "annee_construction": "", "footprint_m2": "", "footprint_sum_m2": 441.3767539478332, "siren_status": "none", "status_technique": "no_candidate", "status_metier": "none", "siret_count": 0, "passerelle_address": "", "passerelle_indice_norm": "", "passerelle_numero_match": "", "passerelle_addresses_json": "[]", "sirets_json": "[]", "sirens_json": "[]", "matching_confidence": 0.0, "matching_reason": "", "matching_status": "mono", "matching_decision": "", "matching_siren_selected": "", "matching_debug_json": "", "parcelles_json": "", "buildings_json": "[{\"batiment_construction_id\": \"r:207613070\", \"bdnb_batiment_construction_id\": \"bdnb-bg-Y9RH-RY7R-CKA7:7\", \"batiment_groupe_id\": \"bdnb-bg-Y9RH-RY7R-CKA7\", \"annee_construction\": 1925, \"footprint_m2\": 441.3767539478332, \"intersection_area_m2\": 441.3767539478332, \"osm_building_id\": \"r:207613070\", \"osm_match_status\": \"matched\", \"osm_bdnb_intersection_area_m2\": 440.7096003428099, \"osm_address_text\": \"\", \"matching_status\": \"mono\", \"matching_decision\": \"mono\", \"matching_siren_selected\": \"\"}]", "building_geometries_json": "[{\"batiment_construction_id\": \"r:207613070\", \"bdnb_batiment_construction_id\": \"bdnb-bg-Y9RH-RY7R-CKA7:7\", \"batiment_groupe_id\": \"bdnb-bg-Y9RH-RY7R-CKA7\", \"osm_building_id\": \"r:207613070\", \"osm_match_status\": \"matched\", \"osm_bdnb_intersection_area_m2\": 440.7096003428099, \"osm_address_text\": \"\", \"annee_construction\": 1925, \"footprint_m2\": 441.3767539478332, \"geometry\": {\"type\": \"MultiPolygon\", \"coordinates\": [[[[-0.658302, 44.797399], [-0.658262, 44.797242], [-0.657953, 44.797281], [-0.657993, 44.797439], [-0.658302, 44.797399]]]]}}]", "google_fallback_attempted": "false", "google_fallback_success": "false", "google_fallback_group_id": "", "google_nearby_status": "", "google_nearby_error": "", "google_raw_nearby_count": "0", "google_excluded_outside_parcel": "0", "google_nearby_ranked_json": "[]", "google_winner_place_id": "", "google_winner_name": "", "google_anchor_address": "", "google_api_gouv_query": "", "google_api_gouv_etablissements_count": "0", "google_reject_reason": "", "osm_pois_json": "[]", "osm_poi_count": 0, "osm_pois_status": "ok", "osm_poi_truncated": 0, "osm_data_as_of": ""}, "geometry": {"type": "MultiPolygon", "coordinates": [[[[-0.6583075, 44.7972063], [-0.6580947, 44.7972343], [-0.6579377, 44.7972151], [-0.6578731, 44.7972749], [-0.6579227, 44.797366], [-0.6579509, 44.7974764], [-0.6583634, 44.7974242], [-0.6583075, 44.7972063]]]]}, "id": "parcelle:33318:CR:0083"}, {"type": "Feature", "properties": {"scout_v5_id": "parcelle:33318:HH:0110", "grain": "parcelle", "batiment_construction_id": "", "bdnb_batiment_construction_id": "", "batiment_groupe_id": "", "osm_building_id": "", "osm_match_status": "", "osm_bdnb_intersection_area_m2": "", "osm_address_text": "", "code_insee": "33318", "section": "HH", "numero_norm": "0110", "code_iris": "333180120", "nom_iris": "Parc Industriel", "nb_batiments": 1, "annee_construction": "", "footprint_m2": "", "footprint_sum_m2": 482.7536636422514, "siren_status": "none", "status_technique": "no_candidate", "status_metier": "none", "siret_count": 0, "passerelle_address": "", "passerelle_indice_norm": "", "passerelle_numero_match": "", "passerelle_addresses_json": "[]", "sirets_json": "[]", "sirens_json": "[]", "matching_confidence": 0.0, "matching_reason": "", "matching_status": "mono", "matching_decision": "", "matching_siren_selected": "", "matching_debug_json": "", "parcelles_json": "", "buildings_json": "[{\"batiment_construction_id\": \"w:113578081\", \"bdnb_batiment_construction_id\": \"bdnb-bg-SRTP-TMCF-Y1FD:1\", \"batiment_groupe_id\": \"bdnb-bg-SRTP-TMCF-Y1FD\", \"annee_construction\": 2007, \"footprint_m2\": 482.7536636422514, \"intersection_area_m2\": 482.75366364225135, \"osm_building_id\": \"w:113578081\", \"osm_match_status\": \"matched\", \"osm_bdnb_intersection_area_m2\": 463.37201984825526, \"osm_address_text\": \"27 LE FIDUCIA Avenue Léonard de Vinci, 33600 Pessac\", \"matching_status\": \"mono\", \"matching_decision\": \"mono\", \"matching_siren_selected\": \"\"}]", "building_geometries_json": "[{\"batiment_construction_id\": \"w:113578081\", \"bdnb_batiment_construction_id\": \"bdnb-bg-SRTP-TMCF-Y1FD:1\", \"batiment_groupe_id\": \"bdnb-bg-SRTP-TMCF-Y1FD\", \"osm_building_id\": \"w:113578081\", \"osm_match_status\": \"matched\", \"osm_bdnb_intersection_area_m2\": 463.37201984825526, \"osm_address_text\": \"27 LE FIDUCIA Avenue Léonard de Vinci, 33600 Pessac\", \"annee_construction\": 2007, \"footprint_m2\": 482.7536636422514, \"geometry\": {\"type\": \"MultiPolygon\", \"coordinates\": [[[[-0.656382, 44.7809857], [-0.6562708, 44.7808816], [-0.6560664, 44.7809845], [-0.65603, 44.781134], [-0.6562361, 44.7811681], [-0.6562562, 44.7810564], [-0.656382, 44.7809857]]]]}}]", "google_fallback_attempted": "false", "google_fallback_success": "false", "google_fallback_group_id": "", "google_nearby_status": "", "google_nearby_error": "", "google_raw_nearby_count": "0", "google_excluded_outside_parcel": "0", "google_nearby_ranked_json": "[]", "google_winner_place_id": "", "google_winner_name": "", "google_anchor_address": "", "google_api_gouv_query": "", "google_api_gouv_etablissements_count": "0", "google_reject_reason": "", "osm_pois_json": "[]", "osm_poi_count": 0, "osm_pois_status": "ok", "osm_poi_truncated": 0, "osm_data_as_of": ""}, "geometry": {"type": "MultiPolygon", "coordinates": [[[[-0.6569874, 44.7810506], [-0.656605, 44.7806215], [-0.6564365, 44.7806965], [-0.655811, 44.7809744], [-0.6555641, 44.7810835], [-0.6558331, 44.7813938], [-0.6559806, 44.7812621], [-0.6560057, 44.7812398], [-0.6565146, 44.7813076], [-0.6565152, 44.7813066], [-0.6565156, 44.7813057], [-0.6565162, 44.7813047], [-0.6565167, 44.7813038], [-0.6565172, 44.7813027], [-0.6565177, 44.7813018], [-0.6565182, 44.781301], [-0.6565188, 44.7813], [-0.6565194, 44.7812991], [-0.65652, 44.7812982], [-0.6565205, 44.7812972], [-0.6565213, 44.7812962], [-0.6565219, 44.7812953], [-0.6565225, 44.7812944], [-0.6565232, 44.7812934], [-0.6565238, 44.7812925], [-0.6565245, 44.7812917], [-0.6565252, 44.7812908], [-0.6565259, 44.7812898], [-0.6565266, 44.7812889], [-0.6565273, 44.7812881], [-0.656528, 44.7812872], [-0.6565287, 44.7812862], [-0.6565296, 44.7812854], [-0.6565303, 44.7812846], [-0.656531, 44.7812837], [-0.6565319, 44.781283], [-0.6565327, 44.7812821], [-0.6565334, 44.7812812], [-0.6565342, 44.7812804], [-0.6565351, 44.7812795], [-0.6565359, 44.7812787], [-0.6565367, 44.7812779], [-0.6565376, 44.781277], [-0.6565385, 44.7812763], [-0.6565394, 44.7812754], [-0.6565403, 44.7812746], [-0.6565413, 44.7812737], [-0.6565421, 44.781273], [-0.6565431, 44.7812722], [-0.656544, 44.7812714], [-0.656545, 44.7812706], [-0.6565458, 44.78127], [-0.6565468, 44.7812691], [-0.6565478, 44.7812684], [-0.6565488, 44.7812676], [-0.6565498, 44.7812669], [-0.6565508, 44.7812661], [-0.6565517, 44.7812655], [-0.6565528, 44.7812647], [-0.6565539, 44.781264], [-0.656555, 44.7812633], [-0.656556, 44.7812625], [-0.6565571, 44.7812619], [-0.6565582, 44.7812611], [-0.6565591, 44.7812605], [-0.6565602, 44.7812599], [-0.6565613, 44.7812592], [-0.6565624, 44.7812585], [-0.6565635, 44.7812579], [-0.6565646, 44.7812572], [-0.6565658, 44.7812565], [-0.6565669, 44.7812559], [-0.656568, 44.7812553], [-0.6565691, 44.7812546], [-0.6565704, 44.781254], [-0.6565716, 44.7812535], [-0.6565728, 44.7812528], [-0.6565739, 44.7812523], [-0.6565751, 44.7812517], [-0.6565764, 44.7812511], [-0.6565776, 44.7812506], [-0.6565787, 44.78125], [-0.6565799, 44.7812495], [-0.6565812, 44.7812489], [-0.6565824, 44.7812484], [-0.6565836, 44.7812478], [-0.6565849, 44.7812473], [-0.6565861, 44.7812468], [-0.6565873, 44.7812464], [-0.6565887, 44.7812459], [-0.6565899, 44.7812454], [-0.6565912, 44.7812449], [-0.6565925, 44.7812445], [-0.6565938, 44.781244], [-0.656595, 44.7812435], [-0.6565964, 44.7812431], [-0.6565976, 44.7812426], [-0.6565991, 44.7812422], [-0.6569874, 44.7810506]]]]}, "id": "parcelle:33318:HH:0110"}, {"type": "Feature", "properties": {"scout_v5_id": "parcelle:33318:EO:0089", "grain": "parcelle", "batiment_construction_id": "", "bdnb_batiment_construction_id": "", "batiment_groupe_id": "", "osm_building_id": "", "osm_match_status": "", "osm_bdnb_intersection_area_m2": "", "osm_address_text": "", "code_insee": "33318", "section": "EO", "numero_norm": "0089", "code_iris": "333180110", "nom_iris": "France", "nb_batiments": 1, "annee_construction": "", "footprint_m2": "", "footprint_sum_m2": 401.68728034707203, "siren_status": "none", "status_technique": "no_candidate", "status_metier": "none", "siret_count": 0, "passerelle_address": "", "passerelle_indice_norm": "", "passerelle_numero_match": "", "passerelle_addresses_json": "[]", "sirets_json": "[]", "sirens_json": "[]", "matching_confidence": 0.0, "matching_reason": "", "matching_status": "mono", "matching_decision": "", "matching_siren_selected": "", "matching_debug_json": "", "parcelles_json": "", "buildings_json": "[{\"batiment_construction_id\": \"w:114590229\", \"bdnb_batiment_construction_id\": \"bdnb-bg-VZF8-CTMF-7Q2S:11\", \"batiment_groupe_id\": \"bdnb-bg-VZF8-CTMF-7Q2S\", \"annee_construction\": 2004, \"footprint_m2\": 401.68728034707203, \"intersection_area_m2\": 401.68728034707203, \"osm_building_id\": \"w:114590229\", \"osm_match_status\": \"matched\", \"osm_bdnb_intersection_area_m2\": 373.43158967362956, \"osm_address_text\": \"\", \"matching_status\": \"mono\", \"matching_decision\": \"mono\", \"matching_siren_selected\": \"\"}]", "building_geometries_json": "[{\"batiment_construction_id\": \"w:114590229\", \"bdnb_batiment_construction_id\": \"bdnb-bg-VZF8-CTMF-7Q2S:11\", \"batiment_groupe_id\": \"bdnb-bg-VZF8-CTMF-7Q2S\", \"osm_building_id\": \"w:114590229\", \"osm_match_status\": \"matched\", \"osm_bdnb_intersection_area_m2\": 373.43158967362956, \"osm_address_text\": \"\", \"annee_construction\": 2004, \"footprint_m2\": 401.68728034707203, \"geometry\": {\"type\": \"MultiPolygon\", \"coordinates\": [[[[-0.660411, 44.789314], [-0.660276, 44.7892], [-0.660205, 44.789243], [-0.660184, 44.789226], [-0.66013, 44.789258], [-0.66015, 44.789276], [-0.660056, 44.789333], [-0.660189, 44.789444], [-0.660284, 44.789389], [-0.660303, 44.789405], [-0.66036, 44.789373], [-0.660339, 44.789356], [-0.660411, 44.789314]]]]}}]", "google_fallback_attempted": "false", "google_fallback_success": "false", "google_fallback_group_id": "", "google_nearby_status": "", "google_nearby_error": "", "google_raw_nearby_count": "0", "google_excluded_outside_parcel": "0", "google_nearby_ranked_json": "[]", "google_winner_place_id": "", "google_winner_name": "", "google_anchor_address": "", "google_api_gouv_query": "", "google_api_gouv_etablissements_count": "0", "google_reject_reason": "", "osm_pois_json": "[]", "osm_poi_count": 0, "osm_pois_status": "ok", "osm_poi_truncated": 0, "osm_data_as_of": ""}, "geometry": {"type": "MultiPolygon", "coordinates": [[[[-0.6609306, 44.7891012], [-0.6598637, 44.789222], [-0.6597998, 44.7892459], [-0.6595885, 44.789517], [-0.6592461, 44.7899684], [-0.6591614, 44.7900925], [-0.6591088, 44.7901982], [-0.6590571, 44.7903112], [-0.659339, 44.7902645], [-0.6595736, 44.7902016], [-0.6596422, 44.7901262], [-0.6596584, 44.790085], [-0.6596397, 44.7899606], [-0.6598838, 44.7899188], [-0.6599398, 44.7900374], [-0.6599469, 44.7900487], [-0.6599763, 44.7900729], [-0.6600997, 44.7901373], [-0.660173, 44.7901504], [-0.6604423, 44.7901138], [-0.6605305, 44.7900981], [-0.6605356, 44.7900973], [-0.6605574, 44.7900952], [-0.6606546, 44.790094], [-0.6607486, 44.7900748], [-0.6607895, 44.79005], [-0.6610389, 44.7898988], [-0.6609076, 44.7898033], [-0.6611715, 44.7896277], [-0.6611478, 44.7895738], [-0.6611241, 44.7895221], [-0.6610288, 44.7893147], [-0.6609726, 44.7891928], [-0.6609306, 44.7891012]]]]}, "id": "parcelle:33318:EO:0089"}, {"type": "Feature", "properties": {"scout_v5_id": "parcelle:33318:HR:0112", "grain": "parcelle", "batiment_construction_id": "", "bdnb_batiment_construction_id": "", "batiment_groupe_id": "", "osm_building_id": "", "osm_match_status": "", "osm_bdnb_intersection_area_m2": "", "osm_address_text": "", "code_insee": "33318", "section": "HR", "numero_norm": "0112", "code_iris": "333180120", "nom_iris": "Parc Industriel", "nb_batiments": 3, "annee_construction": "", "footprint_m2": "", "footprint_sum_m2": 11263.116243222072, "siren_status": "none", "status_technique": "no_candidate", "status_metier": "none", "siret_count": 0, "passerelle_address": "", "passerelle_indice_norm": "", "passerelle_numero_match": "", "passerelle_addresses_json": "[]", "sirets_json": "[]", "sirens_json": "[]", "matching_confidence": 0.0, "matching_reason": "", "matching_status": "mono", "matching_decision": "", "matching_siren_selected": "", "matching_debug_json": "", "parcelles_json": "", "buildings_json": "[{\"batiment_construction_id\": \"w:114590241\", \"bdnb_batiment_construction_id\": \"bdnb-bg-4H47-9MY7-76FN:8\", \"batiment_groupe_id\": \"bdnb-bg-4H47-9MY7-76FN\", \"annee_construction\": 2010, \"footprint_m2\": 1083.1397890157523, \"intersection_area_m2\": 1083.1397890157523, \"osm_building_id\": \"w:114590241\", \"osm_match_status\": \"matched\", \"osm_bdnb_intersection_area_m2\": 951.3535437839321, \"osm_address_text\": \"\", \"matching_status\": \"mono\", \"matching_decision\": \"mono\", \"matching_siren_selected\": \"\"}, {\"batiment_construction_id\": \"w:114590317\", \"bdnb_batiment_construction_id\": \"bdnb-bg-4H47-9MY7-76FN:8\", \"batiment_groupe_id\": \"bdnb-bg-4H47-9MY7-76FN\", \"annee_construction\": 2010, \"footprint_m2\": 9282.771353743696, \"intersection_area_m2\": 5752.601625071923, \"osm_building_id\": \"w:114590317\", \"osm_match_status\": \"matched\", \"osm_bdnb_intersection_area_m2\": 8906.502636306008, \"osm_address_text\": \"\", \"matching_status\": \"partage\", \"matching_decision\": \"unique_by_intersection\", \"matching_siren_selected\": \"\"}, {\"batiment_construction_id\": \"w:114590350\", \"bdnb_batiment_construction_id\": \"bdnb-bg-4H47-9MY7-76FN:8\", \"batiment_groupe_id\": \"bdnb-bg-4H47-9MY7-76FN\", \"annee_construction\": 2010, \"footprint_m2\": 897.2051004626248, \"intersection_area_m2\": 897.2051004626248, \"osm_building_id\": \"w:114590350\", \"osm_match_status\": \"matched\", \"osm_bdnb_intersection_area_m2\": 811.9238359270047, \"osm_address_text\": \"\", \"matching_status\": \"mono\", \"matching_decision\": \"mono\", \"matching_siren_selected\": \"\"}]", "building_geometries_json": "[{\"batiment_construction_id\": \"w:114590241\", \"bdnb_batiment_construction_id\": \"bdnb-bg-4H47-9MY7-76FN:8\", \"batiment_groupe_id\": \"bdnb-bg-4H47-9MY7-76FN\", \"osm_building_id\": \"w:114590241\", \"osm_match_status\": \"matched\", \"osm_bdnb_intersection_area_m2\": 951.3535437839321, \"osm_address_text\": \"\", \"annee_construction\": 2010, \"footprint_m2\": 1083.1397890157523, \"geometry\": {\"type\": \"MultiPolygon\", \"coordinates\": [[[[-0.659529, 44.784223], [-0.6596, 44.784284], [-0.659781, 44.784436], [-0.65992, 44.784353], [-0.659722, 44.784186], [-0.659679, 44.78421], [-0.659652, 44.784187], [-0.659721, 44.784144], [-0.659694, 44.784122], [-0.659578, 44.784025], [-0.659551, 44.784042], [-0.659322, 44.783849], [-0.659186, 44.783933], [-0.659249, 44.783987], [-0.659507, 44.784204], [-0.659529, 44.784223]]]]}}, {\"batiment_construction_id\": \"w:114590317\", \"bdnb_batiment_construction_id\": \"bdnb-bg-4H47-9MY7-76FN:8\", \"batiment_groupe_id\": \"bdnb-bg-4H47-9MY7-76FN\", \"osm_building_id\": \"w:114590317\", \"osm_match_status\": \"matched\", \"osm_bdnb_intersection_area_m2\": 8906.502636306008, \"osm_address_text\": \"\", \"annee_construction\": 2010, \"footprint_m2\": 9282.771353743696, \"geometry\": {\"type\": \"MultiPolygon\", \"coordinates\": [[[[-0.6609023, 44.7858603], [-0.6616389, 44.7854056], [-0.6615257, 44.7852731], [-0.6612585, 44.7854239], [-0.66121, 44.785379], [-0.661088, 44.785278], [-0.661123, 44.785257], [-0.661093, 44.785231], [-0.661086, 44.785235], [-0.661034, 44.785191], [-0.661039, 44.785187], [-0.661006, 44.785159], [-0.660971, 44.78518], [-0.660917, 44.785134], [-0.660624, 44.784887], [-0.660183, 44.78516], [-0.660158, 44.785174], [-0.659738, 44.785434], [-0.6598576, 44.7855341], [-0.6598794, 44.7855524], [-0.6600921, 44.7857301], [-0.6601694, 44.7857947], [-0.66025, 44.7858625], [-0.6604773, 44.7860538], [-0.660501, 44.786074], [-0.6605021, 44.7860749], [-0.6608802, 44.7858385], [-0.6609023, 44.7858603]]]]}}, {\"batiment_construction_id\": \"w:114590350\", \"bdnb_batiment_construction_id\": \"bdnb-bg-4H47-9MY7-76FN:8\", \"batiment_groupe_id\": \"bdnb-bg-4H47-9MY7-76FN\", \"osm_building_id\": \"w:114590350\", \"osm_match_status\": \"matched\", \"osm_bdnb_intersection_area_m2\": 811.9238359270047, \"osm_address_text\": \"\", \"annee_construction\": 2010, \"footprint_m2\": 897.2051004626248, \"geometry\": {\"type\": \"MultiPolygon\", \"coordinates\": [[[[-0.659787, 44.784104], [-0.659853, 44.784063], [-0.659966, 44.784158], [-0.660237, 44.783995], [-0.659981, 44.783781], [-0.659711, 44.783944], [-0.659826, 44.784041], [-0.65976, 44.784082], [-0.659787, 44.784104]]]]}}]", "google_fallback_attempted": "false", "google_fallback_success": "false", "google_fallback_group_id": "", "google_nearby_status": "", "google_nearby_error": "", "google_raw_nearby_count": "0", "google_excluded_outside_parcel": "0", "google_nearby_ranked_json": "[]", "google_winner_place_id": "", "google_winner_name": "", "google_anchor_address": "", "google_api_gouv_query": "", "google_api_gouv_etablissements_count": "0", "google_reject_reason": "", "osm_pois_json": "[]", "osm_poi_count": 0, "osm_pois_status": "ok", "osm_poi_truncated": 0, "osm_data_as_of": ""}, "geometry": {"type": "MultiPolygon", "coordinates": [[[[-0.657418, 44.7825356], [-0.6572033, 44.7827587], [-0.65743, 44.783117], [-0.6573913, 44.783133], [-0.6575897, 44.7833884], [-0.6573147, 44.7835276], [-0.6568416, 44.7837073], [-0.6567213, 44.7838481], [-0.6567583, 44.7838606], [-0.6566343, 44.7840821], [-0.6565583, 44.7842138], [-0.6563779, 44.7845264], [-0.656616, 44.7845947], [-0.6582613, 44.7850667], [-0.6586699, 44.7851829], [-0.6587019, 44.7851916], [-0.6587311, 44.7851988], [-0.6595314, 44.7853854], [-0.6596135, 44.7854042], [-0.65974, 44.785434], [-0.6597581, 44.785438], [-0.6608272, 44.7856867], [-0.6609323, 44.7857122], [-0.6609999, 44.7857326], [-0.6612837, 44.7854411], [-0.6615425, 44.7851757], [-0.6616887, 44.7850257], [-0.6619894, 44.7847172], [-0.662138, 44.7845648], [-0.662129, 44.7845638], [-0.6612727, 44.7844768], [-0.6611698, 44.7844664], [-0.6611654, 44.7844585], [-0.6611358, 44.7844065], [-0.660717, 44.7836668], [-0.660619, 44.7834939], [-0.6604125, 44.7833901], [-0.6602797, 44.7833234], [-0.658569, 44.7828525], [-0.6577079, 44.7826154], [-0.657418, 44.7825356]]]]}, "id": "parcelle:33318:HR:0112"}, {"type": "Feature", "properties": {"scout_v5_id": "parcelle:33318:HW:0028", "grain": "parcelle", "batiment_construction_id": "", "bdnb_batiment_construction_id": "", "batiment_groupe_id": "", "osm_building_id": "", "osm_match_status": "", "osm_bdnb_intersection_area_m2": "", "osm_address_text": "", "code_insee": "33318", "section": "HW", "numero_norm": "0028", "code_iris": "333180110", "nom_iris": "France", "nb_batiments": 4, "annee_construction": "", "footprint_m2": "", "footprint_sum_m2": 8440.799980327947, "siren_status": "none", "status_technique": "no_candidate", "status_metier": "none", "siret_count": 0, "passerelle_address": "", "passerelle_indice_norm": "", "passerelle_numero_match": "", "passerelle_addresses_json": "[]", "sirets_json": "[]", "sirens_json": "[]", "matching_confidence": 0.0, "matching_reason": "", "matching_status": "mono", "matching_decision": "", "matching_siren_selected": "", "matching_debug_json": "", "parcelles_json": "", "buildings_json": "[{\"batiment_construction_id\": \"w:114590242\", \"bdnb_batiment_construction_id\": \"bdnb-bg-VZF8-CTMF-7Q2S:2\", \"batiment_groupe_id\": \"bdnb-bg-VZF8-CTMF-7Q2S\", \"annee_construction\": 2004, \"footprint_m2\": 820.720578476752, \"intersection_area_m2\": 507.62691283097183, \"osm_building_id\": \"w:114590242\", \"osm_match_status\": \"matched\", \"osm_bdnb_intersection_area_m2\": 768.3591487070528, \"osm_address_text\": \"\", \"matching_status\": \"partage\", \"matching_decision\": \"unique_by_intersection\", \"matching_siren_selected\": \"\"}, {\"batiment_construction_id\": \"w:114590260\", \"bdnb_batiment_construction_id\": \"bdnb-bg-VZF8-CTMF-7Q2S:3\", \"batiment_groupe_id\": \"bdnb-bg-VZF8-CTMF-7Q2S\", \"annee_construction\": 2004, \"footprint_m2\": 1992.9795616931517, \"intersection_area_m2\": 1909.1929864105448, \"osm_building_id\": \"w:114590260\", \"osm_match_status\": \"matched\", \"osm_bdnb_intersection_area_m2\": 1913.423932357186, \"osm_address_text\": \"\", \"matching_status\": \"partage\", \"matching_decision\": \"unique_by_intersection\", \"matching_siren_selected\": \"\"}, {\"batiment_construction_id\": \"w:114590413\", \"bdnb_batiment_construction_id\": \"bdnb-bg-VZF8-CTMF-7Q2S:7\", \"batiment_groupe_id\": \"bdnb-bg-VZF8-CTMF-7Q2S\", \"annee_construction\": 2004, \"footprint_m2\": 1941.62662922361, \"intersection_area_m2\": 304.7857396581295, \"osm_building_id\": \"w:114590413\", \"osm_match_status\": \"matched\", \"osm_bdnb_intersection_area_m2\": 1939.0618480908431, \"osm_address_text\": \"\", \"matching_status\": \"partage\", \"matching_decision\": \"unique_by_intersection\", \"matching_siren_selected\": \"\"}, {\"batiment_construction_id\": \"w:114695730\", \"bdnb_batiment_construction_id\": \"bdnb-bg-VZF8-CTMF-7Q2S:2\", \"batiment_groupe_id\": \"bdnb-bg-VZF8-CTMF-7Q2S\", \"annee_construction\": 2004, \"footprint_m2\": 3685.4732109344327, \"intersection_area_m2\": 1046.4351688701674, \"osm_building_id\": \"w:114695730\", \"osm_match_status\": \"matched\", \"osm_bdnb_intersection_area_m2\": 3634.2179522319952, \"osm_address_text\": \"\", \"matching_status\": \"partage\", \"matching_decision\": \"unique_by_intersection\", \"matching_siren_selected\": \"\"}]", "building_geometries_json": "[{\"batiment_construction_id\": \"w:114590242\", \"bdnb_batiment_construction_id\": \"bdnb-bg-VZF8-CTMF-7Q2S:2\", \"batiment_groupe_id\": \"bdnb-bg-VZF8-CTMF-7Q2S\", \"osm_building_id\": \"w:114590242\", \"osm_match_status\": \"matched\", \"osm_bdnb_intersection_area_m2\": 768.3591487070528, \"osm_address_text\": \"\", \"annee_construction\": 2004, \"footprint_m2\": 820.720578476752, \"geometry\": {\"type\": \"MultiPolygon\", \"coordinates\": [[[[-0.6615803, 44.7880817], [-0.661533, 44.78811], [-0.661483, 44.788066], [-0.661444, 44.788089], [-0.661495, 44.788133], [-0.661485, 44.788139], [-0.66144, 44.788101], [-0.66123, 44.788232], [-0.661512, 44.788461], [-0.661722, 44.788331], [-0.6615281, 44.7881739], [-0.661622, 44.788117], [-0.6615803, 44.7880817]]]]}}, {\"batiment_construction_id\": \"w:114590260\", \"bdnb_batiment_construction_id\": \"bdnb-bg-VZF8-CTMF-7Q2S:3\", \"batiment_groupe_id\": \"bdnb-bg-VZF8-CTMF-7Q2S\", \"osm_building_id\": \"w:114590260\", \"osm_match_status\": \"matched\", \"osm_bdnb_intersection_area_m2\": 1913.423932357186, \"osm_address_text\": \"\", \"annee_construction\": 2004, \"footprint_m2\": 1992.9795616931517, \"geometry\": {\"type\": \"MultiPolygon\", \"coordinates\": [[[[-0.662621, 44.788993], [-0.6627638, 44.7889049], [-0.662765, 44.788904], [-0.662534, 44.788714], [-0.662759, 44.788579], [-0.662699, 44.788529], [-0.662683, 44.788539], [-0.662444, 44.788341], [-0.662031, 44.788595], [-0.662321, 44.78884], [-0.662388, 44.7888], [-0.662621, 44.788993]]]]}}, {\"batiment_construction_id\": \"w:114590413\", \"bdnb_batiment_construction_id\": \"bdnb-bg-VZF8-CTMF-7Q2S:7\", \"batiment_groupe_id\": \"bdnb-bg-VZF8-CTMF-7Q2S\", \"osm_building_id\": \"w:114590413\", \"osm_match_status\": \"matched\", \"osm_bdnb_intersection_area_m2\": 1939.0618480908431, \"osm_address_text\": \"\", \"annee_construction\": 2004, \"footprint_m2\": 1941.62662922361, \"geometry\": {\"type\": \"MultiPolygon\", \"coordinates\": [[[[-0.661802, 44.788835], [-0.661665, 44.788921], [-0.661683, 44.788935], [-0.661581, 44.788998], [-0.661527, 44.789031], [-0.661511, 44.789041], [-0.661504, 44.789106], [-0.661438, 44.789146], [-0.661345, 44.789142], [-0.661315, 44.789161], [-0.661267, 44.789123], [-0.661065, 44.789249], [-0.661115, 44.789285], [-0.661073, 44.789311], [-0.661277, 44.789479], [-0.66155, 44.789312], [-0.6615553, 44.7892413], [-0.66156, 44.789201], [-0.661622, 44.789204], [-0.661717, 44.789209], [-0.661736, 44.789225], [-0.661873, 44.789142], [-0.661965, 44.789085], [-0.661975, 44.789076], [-0.661957, 44.789061], [-0.66199, 44.78904], [-0.661838, 44.788916], [-0.661874, 44.788894], [-0.661802, 44.788835]]]]}}, {\"batiment_construction_id\": \"w:114695730\", \"bdnb_batiment_construction_id\": \"bdnb-bg-VZF8-CTMF-7Q2S:2\", \"batiment_groupe_id\": \"bdnb-bg-VZF8-CTMF-7Q2S\", \"osm_building_id\": \"w:114695730\", \"osm_match_status\": \"matched\", \"osm_bdnb_intersection_area_m2\": 3634.2179522319952, \"osm_address_text\": \"\", \"annee_construction\": 2004, \"footprint_m2\": 3685.4732109344327, \"geometry\": {\"type\": \"MultiPolygon\", \"coordinates\": [[[[-0.6615753, 44.7880774], [-0.6615803, 44.7880817], [-0.661622, 44.788117], [-0.6617958, 44.7882696], [-0.6617709, 44.7882846], [-0.6618715, 44.7883683], [-0.6618813, 44.7883623], [-0.6619385, 44.7884106], [-0.662564, 44.7880302], [-0.6625261, 44.7879985], [-0.6626632, 44.7879151], [-0.6626088, 44.787869], [-0.6623586, 44.7876579], [-0.6623232, 44.7876298], [-0.662319, 44.787627], [-0.662122, 44.787746], [-0.662072, 44.787705], [-0.662003, 44.787748], [-0.662051, 44.787789], [-0.66185, 44.787911], [-0.66181, 44.787878], [-0.66174, 44.78792], [-0.661779, 44.787953], [-0.6615753, 44.7880774]]]]}}]", "google_fallback_attempted": "false", "google_fallback_success": "false", "google_fallback_group_id": "", "google_nearby_status": "", "google_nearby_error": "", "google_raw_nearby_count": "0", "google_excluded_outside_parcel": "0", "google_nearby_ranked_json": "[]", "google_winner_place_id": "", "google_winner_name": "", "google_anchor_address": "", "google_api_gouv_query": "", "google_api_gouv_etablissements_count": "0", "google_reject_reason": "", "osm_pois_json": "[]", "osm_poi_count": 0, "osm_pois_status": "ok", "osm_poi_truncated": 0, "osm_data_as_of": ""}, "geometry": {"type": "MultiPolygon", "coordinates": [[[[-0.663741, 44.7885188], [-0.6635917, 44.7883751], [-0.6635891, 44.7883728], [-0.6632562, 44.7880615], [-0.6629838, 44.7879664], [-0.6628226, 44.7879926], [-0.6624343, 44.7880562], [-0.6616975, 44.7881793], [-0.6615625, 44.7882017], [-0.6615225, 44.7882085], [-0.6614734, 44.7882241], [-0.6614629, 44.7882273], [-0.6613812, 44.7882531], [-0.6612013, 44.7883103], [-0.6611817, 44.7883164], [-0.6604038, 44.7885629], [-0.6603007, 44.7885956], [-0.660157, 44.7887852], [-0.6600355, 44.7889428], [-0.6597998, 44.7892459], [-0.6598637, 44.789222], [-0.6609306, 44.7891012], [-0.6611157, 44.7890803], [-0.6611648, 44.7890747], [-0.6615112, 44.7890376], [-0.6615255, 44.7890361], [-0.661531, 44.7890355], [-0.6617211, 44.7890152], [-0.6621403, 44.7889741], [-0.6622285, 44.7889637], [-0.6624437, 44.7889352], [-0.6625377, 44.7889248], [-0.6627532, 44.7888969], [-0.6627782, 44.7888943], [-0.6627953, 44.7888919], [-0.6632384, 44.7888395], [-0.6632388, 44.7888395], [-0.6632603, 44.7888487], [-0.6632655, 44.7888509], [-0.6632729, 44.7888541], [-0.6634004, 44.7889088], [-0.6634594, 44.788945], [-0.663741, 44.7885188]]]]}, "id": "parcelle:33318:HW:0028"}, {"type": "Feature", "properties": {"scout_v5_id": "parcelle:33318:EO:0083", "grain": "parcelle", "batiment_construction_id": "", "bdnb_batiment_construction_id": "", "batiment_groupe_id": "", "osm_building_id": "", "osm_match_status": "", "osm_bdnb_intersection_area_m2": "", "osm_address_text": "", "code_insee": "33318", "section": "EO", "numero_norm": "0083", "code_iris": "333180110", "nom_iris": "France", "nb_batiments": 2, "annee_construction": "", "footprint_m2": "", "footprint_sum_m2": 3934.606190916762, "siren_status": "none", "status_technique": "no_candidate", "status_metier": "none", "siret_count": 0, "passerelle_address": "", "passerelle_indice_norm": "", "passerelle_numero_match": "", "passerelle_addresses_json": "[]", "sirets_json": "[]", "sirens_json": "[]", "matching_confidence": 0.0, "matching_reason": "", "matching_status": "mono", "matching_decision": "", "matching_siren_selected": "", "matching_debug_json": "", "parcelles_json": "", "buildings_json": "[{\"batiment_construction_id\": \"w:114590260\", \"bdnb_batiment_construction_id\": \"bdnb-bg-VZF8-CTMF-7Q2S:3\", \"batiment_groupe_id\": \"bdnb-bg-VZF8-CTMF-7Q2S\", \"annee_construction\": 2004, \"footprint_m2\": 1992.9795616931517, \"intersection_area_m2\": 83.78657528042058, \"osm_building_id\": \"w:114590260\", \"osm_match_status\": \"matched\", \"osm_bdnb_intersection_area_m2\": 1913.423932357186, \"osm_address_text\": \"\", \"matching_status\": \"partage\", \"matching_decision\": \"unique_by_intersection\", \"matching_siren_selected\": \"\"}, {\"batiment_construction_id\": \"w:114590413\", \"bdnb_batiment_construction_id\": \"bdnb-bg-VZF8-CTMF-7Q2S:7\", \"batiment_groupe_id\": \"bdnb-bg-VZF8-CTMF-7Q2S\", \"annee_construction\": 2004, \"footprint_m2\": 1941.62662922361, \"intersection_area_m2\": 621.19989788234, \"osm_building_id\": \"w:114590413\", \"osm_match_status\": \"matched\", \"osm_bdnb_intersection_area_m2\": 1939.0618480908431, \"osm_address_text\": \"\", \"matching_status\": \"partage\", \"matching_decision\": \"unique_by_intersection\", \"matching_siren_selected\": \"\"}]", "building_geometries_json": "[{\"batiment_construction_id\": \"w:114590260\", \"bdnb_batiment_construction_id\": \"bdnb-bg-VZF8-CTMF-7Q2S:3\", \"batiment_groupe_id\": \"bdnb-bg-VZF8-CTMF-7Q2S\", \"osm_building_id\": \"w:114590260\", \"osm_match_status\": \"matched\", \"osm_bdnb_intersection_area_m2\": 1913.423932357186, \"osm_address_text\": \"\", \"annee_construction\": 2004, \"footprint_m2\": 1992.9795616931517, \"geometry\": {\"type\": \"MultiPolygon\", \"coordinates\": [[[[-0.662621, 44.788993], [-0.6627638, 44.7889049], [-0.662765, 44.788904], [-0.662534, 44.788714], [-0.662759, 44.788579], [-0.662699, 44.788529], [-0.662683, 44.788539], [-0.662444, 44.788341], [-0.662031, 44.788595], [-0.662321, 44.78884], [-0.662388, 44.7888], [-0.662621, 44.788993]]]]}}, {\"batiment_construction_id\": \"w:114590413\", \"bdnb_batiment_construction_id\": \"bdnb-bg-VZF8-CTMF-7Q2S:7\", \"batiment_groupe_id\": \"bdnb-bg-VZF8-CTMF-7Q2S\", \"osm_building_id\": \"w:114590413\", \"osm_match_status\": \"matched\", \"osm_bdnb_intersection_area_m2\": 1939.0618480908431, \"osm_address_text\": \"\", \"annee_construction\": 2004, \"footprint_m2\": 1941.62662922361, \"geometry\": {\"type\": \"MultiPolygon\", \"coordinates\": [[[[-0.661802, 44.788835], [-0.661665, 44.788921], [-0.661683, 44.788935], [-0.661581, 44.788998], [-0.661527, 44.789031], [-0.661511, 44.789041], [-0.661504, 44.789106], [-0.661438, 44.789146], [-0.661345, 44.789142], [-0.661315, 44.789161], [-0.661267, 44.789123], [-0.661065, 44.789249], [-0.661115, 44.789285], [-0.661073, 44.789311], [-0.661277, 44.789479], [-0.66155, 44.789312], [-0.6615553, 44.7892413], [-0.66156, 44.789201], [-0.661622, 44.789204], [-0.661717, 44.789209], [-0.661736, 44.789225], [-0.661873, 44.789142], [-0.661965, 44.789085], [-0.661975, 44.789076], [-0.661957, 44.789061], [-0.66199, 44.78904], [-0.661838, 44.788916], [-0.661874, 44.788894], [-0.661802, 44.788835]]]]}}]", "google_fallback_attempted": "false", "google_fallback_success": "false", "google_fallback_group_id": "", "google_nearby_status": "", "google_nearby_error": "", "google_raw_nearby_count": "0", "google_excluded_outside_parcel": "0", "google_nearby_ranked_json": "[]", "google_winner_place_id": "", "google_winner_name": "", "google_anchor_address": "", "google_api_gouv_query": "", "google_api_gouv_etablissements_count": "0", "google_reject_reason": "", "osm_pois_json": "[]", "osm_poi_count": 0, "osm_pois_status": "ok", "osm_poi_truncated": 0, "osm_data_as_of": ""}, "geometry": {"type": "MultiPolygon", "coordinates": [[[[-0.6632729, 44.7888541], [-0.6632655, 44.7888509], [-0.6632603, 44.7888487], [-0.6632388, 44.7888395], [-0.6632384, 44.7888395], [-0.6627953, 44.7888919], [-0.6627782, 44.7888943], [-0.6627532, 44.7888969], [-0.6625377, 44.7889248], [-0.6624437, 44.7889352], [-0.6622285, 44.7889637], [-0.6621403, 44.7889741], [-0.6617211, 44.7890152], [-0.661531, 44.7890355], [-0.6615255, 44.7890361], [-0.661558, 44.7892202], [-0.6615619, 44.7892393], [-0.6615627, 44.789243], [-0.6615854, 44.7893526], [-0.6615956, 44.7893737], [-0.6616124, 44.7893628], [-0.6619674, 44.789659], [-0.6622297, 44.7895519], [-0.6624911, 44.7894437], [-0.6625488, 44.789418], [-0.6626043, 44.7893902], [-0.6627163, 44.7893304], [-0.6627503, 44.7893089], [-0.6628382, 44.7892536], [-0.6629219, 44.7891949], [-0.6630021, 44.7891321], [-0.6630773, 44.7890663], [-0.6631479, 44.7889983], [-0.663213, 44.7889277], [-0.663271, 44.7888567], [-0.6632729, 44.7888541]]]]}, "id": "parcelle:33318:EO:0083"}, {"type": "Feature", "properties": {"scout_v5_id": "parcelle:33318:EO:0081", "grain": "parcelle", "batiment_construction_id": "", "bdnb_batiment_construction_id": "", "batiment_groupe_id": "", "osm_building_id": "", "osm_match_status": "", "osm_bdnb_intersection_area_m2": "", "osm_address_text": "", "code_insee": "33318", "section": "EO", "numero_norm": "0081", "code_iris": "333180110", "nom_iris": "France", "nb_batiments": 1, "annee_construction": "", "footprint_m2": "", "footprint_sum_m2": 1941.62662922361, "siren_status": "none", "status_technique": "no_candidate", "status_metier": "none", "siret_count": 0, "passerelle_address": "", "passerelle_indice_norm": "", "passerelle_numero_match": "", "passerelle_addresses_json": "[]", "sirets_json": "[]", "sirens_json": "[]", "matching_confidence": 0.0, "matching_reason": "", "matching_status": "mono", "matching_decision": "", "matching_siren_selected": "", "matching_debug_json": "", "parcelles_json": "", "buildings_json": "[{\"batiment_construction_id\": \"w:114590413\", \"bdnb_batiment_construction_id\": \"bdnb-bg-VZF8-CTMF-7Q2S:7\", \"batiment_groupe_id\": \"bdnb-bg-VZF8-CTMF-7Q2S\", \"annee_construction\": 2004, \"footprint_m2\": 1941.62662922361, \"intersection_area_m2\": 966.5131563959479, \"osm_building_id\": \"w:114590413\", \"osm_match_status\": \"matched\", \"osm_bdnb_intersection_area_m2\": 1939.0618480908431, \"osm_address_text\": \"\", \"matching_status\": \"partage\", \"matching_decision\": \"unique_by_intersection\", \"matching_siren_selected\": \"\"}]", "building_geometries_json": "[{\"batiment_construction_id\": \"w:114590413\", \"bdnb_batiment_construction_id\": \"bdnb-bg-VZF8-CTMF-7Q2S:7\", \"batiment_groupe_id\": \"bdnb-bg-VZF8-CTMF-7Q2S\", \"osm_building_id\": \"w:114590413\", \"osm_match_status\": \"matched\", \"osm_bdnb_intersection_area_m2\": 1939.0618480908431, \"osm_address_text\": \"\", \"annee_construction\": 2004, \"footprint_m2\": 1941.62662922361, \"geometry\": {\"type\": \"MultiPolygon\", \"coordinates\": [[[[-0.661802, 44.788835], [-0.661665, 44.788921], [-0.661683, 44.788935], [-0.661581, 44.788998], [-0.661527, 44.789031], [-0.661511, 44.789041], [-0.661504, 44.789106], [-0.661438, 44.789146], [-0.661345, 44.789142], [-0.661315, 44.789161], [-0.661267, 44.789123], [-0.661065, 44.789249], [-0.661115, 44.789285], [-0.661073, 44.789311], [-0.661277, 44.789479], [-0.66155, 44.789312], [-0.6615553, 44.7892413], [-0.66156, 44.789201], [-0.661622, 44.789204], [-0.661717, 44.789209], [-0.661736, 44.789225], [-0.661873, 44.789142], [-0.661965, 44.789085], [-0.661975, 44.789076], [-0.661957, 44.789061], [-0.66199, 44.78904], [-0.661838, 44.788916], [-0.661874, 44.788894], [-0.661802, 44.788835]]]]}}]", "google_fallback_attempted": "false", "google_fallback_success": "false", "google_fallback_group_id": "", "google_nearby_status": "", "google_nearby_error": "", "google_raw_nearby_count": "0", "google_excluded_outside_parcel": "0", "google_nearby_ranked_json": "[]", "google_winner_place_id": "", "google_winner_name": "", "google_anchor_address": "", "google_api_gouv_query": "", "google_api_gouv_etablissements_count": "0", "google_reject_reason": "", "osm_pois_json": "[]", "osm_poi_count": 0, "osm_pois_status": "ok", "osm_poi_truncated": 0, "osm_data_as_of": ""}, "geometry": {"type": "MultiPolygon", "coordinates": [[[[-0.6610288, 44.7893147], [-0.6611241, 44.7895221], [-0.6611478, 44.7895738], [-0.6611715, 44.7896277], [-0.6612219, 44.7895942], [-0.6612618, 44.7895918], [-0.6615956, 44.7893737], [-0.6615854, 44.7893526], [-0.6615627, 44.789243], [-0.6615619, 44.7892393], [-0.661558, 44.7892202], [-0.6615255, 44.7890361], [-0.6615112, 44.7890376], [-0.6611648, 44.7890747], [-0.6611157, 44.7890803], [-0.6611357, 44.7891853], [-0.6611387, 44.7892009], [-0.6611587, 44.7893063], [-0.6610739, 44.7893118], [-0.6610288, 44.7893147]]]]}, "id": "parcelle:33318:EO:0081"}, {"type": "Feature", "properties": {"scout_v5_id": "parcelle:33318:EZ:0019", "grain": "parcelle", "batiment_construction_id": "", "bdnb_batiment_construction_id": "", "batiment_groupe_id": "", "osm_building_id": "", "osm_match_status": "", "osm_bdnb_intersection_area_m2": "", "osm_address_text": "", "code_insee": "33318", "section": "EZ", "numero_norm": "0019", "code_iris": "333180117", "nom_iris": "Fac Sciences-Droit", "nb_batiments": 1, "annee_construction": "", "footprint_m2": "", "footprint_sum_m2": 408.51446886053316, "siren_status": "none", "status_technique": "no_candidate", "status_metier": "none", "siret_count": 0, "passerelle_address": "", "passerelle_indice_norm": "", "passerelle_numero_match": "", "passerelle_addresses_json": "[]", "sirets_json": "[]", "sirens_json": "[]", "matching_confidence": 0.0, "matching_reason": "", "matching_status": "mono", "matching_decision": "", "matching_siren_selected": "", "matching_debug_json": "", "parcelles_json": "", "buildings_json": "[{\"batiment_construction_id\": \"w:146171067\", \"bdnb_batiment_construction_id\": \"bdnb-bg-AVV6-SNUU-26A6:1\", \"batiment_groupe_id\": \"bdnb-bg-AVV6-SNUU-26A6\", \"annee_construction\": null, \"footprint_m2\": 408.51446886053316, \"intersection_area_m2\": 408.51446886053316, \"osm_building_id\": \"w:146171067\", \"osm_match_status\": \"matched\", \"osm_bdnb_intersection_area_m2\": 408.46166260208884, \"osm_address_text\": \"\", \"matching_status\": \"mono\", \"matching_decision\": \"mono\", \"matching_siren_selected\": \"\"}]", "building_geometries_json": "[{\"batiment_construction_id\": \"w:146171067\", \"bdnb_batiment_construction_id\": \"bdnb-bg-AVV6-SNUU-26A6:1\", \"batiment_groupe_id\": \"bdnb-bg-AVV6-SNUU-26A6\", \"osm_building_id\": \"w:146171067\", \"osm_match_status\": \"matched\", \"osm_bdnb_intersection_area_m2\": 408.46166260208884, \"osm_address_text\": \"\", \"annee_construction\": null, \"footprint_m2\": 408.51446886053316, \"geometry\": {\"type\": \"MultiPolygon\", \"coordinates\": [[[[-0.6109499, 44.7942545], [-0.6109908, 44.7939439], [-0.6108424, 44.793934], [-0.6108239, 44.7940749], [-0.6108219, 44.7940907], [-0.6108211, 44.7940962], [-0.6108013, 44.7942446], [-0.6109499, 44.7942545]]]]}}]", "google_fallback_attempted": "false", "google_fallback_success": "false", "google_fallback_group_id": "", "google_nearby_status": "", "google_nearby_error": "", "google_raw_nearby_count": "0", "google_excluded_outside_parcel": "0", "google_nearby_ranked_json": "[]", "google_winner_place_id": "", "google_winner_name": "", "google_anchor_address": "", "google_api_gouv_query": "", "google_api_gouv_etablissements_count": "0", "google_reject_reason": "", "osm_pois_json": "[]", "osm_poi_count": 0, "osm_pois_status": "ok", "osm_poi_truncated": 0, "osm_data_as_of": ""}, "geometry": {"type": "MultiPolygon", "coordinates": [[[[-0.6115023, 44.7938755], [-0.610813, 44.7938062], [-0.6095865, 44.793683], [-0.6095109, 44.7936745], [-0.6093589, 44.7936601], [-0.6092723, 44.7936514], [-0.6080591, 44.7935283], [-0.6092301, 44.7939662], [-0.609569, 44.7940907], [-0.6096894, 44.794133], [-0.6098588, 44.7941872], [-0.6099971, 44.794224], [-0.6103188, 44.7943061], [-0.6104324, 44.794336], [-0.6106563, 44.7943754], [-0.6110803, 44.7944117], [-0.6114432, 44.7944146], [-0.6120187, 44.7943467], [-0.6122882, 44.7941493], [-0.612506, 44.7939894], [-0.6125218, 44.793978], [-0.6115023, 44.7938755]]]]}, "id": "parcelle:33318:EZ:0019"}, {"type": "Feature", "properties": {"scout_v5_id": "parcelle:33318:KE:0267", "grain": "parcelle", "batiment_construction_id": "", "bdnb_batiment_construction_id": "", "batiment_groupe_id": "", "osm_building_id": "", "osm_match_status": "", "osm_bdnb_intersection_area_m2": "", "osm_address_text": "", "code_insee": "33318", "section": "KE", "numero_norm": "0267", "code_iris": "333180104", "nom_iris": "Noès", "nb_batiments": 2, "annee_construction": "", "footprint_m2": "", "footprint_sum_m2": 1044.898981386732, "siren_status": "none", "status_technique": "no_candidate", "status_metier": "none", "siret_count": 0, "passerelle_address": "", "passerelle_indice_norm": "", "passerelle_numero_match": "", "passerelle_addresses_json": "[]", "sirets_json": "[]", "sirens_json": "[]", "matching_confidence": 0.0, "matching_reason": "", "matching_status": "mono", "matching_decision": "", "matching_siren_selected": "", "matching_debug_json": "", "parcelles_json": "", "buildings_json": "[{\"batiment_construction_id\": \"w:164170831\", \"bdnb_batiment_construction_id\": null, \"batiment_groupe_id\": null, \"annee_construction\": null, \"footprint_m2\": 517.746096985414, \"intersection_area_m2\": 345.941330737926, \"osm_building_id\": \"w:164170831\", \"osm_match_status\": \"unmatched\", \"osm_bdnb_intersection_area_m2\": null, \"osm_address_text\": \"\", \"matching_status\": \"mono\", \"matching_decision\": \"mono\", \"matching_siren_selected\": \"\"}, {\"batiment_construction_id\": \"w:164171473\", \"bdnb_batiment_construction_id\": null, \"batiment_groupe_id\": null, \"annee_construction\": null, \"footprint_m2\": 527.1528844013178, \"intersection_area_m2\": 482.024482314724, \"osm_building_id\": \"w:164171473\", \"osm_match_status\": \"unmatched\", \"osm_bdnb_intersection_area_m2\": null, \"osm_address_text\": \"\", \"matching_status\": \"mono\", \"matching_decision\": \"mono\", \"matching_siren_selected\": \"\"}]", "building_geometries_json": "[{\"batiment_construction_id\": \"w:164170831\", \"bdnb_batiment_construction_id\": null, \"batiment_groupe_id\": null, \"osm_building_id\": \"w:164170831\", \"osm_match_status\": \"unmatched\", \"osm_bdnb_intersection_area_m2\": null, \"osm_address_text\": \"\", \"annee_construction\": null, \"footprint_m2\": 517.746096985414, \"geometry\": {\"type\": \"MultiPolygon\", \"coordinates\": [[[[-0.6374696, 44.8141175], [-0.6373458, 44.8141175], [-0.6373462, 44.8145938], [-0.63747, 44.8145937], [-0.6374696, 44.8141175]]]]}}, {\"batiment_construction_id\": \"w:164171473\", \"bdnb_batiment_construction_id\": null, \"batiment_groupe_id\": null, \"osm_building_id\": \"w:164171473\", \"osm_match_status\": \"unmatched\", \"osm_bdnb_intersection_area_m2\": null, \"osm_address_text\": \"\", \"annee_construction\": null, \"footprint_m2\": 527.1528844013178, \"geometry\": {\"type\": \"MultiPolygon\", \"coordinates\": [[[[-0.636905, 44.814001], [-0.636783, 44.814], [-0.6367825, 44.8144859], [-0.636908, 44.8144853], [-0.636905, 44.814001]]]]}}]", "google_fallback_attempted": "false", "google_fallback_success": "false", "google_fallback_group_id": "", "google_nearby_status": "", "google_nearby_error": "", "google_raw_nearby_count": "0", "google_excluded_outside_parcel": "0", "google_nearby_ranked_json": "[]", "google_winner_place_id": "", "google_winner_name": "", "google_anchor_address": "", "google_api_gouv_query": "", "google_api_gouv_etablissements_count": "0", "google_reject_reason": "", "osm_pois_json": "[]", "osm_poi_count": 0, "osm_pois_status": "ok", "osm_poi_truncated": 0, "osm_data_as_of": ""}, "geometry": {"type": "MultiPolygon", "coordinates": [[[[-0.6367842, 44.8144861], [-0.6368102, 44.8144637], [-0.6368384, 44.8144455], [-0.6368403, 44.8144447], [-0.6368692, 44.8144336], [-0.6369073, 44.8144226], [-0.636935, 44.8144189], [-0.6369749, 44.814412], [-0.637024, 44.814405], [-0.6370716, 44.8144023], [-0.6371173, 44.814405], [-0.637157, 44.8144102], [-0.6371954, 44.8144207], [-0.637299, 44.8144659], [-0.6373486, 44.8144638], [-0.6374196, 44.8144606], [-0.6374207, 44.8143981], [-0.637475, 44.8143938], [-0.638199, 44.8143363], [-0.6375745, 44.8141218], [-0.6373114, 44.8140518], [-0.6370043, 44.8140021], [-0.6367824, 44.8139805], [-0.6367825, 44.8140004], [-0.6367843, 44.814482], [-0.6367842, 44.8144861]]]]}, "id": "parcelle:33318:KE:0267"}, {"type": "Feature", "properties": {"scout_v5_id": "parcelle:33318:DH:0175", "grain": "parcelle", "batiment_construction_id": "", "bdnb_batiment_construction_id": "", "batiment_groupe_id": "", "osm_building_id": "", "osm_match_status": "", "osm_bdnb_intersection_area_m2": "", "osm_address_text": "", "code_insee": "33318", "section": "DH", "numero_norm": "0175", "code_iris": "333180117", "nom_iris": "Fac Sciences-Droit", "nb_batiments": 2, "annee_construction": "", "footprint_m2": "", "footprint_sum_m2": 1897.0478491603171, "siren_status": "none", "status_technique": "no_candidate", "status_metier": "none", "siret_count": 0, "passerelle_address": "", "passerelle_indice_norm": "", "passerelle_numero_match": "", "passerelle_addresses_json": "[]", "sirets_json": "[]", "sirens_json": "[]", "matching_confidence": 0.0, "matching_reason": "", "matching_status": "mono", "matching_decision": "", "matching_siren_selected": "", "matching_debug_json": "", "parcelles_json": "", "buildings_json": "[{\"batiment_construction_id\": \"w:183452671\", \"bdnb_batiment_construction_id\": \"bdnb-bg-MLND-TCVF-T9HS:7\", \"batiment_groupe_id\": \"bdnb-bg-MLND-TCVF-T9HS\", \"annee_construction\": 2013, \"footprint_m2\": 695.4506876187808, \"intersection_area_m2\": 695.4506876187808, \"osm_building_id\": \"w:183452671\", \"osm_match_status\": \"matched\", \"osm_bdnb_intersection_area_m2\": 665.2452685807543, \"osm_address_text\": \"\", \"matching_status\": \"mono\", \"matching_decision\": \"mono\", \"matching_siren_selected\": \"\"}, {\"batiment_construction_id\": \"w:183452673\", \"bdnb_batiment_construction_id\": \"bdnb-bg-SV2P-D3XJ-2LV2:6\", \"batiment_groupe_id\": \"bdnb-bg-SV2P-D3XJ-2LV2\", \"annee_construction\": null, \"footprint_m2\": 1201.5971615415365, \"intersection_area_m2\": 1201.597161541537, \"osm_building_id\": \"w:183452673\", \"osm_match_status\": \"matched\", \"osm_bdnb_intersection_area_m2\": 1118.7220553802167, \"osm_address_text\": \"\", \"matching_status\": \"mono\", \"matching_decision\": \"mono\", \"matching_siren_selected\": \"\"}]", "building_geometries_json": "[{\"batiment_construction_id\": \"w:183452671\", \"bdnb_batiment_construction_id\": \"bdnb-bg-MLND-TCVF-T9HS:7\", \"batiment_groupe_id\": \"bdnb-bg-MLND-TCVF-T9HS\", \"osm_building_id\": \"w:183452671\", \"osm_match_status\": \"matched\", \"osm_bdnb_intersection_area_m2\": 665.2452685807543, \"osm_address_text\": \"\", \"annee_construction\": 2013, \"footprint_m2\": 695.4506876187808, \"geometry\": {\"type\": \"MultiPolygon\", \"coordinates\": [[[[-0.6097182, 44.8024156], [-0.6098922, 44.8023666], [-0.6098062, 44.8022136], [-0.6097782, 44.8022216], [-0.6097592, 44.8021876], [-0.6098022, 44.8021746], [-0.6099022, 44.8023526], [-0.6100092, 44.8023226], [-0.6098562, 44.8020406], [-0.6097442, 44.8020726], [-0.6097642, 44.8021076], [-0.6097212, 44.8021206], [-0.6097132, 44.8021056], [-0.6096432, 44.8021256], [-0.6097072, 44.8022416], [-0.6096322, 44.8022636], [-0.6097182, 44.8024156]]]]}}, {\"batiment_construction_id\": \"w:183452673\", \"bdnb_batiment_construction_id\": \"bdnb-bg-SV2P-D3XJ-2LV2:6\", \"batiment_groupe_id\": \"bdnb-bg-SV2P-D3XJ-2LV2\", \"osm_building_id\": \"w:183452673\", \"osm_match_status\": \"matched\", \"osm_bdnb_intersection_area_m2\": 1118.7220553802167, \"osm_address_text\": \"\", \"annee_construction\": null, \"footprint_m2\": 1201.5971615415365, \"geometry\": {\"type\": \"MultiPolygon\", \"coordinates\": [[[[-0.609136, 44.804141], [-0.609069, 44.804011], [-0.608797, 44.804082], [-0.608789, 44.804069], [-0.60878, 44.804071], [-0.608769, 44.80405], [-0.608832, 44.804034], [-0.608814, 44.804], [-0.608714, 44.804026], [-0.608615, 44.804052], [-0.608632, 44.804086], [-0.608694, 44.80407], [-0.608704, 44.804091], [-0.608695, 44.804094], [-0.608702, 44.804106], [-0.608218, 44.804232], [-0.608285, 44.804363], [-0.609136, 44.804141]]]]}}]", "google_fallback_attempted": "false", "google_fallback_success": "false", "google_fallback_group_id": "", "google_nearby_status": "", "google_nearby_error": "", "google_raw_nearby_count": "0", "google_excluded_outside_parcel": "0", "google_nearby_ranked_json": "[]", "google_winner_place_id": "", "google_winner_name": "", "google_anchor_address": "", "google_api_gouv_query": "", "google_api_gouv_etablissements_count": "0", "google_reject_reason": "", "osm_pois_json": "[]", "osm_poi_count": 0, "osm_pois_status": "ok", "osm_poi_truncated": 0, "osm_data_as_of": ""}, "geometry": {"type": "MultiPolygon", "coordinates": [[[[-0.6088778, 44.8008777], [-0.6087354, 44.800986], [-0.6085637, 44.8011216], [-0.6083452, 44.8013028], [-0.6082325, 44.8014209], [-0.6080557, 44.8016085], [-0.6078815, 44.8018396], [-0.6077951, 44.8019682], [-0.6076168, 44.8022352], [-0.6074474, 44.802493], [-0.607304, 44.8027146], [-0.6071388, 44.8029608], [-0.6070552, 44.8030953], [-0.6068931, 44.8033348], [-0.6068775, 44.8033607], [-0.6069163, 44.80337], [-0.606658, 44.8037606], [-0.6066217, 44.8037516], [-0.6064686, 44.8039882], [-0.6063354, 44.804189], [-0.606264, 44.8042913], [-0.6061849, 44.8043982], [-0.6061053, 44.8045023], [-0.6060301, 44.8045898], [-0.6059555, 44.8046621], [-0.6058969, 44.804716], [-0.6058247, 44.8047777], [-0.6057696, 44.8048194], [-0.6057428, 44.8048365], [-0.6057262, 44.8048469], [-0.6057219, 44.8049684], [-0.6057188, 44.8050467], [-0.6057217, 44.8050185], [-0.6058344, 44.8049329], [-0.6060324, 44.8047599], [-0.6061926, 44.8045869], [-0.6062029, 44.8045783], [-0.6062267, 44.8045679], [-0.6062445, 44.8045625], [-0.6062695, 44.8045556], [-0.6062732, 44.8045547], [-0.6062967, 44.8045499], [-0.6072642, 44.8042869], [-0.6074181, 44.8042424], [-0.6074338, 44.8042391], [-0.6074485, 44.8042384], [-0.6074612, 44.8042393], [-0.607476, 44.8042425], [-0.6074876, 44.8042468], [-0.6074982, 44.8042525], [-0.6075065, 44.8042589], [-0.6075127, 44.8042653], [-0.6075172, 44.8042718], [-0.607564, 44.8043601], [-0.6076939, 44.8046011], [-0.607806, 44.804813], [-0.6079584, 44.8050977], [-0.6079599, 44.8051016], [-0.6079601, 44.8051081], [-0.607958, 44.8051133], [-0.6079533, 44.8051186], [-0.6079463, 44.8051228], [-0.6079416, 44.8051245], [-0.6070068, 44.8053766], [-0.6068694, 44.8053991], [-0.6068601, 44.8054011], [-0.6068537, 44.8054033], [-0.6068475, 44.8054058], [-0.6068415, 44.805409], [-0.6068361, 44.8054125], [-0.6068309, 44.8054166], [-0.6068265, 44.8054211], [-0.6068232, 44.8054254], [-0.606821, 44.8054289], [-0.6068188, 44.8054341], [-0.6068174, 44.8054391], [-0.6068169, 44.8054448], [-0.6068172, 44.80545], [-0.6068181, 44.8054545], [-0.6068204, 44.8054605], [-0.6068234, 44.8054656], [-0.6068274, 44.8054706], [-0.6068894, 44.8055538], [-0.6069376, 44.8056429], [-0.6069898, 44.8057412], [-0.6070616, 44.8058769], [-0.60714, 44.8058558], [-0.6071187, 44.8058481], [-0.6069358, 44.8055088], [-0.6069787, 44.8054414], [-0.606986, 44.8054401], [-0.6079834, 44.8051642], [-0.6080547, 44.8051444], [-0.6080249, 44.8050871], [-0.6080965, 44.8050684], [-0.6080638, 44.8050077], [-0.60782, 44.8045441], [-0.6092623, 44.8041493], [-0.6092158, 44.8040677], [-0.6091669, 44.8039725], [-0.6090727, 44.8037975], [-0.609096, 44.8037914], [-0.609962, 44.8035581], [-0.6099619, 44.8035516], [-0.6099614, 44.8034926], [-0.6099613, 44.8034805], [-0.6099576, 44.8034856], [-0.6099521, 44.8034913], [-0.6099455, 44.8034966], [-0.6099366, 44.8035018], [-0.6099276, 44.8035057], [-0.6099203, 44.803508], [-0.6084753, 44.8038985], [-0.6082944, 44.8039475], [-0.6075709, 44.8041424], [-0.6074063, 44.8041893], [-0.6073629, 44.8042017], [-0.6072957, 44.8040791], [-0.6072475, 44.8039891], [-0.6071463, 44.8040152], [-0.6069195, 44.8035901], [-0.6071035, 44.8033085], [-0.6071445, 44.8032464], [-0.6072646, 44.8030632], [-0.607545, 44.8026349], [-0.6077423, 44.8023903], [-0.6078793, 44.8022383], [-0.6080089, 44.802099], [-0.6081504, 44.801956], [-0.608281, 44.8018272], [-0.6083281, 44.8017834], [-0.6084248, 44.8016971], [-0.6085289, 44.801608], [-0.608624, 44.8016291], [-0.6086362, 44.8016316], [-0.6086452, 44.8016344], [-0.6086553, 44.8016384], [-0.608663, 44.8016425], [-0.6088162, 44.8015985], [-0.6088777, 44.8015811], [-0.6090663, 44.8015309], [-0.6092402, 44.8014845], [-0.6093495, 44.8016915], [-0.6096526, 44.8016106], [-0.6098363, 44.8019545], [-0.6098379, 44.8019585], [-0.6098388, 44.8019632], [-0.6098384, 44.8019694], [-0.6098361, 44.8019756], [-0.6098315, 44.8019816], [-0.6098258, 44.8019864], [-0.609819, 44.80199], [-0.6098124, 44.8019923], [-0.6093685, 44.8021124], [-0.6099307, 44.8031676], [-0.6099344, 44.8031751], [-0.6099381, 44.8031831], [-0.6099419, 44.8031922], [-0.6099458, 44.8032035], [-0.6099497, 44.8032188], [-0.6099521, 44.8032328], [-0.609953, 44.803241], [-0.6099596, 44.8033147], [-0.6099578, 44.8031123], [-0.6096716, 44.8025899], [-0.6096717, 44.8025798], [-0.6096755, 44.8025696], [-0.6096794, 44.8025598], [-0.6096836, 44.8025557], [-0.609688, 44.8025529], [-0.60969, 44.8025507], [-0.609695, 44.8025472], [-0.6101339, 44.802424], [-0.6101132, 44.802366], [-0.6100955, 44.8023185], [-0.6100293, 44.8022066], [-0.6099725, 44.8021004], [-0.6098498, 44.8018722], [-0.6097175, 44.8016249], [-0.6096213, 44.8014456], [-0.6095523, 44.8013043], [-0.6095146, 44.8012272], [-0.6094238, 44.8012543], [-0.6094585, 44.8013317], [-0.6093454, 44.8013657], [-0.6092767, 44.8012329], [-0.6093979, 44.8011997], [-0.6094083, 44.8012181], [-0.6095003, 44.8011927], [-0.6094426, 44.8010647], [-0.6094101, 44.8010549], [-0.6093734, 44.8010479], [-0.6093301, 44.8010414], [-0.6093059, 44.8010319], [-0.6092797, 44.8010216], [-0.6092455, 44.8009986], [-0.6092157, 44.8009734], [-0.609207, 44.8009637], [-0.6091981, 44.8009539], [-0.6091736, 44.800933], [-0.6091613, 44.8009199], [-0.6091487, 44.8008937], [-0.6091392, 44.8008934], [-0.6090915, 44.800892], [-0.6089022, 44.80088], [-0.6088778, 44.8008777]]]]}, "id": "parcelle:33318:DH:0175"}, {"type": "Feature", "properties": {"scout_v5_id": "parcelle:33318:DH:0154", "grain": "parcelle", "batiment_construction_id": "", "bdnb_batiment_construction_id": "", "batiment_groupe_id": "", "osm_building_id": "", "osm_match_status": "", "osm_bdnb_intersection_area_m2": "", "osm_address_text": "", "code_insee": "33318", "section": "DH", "numero_norm": "0154", "code_iris": "333180117", "nom_iris": "Fac Sciences-Droit", "nb_batiments": 1, "annee_construction": "", "footprint_m2": "", "footprint_sum_m2": 736.4864915438673, "siren_status": "none", "status_technique": "no_candidate", "status_metier": "none", "siret_count": 0, "passerelle_address": "", "passerelle_indice_norm": "", "passerelle_numero_match": "", "passerelle_addresses_json": "[]", "sirets_json": "[]", "sirens_json": "[]", "matching_confidence": 0.0, "matching_reason": "", "matching_status": "mono", "matching_decision": "", "matching_siren_selected": "", "matching_debug_json": "", "parcelles_json": "", "buildings_json": "[{\"batiment_construction_id\": \"w:183452674\", \"bdnb_batiment_construction_id\": \"bdnb-bg-SV2P-D3XJ-2LV2:7\", \"batiment_groupe_id\": \"bdnb-bg-SV2P-D3XJ-2LV2\", \"annee_construction\": null, \"footprint_m2\": 736.4864915438673, \"intersection_area_m2\": 736.4864915438673, \"osm_building_id\": \"w:183452674\", \"osm_match_status\": \"matched\", \"osm_bdnb_intersection_area_m2\": 684.076461610039, \"osm_address_text\": \"\", \"matching_status\": \"mono\", \"matching_decision\": \"mono\", \"matching_siren_selected\": \"\"}]", "building_geometries_json": "[{\"batiment_construction_id\": \"w:183452674\", \"bdnb_batiment_construction_id\": \"bdnb-bg-SV2P-D3XJ-2LV2:7\", \"batiment_groupe_id\": \"bdnb-bg-SV2P-D3XJ-2LV2\", \"osm_building_id\": \"w:183452674\", \"osm_match_status\": \"matched\", \"osm_bdnb_intersection_area_m2\": 684.076461610039, \"osm_address_text\": \"\", \"annee_construction\": null, \"footprint_m2\": 736.4864915438673, \"geometry\": {\"type\": \"MultiPolygon\", \"coordinates\": [[[[-0.608731, 44.80529], [-0.608736, 44.805092], [-0.608318, 44.805078], [-0.608317, 44.805283], [-0.608731, 44.80529]]]]}}]", "google_fallback_attempted": "false", "google_fallback_success": "false", "google_fallback_group_id": "", "google_nearby_status": "", "google_nearby_error": "", "google_raw_nearby_count": "0", "google_excluded_outside_parcel": "0", "google_nearby_ranked_json": "[]", "google_winner_place_id": "", "google_winner_name": "", "google_anchor_address": "", "google_api_gouv_query": "", "google_api_gouv_etablissements_count": "0", "google_reject_reason": "", "osm_pois_json": "[]", "osm_poi_count": 0, "osm_pois_status": "ok", "osm_poi_truncated": 0, "osm_data_as_of": ""}, "geometry": {"type": "MultiPolygon", "coordinates": [[[[-0.6080965, 44.8050684], [-0.6080249, 44.8050871], [-0.6080547, 44.8051444], [-0.6081114, 44.8051288], [-0.6083368, 44.8055339], [-0.6085068, 44.8054881], [-0.6086057, 44.8054484], [-0.6087727, 44.8053881], [-0.6089434, 44.8053332], [-0.6087795, 44.8050177], [-0.6087679, 44.805012], [-0.6086682, 44.8049892], [-0.6085658, 44.805005], [-0.6085377, 44.8049526], [-0.6080965, 44.8050684]]]]}, "id": "parcelle:33318:DH:0154"}, {"type": "Feature", "properties": {"scout_v5_id": "parcelle:33318:DH:0146", "grain": "parcelle", "batiment_construction_id": "", "bdnb_batiment_construction_id": "", "batiment_groupe_id": "", "osm_building_id": "", "osm_match_status": "", "osm_bdnb_intersection_area_m2": "", "osm_address_text": "", "code_insee": "33318", "section": "DH", "numero_norm": "0146", "code_iris": "333180117", "nom_iris": "Fac Sciences-Droit", "nb_batiments": 1, "annee_construction": "", "footprint_m2": "", "footprint_sum_m2": 1945.007132670571, "siren_status": "none", "status_technique": "no_candidate", "status_metier": "none", "siret_count": 0, "passerelle_address": "", "passerelle_indice_norm": "", "passerelle_numero_match": "", "passerelle_addresses_json": "[]", "sirets_json": "[]", "sirens_json": "[]", "matching_confidence": 0.0, "matching_reason": "", "matching_status": "mono", "matching_decision": "", "matching_siren_selected": "", "matching_debug_json": "", "parcelles_json": "", "buildings_json": "[{\"batiment_construction_id\": \"w:183452675\", \"bdnb_batiment_construction_id\": \"bdnb-bg-SV2P-D3XJ-2LV2:8\", \"batiment_groupe_id\": \"bdnb-bg-SV2P-D3XJ-2LV2\", \"annee_construction\": null, \"footprint_m2\": 1945.007132670571, \"intersection_area_m2\": 1945.007132670572, \"osm_building_id\": \"w:183452675\", \"osm_match_status\": \"matched\", \"osm_bdnb_intersection_area_m2\": 1879.3606444103198, \"osm_address_text\": \"\", \"matching_status\": \"mono\", \"matching_decision\": \"mono\", \"matching_siren_selected\": \"\"}]", "building_geometries_json": "[{\"batiment_construction_id\": \"w:183452675\", \"bdnb_batiment_construction_id\": \"bdnb-bg-SV2P-D3XJ-2LV2:8\", \"batiment_groupe_id\": \"bdnb-bg-SV2P-D3XJ-2LV2\", \"osm_building_id\": \"w:183452675\", \"osm_match_status\": \"matched\", \"osm_bdnb_intersection_area_m2\": 1879.3606444103198, \"osm_address_text\": \"\", \"annee_construction\": null, \"footprint_m2\": 1945.007132670571, \"geometry\": {\"type\": \"MultiPolygon\", \"coordinates\": [[[[-0.608045, 44.805556], [-0.608011, 44.805494], [-0.607975, 44.805504], [-0.607946, 44.805452], [-0.60789, 44.805467], [-0.607852, 44.805398], [-0.607943, 44.805373], [-0.607936, 44.80536], [-0.607965, 44.805352], [-0.607971, 44.805365], [-0.608035, 44.805347], [-0.608005, 44.805292], [-0.607941, 44.80531], [-0.607948, 44.805322], [-0.607919, 44.80533], [-0.607913, 44.805317], [-0.607875, 44.805328], [-0.607837, 44.805255], [-0.607173, 44.805439], [-0.60721, 44.805509], [-0.607173, 44.805519], [-0.607203, 44.805575], [-0.607374, 44.805528], [-0.607422, 44.805614], [-0.607441, 44.805609], [-0.60746, 44.805644], [-0.607381, 44.805666], [-0.607416, 44.80573], [-0.608045, 44.805556]]]]}}]", "google_fallback_attempted": "false", "google_fallback_success": "false", "google_fallback_group_id": "", "google_nearby_status": "", "google_nearby_error": "", "google_raw_nearby_count": "0", "google_excluded_outside_parcel": "0", "google_nearby_ranked_json": "[]", "google_winner_place_id": "", "google_winner_name": "", "google_anchor_address": "", "google_api_gouv_query": "", "google_api_gouv_etablissements_count": "0", "google_reject_reason": "", "osm_pois_json": "[]", "osm_poi_count": 0, "osm_pois_status": "ok", "osm_poi_truncated": 0, "osm_data_as_of": ""}, "geometry": {"type": "MultiPolygon", "coordinates": [[[[-0.6080547, 44.8051444], [-0.6079834, 44.8051642], [-0.606986, 44.8054401], [-0.6071991, 44.8058399], [-0.6082671, 44.8055526], [-0.6080547, 44.8051444]]]]}, "id": "parcelle:33318:DH:0146"}, {"type": "Feature", "properties": {"scout_v5_id": "parcelle:33318:DH:0107", "grain": "parcelle", "batiment_construction_id": "", "bdnb_batiment_construction_id": "", "batiment_groupe_id": "", "osm_building_id": "", "osm_match_status": "", "osm_bdnb_intersection_area_m2": "", "osm_address_text": "", "code_insee": "33318", "section": "DH", "numero_norm": "0107", "code_iris": "333180117", "nom_iris": "Fac Sciences-Droit", "nb_batiments": 1, "annee_construction": "", "footprint_m2": "", "footprint_sum_m2": 1746.1829321773928, "siren_status": "none", "status_technique": "no_candidate", "status_metier": "none", "siret_count": 0, "passerelle_address": "", "passerelle_indice_norm": "", "passerelle_numero_match": "", "passerelle_addresses_json": "[]", "sirets_json": "[]", "sirens_json": "[]", "matching_confidence": 0.0, "matching_reason": "", "matching_status": "mono", "matching_decision": "", "matching_siren_selected": "", "matching_debug_json": "", "parcelles_json": "", "buildings_json": "[{\"batiment_construction_id\": \"w:183452677\", \"bdnb_batiment_construction_id\": \"bdnb-bg-BEJ6-XGZE-X66U:1\", \"batiment_groupe_id\": \"bdnb-bg-BEJ6-XGZE-X66U\", \"annee_construction\": 2011, \"footprint_m2\": 1746.1829321773928, \"intersection_area_m2\": 995.7250918942617, \"osm_building_id\": \"w:183452677\", \"osm_match_status\": \"matched\", \"osm_bdnb_intersection_area_m2\": 1720.8273666034602, \"osm_address_text\": \"\", \"matching_status\": \"partage\", \"matching_decision\": \"unique_by_intersection\", \"matching_siren_selected\": \"\"}]", "building_geometries_json": "[{\"batiment_construction_id\": \"w:183452677\", \"bdnb_batiment_construction_id\": \"bdnb-bg-BEJ6-XGZE-X66U:1\", \"batiment_groupe_id\": \"bdnb-bg-BEJ6-XGZE-X66U\", \"osm_building_id\": \"w:183452677\", \"osm_match_status\": \"matched\", \"osm_bdnb_intersection_area_m2\": 1720.8273666034602, \"osm_address_text\": \"\", \"annee_construction\": 2011, \"footprint_m2\": 1746.1829321773928, \"geometry\": {\"type\": \"MultiPolygon\", \"coordinates\": [[[[-0.6099038, 44.8029031], [-0.6098577, 44.8029154], [-0.6099941, 44.8031731], [-0.6100961, 44.8031459], [-0.6101442, 44.8027534], [-0.6101048, 44.802679], [-0.6101282, 44.8026727], [-0.610102, 44.8024352], [-0.6096887, 44.8025379], [-0.6096797, 44.8025551], [-0.6096828, 44.8025771], [-0.6097935, 44.8027861], [-0.6098358, 44.8027748], [-0.6099038, 44.8029031]]]]}}]", "google_fallback_attempted": "false", "google_fallback_success": "false", "google_fallback_group_id": "", "google_nearby_status": "", "google_nearby_error": "", "google_raw_nearby_count": "0", "google_excluded_outside_parcel": "0", "google_nearby_ranked_json": "[]", "google_winner_place_id": "", "google_winner_name": "", "google_anchor_address": "", "google_api_gouv_query": "", "google_api_gouv_etablissements_count": "0", "google_reject_reason": "", "osm_pois_json": "[]", "osm_poi_count": 0, "osm_pois_status": "ok", "osm_poi_truncated": 0, "osm_data_as_of": ""}, "geometry": {"type": "MultiPolygon", "coordinates": [[[[-0.6099578, 44.8031123], [-0.6099955, 44.8031812], [-0.6101216, 44.8031458], [-0.6101509, 44.8029361], [-0.6101722, 44.8027555], [-0.6101754, 44.8026791], [-0.6101736, 44.8026082], [-0.6101641, 44.8025568], [-0.610155, 44.8024979], [-0.6101453, 44.8024593], [-0.6101373, 44.802433], [-0.6099516, 44.802487], [-0.6099578, 44.8031123]]]]}, "id": "parcelle:33318:DH:0107"}, {"type": "Feature", "properties": {"scout_v5_id": "parcelle:33318:DH:0110", "grain": "parcelle", "batiment_construction_id": "", "bdnb_batiment_construction_id": "", "batiment_groupe_id": "", "osm_building_id": "", "osm_match_status": "", "osm_bdnb_intersection_area_m2": "", "osm_address_text": "", "code_insee": "33318", "section": "DH", "numero_norm": "0110", "code_iris": "333180117", "nom_iris": "Fac Sciences-Droit", "nb_batiments": 1, "annee_construction": "", "footprint_m2": "", "footprint_sum_m2": 1746.1829321773928, "siren_status": "none", "status_technique": "no_candidate", "status_metier": "none", "siret_count": 0, "passerelle_address": "", "passerelle_indice_norm": "", "passerelle_numero_match": "", "passerelle_addresses_json": "[]", "sirets_json": "[]", "sirens_json": "[]", "matching_confidence": 0.0, "matching_reason": "", "matching_status": "mono", "matching_decision": "", "matching_siren_selected": "", "matching_debug_json": "", "parcelles_json": "", "buildings_json": "[{\"batiment_construction_id\": \"w:183452677\", \"bdnb_batiment_construction_id\": \"bdnb-bg-BEJ6-XGZE-X66U:1\", \"batiment_groupe_id\": \"bdnb-bg-BEJ6-XGZE-X66U\", \"annee_construction\": 2011, \"footprint_m2\": 1746.1829321773928, \"intersection_area_m2\": 732.9721457592796, \"osm_building_id\": \"w:183452677\", \"osm_match_status\": \"matched\", \"osm_bdnb_intersection_area_m2\": 1720.8273666034602, \"osm_address_text\": \"\", \"matching_status\": \"partage\", \"matching_decision\": \"unique_by_intersection\", \"matching_siren_selected\": \"\"}]", "building_geometries_json": "[{\"batiment_construction_id\": \"w:183452677\", \"bdnb_batiment_construction_id\": \"bdnb-bg-BEJ6-XGZE-X66U:1\", \"batiment_groupe_id\": \"bdnb-bg-BEJ6-XGZE-X66U\", \"osm_building_id\": \"w:183452677\", \"osm_match_status\": \"matched\", \"osm_bdnb_intersection_area_m2\": 1720.8273666034602, \"osm_address_text\": \"\", \"annee_construction\": 2011, \"footprint_m2\": 1746.1829321773928, \"geometry\": {\"type\": \"MultiPolygon\", \"coordinates\": [[[[-0.6099038, 44.8029031], [-0.6098577, 44.8029154], [-0.6099941, 44.8031731], [-0.6100961, 44.8031459], [-0.6101442, 44.8027534], [-0.6101048, 44.802679], [-0.6101282, 44.8026727], [-0.610102, 44.8024352], [-0.6096887, 44.8025379], [-0.6096797, 44.8025551], [-0.6096828, 44.8025771], [-0.6097935, 44.8027861], [-0.6098358, 44.8027748], [-0.6099038, 44.8029031]]]]}}]", "google_fallback_attempted": "false", "google_fallback_success": "false", "google_fallback_group_id": "", "google_nearby_status": "", "google_nearby_error": "", "google_raw_nearby_count": "0", "google_excluded_outside_parcel": "0", "google_nearby_ranked_json": "[]", "google_winner_place_id": "", "google_winner_name": "", "google_anchor_address": "", "google_api_gouv_query": "", "google_api_gouv_etablissements_count": "0", "google_reject_reason": "", "osm_pois_json": "[]", "osm_poi_count": 0, "osm_pois_status": "ok", "osm_poi_truncated": 0, "osm_data_as_of": ""}, "geometry": {"type": "MultiPolygon", "coordinates": [[[[-0.6101339, 44.802424], [-0.609695, 44.8025472], [-0.60969, 44.8025507], [-0.609688, 44.8025529], [-0.6096836, 44.8025557], [-0.6096794, 44.8025598], [-0.6096755, 44.8025696], [-0.6096717, 44.8025798], [-0.6096716, 44.8025899], [-0.6099578, 44.8031123], [-0.6099516, 44.802487], [-0.6101373, 44.802433], [-0.6101367, 44.8024316], [-0.6101339, 44.802424]]]]}, "id": "parcelle:33318:DH:0110"}, {"type": "Feature", "properties": {"scout_v5_id": "parcelle:33318:HM:0056", "grain": "parcelle", "batiment_construction_id": "", "bdnb_batiment_construction_id": "", "batiment_groupe_id": "", "osm_building_id": "", "osm_match_status": "", "osm_bdnb_intersection_area_m2": "", "osm_address_text": "", "code_insee": "33318", "section": "HM", "numero_norm": "0056", "code_iris": "333180120", "nom_iris": "Parc Industriel", "nb_batiments": 1, "annee_construction": "", "footprint_m2": "", "footprint_sum_m2": 1522.6071735104247, "siren_status": "none", "status_technique": "no_candidate", "status_metier": "none", "siret_count": 0, "passerelle_address": "", "passerelle_indice_norm": "", "passerelle_numero_match": "", "passerelle_addresses_json": "[]", "sirets_json": "[]", "sirens_json": "[]", "matching_confidence": 0.0, "matching_reason": "", "matching_status": "mono", "matching_decision": "", "matching_siren_selected": "", "matching_debug_json": "", "parcelles_json": "", "buildings_json": "[{\"batiment_construction_id\": \"w:189904970\", \"bdnb_batiment_construction_id\": \"bdnb-bg-8RBC-DCY3-8NWS:4\", \"batiment_groupe_id\": \"bdnb-bg-8RBC-DCY3-8NWS\", \"annee_construction\": 2011, \"footprint_m2\": 1522.6071735104247, \"intersection_area_m2\": 1522.6071735104247, \"osm_building_id\": \"w:189904970\", \"osm_match_status\": \"matched\", \"osm_bdnb_intersection_area_m2\": 1453.4919996816088, \"osm_address_text\": \"6 Avenue Gustave Eiffel, 33600 Pessac\", \"matching_status\": \"mono\", \"matching_decision\": \"mono\", \"matching_siren_selected\": \"\"}]", "building_geometries_json": "[{\"batiment_construction_id\": \"w:189904970\", \"bdnb_batiment_construction_id\": \"bdnb-bg-8RBC-DCY3-8NWS:4\", \"batiment_groupe_id\": \"bdnb-bg-8RBC-DCY3-8NWS\", \"osm_building_id\": \"w:189904970\", \"osm_match_status\": \"matched\", \"osm_bdnb_intersection_area_m2\": 1453.4919996816088, \"osm_address_text\": \"6 Avenue Gustave Eiffel, 33600 Pessac\", \"annee_construction\": 2011, \"footprint_m2\": 1522.6071735104247, \"geometry\": {\"type\": \"MultiPolygon\", \"coordinates\": [[[[-0.6406, 44.7869352], [-0.6404367, 44.78631], [-0.6401809, 44.7863447], [-0.6402185, 44.7865104], [-0.6401836, 44.7865142], [-0.6402131, 44.7866455], [-0.6402587, 44.7866455], [-0.6403392, 44.786973], [-0.6406, 44.7869352]]]]}}]", "google_fallback_attempted": "false", "google_fallback_success": "false", "google_fallback_group_id": "", "google_nearby_status": "", "google_nearby_error": "", "google_raw_nearby_count": "0", "google_excluded_outside_parcel": "0", "google_nearby_ranked_json": "[]", "google_winner_place_id": "", "google_winner_name": "", "google_anchor_address": "", "google_api_gouv_query": "", "google_api_gouv_etablissements_count": "0", "google_reject_reason": "", "osm_pois_json": "[]", "osm_poi_count": 0, "osm_pois_status": "ok", "osm_poi_truncated": 0, "osm_data_as_of": ""}, "geometry": {"type": "MultiPolygon", "coordinates": [[[[-0.6409889, 44.7860547], [-0.6409827, 44.7860557], [-0.6405166, 44.7861178], [-0.6400014, 44.7861866], [-0.6399953, 44.7861875], [-0.6399964, 44.7861919], [-0.6402151, 44.7870397], [-0.640216, 44.7870431], [-0.6402658, 44.7870367], [-0.6403691, 44.7870231], [-0.6404187, 44.7870161], [-0.6408652, 44.7869538], [-0.6412144, 44.786907], [-0.6412121, 44.7868988], [-0.6409902, 44.7860592], [-0.6409889, 44.7860547]]]]}, "id": "parcelle:33318:HM:0056"}, {"type": "Feature", "properties": {"scout_v5_id": "parcelle:33318:ET:0085", "grain": "parcelle", "batiment_construction_id": "", "bdnb_batiment_construction_id": "", "batiment_groupe_id": "", "osm_building_id": "", "osm_match_status": "", "osm_bdnb_intersection_area_m2": "", "osm_address_text": "", "code_insee": "33318", "section": "ET", "numero_norm": "0085", "code_iris": "333180120", "nom_iris": "Parc Industriel", "nb_batiments": 1, "annee_construction": "", "footprint_m2": "", "footprint_sum_m2": 3130.8613286140417, "siren_status": "none", "status_technique": "no_candidate", "status_metier": "none", "siret_count": 0, "passerelle_address": "", "passerelle_indice_norm": "", "passerelle_numero_match": "", "passerelle_addresses_json": "[]", "sirets_json": "[]", "sirens_json": "[]", "matching_confidence": 0.0, "matching_reason": "", "matching_status": "mono", "matching_decision": "", "matching_siren_selected": "", "matching_debug_json": "", "parcelles_json": "", "buildings_json": "[{\"batiment_construction_id\": \"w:190103935\", \"bdnb_batiment_construction_id\": \"bdnb-bg-DZR2-PDSG-VKUL:1\", \"batiment_groupe_id\": \"bdnb-bg-DZR2-PDSG-VKUL\", \"annee_construction\": 1991, \"footprint_m2\": 3130.8613286140417, \"intersection_area_m2\": 3130.861328614042, \"osm_building_id\": \"w:190103935\", \"osm_match_status\": \"matched\", \"osm_bdnb_intersection_area_m2\": 2949.650837029652, \"osm_address_text\": \"\", \"matching_status\": \"mono\", \"matching_decision\": \"mono\", \"matching_siren_selected\": \"\"}]", "building_geometries_json": "[{\"batiment_construction_id\": \"w:190103935\", \"bdnb_batiment_construction_id\": \"bdnb-bg-DZR2-PDSG-VKUL:1\", \"batiment_groupe_id\": \"bdnb-bg-DZR2-PDSG-VKUL\", \"osm_building_id\": \"w:190103935\", \"osm_match_status\": \"matched\", \"osm_bdnb_intersection_area_m2\": 2949.650837029652, \"osm_address_text\": \"\", \"annee_construction\": 1991, \"footprint_m2\": 3130.8613286140417, \"geometry\": {\"type\": \"MultiPolygon\", \"coordinates\": [[[[-0.6487122, 44.7901201], [-0.64868, 44.7901106], [-0.6486183, 44.7900973], [-0.6485593, 44.7900935], [-0.648511, 44.7900973], [-0.6484413, 44.7901049], [-0.6483823, 44.790122], [-0.6483072, 44.7901563], [-0.6482374, 44.7902115], [-0.6481915, 44.7902659], [-0.6480282, 44.7906969], [-0.6476956, 44.7906322], [-0.6479209, 44.7901182], [-0.6479558, 44.7900821], [-0.6480068, 44.7900383], [-0.6480524, 44.7900059], [-0.648098, 44.7899736], [-0.6481543, 44.789945], [-0.6482321, 44.7899127], [-0.648334, 44.7898879], [-0.6484118, 44.7898765], [-0.6485432, 44.7898689], [-0.6486639, 44.7898784], [-0.6487605, 44.7899012], [-0.6488436, 44.7899279], [-0.6487122, 44.7901201]]]]}}]", "google_fallback_attempted": "false", "google_fallback_success": "false", "google_fallback_group_id": "", "google_nearby_status": "", "google_nearby_error": "", "google_raw_nearby_count": "0", "google_excluded_outside_parcel": "0", "google_nearby_ranked_json": "[]", "google_winner_place_id": "", "google_winner_name": "", "google_anchor_address": "", "google_api_gouv_query": "", "google_api_gouv_etablissements_count": "0", "google_reject_reason": "", "osm_pois_json": "[]", "osm_poi_count": 0, "osm_pois_status": "ok", "osm_poi_truncated": 0, "osm_data_as_of": ""}, "geometry": {"type": "MultiPolygon", "coordinates": [[[[-0.6487572, 44.7902466], [-0.6490929, 44.789905], [-0.6488783, 44.7898163], [-0.6482861, 44.78953], [-0.6480908, 44.7895893], [-0.6475714, 44.79019], [-0.6472252, 44.7905437], [-0.6475837, 44.7907064], [-0.6476651, 44.7907689], [-0.6478348, 44.7908929], [-0.6479931, 44.7910247], [-0.648227, 44.7907865], [-0.6487572, 44.7902466]]]]}, "id": "parcelle:33318:ET:0085"}, {"type": "Feature", "properties": {"scout_v5_id": "parcelle:33318:HM:0068", "grain": "parcelle", "batiment_construction_id": "", "bdnb_batiment_construction_id": "", "batiment_groupe_id": "", "osm_building_id": "", "osm_match_status": "", "osm_bdnb_intersection_area_m2": "", "osm_address_text": "", "code_insee": "33318", "section": "HM", "numero_norm": "0068", "code_iris": "333180120", "nom_iris": "Parc Industriel", "nb_batiments": 1, "annee_construction": "", "footprint_m2": "", "footprint_sum_m2": 666.4213326486721, "siren_status": "none", "status_technique": "no_candidate", "status_metier": "none", "siret_count": 0, "passerelle_address": "", "passerelle_indice_norm": "", "passerelle_numero_match": "", "passerelle_addresses_json": "[]", "sirets_json": "[]", "sirens_json": "[]", "matching_confidence": 0.0, "matching_reason": "", "matching_status": "mono", "matching_decision": "", "matching_siren_selected": "", "matching_debug_json": "", "parcelles_json": "", "buildings_json": "[{\"batiment_construction_id\": \"w:190106936\", \"bdnb_batiment_construction_id\": \"bdnb-bg-LRVU-5FB8-2K1M:1\", \"batiment_groupe_id\": \"bdnb-bg-LRVU-5FB8-2K1M\", \"annee_construction\": 1960, \"footprint_m2\": 666.4213326486721, \"intersection_area_m2\": 666.4213326486722, \"osm_building_id\": \"w:190106936\", \"osm_match_status\": \"matched\", \"osm_bdnb_intersection_area_m2\": 629.7754466875083, \"osm_address_text\": \"\", \"matching_status\": \"mono\", \"matching_decision\": \"mono\", \"matching_siren_selected\": \"\"}]", "building_geometries_json": "[{\"batiment_construction_id\": \"w:190106936\", \"bdnb_batiment_construction_id\": \"bdnb-bg-LRVU-5FB8-2K1M:1\", \"batiment_groupe_id\": \"bdnb-bg-LRVU-5FB8-2K1M\", \"osm_building_id\": \"w:190106936\", \"osm_match_status\": \"matched\", \"osm_bdnb_intersection_area_m2\": 629.7754466875083, \"osm_address_text\": \"\", \"annee_construction\": 1960, \"footprint_m2\": 666.4213326486721, \"geometry\": {\"type\": \"MultiPolygon\", \"coordinates\": [[[[-0.6386129, 44.786783], [-0.6382696, 44.7868268], [-0.6382159, 44.7866136], [-0.6385673, 44.7865717], [-0.6386129, 44.786783]]]]}}]", "google_fallback_attempted": "false", "google_fallback_success": "false", "google_fallback_group_id": "", "google_nearby_status": "", "google_nearby_error": "", "google_raw_nearby_count": "0", "google_excluded_outside_parcel": "0", "google_nearby_ranked_json": "[]", "google_winner_place_id": "", "google_winner_name": "", "google_anchor_address": "", "google_api_gouv_query": "", "google_api_gouv_etablissements_count": "0", "google_reject_reason": "", "osm_pois_json": "[]", "osm_poi_count": 0, "osm_pois_status": "ok", "osm_poi_truncated": 0, "osm_data_as_of": ""}, "geometry": {"type": "MultiPolygon", "coordinates": [[[[-0.6386193, 44.7868166], [-0.6385848, 44.786378], [-0.6385848, 44.7863771], [-0.6385295, 44.7863847], [-0.6379168, 44.78647], [-0.6379106, 44.7864708], [-0.6379076, 44.7864748], [-0.6378527, 44.7865454], [-0.6378496, 44.7865492], [-0.6378514, 44.7865536], [-0.6379974, 44.7869021], [-0.6386193, 44.7868166]]]]}, "id": "parcelle:33318:HM:0068"}, {"type": "Feature", "properties": {"scout_v5_id": "parcelle:33318:CP:0311", "grain": "parcelle", "batiment_construction_id": "", "bdnb_batiment_construction_id": "", "batiment_groupe_id": "", "osm_building_id": "", "osm_match_status": "", "osm_bdnb_intersection_area_m2": "", "osm_address_text": "", "code_insee": "33318", "section": "CP", "numero_norm": "0311", "code_iris": "333180112", "nom_iris": "Cazalet", "nb_batiments": 1, "annee_construction": "", "footprint_m2": "", "footprint_sum_m2": 577.8209439979785, "siren_status": "none", "status_technique": "no_candidate", "status_metier": "none", "siret_count": 0, "passerelle_address": "", "passerelle_indice_norm": "", "passerelle_numero_match": "", "passerelle_addresses_json": "[]", "sirets_json": "[]", "sirens_json": "[]", "matching_confidence": 0.0, "matching_reason": "", "matching_status": "mono", "matching_decision": "", "matching_siren_selected": "", "matching_debug_json": "", "parcelles_json": "", "buildings_json": "[{\"batiment_construction_id\": \"w:211035372\", \"bdnb_batiment_construction_id\": \"bdnb-bg-8ZZP-3WLY-UFNL:1\", \"batiment_groupe_id\": \"bdnb-bg-8ZZP-3WLY-UFNL\", \"annee_construction\": 1978, \"footprint_m2\": 577.8209439979785, \"intersection_area_m2\": 577.8209439979785, \"osm_building_id\": \"w:211035372\", \"osm_match_status\": \"matched\", \"osm_bdnb_intersection_area_m2\": 471.99801475098946, \"osm_address_text\": \"\", \"matching_status\": \"mono\", \"matching_decision\": \"mono\", \"matching_siren_selected\": \"\"}]", "building_geometries_json": "[{\"batiment_construction_id\": \"w:211035372\", \"bdnb_batiment_construction_id\": \"bdnb-bg-8ZZP-3WLY-UFNL:1\", \"batiment_groupe_id\": \"bdnb-bg-8ZZP-3WLY-UFNL\", \"osm_building_id\": \"w:211035372\", \"osm_match_status\": \"matched\", \"osm_bdnb_intersection_area_m2\": 471.99801475098946, \"osm_address_text\": \"\", \"annee_construction\": 1978, \"footprint_m2\": 577.8209439979785, \"geometry\": {\"type\": \"MultiPolygon\", \"coordinates\": [[[[-0.6658361, 44.7993396], [-0.6660051, 44.799299], [-0.6658384, 44.7989498], [-0.6656694, 44.7989904], [-0.6658361, 44.7993396]]]]}}]", "google_fallback_attempted": "false", "google_fallback_success": "false", "google_fallback_group_id": "", "google_nearby_status": "", "google_nearby_error": "", "google_raw_nearby_count": "0", "google_excluded_outside_parcel": "0", "google_nearby_ranked_json": "[]", "google_winner_place_id": "", "google_winner_name": "", "google_anchor_address": "", "google_api_gouv_query": "", "google_api_gouv_etablissements_count": "0", "google_reject_reason": "", "osm_pois_json": "[]", "osm_poi_count": 0, "osm_pois_status": "ok", "osm_poi_truncated": 0, "osm_data_as_of": ""}, "geometry": {"type": "MultiPolygon", "coordinates": [[[[-0.6657771, 44.7982518], [-0.665408, 44.7982541], [-0.6654085, 44.7983153], [-0.6654091, 44.7984066], [-0.6654097, 44.7984921], [-0.6654113, 44.7985717], [-0.6654128, 44.7986519], [-0.6654131, 44.7986652], [-0.6654144, 44.798732], [-0.665416, 44.7988134], [-0.6654173, 44.7988739], [-0.6654177, 44.7988993], [-0.6654184, 44.7989291], [-0.6654196, 44.798987], [-0.6654214, 44.7990781], [-0.6654231, 44.7991598], [-0.6654212, 44.7992727], [-0.6654199, 44.799337], [-0.6655832, 44.7993652], [-0.6655498, 44.7994777], [-0.6663019, 44.7996482], [-0.6663019, 44.7995821], [-0.6663021, 44.7995573], [-0.666302, 44.799557], [-0.665803, 44.7985083], [-0.6657771, 44.7982518]]]]}, "id": "parcelle:33318:CP:0311"}, {"type": "Feature", "properties": {"scout_v5_id": "parcelle:33318:AH:0167", "grain": "parcelle", "batiment_construction_id": "", "bdnb_batiment_construction_id": "", "batiment_groupe_id": "", "osm_building_id": "", "osm_match_status": "", "osm_bdnb_intersection_area_m2": "", "osm_address_text": "", "code_insee": "33318", "section": "AH", "numero_norm": "0167", "code_iris": "333180123", "nom_iris": "Toctoucau", "nb_batiments": 1, "annee_construction": "", "footprint_m2": "", "footprint_sum_m2": 406.6013864951806, "siren_status": "none", "status_technique": "no_candidate", "status_metier": "none", "siret_count": 0, "passerelle_address": "", "passerelle_indice_norm": "", "passerelle_numero_match": "", "passerelle_addresses_json": "[]", "sirets_json": "[]", "sirens_json": "[]", "matching_confidence": 0.0, "matching_reason": "", "matching_status": "mono", "matching_decision": "", "matching_siren_selected": "", "matching_debug_json": "", "parcelles_json": "", "buildings_json": "[{\"batiment_construction_id\": \"w:218281276\", \"bdnb_batiment_construction_id\": null, \"batiment_groupe_id\": null, \"annee_construction\": null, \"footprint_m2\": 406.6013864951806, \"intersection_area_m2\": 406.60138649518046, \"osm_building_id\": \"w:218281276\", \"osm_match_status\": \"low_overlap\", \"osm_bdnb_intersection_area_m2\": 10.790511860038883, \"osm_address_text\": \"\", \"matching_status\": \"mono\", \"matching_decision\": \"mono\", \"matching_siren_selected\": \"\"}]", "building_geometries_json": "[{\"batiment_construction_id\": \"w:218281276\", \"bdnb_batiment_construction_id\": null, \"batiment_groupe_id\": null, \"osm_building_id\": \"w:218281276\", \"osm_match_status\": \"low_overlap\", \"osm_bdnb_intersection_area_m2\": 10.790511860038883, \"osm_address_text\": \"\", \"annee_construction\": null, \"footprint_m2\": 406.6013864951806, \"geometry\": {\"type\": \"MultiPolygon\", \"coordinates\": [[[[-0.719661, 44.778745], [-0.719611, 44.778733], [-0.719606, 44.778747], [-0.719502, 44.778724], [-0.719496, 44.778715], [-0.71952, 44.778704], [-0.719465, 44.778633], [-0.719364, 44.778673], [-0.71943, 44.778753], [-0.719451, 44.77874], [-0.719476, 44.778773], [-0.719429, 44.778894], [-0.719513, 44.778911], [-0.719534, 44.778857], [-0.719546, 44.778826], [-0.719561, 44.778828], [-0.719595, 44.778835], [-0.719616, 44.778791], [-0.719709, 44.778815], [-0.719712, 44.7788], [-0.719761, 44.778812], [-0.719773, 44.778784], [-0.719895, 44.778737], [-0.719854, 44.778687], [-0.719784, 44.778715], [-0.719793, 44.778726], [-0.719724, 44.778752], [-0.71972, 44.778761], [-0.719661, 44.778745]]]]}}]", "google_fallback_attempted": "false", "google_fallback_success": "false", "google_fallback_group_id": "", "google_nearby_status": "", "google_nearby_error": "", "google_raw_nearby_count": "0", "google_excluded_outside_parcel": "0", "google_nearby_ranked_json": "[]", "google_winner_place_id": "", "google_winner_name": "", "google_anchor_address": "", "google_api_gouv_query": "", "google_api_gouv_etablissements_count": "0", "google_reject_reason": "", "osm_pois_json": "[]", "osm_poi_count": 0, "osm_pois_status": "ok", "osm_poi_truncated": 0, "osm_data_as_of": ""}, "geometry": {"type": "MultiPolygon", "coordinates": [[[[-0.7199484, 44.7788079], [-0.7201913, 44.7786919], [-0.7199437, 44.778428], [-0.7197596, 44.7783906], [-0.71902, 44.7787455], [-0.719327, 44.779104], [-0.7199484, 44.7788079]]]]}, "id": "parcelle:33318:AH:0167"}, {"type": "Feature", "properties": {"scout_v5_id": "parcelle:33318:AH:0293", "grain": "parcelle", "batiment_construction_id": "", "bdnb_batiment_construction_id": "", "batiment_groupe_id": "", "osm_building_id": "", "osm_match_status": "", "osm_bdnb_intersection_area_m2": "", "osm_address_text": "", "code_insee": "33318", "section": "AH", "numero_norm": "0293", "code_iris": "333180123", "nom_iris": "Toctoucau", "nb_batiments": 1, "annee_construction": "", "footprint_m2": "", "footprint_sum_m2": 559.5442850187746, "siren_status": "none", "status_technique": "no_candidate", "status_metier": "none", "siret_count": 0, "passerelle_address": "", "passerelle_indice_norm": "", "passerelle_numero_match": "", "passerelle_addresses_json": "[]", "sirets_json": "[]", "sirens_json": "[]", "matching_confidence": 0.0, "matching_reason": "", "matching_status": "mono", "matching_decision": "", "matching_siren_selected": "", "matching_debug_json": "", "parcelles_json": "", "buildings_json": "[{\"batiment_construction_id\": \"w:218281421\", \"bdnb_batiment_construction_id\": \"bdnb-bg-BPNS-K6ZQ-HCQL:1\", \"batiment_groupe_id\": \"bdnb-bg-BPNS-K6ZQ-HCQL\", \"annee_construction\": 2002, \"footprint_m2\": 559.5442850187746, \"intersection_area_m2\": 559.5442850187746, \"osm_building_id\": \"w:218281421\", \"osm_match_status\": \"matched\", \"osm_bdnb_intersection_area_m2\": 526.1895887150025, \"osm_address_text\": \"\", \"matching_status\": \"mono\", \"matching_decision\": \"mono\", \"matching_siren_selected\": \"\"}]", "building_geometries_json": "[{\"batiment_construction_id\": \"w:218281421\", \"bdnb_batiment_construction_id\": \"bdnb-bg-BPNS-K6ZQ-HCQL:1\", \"batiment_groupe_id\": \"bdnb-bg-BPNS-K6ZQ-HCQL\", \"osm_building_id\": \"w:218281421\", \"osm_match_status\": \"matched\", \"osm_bdnb_intersection_area_m2\": 526.1895887150025, \"osm_address_text\": \"\", \"annee_construction\": 2002, \"footprint_m2\": 559.5442850187746, \"geometry\": {\"type\": \"MultiPolygon\", \"coordinates\": [[[[-0.714215, 44.772202], [-0.71398, 44.772062], [-0.713791, 44.772224], [-0.714025, 44.77236], [-0.714215, 44.772202]]]]}}]", "google_fallback_attempted": "false", "google_fallback_success": "false", "google_fallback_group_id": "", "google_nearby_status": "", "google_nearby_error": "", "google_raw_nearby_count": "0", "google_excluded_outside_parcel": "0", "google_nearby_ranked_json": "[]", "google_winner_place_id": "", "google_winner_name": "", "google_anchor_address": "", "google_api_gouv_query": "", "google_api_gouv_etablissements_count": "0", "google_reject_reason": "", "osm_pois_json": "[]", "osm_poi_count": 0, "osm_pois_status": "ok", "osm_poi_truncated": 0, "osm_data_as_of": ""}, "geometry": {"type": "MultiPolygon", "coordinates": [[[[-0.713549, 44.7722003], [-0.7139795, 44.7725895], [-0.7139835, 44.7725931], [-0.713988, 44.7725899], [-0.7140085, 44.7725756], [-0.714326, 44.7723559], [-0.7143388, 44.7723472], [-0.7143432, 44.7723441], [-0.7143486, 44.7723465], [-0.7157944, 44.7730006], [-0.7157996, 44.773003], [-0.7158048, 44.7730002], [-0.7158457, 44.7729779], [-0.7158507, 44.7729751], [-0.7158543, 44.7729789], [-0.7158714, 44.7729962], [-0.7158894, 44.7730149], [-0.715893, 44.7730185], [-0.7158974, 44.7730152], [-0.7159631, 44.7729666], [-0.7158504, 44.772892], [-0.7157527, 44.7728964], [-0.7150167, 44.7725636], [-0.7149182, 44.7725189], [-0.7149043, 44.7725126], [-0.7144238, 44.7722952], [-0.714594, 44.7721312], [-0.7142412, 44.7718412], [-0.7141233, 44.7719162], [-0.7140199, 44.7719781], [-0.7137007, 44.7721349], [-0.713549, 44.7722003]]]]}, "id": "parcelle:33318:AH:0293"}, {"type": "Feature", "properties": {"scout_v5_id": "parcelle:33318:AH:0259", "grain": "parcelle", "batiment_construction_id": "", "bdnb_batiment_construction_id": "", "batiment_groupe_id": "", "osm_building_id": "", "osm_match_status": "", "osm_bdnb_intersection_area_m2": "", "osm_address_text": "", "code_insee": "33318", "section": "AH", "numero_norm": "0259", "code_iris": "333180123", "nom_iris": "Toctoucau", "nb_batiments": 1, "annee_construction": "", "footprint_m2": "", "footprint_sum_m2": 1021.717833467452, "siren_status": "none", "status_technique": "no_candidate", "status_metier": "none", "siret_count": 0, "passerelle_address": "", "passerelle_indice_norm": "", "passerelle_numero_match": "", "passerelle_addresses_json": "[]", "sirets_json": "[]", "sirens_json": "[]", "matching_confidence": 0.0, "matching_reason": "", "matching_status": "mono", "matching_decision": "", "matching_siren_selected": "", "matching_debug_json": "", "parcelles_json": "", "buildings_json": "[{\"batiment_construction_id\": \"w:218281476\", \"bdnb_batiment_construction_id\": \"bdnb-bg-KTKK-P115-T9YA:2\", \"batiment_groupe_id\": \"bdnb-bg-KTKK-P115-T9YA\", \"annee_construction\": null, \"footprint_m2\": 1021.717833467452, \"intersection_area_m2\": 1021.717833467452, \"osm_building_id\": \"w:218281476\", \"osm_match_status\": \"matched\", \"osm_bdnb_intersection_area_m2\": 989.9794723804571, \"osm_address_text\": \"\", \"matching_status\": \"mono\", \"matching_decision\": \"mono\", \"matching_siren_selected\": \"\"}]", "building_geometries_json": "[{\"batiment_construction_id\": \"w:218281476\", \"bdnb_batiment_construction_id\": \"bdnb-bg-KTKK-P115-T9YA:2\", \"batiment_groupe_id\": \"bdnb-bg-KTKK-P115-T9YA\", \"osm_building_id\": \"w:218281476\", \"osm_match_status\": \"matched\", \"osm_bdnb_intersection_area_m2\": 989.9794723804571, \"osm_address_text\": \"\", \"annee_construction\": null, \"footprint_m2\": 1021.717833467452, \"geometry\": {\"type\": \"MultiPolygon\", \"coordinates\": [[[[-0.716944, 44.770942], [-0.717247, 44.770738], [-0.716984, 44.770536], [-0.716674, 44.770741], [-0.716944, 44.770942]]]]}}]", "google_fallback_attempted": "false", "google_fallback_success": "false", "google_fallback_group_id": "", "google_nearby_status": "", "google_nearby_error": "", "google_raw_nearby_count": "0", "google_excluded_outside_parcel": "0", "google_nearby_ranked_json": "[]", "google_winner_place_id": "", "google_winner_name": "", "google_anchor_address": "", "google_api_gouv_query": "", "google_api_gouv_etablissements_count": "0", "google_reject_reason": "", "osm_pois_json": "[]", "osm_poi_count": 0, "osm_pois_status": "ok", "osm_poi_truncated": 0, "osm_data_as_of": ""}, "geometry": {"type": "MultiPolygon", "coordinates": [[[[-0.7173368, 44.770704], [-0.717318, 44.7706858], [-0.7168023, 44.770185], [-0.7167747, 44.7701582], [-0.716246, 44.7705393], [-0.7163511, 44.7717765], [-0.7163517, 44.7717834], [-0.7175737, 44.7712862], [-0.7173368, 44.770704]]]]}, "id": "parcelle:33318:AH:0259"}, {"type": "Feature", "properties": {"scout_v5_id": "parcelle:33318:AH:0111", "grain": "parcelle", "batiment_construction_id": "", "bdnb_batiment_construction_id": "", "batiment_groupe_id": "", "osm_building_id": "", "osm_match_status": "", "osm_bdnb_intersection_area_m2": "", "osm_address_text": "", "code_insee": "33318", "section": "AH", "numero_norm": "0111", "code_iris": "333180123", "nom_iris": "Toctoucau", "nb_batiments": 1, "annee_construction": "", "footprint_m2": "", "footprint_sum_m2": 558.2482506864725, "siren_status": "none", "status_technique": "no_candidate", "status_metier": "none", "siret_count": 0, "passerelle_address": "", "passerelle_indice_norm": "", "passerelle_numero_match": "", "passerelle_addresses_json": "[]", "sirets_json": "[]", "sirens_json": "[]", "matching_confidence": 0.0, "matching_reason": "", "matching_status": "mono", "matching_decision": "", "matching_siren_selected": "", "matching_debug_json": "", "parcelles_json": "", "buildings_json": "[{\"batiment_construction_id\": \"w:218281648\", \"bdnb_batiment_construction_id\": \"bdnb-bg-J8NN-S5TZ-3VK2:1\", \"batiment_groupe_id\": \"bdnb-bg-J8NN-S5TZ-3VK2\", \"annee_construction\": null, \"footprint_m2\": 558.2482506864725, \"intersection_area_m2\": 108.67884089757749, \"osm_building_id\": \"w:218281648\", \"osm_match_status\": \"matched\", \"osm_bdnb_intersection_area_m2\": 525.1587028020974, \"osm_address_text\": \"\", \"matching_status\": \"partage\", \"matching_decision\": \"unique_by_intersection\", \"matching_siren_selected\": \"\"}]", "building_geometries_json": "[{\"batiment_construction_id\": \"w:218281648\", \"bdnb_batiment_construction_id\": \"bdnb-bg-J8NN-S5TZ-3VK2:1\", \"batiment_groupe_id\": \"bdnb-bg-J8NN-S5TZ-3VK2\", \"osm_building_id\": \"w:218281648\", \"osm_match_status\": \"matched\", \"osm_bdnb_intersection_area_m2\": 525.1587028020974, \"osm_address_text\": \"\", \"annee_construction\": null, \"footprint_m2\": 558.2482506864725, \"geometry\": {\"type\": \"MultiPolygon\", \"coordinates\": [[[[-0.720357, 44.781299], [-0.72022, 44.781165], [-0.719911, 44.781323], [-0.720051, 44.781459], [-0.720357, 44.781299]]]]}}]", "google_fallback_attempted": "false", "google_fallback_success": "false", "google_fallback_group_id": "", "google_nearby_status": "", "google_nearby_error": "", "google_raw_nearby_count": "0", "google_excluded_outside_parcel": "0", "google_nearby_ranked_json": "[]", "google_winner_place_id": "", "google_winner_name": "", "google_anchor_address": "", "google_api_gouv_query": "", "google_api_gouv_etablissements_count": "0", "google_reject_reason": "", "osm_pois_json": "[]", "osm_poi_count": 0, "osm_pois_status": "ok", "osm_poi_truncated": 0, "osm_data_as_of": ""}, "geometry": {"type": "MultiPolygon", "coordinates": [[[[-0.7206909, 44.7808664], [-0.7201899, 44.7811361], [-0.7202194, 44.7811648], [-0.7201577, 44.7811967], [-0.7203283, 44.7813575], [-0.7208661, 44.7810705], [-0.7206909, 44.7808664]]]]}, "id": "parcelle:33318:AH:0111"}, {"type": "Feature", "properties": {"scout_v5_id": "parcelle:33318:AH:0163", "grain": "parcelle", "batiment_construction_id": "", "bdnb_batiment_construction_id": "", "batiment_groupe_id": "", "osm_building_id": "", "osm_match_status": "", "osm_bdnb_intersection_area_m2": "", "osm_address_text": "", "code_insee": "33318", "section": "AH", "numero_norm": "0163", "code_iris": "333180123", "nom_iris": "Toctoucau", "nb_batiments": 1, "annee_construction": "", "footprint_m2": "", "footprint_sum_m2": 558.2482506864725, "siren_status": "none", "status_technique": "no_candidate", "status_metier": "none", "siret_count": 0, "passerelle_address": "", "passerelle_indice_norm": "", "passerelle_numero_match": "", "passerelle_addresses_json": "[]", "sirets_json": "[]", "sirens_json": "[]", "matching_confidence": 0.0, "matching_reason": "", "matching_status": "mono", "matching_decision": "", "matching_siren_selected": "", "matching_debug_json": "", "parcelles_json": "", "buildings_json": "[{\"batiment_construction_id\": \"w:218281648\", \"bdnb_batiment_construction_id\": \"bdnb-bg-J8NN-S5TZ-3VK2:1\", \"batiment_groupe_id\": \"bdnb-bg-J8NN-S5TZ-3VK2\", \"annee_construction\": null, \"footprint_m2\": 558.2482506864725, \"intersection_area_m2\": 449.56940978158235, \"osm_building_id\": \"w:218281648\", \"osm_match_status\": \"matched\", \"osm_bdnb_intersection_area_m2\": 525.1587028020974, \"osm_address_text\": \"\", \"matching_status\": \"partage\", \"matching_decision\": \"unique_by_intersection\", \"matching_siren_selected\": \"\"}]", "building_geometries_json": "[{\"batiment_construction_id\": \"w:218281648\", \"bdnb_batiment_construction_id\": \"bdnb-bg-J8NN-S5TZ-3VK2:1\", \"batiment_groupe_id\": \"bdnb-bg-J8NN-S5TZ-3VK2\", \"osm_building_id\": \"w:218281648\", \"osm_match_status\": \"matched\", \"osm_bdnb_intersection_area_m2\": 525.1587028020974, \"osm_address_text\": \"\", \"annee_construction\": null, \"footprint_m2\": 558.2482506864725, \"geometry\": {\"type\": \"MultiPolygon\", \"coordinates\": [[[[-0.720357, 44.781299], [-0.72022, 44.781165], [-0.719911, 44.781323], [-0.720051, 44.781459], [-0.720357, 44.781299]]]]}}]", "google_fallback_attempted": "false", "google_fallback_success": "false", "google_fallback_group_id": "", "google_nearby_status": "", "google_nearby_error": "", "google_raw_nearby_count": "0", "google_excluded_outside_parcel": "0", "google_nearby_ranked_json": "[]", "google_winner_place_id": "", "google_winner_name": "", "google_anchor_address": "", "google_api_gouv_query": "", "google_api_gouv_etablissements_count": "0", "google_reject_reason": "", "osm_pois_json": "[]", "osm_poi_count": 0, "osm_pois_status": "ok", "osm_poi_truncated": 0, "osm_data_as_of": ""}, "geometry": {"type": "MultiPolygon", "coordinates": [[[[-0.7206909, 44.7808664], [-0.7206755, 44.7808489], [-0.7206644, 44.7808358], [-0.7200406, 44.7811716], [-0.7200108, 44.7811433], [-0.7196149, 44.7813471], [-0.7198755, 44.7816441], [-0.7203181, 44.7814079], [-0.7208927, 44.7811014], [-0.7208661, 44.7810705], [-0.7203283, 44.7813575], [-0.7201577, 44.7811967], [-0.7202194, 44.7811648], [-0.7201899, 44.7811361], [-0.7206909, 44.7808664]]]]}, "id": "parcelle:33318:AH:0163"}, {"type": "Feature", "properties": {"scout_v5_id": "parcelle:33318:AH:0307", "grain": "parcelle", "batiment_construction_id": "", "bdnb_batiment_construction_id": "", "batiment_groupe_id": "", "osm_building_id": "", "osm_match_status": "", "osm_bdnb_intersection_area_m2": "", "osm_address_text": "", "code_insee": "33318", "section": "AH", "numero_norm": "0307", "code_iris": "333180123", "nom_iris": "Toctoucau", "nb_batiments": 1, "annee_construction": "", "footprint_m2": "", "footprint_sum_m2": 507.9485547801878, "siren_status": "none", "status_technique": "no_candidate", "status_metier": "none", "siret_count": 0, "passerelle_address": "", "passerelle_indice_norm": "", "passerelle_numero_match": "", "passerelle_addresses_json": "[]", "sirets_json": "[]", "sirens_json": "[]", "matching_confidence": 0.0, "matching_reason": "", "matching_status": "mono", "matching_decision": "", "matching_siren_selected": "", "matching_debug_json": "", "parcelles_json": "", "buildings_json": "[{\"batiment_construction_id\": \"w:218281661\", \"bdnb_batiment_construction_id\": null, \"batiment_groupe_id\": null, \"annee_construction\": null, \"footprint_m2\": 507.9485547801878, \"intersection_area_m2\": 507.9485547801878, \"osm_building_id\": \"w:218281661\", \"osm_match_status\": \"unmatched\", \"osm_bdnb_intersection_area_m2\": null, \"osm_address_text\": \"\", \"matching_status\": \"mono\", \"matching_decision\": \"mono\", \"matching_siren_selected\": \"\"}]", "building_geometries_json": "[{\"batiment_construction_id\": \"w:218281661\", \"bdnb_batiment_construction_id\": null, \"batiment_groupe_id\": null, \"osm_building_id\": \"w:218281661\", \"osm_match_status\": \"unmatched\", \"osm_bdnb_intersection_area_m2\": null, \"osm_address_text\": \"\", \"annee_construction\": null, \"footprint_m2\": 507.9485547801878, \"geometry\": {\"type\": \"MultiPolygon\", \"coordinates\": [[[[-0.71184, 44.773156], [-0.711481, 44.773274], [-0.711568, 44.773406], [-0.711926, 44.77329], [-0.71184, 44.773156]]]]}}]", "google_fallback_attempted": "false", "google_fallback_success": "false", "google_fallback_group_id": "", "google_nearby_status": "", "google_nearby_error": "", "google_raw_nearby_count": "0", "google_excluded_outside_parcel": "0", "google_nearby_ranked_json": "[]", "google_winner_place_id": "", "google_winner_name": "", "google_anchor_address": "", "google_api_gouv_query": "", "google_api_gouv_etablissements_count": "0", "google_reject_reason": "", "osm_pois_json": "[]", "osm_poi_count": 0, "osm_pois_status": "ok", "osm_poi_truncated": 0, "osm_data_as_of": ""}, "geometry": {"type": "MultiPolygon", "coordinates": [[[[-0.7116871, 44.7729441], [-0.7116974, 44.7729584], [-0.7117946, 44.7730881], [-0.7116404, 44.7731658], [-0.7116122, 44.7731755], [-0.7115284, 44.7731977], [-0.7114223, 44.7732336], [-0.7114587, 44.773288], [-0.7115437, 44.7734189], [-0.7116835, 44.7735295], [-0.7117356, 44.7736078], [-0.7121428, 44.7734701], [-0.71247, 44.773608], [-0.7120693, 44.7740906], [-0.7113177, 44.7743394], [-0.7106616, 44.7733546], [-0.710587, 44.7733934], [-0.7079493, 44.7744241], [-0.7079199, 44.7744385], [-0.7084635, 44.7749426], [-0.7087456, 44.7752004], [-0.7099455, 44.7762957], [-0.7121892, 44.7751186], [-0.7123131, 44.7750562], [-0.7130197, 44.7746326], [-0.7139783, 44.7740863], [-0.7135435, 44.7738107], [-0.7135196, 44.7737955], [-0.7132853, 44.7736471], [-0.7127234, 44.7732908], [-0.7121042, 44.7733756], [-0.7116999, 44.7729573], [-0.7116871, 44.7729441]]]]}, "id": "parcelle:33318:AH:0307"}, {"type": "Feature", "properties": {"scout_v5_id": "parcelle:33318:KK:0366", "grain": "parcelle", "batiment_construction_id": "", "bdnb_batiment_construction_id": "", "batiment_groupe_id": "", "osm_building_id": "", "osm_match_status": "", "osm_bdnb_intersection_area_m2": "", "osm_address_text": "", "code_insee": "33318", "section": "KK", "numero_norm": "0366", "code_iris": "333180124", "nom_iris": "Magonty", "nb_batiments": 2, "annee_construction": "", "footprint_m2": "", "footprint_sum_m2": 1042.5021951760173, "siren_status": "none", "status_technique": "no_candidate", "status_metier": "none", "siret_count": 0, "passerelle_address": "", "passerelle_indice_norm": "", "passerelle_numero_match": "", "passerelle_addresses_json": "[]", "sirets_json": "[]", "sirens_json": "[]", "matching_confidence": 0.0, "matching_reason": "", "matching_status": "mono", "matching_decision": "", "matching_siren_selected": "", "matching_debug_json": "", "parcelles_json": "", "buildings_json": "[{\"batiment_construction_id\": \"w:218305316\", \"bdnb_batiment_construction_id\": \"bdnb-bg-XQ1A-PBTA-FGUJ:5\", \"batiment_groupe_id\": \"bdnb-bg-XQ1A-PBTA-FGUJ\", \"annee_construction\": 1967, \"footprint_m2\": 602.6087013901564, \"intersection_area_m2\": 601.9761954082181, \"osm_building_id\": \"w:218305316\", \"osm_match_status\": \"matched\", \"osm_bdnb_intersection_area_m2\": 564.0926851968297, \"osm_address_text\": \"\", \"matching_status\": \"mono\", \"matching_decision\": \"mono\", \"matching_siren_selected\": \"\"}, {\"batiment_construction_id\": \"w:218308183\", \"bdnb_batiment_construction_id\": \"bdnb-bg-XQ1A-PBTA-FGUJ:1\", \"batiment_groupe_id\": \"bdnb-bg-XQ1A-PBTA-FGUJ\", \"annee_construction\": 1967, \"footprint_m2\": 439.8934937858608, \"intersection_area_m2\": 439.89349378586087, \"osm_building_id\": \"w:218308183\", \"osm_match_status\": \"matched\", \"osm_bdnb_intersection_area_m2\": 383.01537143375003, \"osm_address_text\": \"\", \"matching_status\": \"mono\", \"matching_decision\": \"mono\", \"matching_siren_selected\": \"\"}]", "building_geometries_json": "[{\"batiment_construction_id\": \"w:218305316\", \"bdnb_batiment_construction_id\": \"bdnb-bg-XQ1A-PBTA-FGUJ:5\", \"batiment_groupe_id\": \"bdnb-bg-XQ1A-PBTA-FGUJ\", \"osm_building_id\": \"w:218305316\", \"osm_match_status\": \"matched\", \"osm_bdnb_intersection_area_m2\": 564.0926851968297, \"osm_address_text\": \"\", \"annee_construction\": 1967, \"footprint_m2\": 602.6087013901564, \"geometry\": {\"type\": \"MultiPolygon\", \"coordinates\": [[[[-0.699647, 44.782447], [-0.69946, 44.782553], [-0.699579, 44.782665], [-0.700024, 44.782425], [-0.699939, 44.782344], [-0.699797, 44.782425], [-0.699778, 44.782411], [-0.699677, 44.782463], [-0.699658, 44.782445], [-0.69965, 44.78245], [-0.699647, 44.782447]]]]}}, {\"batiment_construction_id\": \"w:218308183\", \"bdnb_batiment_construction_id\": \"bdnb-bg-XQ1A-PBTA-FGUJ:1\", \"batiment_groupe_id\": \"bdnb-bg-XQ1A-PBTA-FGUJ\", \"osm_building_id\": \"w:218308183\", \"osm_match_status\": \"matched\", \"osm_bdnb_intersection_area_m2\": 383.01537143375003, \"osm_address_text\": \"\", \"annee_construction\": 1967, \"footprint_m2\": 439.8934937858608, \"geometry\": {\"type\": \"MultiPolygon\", \"coordinates\": [[[[-0.700377, 44.782994], [-0.70057, 44.78289], [-0.700398, 44.782726], [-0.700201, 44.782831], [-0.700377, 44.782994]]]]}}]", "google_fallback_attempted": "false", "google_fallback_success": "false", "google_fallback_group_id": "", "google_nearby_status": "", "google_nearby_error": "", "google_raw_nearby_count": "0", "google_excluded_outside_parcel": "0", "google_nearby_ranked_json": "[]", "google_winner_place_id": "", "google_winner_name": "", "google_anchor_address": "", "google_api_gouv_query": "", "google_api_gouv_etablissements_count": "0", "google_reject_reason": "", "osm_pois_json": "[]", "osm_poi_count": 0, "osm_pois_status": "ok", "osm_poi_truncated": 0, "osm_data_as_of": ""}, "geometry": {"type": "MultiPolygon", "coordinates": [[[[-0.6991515, 44.7827224], [-0.6988302, 44.782897], [-0.6989453, 44.783002], [-0.6989457, 44.7830018], [-0.6989924, 44.7829755], [-0.6992886, 44.7832439], [-0.6992417, 44.7832701], [-0.6992405, 44.7832707], [-0.6993951, 44.7834117], [-0.6994202, 44.7834344], [-0.6994707, 44.7834062], [-0.6995357, 44.7834659], [-0.6994859, 44.7834934], [-0.6998763, 44.7838454], [-0.7006939, 44.7833957], [-0.7010016, 44.783227], [-0.7008748, 44.7831099], [-0.6999567, 44.7822827], [-0.6996584, 44.7824448], [-0.6996497, 44.7824496], [-0.6996472, 44.7824472], [-0.6994601, 44.7825534], [-0.699371, 44.7826032], [-0.6992611, 44.7826627], [-0.699196, 44.7826982], [-0.6991515, 44.7827224]]]]}, "id": "parcelle:33318:KK:0366"}, {"type": "Feature", "properties": {"scout_v5_id": "parcelle:33318:AO:0068", "grain": "parcelle", "batiment_construction_id": "", "bdnb_batiment_construction_id": "", "batiment_groupe_id": "", "osm_building_id": "", "osm_match_status": "", "osm_bdnb_intersection_area_m2": "", "osm_address_text": "", "code_insee": "33318", "section": "AO", "numero_norm": "0068", "code_iris": "333180123", "nom_iris": "Toctoucau", "nb_batiments": 1, "annee_construction": "", "footprint_m2": "", "footprint_sum_m2": 1664.5715824641557, "siren_status": "none", "status_technique": "no_candidate", "status_metier": "none", "siret_count": 0, "passerelle_address": "", "passerelle_indice_norm": "", "passerelle_numero_match": "", "passerelle_addresses_json": "[]", "sirets_json": "[]", "sirens_json": "[]", "matching_confidence": 0.0, "matching_reason": "", "matching_status": "mono", "matching_decision": "", "matching_siren_selected": "", "matching_debug_json": "", "parcelles_json": "", "buildings_json": "[{\"batiment_construction_id\": \"w:218305762\", \"bdnb_batiment_construction_id\": \"bdnb-bg-U41M-URPB-NC8C:1\", \"batiment_groupe_id\": \"bdnb-bg-U41M-URPB-NC8C\", \"annee_construction\": null, \"footprint_m2\": 1664.5715824641557, \"intersection_area_m2\": 698.8102933603022, \"osm_building_id\": \"w:218305762\", \"osm_match_status\": \"matched\", \"osm_bdnb_intersection_area_m2\": 673.1482339847898, \"osm_address_text\": \"\", \"matching_status\": \"partage\", \"matching_decision\": \"unique_by_intersection\", \"matching_siren_selected\": \"\"}]", "building_geometries_json": "[{\"batiment_construction_id\": \"w:218305762\", \"bdnb_batiment_construction_id\": \"bdnb-bg-U41M-URPB-NC8C:1\", \"batiment_groupe_id\": \"bdnb-bg-U41M-URPB-NC8C\", \"osm_building_id\": \"w:218305762\", \"osm_match_status\": \"matched\", \"osm_bdnb_intersection_area_m2\": 673.1482339847898, \"osm_address_text\": \"\", \"annee_construction\": null, \"footprint_m2\": 1664.5715824641557, \"geometry\": {\"type\": \"MultiPolygon\", \"coordinates\": [[[[-0.715981, 44.793862], [-0.7154705, 44.7945638], [-0.71541, 44.794647], [-0.7154449, 44.7946602], [-0.715478, 44.794621], [-0.715548, 44.794649], [-0.715557, 44.794641], [-0.715599, 44.794658], [-0.7155648, 44.7947055], [-0.715606, 44.794721], [-0.716177, 44.793935], [-0.715981, 44.793862]]]]}}]", "google_fallback_attempted": "false", "google_fallback_success": "false", "google_fallback_group_id": "", "google_nearby_status": "", "google_nearby_error": "", "google_raw_nearby_count": "0", "google_excluded_outside_parcel": "0", "google_nearby_ranked_json": "[]", "google_winner_place_id": "", "google_winner_name": "", "google_anchor_address": "", "google_api_gouv_query": "", "google_api_gouv_etablissements_count": "0", "google_reject_reason": "", "osm_pois_json": "[]", "osm_poi_count": 0, "osm_pois_status": "ok", "osm_poi_truncated": 0, "osm_data_as_of": ""}, "geometry": {"type": "MultiPolygon", "coordinates": [[[[-0.715208, 44.7945659], [-0.7153082, 44.7946128], [-0.715341, 44.7946282], [-0.7154548, 44.7946815], [-0.7154962, 44.7947011], [-0.7159277, 44.7942205], [-0.7156339, 44.7940861], [-0.715208, 44.7945659]]]]}, "id": "parcelle:33318:AO:0068"}, {"type": "Feature", "properties": {"scout_v5_id": "parcelle:33318:AO:0125", "grain": "parcelle", "batiment_construction_id": "", "bdnb_batiment_construction_id": "", "batiment_groupe_id": "", "osm_building_id": "", "osm_match_status": "", "osm_bdnb_intersection_area_m2": "", "osm_address_text": "", "code_insee": "33318", "section": "AO", "numero_norm": "0125", "code_iris": "333180123", "nom_iris": "Toctoucau", "nb_batiments": 2, "annee_construction": "", "footprint_m2": "", "footprint_sum_m2": 3086.9399950505012, "siren_status": "none", "status_technique": "no_candidate", "status_metier": "none", "siret_count": 0, "passerelle_address": "", "passerelle_indice_norm": "", "passerelle_numero_match": "", "passerelle_addresses_json": "[]", "sirets_json": "[]", "sirens_json": "[]", "matching_confidence": 0.0, "matching_reason": "", "matching_status": "mono", "matching_decision": "", "matching_siren_selected": "", "matching_debug_json": "", "parcelles_json": "", "buildings_json": "[{\"batiment_construction_id\": \"w:218305762\", \"bdnb_batiment_construction_id\": \"bdnb-bg-U41M-URPB-NC8C:1\", \"batiment_groupe_id\": \"bdnb-bg-U41M-URPB-NC8C\", \"annee_construction\": null, \"footprint_m2\": 1664.5715824641557, \"intersection_area_m2\": 965.7612890990531, \"osm_building_id\": \"w:218305762\", \"osm_match_status\": \"matched\", \"osm_bdnb_intersection_area_m2\": 673.1482339847898, \"osm_address_text\": \"\", \"matching_status\": \"partage\", \"matching_decision\": \"unique_by_intersection\", \"matching_siren_selected\": \"\"}, {\"batiment_construction_id\": \"w:218312990\", \"bdnb_batiment_construction_id\": null, \"batiment_groupe_id\": null, \"annee_construction\": null, \"footprint_m2\": 1422.3684125863454, \"intersection_area_m2\": 1422.3684125863454, \"osm_building_id\": \"w:218312990\", \"osm_match_status\": \"unmatched\", \"osm_bdnb_intersection_area_m2\": null, \"osm_address_text\": \"\", \"matching_status\": \"mono\", \"matching_decision\": \"mono\", \"matching_siren_selected\": \"\"}]", "building_geometries_json": "[{\"batiment_construction_id\": \"w:218305762\", \"bdnb_batiment_construction_id\": \"bdnb-bg-U41M-URPB-NC8C:1\", \"batiment_groupe_id\": \"bdnb-bg-U41M-URPB-NC8C\", \"osm_building_id\": \"w:218305762\", \"osm_match_status\": \"matched\", \"osm_bdnb_intersection_area_m2\": 673.1482339847898, \"osm_address_text\": \"\", \"annee_construction\": null, \"footprint_m2\": 1664.5715824641557, \"geometry\": {\"type\": \"MultiPolygon\", \"coordinates\": [[[[-0.715981, 44.793862], [-0.7154705, 44.7945638], [-0.71541, 44.794647], [-0.7154449, 44.7946602], [-0.715478, 44.794621], [-0.715548, 44.794649], [-0.715557, 44.794641], [-0.715599, 44.794658], [-0.7155648, 44.7947055], [-0.715606, 44.794721], [-0.716177, 44.793935], [-0.715981, 44.793862]]]]}}, {\"batiment_construction_id\": \"w:218312990\", \"bdnb_batiment_construction_id\": null, \"batiment_groupe_id\": null, \"osm_building_id\": \"w:218312990\", \"osm_match_status\": \"unmatched\", \"osm_bdnb_intersection_area_m2\": null, \"osm_address_text\": \"\", \"annee_construction\": null, \"footprint_m2\": 1422.3684125863454, \"geometry\": {\"type\": \"MultiPolygon\", \"coordinates\": [[[[-0.714959, 44.79455], [-0.715162, 44.794624], [-0.715202, 44.794569], [-0.715261, 44.794486], [-0.715622, 44.793992], [-0.715419, 44.793918], [-0.714959, 44.79455]]]]}}]", "google_fallback_attempted": "false", "google_fallback_success": "false", "google_fallback_group_id": "", "google_nearby_status": "", "google_nearby_error": "", "google_raw_nearby_count": "0", "google_excluded_outside_parcel": "0", "google_nearby_ranked_json": "[]", "google_winner_place_id": "", "google_winner_name": "", "google_anchor_address": "", "google_api_gouv_query": "", "google_api_gouv_etablissements_count": "0", "google_reject_reason": "", "osm_pois_json": "[]", "osm_poi_count": 0, "osm_pois_status": "ok", "osm_poi_truncated": 0, "osm_data_as_of": ""}, "geometry": {"type": "MultiPolygon", "coordinates": [[[[-0.7163668, 44.7866206], [-0.7163076, 44.7867382], [-0.7147064, 44.7899015], [-0.7121605, 44.7949673], [-0.7123133, 44.795045], [-0.7126089, 44.7951168], [-0.7138468, 44.795309], [-0.7138585, 44.7952851], [-0.7140396, 44.7949172], [-0.7140548, 44.7948864], [-0.7141833, 44.7946256], [-0.7142958, 44.7943972], [-0.714732, 44.7945588], [-0.7155687, 44.7948689], [-0.7162537, 44.7939516], [-0.7162554, 44.7939501], [-0.7164771, 44.7938032], [-0.7166194, 44.7937068], [-0.7173194, 44.7932451], [-0.7176728, 44.7930137], [-0.7192294, 44.79199], [-0.7202761, 44.7913016], [-0.7211584, 44.7907213], [-0.7216468, 44.7904001], [-0.7217055, 44.7903607], [-0.7216383, 44.7903136], [-0.7216927, 44.7902767], [-0.7243302, 44.7884845], [-0.7241336, 44.7884385], [-0.7163668, 44.7866206]], [[-0.715208, 44.7945659], [-0.7156339, 44.7940861], [-0.7159277, 44.7942205], [-0.7154962, 44.7947011], [-0.7154548, 44.7946815], [-0.715341, 44.7946282], [-0.7153082, 44.7946128], [-0.715208, 44.7945659]], [[-0.715788, 44.7932961], [-0.7162124, 44.7927181], [-0.7166551, 44.7928835], [-0.7162298, 44.7934612], [-0.715788, 44.7932961]]]]}, "id": "parcelle:33318:AO:0125"}, {"type": "Feature", "properties": {"scout_v5_id": "parcelle:33318:DY:0515", "grain": "parcelle", "batiment_construction_id": "", "bdnb_batiment_construction_id": "", "batiment_groupe_id": "", "osm_building_id": "", "osm_match_status": "", "osm_bdnb_intersection_area_m2": "", "osm_address_text": "", "code_insee": "33318", "section": "DY", "numero_norm": "0515", "code_iris": "333180111", "nom_iris": "Cap de Bos", "nb_batiments": 2, "annee_construction": "", "footprint_m2": "", "footprint_sum_m2": 2592.7310142330953, "siren_status": "none", "status_technique": "no_candidate", "status_metier": "none", "siret_count": 0, "passerelle_address": "", "passerelle_indice_norm": "", "passerelle_numero_match": "", "passerelle_addresses_json": "[]", "sirets_json": "[]", "sirens_json": "[]", "matching_confidence": 0.0, "matching_reason": "", "matching_status": "mono", "matching_decision": "", "matching_siren_selected": "", "matching_debug_json": "", "parcelles_json": "", "buildings_json": "[{\"batiment_construction_id\": \"w:218306088\", \"bdnb_batiment_construction_id\": \"bdnb-bg-KV4N-RU6N-PMH3:1\", \"batiment_groupe_id\": \"bdnb-bg-KV4N-RU6N-PMH3\", \"annee_construction\": null, \"footprint_m2\": 1065.036303854255, \"intersection_area_m2\": 1065.036303854255, \"osm_building_id\": \"w:218306088\", \"osm_match_status\": \"matched\", \"osm_bdnb_intersection_area_m2\": 1020.7266337503897, \"osm_address_text\": \"\", \"matching_status\": \"mono\", \"matching_decision\": \"mono\", \"matching_siren_selected\": \"\"}, {\"batiment_construction_id\": \"w:218306734\", \"bdnb_batiment_construction_id\": \"bdnb-bg-KV4N-RU6N-PMH3:2\", \"batiment_groupe_id\": \"bdnb-bg-KV4N-RU6N-PMH3\", \"annee_construction\": null, \"footprint_m2\": 1527.69471037884, \"intersection_area_m2\": 1527.6947103788398, \"osm_building_id\": \"w:218306734\", \"osm_match_status\": \"matched\", \"osm_bdnb_intersection_area_m2\": 889.0421798295428, \"osm_address_text\": \"\", \"matching_status\": \"mono\", \"matching_decision\": \"mono\", \"matching_siren_selected\": \"\"}]", "building_geometries_json": "[{\"batiment_construction_id\": \"w:218306088\", \"bdnb_batiment_construction_id\": \"bdnb-bg-KV4N-RU6N-PMH3:1\", \"batiment_groupe_id\": \"bdnb-bg-KV4N-RU6N-PMH3\", \"osm_building_id\": \"w:218306088\", \"osm_match_status\": \"matched\", \"osm_bdnb_intersection_area_m2\": 1020.7266337503897, \"osm_address_text\": \"\", \"annee_construction\": null, \"footprint_m2\": 1065.036303854255, \"geometry\": {\"type\": \"MultiPolygon\", \"coordinates\": [[[[-0.684004, 44.791092], [-0.683964, 44.791093], [-0.683959, 44.791034], [-0.6841034, 44.7910277], [-0.684097, 44.7909622], [-0.684002, 44.7909655], [-0.683997, 44.790899], [-0.6839138, 44.7909032], [-0.683771, 44.7909079], [-0.683625, 44.790912], [-0.683633, 44.791043], [-0.683816, 44.791038], [-0.683819, 44.791099], [-0.683729, 44.791102], [-0.683744, 44.791308], [-0.684019, 44.7913], [-0.684004, 44.791092]]]]}}, {\"batiment_construction_id\": \"w:218306734\", \"bdnb_batiment_construction_id\": \"bdnb-bg-KV4N-RU6N-PMH3:2\", \"batiment_groupe_id\": \"bdnb-bg-KV4N-RU6N-PMH3\", \"osm_building_id\": \"w:218306734\", \"osm_match_status\": \"matched\", \"osm_bdnb_intersection_area_m2\": 889.0421798295428, \"osm_address_text\": \"\", \"annee_construction\": null, \"footprint_m2\": 1527.69471037884, \"geometry\": {\"type\": \"MultiPolygon\", \"coordinates\": [[[[-0.6839138, 44.7909032], [-0.6839061, 44.7907855], [-0.683994, 44.7907826], [-0.6839847, 44.7906408], [-0.6841006, 44.790637], [-0.6840921, 44.7905064], [-0.6839757, 44.7905102], [-0.6839698, 44.7904189], [-0.6836987, 44.7904278], [-0.683705, 44.790525], [-0.6837465, 44.7905236], [-0.6837527, 44.7906192], [-0.6837973, 44.7906178], [-0.6837998, 44.790656], [-0.6833385, 44.7906713], [-0.6833473, 44.7908047], [-0.6837634, 44.790791], [-0.683771, 44.7909079], [-0.6839138, 44.7909032]]]]}}]", "google_fallback_attempted": "false", "google_fallback_success": "false", "google_fallback_group_id": "", "google_nearby_status": "", "google_nearby_error": "", "google_raw_nearby_count": "0", "google_excluded_outside_parcel": "0", "google_nearby_ranked_json": "[]", "google_winner_place_id": "", "google_winner_name": "", "google_anchor_address": "", "google_api_gouv_query": "", "google_api_gouv_etablissements_count": "0", "google_reject_reason": "", "osm_pois_json": "[]", "osm_poi_count": 0, "osm_pois_status": "ok", "osm_poi_truncated": 0, "osm_data_as_of": ""}, "geometry": {"type": "MultiPolygon", "coordinates": [[[[-0.683214, 44.791394], [-0.6832866, 44.7913923], [-0.6837487, 44.7913813], [-0.6840234, 44.7913747], [-0.6841144, 44.7913727], [-0.6842333, 44.790941], [-0.6842817, 44.7906123], [-0.6842646, 44.7902848], [-0.6840093, 44.7902916], [-0.6838217, 44.7902973], [-0.6837492, 44.790333], [-0.6835821, 44.7904154], [-0.6835604, 44.7904267], [-0.6834244, 44.7904943], [-0.6831776, 44.7906168], [-0.683186, 44.7907925], [-0.6831869, 44.7908106], [-0.6832011, 44.7911151], [-0.6832018, 44.7911325], [-0.6832024, 44.7911432], [-0.683214, 44.791394]]]]}, "id": "parcelle:33318:DY:0515"}, {"type": "Feature", "properties": {"scout_v5_id": "parcelle:33318:KR:0099", "grain": "parcelle", "batiment_construction_id": "", "bdnb_batiment_construction_id": "", "batiment_groupe_id": "", "osm_building_id": "", "osm_match_status": "", "osm_bdnb_intersection_area_m2": "", "osm_address_text": "", "code_insee": "33318", "section": "KR", "numero_norm": "0099", "code_iris": "333180124", "nom_iris": "Magonty", "nb_batiments": 1, "annee_construction": "", "footprint_m2": "", "footprint_sum_m2": 778.2101316770094, "siren_status": "none", "status_technique": "no_candidate", "status_metier": "none", "siret_count": 0, "passerelle_address": "", "passerelle_indice_norm": "", "passerelle_numero_match": "", "passerelle_addresses_json": "[]", "sirets_json": "[]", "sirens_json": "[]", "matching_confidence": 0.0, "matching_reason": "", "matching_status": "mono", "matching_decision": "", "matching_siren_selected": "", "matching_debug_json": "", "parcelles_json": "", "buildings_json": "[{\"batiment_construction_id\": \"w:218306987\", \"bdnb_batiment_construction_id\": \"bdnb-bg-3EHL-AZDS-Y5X8:2\", \"batiment_groupe_id\": \"bdnb-bg-3EHL-AZDS-Y5X8\", \"annee_construction\": null, \"footprint_m2\": 778.2101316770094, \"intersection_area_m2\": 778.2101316770094, \"osm_building_id\": \"w:218306987\", \"osm_match_status\": \"matched\", \"osm_bdnb_intersection_area_m2\": 739.6484317387749, \"osm_address_text\": \"\", \"matching_status\": \"mono\", \"matching_decision\": \"mono\", \"matching_siren_selected\": \"\"}]", "building_geometries_json": "[{\"batiment_construction_id\": \"w:218306987\", \"bdnb_batiment_construction_id\": \"bdnb-bg-3EHL-AZDS-Y5X8:2\", \"batiment_groupe_id\": \"bdnb-bg-3EHL-AZDS-Y5X8\", \"osm_building_id\": \"w:218306987\", \"osm_match_status\": \"matched\", \"osm_bdnb_intersection_area_m2\": 739.6484317387749, \"osm_address_text\": \"\", \"annee_construction\": null, \"footprint_m2\": 778.2101316770094, \"geometry\": {\"type\": \"MultiPolygon\", \"coordinates\": [[[[-0.711499, 44.787547], [-0.711411, 44.787524], [-0.711349, 44.78764], [-0.711264, 44.787617], [-0.711207, 44.787727], [-0.711291, 44.787749], [-0.711279, 44.787771], [-0.711515, 44.787835], [-0.711526, 44.787813], [-0.711614, 44.787837], [-0.711673, 44.787729], [-0.711586, 44.787705], [-0.71165, 44.787588], [-0.71156, 44.787564], [-0.711499, 44.787547]]]]}}]", "google_fallback_attempted": "false", "google_fallback_success": "false", "google_fallback_group_id": "", "google_nearby_status": "", "google_nearby_error": "", "google_raw_nearby_count": "0", "google_excluded_outside_parcel": "0", "google_nearby_ranked_json": "[]", "google_winner_place_id": "", "google_winner_name": "", "google_anchor_address": "", "google_api_gouv_query": "", "google_api_gouv_etablissements_count": "0", "google_reject_reason": "", "osm_pois_json": "[]", "osm_poi_count": 0, "osm_pois_status": "ok", "osm_poi_truncated": 0, "osm_data_as_of": ""}, "geometry": {"type": "MultiPolygon", "coordinates": [[[[-0.7097415, 44.7874308], [-0.7103305, 44.7878405], [-0.7104939, 44.7878719], [-0.710546, 44.7879883], [-0.7108756, 44.788235], [-0.7104124, 44.7883977], [-0.7105312, 44.788592], [-0.7079207, 44.7895088], [-0.707568, 44.7891661], [-0.7065862, 44.7899274], [-0.7072168, 44.7904994], [-0.7077113, 44.7909496], [-0.7077685, 44.7910114], [-0.7079659, 44.7909555], [-0.7081642, 44.7908992], [-0.7083794, 44.790823], [-0.7085888, 44.790749], [-0.7085945, 44.790747], [-0.7086001, 44.7907451], [-0.708777, 44.7906854], [-0.7089284, 44.7906342], [-0.7089341, 44.7906323], [-0.7089398, 44.7906304], [-0.7090243, 44.7906025], [-0.7090994, 44.7905777], [-0.7091051, 44.7905757], [-0.7091108, 44.7905739], [-0.7091578, 44.7905584], [-0.7091965, 44.7905456], [-0.7092714, 44.7905209], [-0.7092771, 44.790519], [-0.7092828, 44.7905171], [-0.7094509, 44.7904611], [-0.7096131, 44.7904071], [-0.7096188, 44.7904052], [-0.7096245, 44.7904033], [-0.7096835, 44.7903837], [-0.7097336, 44.7903669], [-0.7097892, 44.7903484], [-0.709818, 44.7903389], [-0.7098452, 44.7903298], [-0.7099334, 44.7903003], [-0.7099571, 44.7902926], [-0.7099628, 44.7902906], [-0.7099685, 44.7902888], [-0.7100485, 44.7902633], [-0.710128, 44.7902379], [-0.7101338, 44.7902361], [-0.7101395, 44.7902342], [-0.7102241, 44.7902073], [-0.7103013, 44.7901826], [-0.710307, 44.7901807], [-0.7103128, 44.790179], [-0.7103925, 44.7901534], [-0.7104742, 44.7901275], [-0.7104802, 44.7901256], [-0.7104859, 44.7901238], [-0.7105694, 44.7900971], [-0.7106455, 44.7900729], [-0.7106512, 44.7900711], [-0.7106571, 44.7900691], [-0.7109928, 44.7899588], [-0.7110467, 44.7899416], [-0.7110944, 44.7899255], [-0.7111001, 44.7899235], [-0.7111059, 44.7899216], [-0.7112779, 44.7898639], [-0.7114283, 44.7898133], [-0.7115159, 44.789784], [-0.7115936, 44.7897577], [-0.7115993, 44.7897559], [-0.711605, 44.7897539], [-0.7116819, 44.7897281], [-0.7117679, 44.7896992], [-0.7118534, 44.7896705], [-0.7119427, 44.7896403], [-0.7120275, 44.7896119], [-0.7121159, 44.7895822], [-0.7122574, 44.7895343], [-0.7124518, 44.7894686], [-0.7124102, 44.7894121], [-0.712639, 44.7893386], [-0.7128583, 44.7892676], [-0.7129987, 44.7892202], [-0.7132028, 44.7891537], [-0.7137159, 44.7889862], [-0.71375, 44.7890297], [-0.7137755, 44.7890211], [-0.7138453, 44.7889975], [-0.7138842, 44.7889843], [-0.713867, 44.7889624], [-0.7138476, 44.7889303], [-0.7138297, 44.7888961], [-0.7138149, 44.7888632], [-0.7138035, 44.7888327], [-0.7137924, 44.7887836], [-0.7138182, 44.7887339], [-0.7138553, 44.7886624], [-0.7138844, 44.7886063], [-0.7139462, 44.7884867], [-0.7140148, 44.7883545], [-0.7143492, 44.787442], [-0.7144644, 44.7871274], [-0.7145198, 44.7869761], [-0.7145456, 44.7869058], [-0.7145606, 44.7868645], [-0.7145611, 44.7868633], [-0.7145714, 44.7868355], [-0.7145716, 44.7868351], [-0.7145768, 44.7868203], [-0.7145846, 44.7868045], [-0.7143859, 44.7866291], [-0.7140935, 44.7863706], [-0.7140425, 44.7863253], [-0.7138814, 44.7861807], [-0.7136389, 44.785965], [-0.7134909, 44.7858333], [-0.7133728, 44.7857303], [-0.7132599, 44.7856337], [-0.7132062, 44.7855878], [-0.7129477, 44.785359], [-0.71283, 44.7852537], [-0.7127685, 44.7851993], [-0.7127456, 44.7852148], [-0.7127171, 44.7852354], [-0.7126881, 44.7852567], [-0.7117566, 44.7859342], [-0.7115422, 44.7860903], [-0.7114693, 44.7861433], [-0.7106498, 44.7867382], [-0.710477, 44.7868638], [-0.7104342, 44.786895], [-0.7103665, 44.786946], [-0.7101994, 44.7870761], [-0.7101252, 44.7871331], [-0.7097415, 44.7874308]]]]}, "id": "parcelle:33318:KR:0099"}, {"type": "Feature", "properties": {"scout_v5_id": "parcelle:33318:KS:0332", "grain": "parcelle", "batiment_construction_id": "", "bdnb_batiment_construction_id": "", "batiment_groupe_id": "", "osm_building_id": "", "osm_match_status": "", "osm_bdnb_intersection_area_m2": "", "osm_address_text": "", "code_insee": "33318", "section": "KS", "numero_norm": "0332", "code_iris": "333180124", "nom_iris": "Magonty", "nb_batiments": 3, "annee_construction": "", "footprint_m2": "", "footprint_sum_m2": 3271.284635258712, "siren_status": "none", "status_technique": "no_candidate", "status_metier": "none", "siret_count": 0, "passerelle_address": "", "passerelle_indice_norm": "", "passerelle_numero_match": "", "passerelle_addresses_json": "[]", "sirets_json": "[]", "sirens_json": "[]", "matching_confidence": 0.0, "matching_reason": "", "matching_status": "mono", "matching_decision": "", "matching_siren_selected": "", "matching_debug_json": "", "parcelles_json": "", "buildings_json": "[{\"batiment_construction_id\": \"w:218307357\", \"bdnb_batiment_construction_id\": \"bdnb-bg-7GZP-1VKN-PAM4:4\", \"batiment_groupe_id\": \"bdnb-bg-7GZP-1VKN-PAM4\", \"annee_construction\": null, \"footprint_m2\": 417.5244252303211, \"intersection_area_m2\": 417.52442523032124, \"osm_building_id\": \"w:218307357\", \"osm_match_status\": \"matched\", \"osm_bdnb_intersection_area_m2\": 417.4556354287039, \"osm_address_text\": \"\", \"matching_status\": \"mono\", \"matching_decision\": \"mono\", \"matching_siren_selected\": \"\"}, {\"batiment_construction_id\": \"w:218307493\", \"bdnb_batiment_construction_id\": \"bdnb-bg-7GZP-1VKN-PAM4:2\", \"batiment_groupe_id\": \"bdnb-bg-7GZP-1VKN-PAM4\", \"annee_construction\": null, \"footprint_m2\": 1017.357729267458, \"intersection_area_m2\": 1017.357729267458, \"osm_building_id\": \"w:218307493\", \"osm_match_status\": \"matched\", \"osm_bdnb_intersection_area_m2\": 955.1264595946433, \"osm_address_text\": \"\", \"matching_status\": \"mono\", \"matching_decision\": \"mono\", \"matching_siren_selected\": \"\"}, {\"batiment_construction_id\": \"w:218313289\", \"bdnb_batiment_construction_id\": \"bdnb-bg-7GZP-1VKN-PAM4:3\", \"batiment_groupe_id\": \"bdnb-bg-7GZP-1VKN-PAM4\", \"annee_construction\": null, \"footprint_m2\": 1836.402480760933, \"intersection_area_m2\": 1836.4024807609317, \"osm_building_id\": \"w:218313289\", \"osm_match_status\": \"matched\", \"osm_bdnb_intersection_area_m2\": 1738.983177432899, \"osm_address_text\": \"\", \"matching_status\": \"mono\", \"matching_decision\": \"mono\", \"matching_siren_selected\": \"\"}]", "building_geometries_json": "[{\"batiment_construction_id\": \"w:218307357\", \"bdnb_batiment_construction_id\": \"bdnb-bg-7GZP-1VKN-PAM4:4\", \"batiment_groupe_id\": \"bdnb-bg-7GZP-1VKN-PAM4\", \"osm_building_id\": \"w:218307357\", \"osm_match_status\": \"matched\", \"osm_bdnb_intersection_area_m2\": 417.4556354287039, \"osm_address_text\": \"\", \"annee_construction\": null, \"footprint_m2\": 417.5244252303211, \"geometry\": {\"type\": \"MultiPolygon\", \"coordinates\": [[[[-0.704015, 44.792532], [-0.704034, 44.79253], [-0.704013, 44.792478], [-0.703993, 44.792478], [-0.703966, 44.792407], [-0.703863, 44.79243], [-0.70387, 44.792539], [-0.703894, 44.792539], [-0.703906, 44.792649], [-0.703883, 44.792651], [-0.703889, 44.792759], [-0.704026, 44.792772], [-0.704027, 44.792697], [-0.704046, 44.792696], [-0.704049, 44.792645], [-0.704032, 44.792644], [-0.704015, 44.792532]]]]}}, {\"batiment_construction_id\": \"w:218307493\", \"bdnb_batiment_construction_id\": \"bdnb-bg-7GZP-1VKN-PAM4:2\", \"batiment_groupe_id\": \"bdnb-bg-7GZP-1VKN-PAM4\", \"osm_building_id\": \"w:218307493\", \"osm_match_status\": \"matched\", \"osm_bdnb_intersection_area_m2\": 955.1264595946433, \"osm_address_text\": \"\", \"annee_construction\": null, \"footprint_m2\": 1017.357729267458, \"geometry\": {\"type\": \"MultiPolygon\", \"coordinates\": [[[[-0.704636, 44.792671], [-0.703945, 44.79289], [-0.703985, 44.792952], [-0.703968, 44.792958], [-0.703988, 44.792982], [-0.704277, 44.792888], [-0.704282, 44.792895], [-0.704404, 44.792856], [-0.704403, 44.792849], [-0.704704, 44.792754], [-0.7047, 44.792972], [-0.704858, 44.792926], [-0.704858, 44.792753], [-0.704812, 44.792751], [-0.70477, 44.792751], [-0.704764, 44.792735], [-0.704799, 44.792723], [-0.704742, 44.792638], [-0.704636, 44.792671]]]]}}, {\"batiment_construction_id\": \"w:218313289\", \"bdnb_batiment_construction_id\": \"bdnb-bg-7GZP-1VKN-PAM4:3\", \"batiment_groupe_id\": \"bdnb-bg-7GZP-1VKN-PAM4\", \"osm_building_id\": \"w:218313289\", \"osm_match_status\": \"matched\", \"osm_bdnb_intersection_area_m2\": 1738.983177432899, \"osm_address_text\": \"\", \"annee_construction\": null, \"footprint_m2\": 1836.402480760933, \"geometry\": {\"type\": \"MultiPolygon\", \"coordinates\": [[[[-0.704411, 44.791652], [-0.704261, 44.791703], [-0.70426, 44.791788], [-0.704249, 44.791787], [-0.704188, 44.791783], [-0.704173, 44.791827], [-0.70416, 44.791865], [-0.70418, 44.791868], [-0.704214, 44.791936], [-0.704102, 44.79198], [-0.704091, 44.791967], [-0.703979, 44.792013], [-0.703923, 44.792011], [-0.703976, 44.792112], [-0.704021, 44.7921], [-0.704046, 44.792139], [-0.704099, 44.792125], [-0.704135, 44.792114], [-0.704157, 44.792106], [-0.704198, 44.792158], [-0.704082, 44.7922], [-0.704062, 44.792177], [-0.703911, 44.792234], [-0.703978, 44.792324], [-0.704291, 44.792207], [-0.704398, 44.792349], [-0.704386, 44.792355], [-0.704534, 44.792551], [-0.704649, 44.792506], [-0.704499, 44.792311], [-0.704539, 44.792298], [-0.704428, 44.792149], [-0.704388, 44.792165], [-0.704338, 44.792101], [-0.704257, 44.792131], [-0.704252, 44.792138], [-0.704253, 44.79214], [-0.704234, 44.792145], [-0.704229, 44.792107], [-0.704211, 44.792083], [-0.704228, 44.792076], [-0.704281, 44.792047], [-0.704315, 44.792024], [-0.704326, 44.792018], [-0.704334, 44.792011], [-0.704344, 44.792003], [-0.704352, 44.791996], [-0.704361, 44.79199], [-0.704371, 44.791981], [-0.704379, 44.791974], [-0.704387, 44.791966], [-0.704393, 44.791959], [-0.704401, 44.791951], [-0.704409, 44.791944], [-0.704415, 44.791937], [-0.704425, 44.791928], [-0.704407, 44.79189], [-0.704417, 44.791842], [-0.704473, 44.791847], [-0.704517, 44.791851], [-0.704523, 44.791812], [-0.70449, 44.791811], [-0.704497, 44.791781], [-0.704426, 44.791773], [-0.70441, 44.791708], [-0.704406, 44.791695], [-0.704417, 44.791692], [-0.704423, 44.791688], [-0.704431, 44.791683], [-0.704435, 44.791677], [-0.704435, 44.791672], [-0.704435, 44.791666], [-0.704429, 44.791659], [-0.704424, 44.791656], [-0.704411, 44.791652]]]]}}]", "google_fallback_attempted": "false", "google_fallback_success": "false", "google_fallback_group_id": "", "google_nearby_status": "", "google_nearby_error": "", "google_raw_nearby_count": "0", "google_excluded_outside_parcel": "0", "google_nearby_ranked_json": "[]", "google_winner_place_id": "", "google_winner_name": "", "google_anchor_address": "", "google_api_gouv_query": "", "google_api_gouv_etablissements_count": "0", "google_reject_reason": "", "osm_pois_json": "[]", "osm_poi_count": 0, "osm_pois_status": "ok", "osm_poi_truncated": 0, "osm_data_as_of": ""}, "geometry": {"type": "MultiPolygon", "coordinates": [[[[-0.7046695, 44.7915645], [-0.7045305, 44.7916114], [-0.7044307, 44.7916451], [-0.7044132, 44.7916509], [-0.7042604, 44.7917026], [-0.704243, 44.7917085], [-0.703555, 44.7919406], [-0.7034237, 44.7920216], [-0.7034561, 44.792049], [-0.7036834, 44.7922412], [-0.7037846, 44.7923267], [-0.7037997, 44.7924445], [-0.7037999, 44.792479], [-0.7038038, 44.7924865], [-0.7038092, 44.7925424], [-0.7038146, 44.7925985], [-0.7038199, 44.7926541], [-0.7038233, 44.7926879], [-0.7038298, 44.7927567], [-0.70384, 44.7928631], [-0.7038793, 44.7932707], [-0.7043316, 44.7931315], [-0.7043637, 44.7930747], [-0.704422, 44.7930565], [-0.7044714, 44.7930419], [-0.7047052, 44.7929721], [-0.7047691, 44.7929539], [-0.7048552, 44.7929309], [-0.7048581, 44.7929309], [-0.7048894, 44.7929259], [-0.7048927, 44.7927935], [-0.7048939, 44.7927539], [-0.7048632, 44.7927536], [-0.7048647, 44.7927126], [-0.704866, 44.7926633], [-0.7048164, 44.7926651], [-0.7047954, 44.7926367], [-0.7048006, 44.7924739], [-0.7046719, 44.7924721], [-0.7045402, 44.7922963], [-0.7044139, 44.7921299], [-0.704461, 44.7920425], [-0.7045054, 44.7920037], [-0.7045296, 44.7920135], [-0.7045362, 44.7920129], [-0.7045565, 44.7919992], [-0.7045757, 44.7919849], [-0.7045937, 44.7919701], [-0.7046099, 44.7919541], [-0.7046246, 44.7919375], [-0.7046371, 44.7919201], [-0.704647, 44.7919042], [-0.7046582, 44.7918839], [-0.7046654, 44.7918649], [-0.7046709, 44.791835], [-0.7046825, 44.7917581], [-0.7046812, 44.7916596], [-0.7046781, 44.7916007], [-0.7046739, 44.7915811], [-0.7046695, 44.7915645]]]]}, "id": "parcelle:33318:KS:0332"}, {"type": "Feature", "properties": {"scout_v5_id": "parcelle:33318:KP:0004", "grain": "parcelle", "batiment_construction_id": "", "bdnb_batiment_construction_id": "", "batiment_groupe_id": "", "osm_building_id": "", "osm_match_status": "", "osm_bdnb_intersection_area_m2": "", "osm_address_text": "", "code_insee": "33318", "section": "KP", "numero_norm": "0004", "code_iris": "333180124", "nom_iris": "Magonty", "nb_batiments": 1, "annee_construction": "", "footprint_m2": "", "footprint_sum_m2": 795.1435737736723, "siren_status": "none", "status_technique": "no_candidate", "status_metier": "none", "siret_count": 0, "passerelle_address": "", "passerelle_indice_norm": "", "passerelle_numero_match": "", "passerelle_addresses_json": "[]", "sirets_json": "[]", "sirens_json": "[]", "matching_confidence": 0.0, "matching_reason": "", "matching_status": "mono", "matching_decision": "", "matching_siren_selected": "", "matching_debug_json": "", "parcelles_json": "", "buildings_json": "[{\"batiment_construction_id\": \"w:218307562\", \"bdnb_batiment_construction_id\": \"bdnb-bg-YGQW-GNXC-C3SD:1\", \"batiment_groupe_id\": \"bdnb-bg-YGQW-GNXC-C3SD\", \"annee_construction\": 1965, \"footprint_m2\": 795.1435737736723, \"intersection_area_m2\": 795.1435737736726, \"osm_building_id\": \"w:218307562\", \"osm_match_status\": \"matched\", \"osm_bdnb_intersection_area_m2\": 793.333997189495, \"osm_address_text\": \"\", \"matching_status\": \"mono\", \"matching_decision\": \"mono\", \"matching_siren_selected\": \"\"}]", "building_geometries_json": "[{\"batiment_construction_id\": \"w:218307562\", \"bdnb_batiment_construction_id\": \"bdnb-bg-YGQW-GNXC-C3SD:1\", \"batiment_groupe_id\": \"bdnb-bg-YGQW-GNXC-C3SD\", \"osm_building_id\": \"w:218307562\", \"osm_match_status\": \"matched\", \"osm_bdnb_intersection_area_m2\": 793.333997189495, \"osm_address_text\": \"\", \"annee_construction\": 1965, \"footprint_m2\": 795.1435737736723, \"geometry\": {\"type\": \"MultiPolygon\", \"coordinates\": [[[[-0.709888, 44.786908], [-0.709817, 44.786833], [-0.709723, 44.786877], [-0.709619, 44.786765], [-0.709713, 44.786722], [-0.70964, 44.786644], [-0.709561, 44.786681], [-0.709505, 44.78662], [-0.709426, 44.786658], [-0.709571, 44.786813], [-0.709497, 44.786848], [-0.70943, 44.786776], [-0.709319, 44.786828], [-0.709371, 44.786882], [-0.709283, 44.786923], [-0.709335, 44.786979], [-0.709549, 44.786877], [-0.709587, 44.786916], [-0.709644, 44.786891], [-0.709788, 44.787045], [-0.709865, 44.787008], [-0.709807, 44.786947], [-0.709888, 44.786908]]]]}}]", "google_fallback_attempted": "false", "google_fallback_success": "false", "google_fallback_group_id": "", "google_nearby_status": "", "google_nearby_error": "", "google_raw_nearby_count": "0", "google_excluded_outside_parcel": "0", "google_nearby_ranked_json": "[]", "google_winner_place_id": "", "google_winner_name": "", "google_anchor_address": "", "google_api_gouv_query": "", "google_api_gouv_etablissements_count": "0", "google_reject_reason": "", "osm_pois_json": "[]", "osm_poi_count": 0, "osm_pois_status": "ok", "osm_poi_truncated": 0, "osm_data_as_of": ""}, "geometry": {"type": "MultiPolygon", "coordinates": [[[[-0.7112732, 44.7838533], [-0.7111889, 44.7839012], [-0.7098852, 44.7846418], [-0.7087361, 44.7852945], [-0.7083871, 44.7854927], [-0.7083778, 44.7854978], [-0.7083729, 44.7855007], [-0.7083695, 44.7855045], [-0.7075491, 44.786376], [-0.7060677, 44.7879495], [-0.7053069, 44.7887574], [-0.7052523, 44.7888211], [-0.7053651, 44.788921], [-0.7065015, 44.7899514], [-0.7065315, 44.7899255], [-0.7065589, 44.7899027], [-0.7065591, 44.7899026], [-0.705363, 44.7888107], [-0.7055971, 44.7886513], [-0.7057158, 44.7885403], [-0.7063929, 44.788048], [-0.7070065, 44.7875054], [-0.7075502, 44.786948], [-0.7086548, 44.7873711], [-0.7088474, 44.7872403], [-0.7092133, 44.7875057], [-0.7096941, 44.7873967], [-0.7097415, 44.7874308], [-0.7101252, 44.7871331], [-0.7101994, 44.7870761], [-0.7103665, 44.786946], [-0.7104342, 44.786895], [-0.710477, 44.7868638], [-0.7106498, 44.7867382], [-0.7114693, 44.7861433], [-0.7115422, 44.7860903], [-0.7117566, 44.7859342], [-0.7126881, 44.7852567], [-0.7127171, 44.7852354], [-0.7127456, 44.7852148], [-0.7127685, 44.7851993], [-0.7126902, 44.7851257], [-0.7125393, 44.7849907], [-0.712084, 44.7845817], [-0.7120089, 44.784514], [-0.711744, 44.7842752], [-0.7113818, 44.7839501], [-0.7112732, 44.7838533]]]]}, "id": "parcelle:33318:KP:0004"}, {"type": "Feature", "properties": {"scout_v5_id": "parcelle:33318:KL:0004", "grain": "parcelle", "batiment_construction_id": "", "bdnb_batiment_construction_id": "", "batiment_groupe_id": "", "osm_building_id": "", "osm_match_status": "", "osm_bdnb_intersection_area_m2": "", "osm_address_text": "", "code_insee": "33318", "section": "KL", "numero_norm": "0004", "code_iris": "333180124", "nom_iris": "Magonty", "nb_batiments": 2, "annee_construction": "", "footprint_m2": "", "footprint_sum_m2": 906.0461828843381, "siren_status": "none", "status_technique": "no_candidate", "status_metier": "none", "siret_count": 0, "passerelle_address": "", "passerelle_indice_norm": "", "passerelle_numero_match": "", "passerelle_addresses_json": "[]", "sirets_json": "[]", "sirens_json": "[]", "matching_confidence": 0.0, "matching_reason": "", "matching_status": "mono", "matching_decision": "", "matching_siren_selected": "", "matching_debug_json": "", "parcelles_json": "", "buildings_json": "[{\"batiment_construction_id\": \"w:218307640\", \"bdnb_batiment_construction_id\": \"bdnb-bg-N6S6-9BGL-5T4H:4\", \"batiment_groupe_id\": \"bdnb-bg-N6S6-9BGL-5T4H\", \"annee_construction\": null, \"footprint_m2\": 467.2317752597728, \"intersection_area_m2\": 94.10042868273176, \"osm_building_id\": \"w:218307640\", \"osm_match_status\": \"matched\", \"osm_bdnb_intersection_area_m2\": 466.2436934424453, \"osm_address_text\": \"\", \"matching_status\": \"partage\", \"matching_decision\": \"unique_by_intersection\", \"matching_siren_selected\": \"\"}, {\"batiment_construction_id\": \"w:218313340\", \"bdnb_batiment_construction_id\": \"bdnb-bg-N6S6-9BGL-5T4H:6\", \"batiment_groupe_id\": \"bdnb-bg-N6S6-9BGL-5T4H\", \"annee_construction\": null, \"footprint_m2\": 438.8144076245654, \"intersection_area_m2\": 438.8144076245654, \"osm_building_id\": \"w:218313340\", \"osm_match_status\": \"matched\", \"osm_bdnb_intersection_area_m2\": 438.11753261390186, \"osm_address_text\": \"\", \"matching_status\": \"mono\", \"matching_decision\": \"mono\", \"matching_siren_selected\": \"\"}]", "building_geometries_json": "[{\"batiment_construction_id\": \"w:218307640\", \"bdnb_batiment_construction_id\": \"bdnb-bg-N6S6-9BGL-5T4H:4\", \"batiment_groupe_id\": \"bdnb-bg-N6S6-9BGL-5T4H\", \"osm_building_id\": \"w:218307640\", \"osm_match_status\": \"matched\", \"osm_bdnb_intersection_area_m2\": 466.2436934424453, \"osm_address_text\": \"\", \"annee_construction\": null, \"footprint_m2\": 467.2317752597728, \"geometry\": {\"type\": \"MultiPolygon\", \"coordinates\": [[[[-0.7010612, 44.7837078], [-0.7011661, 44.7835268], [-0.7009148, 44.7834534], [-0.7008099, 44.7836343], [-0.7010612, 44.7837078]]]]}}, {\"batiment_construction_id\": \"w:218313340\", \"bdnb_batiment_construction_id\": \"bdnb-bg-N6S6-9BGL-5T4H:6\", \"batiment_groupe_id\": \"bdnb-bg-N6S6-9BGL-5T4H\", \"osm_building_id\": \"w:218313340\", \"osm_match_status\": \"matched\", \"osm_bdnb_intersection_area_m2\": 438.11753261390186, \"osm_address_text\": \"\", \"annee_construction\": null, \"footprint_m2\": 438.8144076245654, \"geometry\": {\"type\": \"MultiPolygon\", \"coordinates\": [[[[-0.700613, 44.783717], [-0.700526, 44.783691], [-0.700507, 44.783721], [-0.700432, 44.783699], [-0.70045, 44.783669], [-0.700364, 44.783644], [-0.700258, 44.783824], [-0.700507, 44.783897], [-0.700613, 44.783717]]]]}}]", "google_fallback_attempted": "false", "google_fallback_success": "false", "google_fallback_group_id": "", "google_nearby_status": "", "google_nearby_error": "", "google_raw_nearby_count": "0", "google_excluded_outside_parcel": "0", "google_nearby_ranked_json": "[]", "google_winner_place_id": "", "google_winner_name": "", "google_anchor_address": "", "google_api_gouv_query": "", "google_api_gouv_etablissements_count": "0", "google_reject_reason": "", "osm_pois_json": "[]", "osm_poi_count": 0, "osm_pois_status": "ok", "osm_poi_truncated": 0, "osm_data_as_of": ""}, "geometry": {"type": "MultiPolygon", "coordinates": [[[[-0.7006939, 44.7833957], [-0.6998763, 44.7838454], [-0.700264, 44.7841921], [-0.7005972, 44.784005], [-0.7006935, 44.7839509], [-0.7010696, 44.7837399], [-0.7010225, 44.7836968], [-0.7008597, 44.7835477], [-0.7006939, 44.7833957]]]]}, "id": "parcelle:33318:KL:0004"}, {"type": "Feature", "properties": {"scout_v5_id": "parcelle:33318:DY:0576", "grain": "parcelle", "batiment_construction_id": "", "bdnb_batiment_construction_id": "", "batiment_groupe_id": "", "osm_building_id": "", "osm_match_status": "", "osm_bdnb_intersection_area_m2": "", "osm_address_text": "", "code_insee": "33318", "section": "DY", "numero_norm": "0576", "code_iris": "333180111", "nom_iris": "Cap de Bos", "nb_batiments": 3, "annee_construction": "", "footprint_m2": "", "footprint_sum_m2": 1249.8329484280882, "siren_status": "none", "status_technique": "no_candidate", "status_metier": "none", "siret_count": 0, "passerelle_address": "", "passerelle_indice_norm": "", "passerelle_numero_match": "", "passerelle_addresses_json": "[]", "sirets_json": "[]", "sirens_json": "[]", "matching_confidence": 0.0, "matching_reason": "", "matching_status": "mono", "matching_decision": "", "matching_siren_selected": "", "matching_debug_json": "", "parcelles_json": "", "buildings_json": "[{\"batiment_construction_id\": \"w:218307655\", \"bdnb_batiment_construction_id\": null, \"batiment_groupe_id\": null, \"annee_construction\": null, \"footprint_m2\": 408.5238360621155, \"intersection_area_m2\": 408.5238360621155, \"osm_building_id\": \"w:218307655\", \"osm_match_status\": \"unmatched\", \"osm_bdnb_intersection_area_m2\": null, \"osm_address_text\": \"\", \"matching_status\": \"mono\", \"matching_decision\": \"mono\", \"matching_siren_selected\": \"\"}, {\"batiment_construction_id\": \"w:218309248\", \"bdnb_batiment_construction_id\": null, \"batiment_groupe_id\": null, \"annee_construction\": null, \"footprint_m2\": 426.333883135788, \"intersection_area_m2\": 426.333883135788, \"osm_building_id\": \"w:218309248\", \"osm_match_status\": \"unmatched\", \"osm_bdnb_intersection_area_m2\": null, \"osm_address_text\": \"\", \"matching_status\": \"mono\", \"matching_decision\": \"mono\", \"matching_siren_selected\": \"\"}, {\"batiment_construction_id\": \"w:218312190\", \"bdnb_batiment_construction_id\": null, \"batiment_groupe_id\": null, \"annee_construction\": null, \"footprint_m2\": 414.9752292301847, \"intersection_area_m2\": 414.97522923018477, \"osm_building_id\": \"w:218312190\", \"osm_match_status\": \"unmatched\", \"osm_bdnb_intersection_area_m2\": null, \"osm_address_text\": \"\", \"matching_status\": \"mono\", \"matching_decision\": \"mono\", \"matching_siren_selected\": \"\"}]", "building_geometries_json": "[{\"batiment_construction_id\": \"w:218307655\", \"bdnb_batiment_construction_id\": null, \"batiment_groupe_id\": null, \"osm_building_id\": \"w:218307655\", \"osm_match_status\": \"unmatched\", \"osm_bdnb_intersection_area_m2\": null, \"osm_address_text\": \"\", \"annee_construction\": null, \"footprint_m2\": 408.5238360621155, \"geometry\": {\"type\": \"MultiPolygon\", \"coordinates\": [[[[-0.6822771, 44.7933201], [-0.6825075, 44.7933148], [-0.6825026, 44.793206], [-0.6824983, 44.7931132], [-0.6822679, 44.7931185], [-0.6822771, 44.7933201]]]]}}, {\"batiment_construction_id\": \"w:218309248\", \"bdnb_batiment_construction_id\": null, \"batiment_groupe_id\": null, \"osm_building_id\": \"w:218309248\", \"osm_match_status\": \"unmatched\", \"osm_bdnb_intersection_area_m2\": null, \"osm_address_text\": \"\", \"annee_construction\": null, \"footprint_m2\": 426.333883135788, \"geometry\": {\"type\": \"MultiPolygon\", \"coordinates\": [[[[-0.683013, 44.793084], [-0.683001, 44.79288], [-0.682764, 44.792887], [-0.6827691, 44.7929817], [-0.682775, 44.793091], [-0.683013, 44.793084]]]]}}, {\"batiment_construction_id\": \"w:218312190\", \"bdnb_batiment_construction_id\": null, \"batiment_groupe_id\": null, \"osm_building_id\": \"w:218312190\", \"osm_match_status\": \"unmatched\", \"osm_bdnb_intersection_area_m2\": null, \"osm_address_text\": \"\", \"annee_construction\": null, \"footprint_m2\": 414.9752292301847, \"geometry\": {\"type\": \"MultiPolygon\", \"coordinates\": [[[[-0.681999, 44.793328], [-0.681998, 44.793288], [-0.681763, 44.793295], [-0.681774, 44.793498], [-0.682004, 44.793491], [-0.681999, 44.793328]]]]}}]", "google_fallback_attempted": "false", "google_fallback_success": "false", "google_fallback_group_id": "", "google_nearby_status": "", "google_nearby_error": "", "google_raw_nearby_count": "0", "google_excluded_outside_parcel": "0", "google_nearby_ranked_json": "[]", "google_winner_place_id": "", "google_winner_name": "", "google_anchor_address": "", "google_api_gouv_query": "", "google_api_gouv_etablissements_count": "0", "google_reject_reason": "", "osm_pois_json": "[]", "osm_poi_count": 0, "osm_pois_status": "ok", "osm_poi_truncated": 0, "osm_data_as_of": ""}, "geometry": {"type": "MultiPolygon", "coordinates": [[[[-0.6824104, 44.7934153], [-0.6827273, 44.7933028], [-0.6830635, 44.7931838], [-0.6830585, 44.7930828], [-0.6830444, 44.7927805], [-0.6828764, 44.7927198], [-0.6828538, 44.7927145], [-0.6828329, 44.7927113], [-0.6828101, 44.7927105], [-0.6827895, 44.7927114], [-0.6827616, 44.7927157], [-0.6827379, 44.792723], [-0.6826372, 44.7927593], [-0.6825747, 44.7927818], [-0.6821683, 44.7929279], [-0.6821389, 44.7929384], [-0.6820767, 44.7929609], [-0.6815176, 44.7931619], [-0.6815027, 44.7931713], [-0.6814931, 44.7931795], [-0.6814832, 44.7931923], [-0.6814754, 44.7932094], [-0.6814729, 44.7932237], [-0.6814736, 44.793245], [-0.6814762, 44.7932526], [-0.6816211, 44.7935026], [-0.6817134, 44.7936624], [-0.6824104, 44.7934153]]]]}, "id": "parcelle:33318:DY:0576"}, {"type": "Feature", "properties": {"scout_v5_id": "parcelle:33318:DZ:0329", "grain": "parcelle", "batiment_construction_id": "", "bdnb_batiment_construction_id": "", "batiment_groupe_id": "", "osm_building_id": "", "osm_match_status": "", "osm_bdnb_intersection_area_m2": "", "osm_address_text": "", "code_insee": "33318", "section": "DZ", "numero_norm": "0329", "code_iris": "333180111", "nom_iris": "Cap de Bos", "nb_batiments": 1, "annee_construction": "", "footprint_m2": "", "footprint_sum_m2": 1702.1413174719446, "siren_status": "none", "status_technique": "no_candidate", "status_metier": "none", "siret_count": 0, "passerelle_address": "", "passerelle_indice_norm": "", "passerelle_numero_match": "", "passerelle_addresses_json": "[]", "sirets_json": "[]", "sirens_json": "[]", "matching_confidence": 0.0, "matching_reason": "", "matching_status": "mono", "matching_decision": "", "matching_siren_selected": "", "matching_debug_json": "", "parcelles_json": "", "buildings_json": "[{\"batiment_construction_id\": \"w:218307664\", \"bdnb_batiment_construction_id\": \"bdnb-bg-YDKQ-7F4F-QFB3:1\", \"batiment_groupe_id\": \"bdnb-bg-YDKQ-7F4F-QFB3\", \"annee_construction\": 1983, \"footprint_m2\": 1702.1413174719446, \"intersection_area_m2\": 1702.1413174719448, \"osm_building_id\": \"w:218307664\", \"osm_match_status\": \"matched\", \"osm_bdnb_intersection_area_m2\": 1621.7129425725486, \"osm_address_text\": \"9 Rue de Flandre, 33600 Pessac\", \"matching_status\": \"mono\", \"matching_decision\": \"mono\", \"matching_siren_selected\": \"\"}]", "building_geometries_json": "[{\"batiment_construction_id\": \"w:218307664\", \"bdnb_batiment_construction_id\": \"bdnb-bg-YDKQ-7F4F-QFB3:1\", \"batiment_groupe_id\": \"bdnb-bg-YDKQ-7F4F-QFB3\", \"osm_building_id\": \"w:218307664\", \"osm_match_status\": \"matched\", \"osm_bdnb_intersection_area_m2\": 1621.7129425725486, \"osm_address_text\": \"9 Rue de Flandre, 33600 Pessac\", \"annee_construction\": 1983, \"footprint_m2\": 1702.1413174719446, \"geometry\": {\"type\": \"MultiPolygon\", \"coordinates\": [[[[-0.69109, 44.792932], [-0.691111, 44.792938], [-0.691192, 44.792828], [-0.691172, 44.79282], [-0.691257, 44.792702], [-0.691324, 44.792726], [-0.691378, 44.792653], [-0.691295, 44.792622], [-0.691286, 44.792636], [-0.691209, 44.792609], [-0.69122, 44.792593], [-0.691132, 44.79256], [-0.691121, 44.792575], [-0.691017, 44.792538], [-0.690977, 44.792594], [-0.691022, 44.792611], [-0.690979, 44.792663], [-0.690951, 44.792656], [-0.69091, 44.792717], [-0.690932, 44.792725], [-0.690895, 44.792778], [-0.69087, 44.792769], [-0.690768, 44.792915], [-0.690786, 44.792922], [-0.690749, 44.792979], [-0.690721, 44.79297], [-0.690648, 44.793076], [-0.690988, 44.793201], [-0.691039, 44.79313], [-0.690968, 44.793102], [-0.69109, 44.792932]]]]}}]", "google_fallback_attempted": "false", "google_fallback_success": "false", "google_fallback_group_id": "", "google_nearby_status": "", "google_nearby_error": "", "google_raw_nearby_count": "0", "google_excluded_outside_parcel": "0", "google_nearby_ranked_json": "[]", "google_winner_place_id": "", "google_winner_name": "", "google_anchor_address": "", "google_api_gouv_query": "", "google_api_gouv_etablissements_count": "0", "google_reject_reason": "", "osm_pois_json": "[]", "osm_poi_count": 0, "osm_pois_status": "ok", "osm_poi_truncated": 0, "osm_data_as_of": ""}, "geometry": {"type": "MultiPolygon", "coordinates": [[[[-0.6911587, 44.7933399], [-0.6912465, 44.7932927], [-0.6913128, 44.793206], [-0.6913526, 44.7930952], [-0.691399, 44.7929826], [-0.6915027, 44.7928924], [-0.6916736, 44.7928243], [-0.6916641, 44.7928077], [-0.6916578, 44.7927977], [-0.6916523, 44.792786], [-0.6916423, 44.7927694], [-0.6916322, 44.7927547], [-0.6916204, 44.792738], [-0.6916056, 44.7927206], [-0.6915954, 44.7927073], [-0.6915861, 44.7926969], [-0.6915716, 44.7926814], [-0.6915569, 44.7926672], [-0.6915416, 44.7926541], [-0.6915278, 44.7926417], [-0.6915151, 44.7926323], [-0.6914987, 44.7926196], [-0.6914833, 44.7926086], [-0.6914657, 44.7925976], [-0.6914558, 44.7925915], [-0.6914448, 44.7925851], [-0.6914341, 44.7925784], [-0.6914258, 44.792574], [-0.6914132, 44.7925673], [-0.6914027, 44.7925615], [-0.691389, 44.7925546], [-0.6913759, 44.7925485], [-0.691365, 44.792543], [-0.6913558, 44.792539], [-0.6913451, 44.7925341], [-0.6913301, 44.7925282], [-0.6913177, 44.7925233], [-0.6913029, 44.7925179], [-0.691291, 44.7925143], [-0.6912771, 44.7925093], [-0.6912687, 44.7925068], [-0.6912521, 44.7925019], [-0.6912388, 44.7924985], [-0.6912301, 44.7924965], [-0.6912118, 44.7924917], [-0.6911959, 44.792489], [-0.6911854, 44.7924869], [-0.6911714, 44.7924836], [-0.6911604, 44.7924815], [-0.6911436, 44.7924783], [-0.6911257, 44.7924753], [-0.6911114, 44.7924735], [-0.6910945, 44.7924714], [-0.6910824, 44.7924705], [-0.6910758, 44.7924696], [-0.6910634, 44.7924684], [-0.6910562, 44.7924678], [-0.6910427, 44.7924668], [-0.6910334, 44.7924662], [-0.6910155, 44.7924661], [-0.6905586, 44.7930895], [-0.6911587, 44.7933399]]]]}, "id": "parcelle:33318:DZ:0329"}, {"type": "Feature", "properties": {"scout_v5_id": "parcelle:33318:CI:0186", "grain": "parcelle", "batiment_construction_id": "", "bdnb_batiment_construction_id": "", "batiment_groupe_id": "", "osm_building_id": "", "osm_match_status": "", "osm_bdnb_intersection_area_m2": "", "osm_address_text": "", "code_insee": "33318", "section": "CI", "numero_norm": "0186", "code_iris": "333180124", "nom_iris": "Magonty", "nb_batiments": 1, "annee_construction": "", "footprint_m2": "", "footprint_sum_m2": 478.202815053055, "siren_status": "none", "status_technique": "no_candidate", "status_metier": "none", "siret_count": 0, "passerelle_address": "", "passerelle_indice_norm": "", "passerelle_numero_match": "", "passerelle_addresses_json": "[]", "sirets_json": "[]", "sirens_json": "[]", "matching_confidence": 0.0, "matching_reason": "", "matching_status": "mono", "matching_decision": "", "matching_siren_selected": "", "matching_debug_json": "", "parcelles_json": "", "buildings_json": "[{\"batiment_construction_id\": \"w:218307670\", \"bdnb_batiment_construction_id\": null, \"batiment_groupe_id\": null, \"annee_construction\": null, \"footprint_m2\": 478.202815053055, \"intersection_area_m2\": 478.2028150530549, \"osm_building_id\": \"w:218307670\", \"osm_match_status\": \"unmatched\", \"osm_bdnb_intersection_area_m2\": null, \"osm_address_text\": \"\", \"matching_status\": \"mono\", \"matching_decision\": \"mono\", \"matching_siren_selected\": \"\"}]", "building_geometries_json": "[{\"batiment_construction_id\": \"w:218307670\", \"bdnb_batiment_construction_id\": null, \"batiment_groupe_id\": null, \"osm_building_id\": \"w:218307670\", \"osm_match_status\": \"unmatched\", \"osm_bdnb_intersection_area_m2\": null, \"osm_address_text\": \"\", \"annee_construction\": null, \"footprint_m2\": 478.202815053055, \"geometry\": {\"type\": \"MultiPolygon\", \"coordinates\": [[[[-0.702757, 44.795462], [-0.702744, 44.795466], [-0.702719, 44.79543], [-0.702734, 44.795425], [-0.702699, 44.79537], [-0.702685, 44.795376], [-0.702675, 44.795362], [-0.702534, 44.795323], [-0.702509, 44.795331], [-0.702503, 44.795321], [-0.70242, 44.795349], [-0.702428, 44.795361], [-0.702382, 44.795376], [-0.702374, 44.795365], [-0.702323, 44.795382], [-0.702392, 44.795462], [-0.702443, 44.795445], [-0.702449, 44.795456], [-0.702525, 44.79543], [-0.702519, 44.795421], [-0.702573, 44.795403], [-0.702597, 44.795437], [-0.702582, 44.795443], [-0.702614, 44.795493], [-0.702628, 44.795488], [-0.702651, 44.795521], [-0.702636, 44.795526], [-0.702654, 44.795555], [-0.702669, 44.79555], [-0.702703, 44.795603], [-0.702811, 44.795568], [-0.702779, 44.795516], [-0.702788, 44.795511], [-0.702757, 44.795462]]]]}}]", "google_fallback_attempted": "false", "google_fallback_success": "false", "google_fallback_group_id": "", "google_nearby_status": "", "google_nearby_error": "", "google_raw_nearby_count": "0", "google_excluded_outside_parcel": "0", "google_nearby_ranked_json": "[]", "google_winner_place_id": "", "google_winner_name": "", "google_anchor_address": "", "google_api_gouv_query": "", "google_api_gouv_etablissements_count": "0", "google_reject_reason": "", "osm_pois_json": "[]", "osm_poi_count": 0, "osm_pois_status": "ok", "osm_poi_truncated": 0, "osm_data_as_of": ""}, "geometry": {"type": "MultiPolygon", "coordinates": [[[[-0.7027183, 44.7956595], [-0.7029576, 44.7955828], [-0.7029473, 44.795566], [-0.7028763, 44.795451], [-0.7027116, 44.7951845], [-0.7026249, 44.7950439], [-0.7026083, 44.7950168], [-0.702596, 44.7949967], [-0.7018566, 44.7952346], [-0.7018387, 44.7952684], [-0.7020319, 44.7955251], [-0.7021994, 44.7957221], [-0.7022474, 44.7957335], [-0.7024655, 44.7956637], [-0.7024793, 44.7956291], [-0.7023982, 44.7955426], [-0.7023899, 44.7955325], [-0.7024872, 44.7955014], [-0.702551, 44.7955066], [-0.7025768, 44.7955476], [-0.7025518, 44.7955557], [-0.7025948, 44.7956015], [-0.702632, 44.7956085], [-0.7026738, 44.7955941], [-0.7027183, 44.7956595]]]]}, "id": "parcelle:33318:CI:0186"}, {"type": "Feature", "properties": {"scout_v5_id": "parcelle:33318:AN:0391", "grain": "parcelle", "batiment_construction_id": "", "bdnb_batiment_construction_id": "", "batiment_groupe_id": "", "osm_building_id": "", "osm_match_status": "", "osm_bdnb_intersection_area_m2": "", "osm_address_text": "", "code_insee": "33318", "section": "AN", "numero_norm": "0391", "code_iris": "333180123", "nom_iris": "Toctoucau", "nb_batiments": 1, "annee_construction": "", "footprint_m2": "", "footprint_sum_m2": 601.9877108886869, "siren_status": "none", "status_technique": "no_candidate", "status_metier": "none", "siret_count": 0, "passerelle_address": "", "passerelle_indice_norm": "", "passerelle_numero_match": "", "passerelle_addresses_json": "[]", "sirets_json": "[]", "sirens_json": "[]", "matching_confidence": 0.0, "matching_reason": "", "matching_status": "mono", "matching_decision": "", "matching_siren_selected": "", "matching_debug_json": "", "parcelles_json": "", "buildings_json": "[{\"batiment_construction_id\": \"w:218307672\", \"bdnb_batiment_construction_id\": \"bdnb-bg-MG9P-A6E3-A8V7:1\", \"batiment_groupe_id\": \"bdnb-bg-MG9P-A6E3-A8V7\", \"annee_construction\": null, \"footprint_m2\": 601.9877108886869, \"intersection_area_m2\": 601.9877108886873, \"osm_building_id\": \"w:218307672\", \"osm_match_status\": \"matched\", \"osm_bdnb_intersection_area_m2\": 600.9815259232882, \"osm_address_text\": \"\", \"matching_status\": \"mono\", \"matching_decision\": \"mono\", \"matching_siren_selected\": \"\"}]", "building_geometries_json": "[{\"batiment_construction_id\": \"w:218307672\", \"bdnb_batiment_construction_id\": \"bdnb-bg-MG9P-A6E3-A8V7:1\", \"batiment_groupe_id\": \"bdnb-bg-MG9P-A6E3-A8V7\", \"osm_building_id\": \"w:218307672\", \"osm_match_status\": \"matched\", \"osm_bdnb_intersection_area_m2\": 600.9815259232882, \"osm_address_text\": \"\", \"annee_construction\": null, \"footprint_m2\": 601.9877108886869, \"geometry\": {\"type\": \"MultiPolygon\", \"coordinates\": [[[[-0.716571, 44.79705], [-0.716582, 44.797044], [-0.716661, 44.797105], [-0.716649, 44.797114], [-0.716654, 44.797118], [-0.71668, 44.797139], [-0.716692, 44.797131], [-0.716789, 44.79721], [-0.716807, 44.797198], [-0.716822, 44.797211], [-0.716852, 44.797193], [-0.716905, 44.797161], [-0.716925, 44.797148], [-0.71681, 44.797054], [-0.71683, 44.797043], [-0.716838, 44.797038], [-0.716811, 44.797015], [-0.716802, 44.797021], [-0.716728, 44.796958], [-0.716736, 44.796952], [-0.716703, 44.796925], [-0.716696, 44.79693], [-0.716674, 44.796943], [-0.716555, 44.79685], [-0.716536, 44.796862], [-0.71653, 44.796857], [-0.716474, 44.796892], [-0.716481, 44.796897], [-0.716463, 44.796908], [-0.716475, 44.796917], [-0.71645, 44.796933], [-0.716491, 44.796965], [-0.716556, 44.797019], [-0.716543, 44.797028], [-0.716571, 44.79705]]]]}}]", "google_fallback_attempted": "false", "google_fallback_success": "false", "google_fallback_group_id": "", "google_nearby_status": "", "google_nearby_error": "", "google_raw_nearby_count": "0", "google_excluded_outside_parcel": "0", "google_nearby_ranked_json": "[]", "google_winner_place_id": "", "google_winner_name": "", "google_anchor_address": "", "google_api_gouv_query": "", "google_api_gouv_etablissements_count": "0", "google_reject_reason": "", "osm_pois_json": "[]", "osm_poi_count": 0, "osm_pois_status": "ok", "osm_poi_truncated": 0, "osm_data_as_of": ""}, "geometry": {"type": "MultiPolygon", "coordinates": [[[[-0.7243779, 44.7934425], [-0.7239501, 44.7934899], [-0.7229663, 44.7935991], [-0.7208998, 44.7938284], [-0.7208508, 44.7938339], [-0.7208446, 44.7938342], [-0.7208378, 44.7938346], [-0.7208307, 44.7938349], [-0.7192068, 44.7940162], [-0.7191214, 44.7940706], [-0.7185795, 44.794415], [-0.7161705, 44.7959459], [-0.7159463, 44.7959136], [-0.7157936, 44.7958915], [-0.7145445, 44.7957113], [-0.7127822, 44.7995955], [-0.7129988, 44.7996503], [-0.7134343, 44.7997616], [-0.7137446, 44.799848], [-0.7151204, 44.8002084], [-0.7152315, 44.8002231], [-0.7154668, 44.8000561], [-0.7155453, 44.8000005], [-0.7155266, 44.7999889], [-0.7155117, 44.7999799], [-0.7154975, 44.7999703], [-0.7154807, 44.7999582], [-0.7154644, 44.799945], [-0.715451, 44.7999344], [-0.7154383, 44.7999233], [-0.7154277, 44.7999133], [-0.7154144, 44.7998985], [-0.7154041, 44.7998867], [-0.7153954, 44.7998759], [-0.7153837, 44.7998584], [-0.7153792, 44.7998488], [-0.7153762, 44.7998376], [-0.7153727, 44.7998289], [-0.7153736, 44.7998207], [-0.7153754, 44.7998113], [-0.7153785, 44.7998026], [-0.7153837, 44.7997891], [-0.7154321, 44.7997443], [-0.7155219, 44.7996618], [-0.7155393, 44.7996453], [-0.7155583, 44.7996303], [-0.7156008, 44.7995954], [-0.7156442, 44.7995614], [-0.7156947, 44.7995266], [-0.7157902, 44.7994613], [-0.7158115, 44.7994714], [-0.7158341, 44.7994843], [-0.715859, 44.7994947], [-0.715894, 44.7995102], [-0.7159139, 44.7995175], [-0.7159347, 44.7995261], [-0.7159641, 44.7995355], [-0.7159942, 44.7995467], [-0.7160234, 44.7995559], [-0.7160495, 44.7995644], [-0.7160755, 44.7995724], [-0.7160929, 44.7995753], [-0.7161166, 44.7995798], [-0.7161369, 44.7995806], [-0.7164701, 44.7993442], [-0.7169975, 44.7989698], [-0.7170055, 44.7989498], [-0.7170548, 44.7988643], [-0.7171169, 44.798783], [-0.7171911, 44.7987071], [-0.7172036, 44.7987159], [-0.7172144, 44.7987053], [-0.7172353, 44.7986884], [-0.717256, 44.7986748], [-0.7172741, 44.7986651], [-0.7172939, 44.7986535], [-0.7173192, 44.7986391], [-0.717335, 44.7986299], [-0.7173567, 44.798619], [-0.717375, 44.7986103], [-0.7173914, 44.7986051], [-0.7174086, 44.7985982], [-0.7174333, 44.7985887], [-0.7174525, 44.7985834], [-0.7174711, 44.7985778], [-0.7174948, 44.7985724], [-0.7175128, 44.7985676], [-0.7175268, 44.7985651], [-0.7175511, 44.7985616], [-0.7175776, 44.798558], [-0.7176036, 44.7985396], [-0.7177101, 44.798464], [-0.7177193, 44.7984575], [-0.7182095, 44.7981046], [-0.718275, 44.7980575], [-0.7185202, 44.7978844], [-0.7209919, 44.7961345], [-0.7210231, 44.7961125], [-0.7223049, 44.7952026], [-0.7223224, 44.7951662], [-0.7223466, 44.7951302], [-0.7223649, 44.7951021], [-0.722385, 44.7950733], [-0.7224061, 44.7950438], [-0.7224278, 44.7950156], [-0.7224517, 44.7949845], [-0.7224739, 44.7949584], [-0.7224974, 44.7949314], [-0.7225208, 44.794909], [-0.7225509, 44.7948787], [-0.7225745, 44.7948569], [-0.7225981, 44.7948354], [-0.7226216, 44.7948192], [-0.7226432, 44.7948036], [-0.7226585, 44.7947914], [-0.722676, 44.7947791], [-0.7226966, 44.7947651], [-0.7227243, 44.7947503], [-0.7227497, 44.7947329], [-0.7227778, 44.7947183], [-0.722811, 44.794701], [-0.7228407, 44.7946859], [-0.7228785, 44.794671], [-0.7229113, 44.7946585], [-0.722952, 44.7946452], [-0.7229835, 44.7946351], [-0.7230112, 44.7946264], [-0.7230384, 44.7946182], [-0.7230717, 44.7946112], [-0.7230943, 44.7946059], [-0.7231175, 44.794603], [-0.7231508, 44.7946022], [-0.7231124, 44.7945881], [-0.7231956, 44.794549], [-0.7232961, 44.7944989], [-0.72336, 44.7944535], [-0.7237256, 44.794194], [-0.7239867, 44.7940087], [-0.7241248, 44.7939106], [-0.7242343, 44.7936762], [-0.7243179, 44.7934974], [-0.7243233, 44.7934864], [-0.7243779, 44.7934425]]]]}, "id": "parcelle:33318:AN:0391"}, {"type": "Feature", "properties": {"scout_v5_id": "parcelle:33318:CI:0188", "grain": "parcelle", "batiment_construction_id": "", "bdnb_batiment_construction_id": "", "batiment_groupe_id": "", "osm_building_id": "", "osm_match_status": "", "osm_bdnb_intersection_area_m2": "", "osm_address_text": "", "code_insee": "33318", "section": "CI", "numero_norm": "0188", "code_iris": "333180124", "nom_iris": "Magonty", "nb_batiments": 1, "annee_construction": "", "footprint_m2": "", "footprint_sum_m2": 486.52942405272415, "siren_status": "none", "status_technique": "no_candidate", "status_metier": "none", "siret_count": 0, "passerelle_address": "", "passerelle_indice_norm": "", "passerelle_numero_match": "", "passerelle_addresses_json": "[]", "sirets_json": "[]", "sirens_json": "[]", "matching_confidence": 0.0, "matching_reason": "", "matching_status": "mono", "matching_decision": "", "matching_siren_selected": "", "matching_debug_json": "", "parcelles_json": "", "buildings_json": "[{\"batiment_construction_id\": \"w:218307674\", \"bdnb_batiment_construction_id\": null, \"batiment_groupe_id\": null, \"annee_construction\": null, \"footprint_m2\": 486.52942405272415, \"intersection_area_m2\": 486.52942405272415, \"osm_building_id\": \"w:218307674\", \"osm_match_status\": \"unmatched\", \"osm_bdnb_intersection_area_m2\": null, \"osm_address_text\": \"\", \"matching_status\": \"mono\", \"matching_decision\": \"mono\", \"matching_siren_selected\": \"\"}]", "building_geometries_json": "[{\"batiment_construction_id\": \"w:218307674\", \"bdnb_batiment_construction_id\": null, \"batiment_groupe_id\": null, \"osm_building_id\": \"w:218307674\", \"osm_match_status\": \"unmatched\", \"osm_bdnb_intersection_area_m2\": null, \"osm_address_text\": \"\", \"annee_construction\": null, \"footprint_m2\": 486.52942405272415, \"geometry\": {\"type\": \"MultiPolygon\", \"coordinates\": [[[[-0.702128, 44.794483], [-0.702113, 44.794488], [-0.702091, 44.794454], [-0.702107, 44.794449], [-0.702092, 44.794424], [-0.702016, 44.794449], [-0.701997, 44.794418], [-0.701932, 44.794439], [-0.701899, 44.794386], [-0.701791, 44.794418], [-0.701827, 44.794477], [-0.701865, 44.794466], [-0.701884, 44.794492], [-0.70195, 44.794472], [-0.701964, 44.794468], [-0.701985, 44.7945], [-0.70197, 44.794505], [-0.702003, 44.794557], [-0.702017, 44.794553], [-0.702045, 44.794596], [-0.702016, 44.794605], [-0.702009, 44.794595], [-0.701935, 44.794618], [-0.701942, 44.794629], [-0.701886, 44.794647], [-0.701938, 44.794733], [-0.701973, 44.794722], [-0.701966, 44.79471], [-0.702008, 44.794697], [-0.702016, 44.794708], [-0.702095, 44.794683], [-0.702087, 44.794671], [-0.702112, 44.794663], [-0.702163, 44.794571], [-0.702145, 44.794546], [-0.702163, 44.794541], [-0.702128, 44.794483]]]]}}]", "google_fallback_attempted": "false", "google_fallback_success": "false", "google_fallback_group_id": "", "google_nearby_status": "", "google_nearby_error": "", "google_raw_nearby_count": "0", "google_excluded_outside_parcel": "0", "google_nearby_ranked_json": "[]", "google_winner_place_id": "", "google_winner_name": "", "google_anchor_address": "", "google_api_gouv_query": "", "google_api_gouv_etablissements_count": "0", "google_reject_reason": "", "osm_pois_json": "[]", "osm_poi_count": 0, "osm_pois_status": "ok", "osm_poi_truncated": 0, "osm_data_as_of": ""}, "geometry": {"type": "MultiPolygon", "coordinates": [[[[-0.7022375, 44.7944167], [-0.7021917, 44.7943424], [-0.702173, 44.794312], [-0.7019613, 44.7943719], [-0.701941, 44.7943346], [-0.7019402, 44.7943333], [-0.7019349, 44.794335], [-0.7017404, 44.7943972], [-0.7017282, 44.7944322], [-0.7017982, 44.7944964], [-0.7018473, 44.7945051], [-0.701881, 44.7944943], [-0.701907, 44.7945353], [-0.7018742, 44.7945743], [-0.7018202, 44.7945916], [-0.701838, 44.7946154], [-0.7017918, 44.7946303], [-0.7017739, 44.7946064], [-0.7016185, 44.7944637], [-0.7015634, 44.7944539], [-0.7014709, 44.7944837], [-0.7012913, 44.794541], [-0.7012889, 44.794568], [-0.7013053, 44.7945784], [-0.7013213, 44.794589], [-0.7013373, 44.7945999], [-0.701353, 44.7946108], [-0.701399, 44.7946363], [-0.7014393, 44.7946621], [-0.7014773, 44.7946933], [-0.7015181, 44.7947302], [-0.701555, 44.7947679], [-0.7015882, 44.7948096], [-0.7016546, 44.7949165], [-0.7016552, 44.7949172], [-0.7016639, 44.7949306], [-0.7016726, 44.794945], [-0.7016812, 44.7949594], [-0.7016897, 44.7949739], [-0.7016976, 44.7949885], [-0.7017053, 44.7950032], [-0.7017126, 44.7950179], [-0.7017198, 44.7950327], [-0.7017264, 44.7950475], [-0.701733, 44.7950625], [-0.701739, 44.7950776], [-0.701745, 44.7950926], [-0.7017504, 44.7951078], [-0.7017557, 44.795123], [-0.7017606, 44.7951382], [-0.7018075, 44.7951516], [-0.7025447, 44.7949135], [-0.7025421, 44.7949095], [-0.7025359, 44.7948997], [-0.7024438, 44.7947506], [-0.7023052, 44.7945263], [-0.7022375, 44.7944167]]]]}, "id": "parcelle:33318:CI:0188"}, {"type": "Feature", "properties": {"scout_v5_id": "parcelle:33318:KR:0100", "grain": "parcelle", "batiment_construction_id": "", "bdnb_batiment_construction_id": "", "batiment_groupe_id": "", "osm_building_id": "", "osm_match_status": "", "osm_bdnb_intersection_area_m2": "", "osm_address_text": "", "code_insee": "33318", "section": "KR", "numero_norm": "0100", "code_iris": "333180124", "nom_iris": "Magonty", "nb_batiments": 1, "annee_construction": "", "footprint_m2": "", "footprint_sum_m2": 823.4340824863633, "siren_status": "none", "status_technique": "no_candidate", "status_metier": "none", "siret_count": 0, "passerelle_address": "", "passerelle_indice_norm": "", "passerelle_numero_match": "", "passerelle_addresses_json": "[]", "sirets_json": "[]", "sirens_json": "[]", "matching_confidence": 0.0, "matching_reason": "", "matching_status": "mono", "matching_decision": "", "matching_siren_selected": "", "matching_debug_json": "", "parcelles_json": "", "buildings_json": "[{\"batiment_construction_id\": \"w:218307783\", \"bdnb_batiment_construction_id\": \"bdnb-bg-3EHL-AZDS-Y5X8:11\", \"batiment_groupe_id\": \"bdnb-bg-3EHL-AZDS-Y5X8\", \"annee_construction\": null, \"footprint_m2\": 823.4340824863633, \"intersection_area_m2\": 823.4340824863633, \"osm_building_id\": \"w:218307783\", \"osm_match_status\": \"matched\", \"osm_bdnb_intersection_area_m2\": 821.7313841743435, \"osm_address_text\": \"\", \"matching_status\": \"mono\", \"matching_decision\": \"mono\", \"matching_siren_selected\": \"\"}]", "building_geometries_json": "[{\"batiment_construction_id\": \"w:218307783\", \"bdnb_batiment_construction_id\": \"bdnb-bg-3EHL-AZDS-Y5X8:11\", \"batiment_groupe_id\": \"bdnb-bg-3EHL-AZDS-Y5X8\", \"osm_building_id\": \"w:218307783\", \"osm_match_status\": \"matched\", \"osm_bdnb_intersection_area_m2\": 821.7313841743435, \"osm_address_text\": \"\", \"annee_construction\": null, \"footprint_m2\": 823.4340824863633, \"geometry\": {\"type\": \"MultiPolygon\", \"coordinates\": [[[[-0.709767, 44.788191], [-0.709594, 44.788067], [-0.709214, 44.788338], [-0.709387, 44.788461], [-0.709767, 44.788191]]]]}}]", "google_fallback_attempted": "false", "google_fallback_success": "false", "google_fallback_group_id": "", "google_nearby_status": "", "google_nearby_error": "", "google_raw_nearby_count": "0", "google_excluded_outside_parcel": "0", "google_nearby_ranked_json": "[]", "google_winner_place_id": "", "google_winner_name": "", "google_anchor_address": "", "google_api_gouv_query": "", "google_api_gouv_etablissements_count": "0", "google_reject_reason": "", "osm_pois_json": "[]", "osm_poi_count": 0, "osm_pois_status": "ok", "osm_poi_truncated": 0, "osm_data_as_of": ""}, "geometry": {"type": "MultiPolygon", "coordinates": [[[[-0.7065862, 44.7899274], [-0.707568, 44.7891661], [-0.7079207, 44.7895088], [-0.7105312, 44.788592], [-0.7104124, 44.7883977], [-0.7108756, 44.788235], [-0.710546, 44.7879883], [-0.7104939, 44.7878719], [-0.7103305, 44.7878405], [-0.7097415, 44.7874308], [-0.7090856, 44.7879392], [-0.7088673, 44.7881084], [-0.7082149, 44.7886117], [-0.7079053, 44.7888522], [-0.7077624, 44.7889631], [-0.7076146, 44.7890798], [-0.7070516, 44.7895284], [-0.7069787, 44.7895847], [-0.7065591, 44.7899026], [-0.7065862, 44.7899274]]]]}, "id": "parcelle:33318:KR:0100"}, {"type": "Feature", "properties": {"scout_v5_id": "parcelle:33318:CE:0003", "grain": "parcelle", "batiment_construction_id": "", "bdnb_batiment_construction_id": "", "batiment_groupe_id": "", "osm_building_id": "", "osm_match_status": "", "osm_bdnb_intersection_area_m2": "", "osm_address_text": "", "code_insee": "33318", "section": "CE", "numero_norm": "0003", "code_iris": "333180124", "nom_iris": "Magonty", "nb_batiments": 1, "annee_construction": "", "footprint_m2": "", "footprint_sum_m2": 523.4628736587294, "siren_status": "none", "status_technique": "no_candidate", "status_metier": "none", "siret_count": 0, "passerelle_address": "", "passerelle_indice_norm": "", "passerelle_numero_match": "", "passerelle_addresses_json": "[]", "sirets_json": "[]", "sirens_json": "[]", "matching_confidence": 0.0, "matching_reason": "", "matching_status": "mono", "matching_decision": "", "matching_siren_selected": "", "matching_debug_json": "", "parcelles_json": "", "buildings_json": "[{\"batiment_construction_id\": \"w:218308437\", \"bdnb_batiment_construction_id\": \"bdnb-bg-M4M2-5M5N-WVSW:1\", \"batiment_groupe_id\": \"bdnb-bg-M4M2-5M5N-WVSW\", \"annee_construction\": null, \"footprint_m2\": 523.4628736587294, \"intersection_area_m2\": 523.4628736587294, \"osm_building_id\": \"w:218308437\", \"osm_match_status\": \"matched\", \"osm_bdnb_intersection_area_m2\": 455.4043554504898, \"osm_address_text\": \"\", \"matching_status\": \"mono\", \"matching_decision\": \"mono\", \"matching_siren_selected\": \"\"}]", "building_geometries_json": "[{\"batiment_construction_id\": \"w:218308437\", \"bdnb_batiment_construction_id\": \"bdnb-bg-M4M2-5M5N-WVSW:1\", \"batiment_groupe_id\": \"bdnb-bg-M4M2-5M5N-WVSW\", \"osm_building_id\": \"w:218308437\", \"osm_match_status\": \"matched\", \"osm_bdnb_intersection_area_m2\": 455.4043554504898, \"osm_address_text\": \"\", \"annee_construction\": null, \"footprint_m2\": 523.4628736587294, \"geometry\": {\"type\": \"MultiPolygon\", \"coordinates\": [[[[-0.689655, 44.797586], [-0.689792, 44.797488], [-0.689485, 44.797275], [-0.689347, 44.797375], [-0.689655, 44.797586]]]]}}]", "google_fallback_attempted": "false", "google_fallback_success": "false", "google_fallback_group_id": "", "google_nearby_status": "", "google_nearby_error": "", "google_raw_nearby_count": "0", "google_excluded_outside_parcel": "0", "google_nearby_ranked_json": "[]", "google_winner_place_id": "", "google_winner_name": "", "google_anchor_address": "", "google_api_gouv_query": "", "google_api_gouv_etablissements_count": "0", "google_reject_reason": "", "osm_pois_json": "[]", "osm_poi_count": 0, "osm_pois_status": "ok", "osm_poi_truncated": 0, "osm_data_as_of": ""}, "geometry": {"type": "MultiPolygon", "coordinates": [[[[-0.6879264, 44.7982142], [-0.6879327, 44.7982139], [-0.6879362, 44.7982137], [-0.6899919, 44.798191], [-0.6907673, 44.7981824], [-0.6922278, 44.7981664], [-0.6932387, 44.7981553], [-0.6933261, 44.7976912], [-0.6933784, 44.7973217], [-0.6933794, 44.7970764], [-0.6933463, 44.7969278], [-0.6931416, 44.7964829], [-0.6930373, 44.7965144], [-0.6926899, 44.7966285], [-0.6924943, 44.7966741], [-0.6920635, 44.7966804], [-0.6919528, 44.7966819], [-0.690722, 44.7967001], [-0.6903563, 44.7967167], [-0.6902326, 44.796727], [-0.6901666, 44.7967344], [-0.6898789, 44.7967727], [-0.6898337, 44.7967794], [-0.6897852, 44.7967899], [-0.6897657, 44.7967958], [-0.6897496, 44.7968008], [-0.6897372, 44.7968053], [-0.6897205, 44.7968123], [-0.689661, 44.7968399], [-0.6896298, 44.7968589], [-0.6896069, 44.7968741], [-0.6895974, 44.796882], [-0.6893164, 44.7971663], [-0.6892512, 44.7972312], [-0.6891693, 44.7973043], [-0.6890816, 44.7973758], [-0.6889506, 44.7974689], [-0.6881072, 44.7980666], [-0.6880648, 44.798097], [-0.687932, 44.7982088], [-0.6879301, 44.7982106], [-0.6879264, 44.7982142]]]]}, "id": "parcelle:33318:CE:0003"}, {"type": "Feature", "properties": {"scout_v5_id": "parcelle:33318:DY:0423", "grain": "parcelle", "batiment_construction_id": "", "bdnb_batiment_construction_id": "", "batiment_groupe_id": "", "osm_building_id": "", "osm_match_status": "", "osm_bdnb_intersection_area_m2": "", "osm_address_text": "", "code_insee": "33318", "section": "DY", "numero_norm": "0423", "code_iris": "333180111", "nom_iris": "Cap de Bos", "nb_batiments": 1, "annee_construction": "", "footprint_m2": "", "footprint_sum_m2": 402.18288101382944, "siren_status": "none", "status_technique": "no_candidate", "status_metier": "none", "siret_count": 0, "passerelle_address": "", "passerelle_indice_norm": "", "passerelle_numero_match": "", "passerelle_addresses_json": "[]", "sirets_json": "[]", "sirens_json": "[]", "matching_confidence": 0.0, "matching_reason": "", "matching_status": "mono", "matching_decision": "", "matching_siren_selected": "", "matching_debug_json": "", "parcelles_json": "", "buildings_json": "[{\"batiment_construction_id\": \"w:218308593\", \"bdnb_batiment_construction_id\": \"bdnb-bg-6ED7-GXLH-S5VP:1\", \"batiment_groupe_id\": \"bdnb-bg-6ED7-GXLH-S5VP\", \"annee_construction\": 1978, \"footprint_m2\": 402.18288101382944, \"intersection_area_m2\": 389.0378195848555, \"osm_building_id\": \"w:218308593\", \"osm_match_status\": \"matched\", \"osm_bdnb_intersection_area_m2\": 358.4717133745714, \"osm_address_text\": \"\", \"matching_status\": \"mono\", \"matching_decision\": \"mono\", \"matching_siren_selected\": \"\"}]", "building_geometries_json": "[{\"batiment_construction_id\": \"w:218308593\", \"bdnb_batiment_construction_id\": \"bdnb-bg-6ED7-GXLH-S5VP:1\", \"batiment_groupe_id\": \"bdnb-bg-6ED7-GXLH-S5VP\", \"osm_building_id\": \"w:218308593\", \"osm_match_status\": \"matched\", \"osm_bdnb_intersection_area_m2\": 358.4717133745714, \"osm_address_text\": \"\", \"annee_construction\": 1978, \"footprint_m2\": 402.18288101382944, \"geometry\": {\"type\": \"MultiPolygon\", \"coordinates\": [[[[-0.6819778, 44.7926414], [-0.6819656, 44.7924158], [-0.6817626, 44.7924217], [-0.6817753, 44.792647], [-0.6819778, 44.7926414]]]]}}]", "google_fallback_attempted": "false", "google_fallback_success": "false", "google_fallback_group_id": "", "google_nearby_status": "", "google_nearby_error": "", "google_raw_nearby_count": "0", "google_excluded_outside_parcel": "0", "google_nearby_ranked_json": "[]", "google_winner_place_id": "", "google_winner_name": "", "google_anchor_address": "", "google_api_gouv_query": "", "google_api_gouv_etablissements_count": "0", "google_reject_reason": "", "osm_pois_json": "[]", "osm_poi_count": 0, "osm_pois_status": "ok", "osm_poi_truncated": 0, "osm_data_as_of": ""}, "geometry": {"type": "MultiPolygon", "coordinates": [[[[-0.681844, 44.7924193], [-0.6817628, 44.7924215], [-0.681775, 44.7926468], [-0.6819779, 44.7926414], [-0.6819669, 44.7924399], [-0.681844, 44.7924193]]]]}, "id": "parcelle:33318:DY:0423"}, {"type": "Feature", "properties": {"scout_v5_id": "parcelle:33318:DY:0168", "grain": "parcelle", "batiment_construction_id": "", "bdnb_batiment_construction_id": "", "batiment_groupe_id": "", "osm_building_id": "", "osm_match_status": "", "osm_bdnb_intersection_area_m2": "", "osm_address_text": "", "code_insee": "33318", "section": "DY", "numero_norm": "0168", "code_iris": "333180111", "nom_iris": "Cap de Bos", "nb_batiments": 3, "annee_construction": "", "footprint_m2": "", "footprint_sum_m2": 1235.674692458554, "siren_status": "none", "status_technique": "no_candidate", "status_metier": "none", "siret_count": 0, "passerelle_address": "", "passerelle_indice_norm": "", "passerelle_numero_match": "", "passerelle_addresses_json": "[]", "sirets_json": "[]", "sirens_json": "[]", "matching_confidence": 0.0, "matching_reason": "", "matching_status": "mono", "matching_decision": "", "matching_siren_selected": "", "matching_debug_json": "", "parcelles_json": "", "buildings_json": "[{\"batiment_construction_id\": \"w:218308744\", \"bdnb_batiment_construction_id\": null, \"batiment_groupe_id\": null, \"annee_construction\": null, \"footprint_m2\": 408.42196910486, \"intersection_area_m2\": 408.42196910485995, \"osm_building_id\": \"w:218308744\", \"osm_match_status\": \"unmatched\", \"osm_bdnb_intersection_area_m2\": null, \"osm_address_text\": \"\", \"matching_status\": \"mono\", \"matching_decision\": \"mono\", \"matching_siren_selected\": \"\"}, {\"batiment_construction_id\": \"w:218310479\", \"bdnb_batiment_construction_id\": null, \"batiment_groupe_id\": null, \"annee_construction\": null, \"footprint_m2\": 413.65619087886523, \"intersection_area_m2\": 413.65619087886523, \"osm_building_id\": \"w:218310479\", \"osm_match_status\": \"unmatched\", \"osm_bdnb_intersection_area_m2\": null, \"osm_address_text\": \"\", \"matching_status\": \"mono\", \"matching_decision\": \"mono\", \"matching_siren_selected\": \"\"}, {\"batiment_construction_id\": \"w:218311670\", \"bdnb_batiment_construction_id\": null, \"batiment_groupe_id\": null, \"annee_construction\": null, \"footprint_m2\": 413.5965324748287, \"intersection_area_m2\": 413.5965324748286, \"osm_building_id\": \"w:218311670\", \"osm_match_status\": \"unmatched\", \"osm_bdnb_intersection_area_m2\": null, \"osm_address_text\": \"\", \"matching_status\": \"mono\", \"matching_decision\": \"mono\", \"matching_siren_selected\": \"\"}]", "building_geometries_json": "[{\"batiment_construction_id\": \"w:218308744\", \"bdnb_batiment_construction_id\": null, \"batiment_groupe_id\": null, \"osm_building_id\": \"w:218308744\", \"osm_match_status\": \"unmatched\", \"osm_bdnb_intersection_area_m2\": null, \"osm_address_text\": \"\", \"annee_construction\": null, \"footprint_m2\": 408.42196910486, \"geometry\": {\"type\": \"MultiPolygon\", \"coordinates\": [[[[-0.682459, 44.791108], [-0.68269, 44.7911], [-0.682679, 44.790901], [-0.682447, 44.790906], [-0.682459, 44.791108]]]]}}, {\"batiment_construction_id\": \"w:218310479\", \"bdnb_batiment_construction_id\": null, \"batiment_groupe_id\": null, \"osm_building_id\": \"w:218310479\", \"osm_match_status\": \"unmatched\", \"osm_bdnb_intersection_area_m2\": null, \"osm_address_text\": \"\", \"annee_construction\": null, \"footprint_m2\": 413.65619087886523, \"geometry\": {\"type\": \"MultiPolygon\", \"coordinates\": [[[[-0.682064, 44.791332], [-0.682294, 44.791326], [-0.682283, 44.791122], [-0.682051, 44.791129], [-0.682064, 44.791332]]]]}}, {\"batiment_construction_id\": \"w:218311670\", \"bdnb_batiment_construction_id\": null, \"batiment_groupe_id\": null, \"osm_building_id\": \"w:218311670\", \"osm_match_status\": \"unmatched\", \"osm_bdnb_intersection_area_m2\": null, \"osm_address_text\": \"\", \"annee_construction\": null, \"footprint_m2\": 413.5965324748287, \"geometry\": {\"type\": \"MultiPolygon\", \"coordinates\": [[[[-0.682086, 44.791666], [-0.682073, 44.791463], [-0.681844, 44.791469], [-0.681853, 44.791673], [-0.682086, 44.791666]]]]}}]", "google_fallback_attempted": "false", "google_fallback_success": "false", "google_fallback_group_id": "", "google_nearby_status": "", "google_nearby_error": "", "google_raw_nearby_count": "0", "google_excluded_outside_parcel": "0", "google_nearby_ranked_json": "[]", "google_winner_place_id": "", "google_winner_name": "", "google_anchor_address": "", "google_api_gouv_query": "", "google_api_gouv_etablissements_count": "0", "google_reject_reason": "", "osm_pois_json": "[]", "osm_poi_count": 0, "osm_pois_status": "ok", "osm_poi_truncated": 0, "osm_data_as_of": ""}, "geometry": {"type": "MultiPolygon", "coordinates": [[[[-0.683058, 44.7912085], [-0.6830511, 44.790992], [-0.6830453, 44.7909418], [-0.6830376, 44.790927], [-0.6830281, 44.7909138], [-0.6830141, 44.7908989], [-0.6829921, 44.790885], [-0.6829749, 44.7908776], [-0.68295, 44.7908707], [-0.6826739, 44.790812], [-0.6823301, 44.7907389], [-0.6822666, 44.7907255], [-0.6822159, 44.7907146], [-0.682192, 44.7907111], [-0.6821734, 44.7907108], [-0.682143, 44.7907142], [-0.6821111, 44.7907234], [-0.6820834, 44.79074], [-0.6820567, 44.7907769], [-0.6818825, 44.7910684], [-0.6818137, 44.7911839], [-0.6817466, 44.7912962], [-0.6816403, 44.7914738], [-0.6815943, 44.791546], [-0.6815877, 44.7915858], [-0.6815943, 44.7916048], [-0.6816069, 44.7916225], [-0.6816227, 44.791636], [-0.6816458, 44.7916482], [-0.6817168, 44.7916742], [-0.6817633, 44.7916913], [-0.6818259, 44.7917141], [-0.6820948, 44.7918125], [-0.6823901, 44.7919204], [-0.6823498, 44.7912273], [-0.6826426, 44.7912195], [-0.683058, 44.7912085]]]]}, "id": "parcelle:33318:DY:0168"}, {"type": "Feature", "properties": {"scout_v5_id": "parcelle:33318:DY:0178", "grain": "parcelle", "batiment_construction_id": "", "bdnb_batiment_construction_id": "", "batiment_groupe_id": "", "osm_building_id": "", "osm_match_status": "", "osm_bdnb_intersection_area_m2": "", "osm_address_text": "", "code_insee": "33318", "section": "DY", "numero_norm": "0178", "code_iris": "333180111", "nom_iris": "Cap de Bos", "nb_batiments": 1, "annee_construction": "", "footprint_m2": "", "footprint_sum_m2": 416.79073524285957, "siren_status": "none", "status_technique": "no_candidate", "status_metier": "none", "siret_count": 0, "passerelle_address": "", "passerelle_indice_norm": "", "passerelle_numero_match": "", "passerelle_addresses_json": "[]", "sirets_json": "[]", "sirens_json": "[]", "matching_confidence": 0.0, "matching_reason": "", "matching_status": "mono", "matching_decision": "", "matching_siren_selected": "", "matching_debug_json": "", "parcelles_json": "", "buildings_json": "[{\"batiment_construction_id\": \"w:218310772\", \"bdnb_batiment_construction_id\": null, \"batiment_groupe_id\": null, \"annee_construction\": null, \"footprint_m2\": 416.79073524285957, \"intersection_area_m2\": 416.79001541160335, \"osm_building_id\": \"w:218310772\", \"osm_match_status\": \"unmatched\", \"osm_bdnb_intersection_area_m2\": null, \"osm_address_text\": \"\", \"matching_status\": \"mono\", \"matching_decision\": \"mono\", \"matching_siren_selected\": \"\"}]", "building_geometries_json": "[{\"batiment_construction_id\": \"w:218310772\", \"bdnb_batiment_construction_id\": null, \"batiment_groupe_id\": null, \"osm_building_id\": \"w:218310772\", \"osm_match_status\": \"unmatched\", \"osm_bdnb_intersection_area_m2\": null, \"osm_address_text\": \"\", \"annee_construction\": null, \"footprint_m2\": 416.79073524285957, \"geometry\": {\"type\": \"MultiPolygon\", \"coordinates\": [[[[-0.683296, 44.793101], [-0.683304, 44.793302], [-0.683538, 44.793296], [-0.68353, 44.793092], [-0.683296, 44.793101]]]]}}]", "google_fallback_attempted": "false", "google_fallback_success": "false", "google_fallback_group_id": "", "google_nearby_status": "", "google_nearby_error": "", "google_raw_nearby_count": "0", "google_excluded_outside_parcel": "0", "google_nearby_ranked_json": "[]", "google_winner_place_id": "", "google_winner_name": "", "google_anchor_address": "", "google_api_gouv_query": "", "google_api_gouv_etablissements_count": "0", "google_reject_reason": "", "osm_pois_json": "[]", "osm_poi_count": 0, "osm_pois_status": "ok", "osm_poi_truncated": 0, "osm_data_as_of": ""}, "geometry": {"type": "MultiPolygon", "coordinates": [[[[-0.6828708, 44.7933992], [-0.6835754, 44.7933747], [-0.6836686, 44.7930067], [-0.6836161, 44.7929877], [-0.6832958, 44.7931013], [-0.6830635, 44.7931838], [-0.6827273, 44.7933028], [-0.6828708, 44.7933992]]]]}, "id": "parcelle:33318:DY:0178"}, {"type": "Feature", "properties": {"scout_v5_id": "parcelle:33318:DY:0167", "grain": "parcelle", "batiment_construction_id": "", "bdnb_batiment_construction_id": "", "batiment_groupe_id": "", "osm_building_id": "", "osm_match_status": "", "osm_bdnb_intersection_area_m2": "", "osm_address_text": "", "code_insee": "33318", "section": "DY", "numero_norm": "0167", "code_iris": "333180111", "nom_iris": "Cap de Bos", "nb_batiments": 1, "annee_construction": "", "footprint_m2": "", "footprint_sum_m2": 975.8334528125412, "siren_status": "none", "status_technique": "no_candidate", "status_metier": "none", "siret_count": 0, "passerelle_address": "", "passerelle_indice_norm": "", "passerelle_numero_match": "", "passerelle_addresses_json": "[]", "sirets_json": "[]", "sirens_json": "[]", "matching_confidence": 0.0, "matching_reason": "", "matching_status": "mono", "matching_decision": "", "matching_siren_selected": "", "matching_debug_json": "", "parcelles_json": "", "buildings_json": "[{\"batiment_construction_id\": \"w:218310860\", \"bdnb_batiment_construction_id\": null, \"batiment_groupe_id\": null, \"annee_construction\": null, \"footprint_m2\": 975.8334528125412, \"intersection_area_m2\": 975.833452812541, \"osm_building_id\": \"w:218310860\", \"osm_match_status\": \"unmatched\", \"osm_bdnb_intersection_area_m2\": null, \"osm_address_text\": \"\", \"matching_status\": \"mono\", \"matching_decision\": \"mono\", \"matching_siren_selected\": \"\"}]", "building_geometries_json": "[{\"batiment_construction_id\": \"w:218310860\", \"bdnb_batiment_construction_id\": null, \"batiment_groupe_id\": null, \"osm_building_id\": \"w:218310860\", \"osm_match_status\": \"unmatched\", \"osm_bdnb_intersection_area_m2\": null, \"osm_address_text\": \"\", \"annee_construction\": null, \"footprint_m2\": 975.8334528125412, \"geometry\": {\"type\": \"MultiPolygon\", \"coordinates\": [[[[-0.682715, 44.791996], [-0.682874, 44.791991], [-0.682827, 44.791292], [-0.682669, 44.791296], [-0.682715, 44.791996]]]]}}]", "google_fallback_attempted": "false", "google_fallback_success": "false", "google_fallback_group_id": "", "google_nearby_status": "", "google_nearby_error": "", "google_raw_nearby_count": "0", "google_excluded_outside_parcel": "0", "google_nearby_ranked_json": "[]", "google_winner_place_id": "", "google_winner_name": "", "google_anchor_address": "", "google_api_gouv_query": "", "google_api_gouv_etablissements_count": "0", "google_reject_reason": "", "osm_pois_json": "[]", "osm_poi_count": 0, "osm_pois_status": "ok", "osm_poi_truncated": 0, "osm_data_as_of": ""}, "geometry": {"type": "MultiPolygon", "coordinates": [[[[-0.683058, 44.7912085], [-0.6826426, 44.7912195], [-0.6823498, 44.7912273], [-0.6823901, 44.7919204], [-0.6826956, 44.7920332], [-0.6827242, 44.7920434], [-0.6829959, 44.792001], [-0.6830376, 44.7919945], [-0.683104, 44.7919842], [-0.683058, 44.7912085]]]]}, "id": "parcelle:33318:DY:0167"}, {"type": "Feature", "properties": {"scout_v5_id": "parcelle:33318:DY:0691", "grain": "parcelle", "batiment_construction_id": "", "bdnb_batiment_construction_id": "", "batiment_groupe_id": "", "osm_building_id": "", "osm_match_status": "", "osm_bdnb_intersection_area_m2": "", "osm_address_text": "", "code_insee": "33318", "section": "DY", "numero_norm": "0691", "code_iris": "333180111", "nom_iris": "Cap de Bos", "nb_batiments": 1, "annee_construction": "", "footprint_m2": "", "footprint_sum_m2": 534.0818693599523, "siren_status": "none", "status_technique": "no_candidate", "status_metier": "none", "siret_count": 0, "passerelle_address": "", "passerelle_indice_norm": "", "passerelle_numero_match": "", "passerelle_addresses_json": "[]", "sirets_json": "[]", "sirens_json": "[]", "matching_confidence": 0.0, "matching_reason": "", "matching_status": "mono", "matching_decision": "", "matching_siren_selected": "", "matching_debug_json": "", "parcelles_json": "", "buildings_json": "[{\"batiment_construction_id\": \"w:218311662\", \"bdnb_batiment_construction_id\": null, \"batiment_groupe_id\": null, \"annee_construction\": null, \"footprint_m2\": 534.0818693599523, \"intersection_area_m2\": 534.0818693599523, \"osm_building_id\": \"w:218311662\", \"osm_match_status\": \"unmatched\", \"osm_bdnb_intersection_area_m2\": null, \"osm_address_text\": \"\", \"matching_status\": \"mono\", \"matching_decision\": \"mono\", \"matching_siren_selected\": \"\"}]", "building_geometries_json": "[{\"batiment_construction_id\": \"w:218311662\", \"bdnb_batiment_construction_id\": null, \"batiment_groupe_id\": null, \"osm_building_id\": \"w:218311662\", \"osm_match_status\": \"unmatched\", \"osm_bdnb_intersection_area_m2\": null, \"osm_address_text\": \"\", \"annee_construction\": null, \"footprint_m2\": 534.0818693599523, \"geometry\": {\"type\": \"MultiPolygon\", \"coordinates\": [[[[-0.683922, 44.791562], [-0.683368, 44.791577], [-0.683375, 44.791687], [-0.683925, 44.791672], [-0.683922, 44.791562]]]]}}]", "google_fallback_attempted": "false", "google_fallback_success": "false", "google_fallback_group_id": "", "google_nearby_status": "", "google_nearby_error": "", "google_raw_nearby_count": "0", "google_excluded_outside_parcel": "0", "google_nearby_ranked_json": "[]", "google_winner_place_id": "", "google_winner_name": "", "google_anchor_address": "", "google_api_gouv_query": "", "google_api_gouv_etablissements_count": "0", "google_reject_reason": "", "osm_pois_json": "[]", "osm_poi_count": 0, "osm_pois_status": "ok", "osm_poi_truncated": 0, "osm_data_as_of": ""}, "geometry": {"type": "MultiPolygon", "coordinates": [[[[-0.6839306, 44.791536], [-0.6833605, 44.7915563], [-0.6833702, 44.7916957], [-0.6839404, 44.7916753], [-0.6839306, 44.791536]]]]}, "id": "parcelle:33318:DY:0691"}, {"type": "Feature", "properties": {"scout_v5_id": "parcelle:33318:DY:0690", "grain": "parcelle", "batiment_construction_id": "", "bdnb_batiment_construction_id": "", "batiment_groupe_id": "", "osm_building_id": "", "osm_match_status": "", "osm_bdnb_intersection_area_m2": "", "osm_address_text": "", "code_insee": "33318", "section": "DY", "numero_norm": "0690", "code_iris": "333180111", "nom_iris": "Cap de Bos", "nb_batiments": 1, "annee_construction": "", "footprint_m2": "", "footprint_sum_m2": 867.2276821477856, "siren_status": "none", "status_technique": "no_candidate", "status_metier": "none", "siret_count": 0, "passerelle_address": "", "passerelle_indice_norm": "", "passerelle_numero_match": "", "passerelle_addresses_json": "[]", "sirets_json": "[]", "sirens_json": "[]", "matching_confidence": 0.0, "matching_reason": "", "matching_status": "mono", "matching_decision": "", "matching_siren_selected": "", "matching_debug_json": "", "parcelles_json": "", "buildings_json": "[{\"batiment_construction_id\": \"w:218312089\", \"bdnb_batiment_construction_id\": null, \"batiment_groupe_id\": null, \"annee_construction\": null, \"footprint_m2\": 867.2276821477856, \"intersection_area_m2\": 504.4439632858521, \"osm_building_id\": \"w:218312089\", \"osm_match_status\": \"unmatched\", \"osm_bdnb_intersection_area_m2\": null, \"osm_address_text\": \"\", \"matching_status\": \"partage\", \"matching_decision\": \"unique_by_intersection\", \"matching_siren_selected\": \"\"}]", "building_geometries_json": "[{\"batiment_construction_id\": \"w:218312089\", \"bdnb_batiment_construction_id\": null, \"batiment_groupe_id\": null, \"osm_building_id\": \"w:218312089\", \"osm_match_status\": \"unmatched\", \"osm_bdnb_intersection_area_m2\": null, \"osm_address_text\": \"\", \"annee_construction\": null, \"footprint_m2\": 867.2276821477856, \"geometry\": {\"type\": \"MultiPolygon\", \"coordinates\": [[[[-0.6837352, 44.7926247], [-0.6837062, 44.7920917], [-0.6836932, 44.7920057], [-0.6835422, 44.7920097], [-0.6835752, 44.7926297], [-0.6837352, 44.7926247]]]]}}]", "google_fallback_attempted": "false", "google_fallback_success": "false", "google_fallback_group_id": "", "google_nearby_status": "", "google_nearby_error": "", "google_raw_nearby_count": "0", "google_excluded_outside_parcel": "0", "google_nearby_ranked_json": "[]", "google_winner_place_id": "", "google_winner_name": "", "google_anchor_address": "", "google_api_gouv_query": "", "google_api_gouv_etablissements_count": "0", "google_reject_reason": "", "osm_pois_json": "[]", "osm_poi_count": 0, "osm_pois_status": "ok", "osm_poi_truncated": 0, "osm_data_as_of": ""}, "geometry": {"type": "MultiPolygon", "coordinates": [[[[-0.6837015, 44.792242], [-0.6835013, 44.7922492], [-0.6835283, 44.7926313], [-0.6837283, 44.7926242], [-0.6837015, 44.792242]]]]}, "id": "parcelle:33318:DY:0690"}, {"type": "Feature", "properties": {"scout_v5_id": "parcelle:33318:DY:0692", "grain": "parcelle", "batiment_construction_id": "", "bdnb_batiment_construction_id": "", "batiment_groupe_id": "", "osm_building_id": "", "osm_match_status": "", "osm_bdnb_intersection_area_m2": "", "osm_address_text": "", "code_insee": "33318", "section": "DY", "numero_norm": "0692", "code_iris": "333180111", "nom_iris": "Cap de Bos", "nb_batiments": 1, "annee_construction": "", "footprint_m2": "", "footprint_sum_m2": 867.2276821477856, "siren_status": "none", "status_technique": "no_candidate", "status_metier": "none", "siret_count": 0, "passerelle_address": "", "passerelle_indice_norm": "", "passerelle_numero_match": "", "passerelle_addresses_json": "[]", "sirets_json": "[]", "sirens_json": "[]", "matching_confidence": 0.0, "matching_reason": "", "matching_status": "mono", "matching_decision": "", "matching_siren_selected": "", "matching_debug_json": "", "parcelles_json": "", "buildings_json": "[{\"batiment_construction_id\": \"w:218312089\", \"bdnb_batiment_construction_id\": null, \"batiment_groupe_id\": null, \"annee_construction\": null, \"footprint_m2\": 867.2276821477856, \"intersection_area_m2\": 301.64647841087225, \"osm_building_id\": \"w:218312089\", \"osm_match_status\": \"unmatched\", \"osm_bdnb_intersection_area_m2\": null, \"osm_address_text\": \"\", \"matching_status\": \"partage\", \"matching_decision\": \"unique_by_intersection\", \"matching_siren_selected\": \"\"}]", "building_geometries_json": "[{\"batiment_construction_id\": \"w:218312089\", \"bdnb_batiment_construction_id\": null, \"batiment_groupe_id\": null, \"osm_building_id\": \"w:218312089\", \"osm_match_status\": \"unmatched\", \"osm_bdnb_intersection_area_m2\": null, \"osm_address_text\": \"\", \"annee_construction\": null, \"footprint_m2\": 867.2276821477856, \"geometry\": {\"type\": \"MultiPolygon\", \"coordinates\": [[[[-0.6837352, 44.7926247], [-0.6837062, 44.7920917], [-0.6836932, 44.7920057], [-0.6835422, 44.7920097], [-0.6835752, 44.7926297], [-0.6837352, 44.7926247]]]]}}]", "google_fallback_attempted": "false", "google_fallback_success": "false", "google_fallback_group_id": "", "google_nearby_status": "", "google_nearby_error": "", "google_raw_nearby_count": "0", "google_excluded_outside_parcel": "0", "google_nearby_ranked_json": "[]", "google_winner_place_id": "", "google_winner_name": "", "google_anchor_address": "", "google_api_gouv_query": "", "google_api_gouv_etablissements_count": "0", "google_reject_reason": "", "osm_pois_json": "[]", "osm_poi_count": 0, "osm_pois_status": "ok", "osm_poi_truncated": 0, "osm_data_as_of": ""}, "geometry": {"type": "MultiPolygon", "coordinates": [[[[-0.6837015, 44.792242], [-0.683684, 44.7919922], [-0.6834838, 44.7919993], [-0.6835013, 44.7922492], [-0.6837015, 44.792242]]]]}, "id": "parcelle:33318:DY:0692"}, {"type": "Feature", "properties": {"scout_v5_id": "parcelle:33318:DY:0693", "grain": "parcelle", "batiment_construction_id": "", "bdnb_batiment_construction_id": "", "batiment_groupe_id": "", "osm_building_id": "", "osm_match_status": "", "osm_bdnb_intersection_area_m2": "", "osm_address_text": "", "code_insee": "33318", "section": "DY", "numero_norm": "0693", "code_iris": "333180111", "nom_iris": "Cap de Bos", "nb_batiments": 1, "annee_construction": "", "footprint_m2": "", "footprint_sum_m2": 867.2276821477856, "siren_status": "none", "status_technique": "no_candidate", "status_metier": "none", "siret_count": 0, "passerelle_address": "", "passerelle_indice_norm": "", "passerelle_numero_match": "", "passerelle_addresses_json": "[]", "sirets_json": "[]", "sirens_json": "[]", "matching_confidence": 0.0, "matching_reason": "", "matching_status": "mono", "matching_decision": "", "matching_siren_selected": "", "matching_debug_json": "", "parcelles_json": "", "buildings_json": "[{\"batiment_construction_id\": \"w:218312089\", \"bdnb_batiment_construction_id\": null, \"batiment_groupe_id\": null, \"annee_construction\": null, \"footprint_m2\": 867.2276821477856, \"intersection_area_m2\": 61.1372404485189, \"osm_building_id\": \"w:218312089\", \"osm_match_status\": \"unmatched\", \"osm_bdnb_intersection_area_m2\": null, \"osm_address_text\": \"\", \"matching_status\": \"partage\", \"matching_decision\": \"unique_by_intersection\", \"matching_siren_selected\": \"\"}]", "building_geometries_json": "[{\"batiment_construction_id\": \"w:218312089\", \"bdnb_batiment_construction_id\": null, \"batiment_groupe_id\": null, \"osm_building_id\": \"w:218312089\", \"osm_match_status\": \"unmatched\", \"osm_bdnb_intersection_area_m2\": null, \"osm_address_text\": \"\", \"annee_construction\": null, \"footprint_m2\": 867.2276821477856, \"geometry\": {\"type\": \"MultiPolygon\", \"coordinates\": [[[[-0.6837352, 44.7926247], [-0.6837062, 44.7920917], [-0.6836932, 44.7920057], [-0.6835422, 44.7920097], [-0.6835752, 44.7926297], [-0.6837352, 44.7926247]]]]}}]", "google_fallback_attempted": "false", "google_fallback_success": "false", "google_fallback_group_id": "", "google_nearby_status": "", "google_nearby_error": "", "google_raw_nearby_count": "0", "google_excluded_outside_parcel": "0", "google_nearby_ranked_json": "[]", "google_winner_place_id": "", "google_winner_name": "", "google_anchor_address": "", "google_api_gouv_query": "", "google_api_gouv_etablissements_count": "0", "google_reject_reason": "", "osm_pois_json": "[]", "osm_poi_count": 0, "osm_pois_status": "ok", "osm_poi_truncated": 0, "osm_data_as_of": ""}, "geometry": {"type": "MultiPolygon", "coordinates": [[[[-0.6841144, 44.7913727], [-0.6840234, 44.7913747], [-0.6837487, 44.7913813], [-0.6832866, 44.7913923], [-0.683214, 44.791394], [-0.6832039, 44.7913943], [-0.6832218, 44.7917785], [-0.6832241, 44.791827], [-0.6832293, 44.7919417], [-0.6832304, 44.7919644], [-0.6832316, 44.791988], [-0.6832563, 44.7924711], [-0.6832601, 44.7925162], [-0.6832671, 44.7926832], [-0.6832707, 44.792703], [-0.6832792, 44.792722], [-0.6832916, 44.7927429], [-0.6833102, 44.7927624], [-0.6833287, 44.792777], [-0.6833599, 44.7927946], [-0.6836902, 44.7929115], [-0.6837649, 44.7926376], [-0.6838605, 44.792308], [-0.6838584, 44.7923038], [-0.6839918, 44.7918213], [-0.6841144, 44.7913727]], [[-0.6837015, 44.792242], [-0.6837283, 44.7926242], [-0.6835283, 44.7926313], [-0.6835013, 44.7922492], [-0.6834838, 44.7919993], [-0.683684, 44.7919922], [-0.6837015, 44.792242]], [[-0.6839306, 44.791536], [-0.6839404, 44.7916753], [-0.6833702, 44.7916957], [-0.6833605, 44.7915563], [-0.6839306, 44.791536]]]]}, "id": "parcelle:33318:DY:0693"}, {"type": "Feature", "properties": {"scout_v5_id": "parcelle:33318:KP:0005", "grain": "parcelle", "batiment_construction_id": "", "bdnb_batiment_construction_id": "", "batiment_groupe_id": "", "osm_building_id": "", "osm_match_status": "", "osm_bdnb_intersection_area_m2": "", "osm_address_text": "", "code_insee": "33318", "section": "KP", "numero_norm": "0005", "code_iris": "333180124", "nom_iris": "Magonty", "nb_batiments": 1, "annee_construction": "", "footprint_m2": "", "footprint_sum_m2": 944.8367007539521, "siren_status": "none", "status_technique": "no_candidate", "status_metier": "none", "siret_count": 0, "passerelle_address": "", "passerelle_indice_norm": "", "passerelle_numero_match": "", "passerelle_addresses_json": "[]", "sirets_json": "[]", "sirens_json": "[]", "matching_confidence": 0.0, "matching_reason": "", "matching_status": "mono", "matching_decision": "", "matching_siren_selected": "", "matching_debug_json": "", "parcelles_json": "", "buildings_json": "[{\"batiment_construction_id\": \"w:218312517\", \"bdnb_batiment_construction_id\": \"bdnb-bg-3EHL-AZDS-Y5X8:15\", \"batiment_groupe_id\": \"bdnb-bg-3EHL-AZDS-Y5X8\", \"annee_construction\": null, \"footprint_m2\": 944.8367007539521, \"intersection_area_m2\": 944.77559734698, \"osm_building_id\": \"w:218312517\", \"osm_match_status\": \"matched\", \"osm_bdnb_intersection_area_m2\": 897.880637295247, \"osm_address_text\": \"\", \"matching_status\": \"mono\", \"matching_decision\": \"mono\", \"matching_siren_selected\": \"\"}]", "building_geometries_json": "[{\"batiment_construction_id\": \"w:218312517\", \"bdnb_batiment_construction_id\": \"bdnb-bg-3EHL-AZDS-Y5X8:15\", \"batiment_groupe_id\": \"bdnb-bg-3EHL-AZDS-Y5X8\", \"osm_building_id\": \"w:218312517\", \"osm_match_status\": \"matched\", \"osm_bdnb_intersection_area_m2\": 897.880637295247, \"osm_address_text\": \"\", \"annee_construction\": null, \"footprint_m2\": 944.8367007539521, \"geometry\": {\"type\": \"MultiPolygon\", \"coordinates\": [[[[-0.709213, 44.787506], [-0.708847, 44.78724], [-0.708655, 44.787375], [-0.708906, 44.787554], [-0.708859, 44.787587], [-0.708978, 44.787672], [-0.709213, 44.787506]]]]}}]", "google_fallback_attempted": "false", "google_fallback_success": "false", "google_fallback_group_id": "", "google_nearby_status": "", "google_nearby_error": "", "google_raw_nearby_count": "0", "google_excluded_outside_parcel": "0", "google_nearby_ranked_json": "[]", "google_winner_place_id": "", "google_winner_name": "", "google_anchor_address": "", "google_api_gouv_query": "", "google_api_gouv_etablissements_count": "0", "google_reject_reason": "", "osm_pois_json": "[]", "osm_poi_count": 0, "osm_pois_status": "ok", "osm_poi_truncated": 0, "osm_data_as_of": ""}, "geometry": {"type": "MultiPolygon", "coordinates": [[[[-0.7097415, 44.7874308], [-0.7096941, 44.7873967], [-0.7092133, 44.7875057], [-0.7088474, 44.7872403], [-0.7086548, 44.7873711], [-0.7075502, 44.786948], [-0.7070065, 44.7875054], [-0.7063929, 44.788048], [-0.7057158, 44.7885403], [-0.7055971, 44.7886513], [-0.705363, 44.7888107], [-0.7065591, 44.7899026], [-0.7069787, 44.7895847], [-0.7070516, 44.7895284], [-0.7076146, 44.7890798], [-0.7077624, 44.7889631], [-0.7079053, 44.7888522], [-0.7082149, 44.7886117], [-0.7088673, 44.7881084], [-0.7090856, 44.7879392], [-0.7097415, 44.7874308]]]]}, "id": "parcelle:33318:KP:0005"}, {"type": "Feature", "properties": {"scout_v5_id": "parcelle:33318:KM:0126", "grain": "parcelle", "batiment_construction_id": "", "bdnb_batiment_construction_id": "", "batiment_groupe_id": "", "osm_building_id": "", "osm_match_status": "", "osm_bdnb_intersection_area_m2": "", "osm_address_text": "", "code_insee": "33318", "section": "KM", "numero_norm": "0126", "code_iris": "333180124", "nom_iris": "Magonty", "nb_batiments": 1, "annee_construction": "", "footprint_m2": "", "footprint_sum_m2": 471.83250255254785, "siren_status": "none", "status_technique": "no_candidate", "status_metier": "none", "siret_count": 0, "passerelle_address": "", "passerelle_indice_norm": "", "passerelle_numero_match": "", "passerelle_addresses_json": "[]", "sirets_json": "[]", "sirens_json": "[]", "matching_confidence": 0.0, "matching_reason": "", "matching_status": "mono", "matching_decision": "", "matching_siren_selected": "", "matching_debug_json": "", "parcelles_json": "", "buildings_json": "[{\"batiment_construction_id\": \"w:218312767\", \"bdnb_batiment_construction_id\": \"bdnb-bg-5NCV-187H-KVQR:1\", \"batiment_groupe_id\": \"bdnb-bg-5NCV-187H-KVQR\", \"annee_construction\": null, \"footprint_m2\": 471.83250255254785, \"intersection_area_m2\": 471.8325025525478, \"osm_building_id\": \"w:218312767\", \"osm_match_status\": \"matched\", \"osm_bdnb_intersection_area_m2\": 442.9601381691776, \"osm_address_text\": \"\", \"matching_status\": \"mono\", \"matching_decision\": \"mono\", \"matching_siren_selected\": \"\"}]", "building_geometries_json": "[{\"batiment_construction_id\": \"w:218312767\", \"bdnb_batiment_construction_id\": \"bdnb-bg-5NCV-187H-KVQR:1\", \"batiment_groupe_id\": \"bdnb-bg-5NCV-187H-KVQR\", \"osm_building_id\": \"w:218312767\", \"osm_match_status\": \"matched\", \"osm_bdnb_intersection_area_m2\": 442.9601381691776, \"osm_address_text\": \"\", \"annee_construction\": null, \"footprint_m2\": 471.83250255254785, \"geometry\": {\"type\": \"MultiPolygon\", \"coordinates\": [[[[-0.700618, 44.777628], [-0.700514, 44.777495], [-0.700165, 44.777634], [-0.700217, 44.777702], [-0.700305, 44.777669], [-0.700356, 44.777733], [-0.700618, 44.777628]]]]}}]", "google_fallback_attempted": "false", "google_fallback_success": "false", "google_fallback_group_id": "", "google_nearby_status": "", "google_nearby_error": "", "google_raw_nearby_count": "0", "google_excluded_outside_parcel": "0", "google_nearby_ranked_json": "[]", "google_winner_place_id": "", "google_winner_name": "", "google_anchor_address": "", "google_api_gouv_query": "", "google_api_gouv_etablissements_count": "0", "google_reject_reason": "", "osm_pois_json": "[]", "osm_poi_count": 0, "osm_pois_status": "ok", "osm_poi_truncated": 0, "osm_data_as_of": ""}, "geometry": {"type": "MultiPolygon", "coordinates": [[[[-0.7011253, 44.7777528], [-0.7008119, 44.7774126], [-0.7009797, 44.77734], [-0.700825, 44.7771377], [-0.7008243, 44.7771367], [-0.6999024, 44.7774914], [-0.6999039, 44.7774929], [-0.700469, 44.7780174], [-0.7005147, 44.7779991], [-0.7011253, 44.7777528]]]]}, "id": "parcelle:33318:KM:0126"}, {"type": "Feature", "properties": {"scout_v5_id": "parcelle:33318:KK:0204", "grain": "parcelle", "batiment_construction_id": "", "bdnb_batiment_construction_id": "", "batiment_groupe_id": "", "osm_building_id": "", "osm_match_status": "", "osm_bdnb_intersection_area_m2": "", "osm_address_text": "", "code_insee": "33318", "section": "KK", "numero_norm": "0204", "code_iris": "333180124", "nom_iris": "Magonty", "nb_batiments": 1, "annee_construction": "", "footprint_m2": "", "footprint_sum_m2": 720.7901816691319, "siren_status": "none", "status_technique": "no_candidate", "status_metier": "none", "siret_count": 0, "passerelle_address": "", "passerelle_indice_norm": "", "passerelle_numero_match": "", "passerelle_addresses_json": "[]", "sirets_json": "[]", "sirens_json": "[]", "matching_confidence": 0.0, "matching_reason": "", "matching_status": "mono", "matching_decision": "", "matching_siren_selected": "", "matching_debug_json": "", "parcelles_json": "", "buildings_json": "[{\"batiment_construction_id\": \"w:218313056\", \"bdnb_batiment_construction_id\": null, \"batiment_groupe_id\": null, \"annee_construction\": null, \"footprint_m2\": 720.7901816691319, \"intersection_area_m2\": 720.7901816691325, \"osm_building_id\": \"w:218313056\", \"osm_match_status\": \"unmatched\", \"osm_bdnb_intersection_area_m2\": null, \"osm_address_text\": \"\", \"matching_status\": \"mono\", \"matching_decision\": \"mono\", \"matching_siren_selected\": \"\"}]", "building_geometries_json": "[{\"batiment_construction_id\": \"w:218313056\", \"bdnb_batiment_construction_id\": null, \"batiment_groupe_id\": null, \"osm_building_id\": \"w:218313056\", \"osm_match_status\": \"unmatched\", \"osm_bdnb_intersection_area_m2\": null, \"osm_address_text\": \"\", \"annee_construction\": null, \"footprint_m2\": 720.7901816691319, \"geometry\": {\"type\": \"MultiPolygon\", \"coordinates\": [[[[-0.694934, 44.782661], [-0.694913, 44.782641], [-0.694918, 44.782638], [-0.694893, 44.782614], [-0.694867, 44.782591], [-0.694862, 44.782594], [-0.694821, 44.782556], [-0.694826, 44.782554], [-0.694801, 44.78253], [-0.694775, 44.782507], [-0.694771, 44.78251], [-0.694729, 44.782471], [-0.694733, 44.782468], [-0.694683, 44.782422], [-0.694678, 44.782425], [-0.694636, 44.782387], [-0.694642, 44.782384], [-0.694591, 44.782337], [-0.694587, 44.78234], [-0.694565, 44.782321], [-0.694545, 44.782302], [-0.69455, 44.782299], [-0.694499, 44.782253], [-0.694494, 44.782256], [-0.694473, 44.782237], [-0.694453, 44.782218], [-0.694458, 44.782215], [-0.694407, 44.782168], [-0.694402, 44.782171], [-0.694381, 44.782151], [-0.694312, 44.78219], [-0.694333, 44.782209], [-0.694317, 44.782218], [-0.694368, 44.782265], [-0.694372, 44.782263], [-0.694384, 44.782256], [-0.694404, 44.782275], [-0.694424, 44.782293], [-0.694413, 44.7823], [-0.694359, 44.78233], [-0.69441, 44.782377], [-0.694462, 44.782347], [-0.694475, 44.782341], [-0.694495, 44.78236], [-0.694517, 44.782379], [-0.694504, 44.782385], [-0.694445, 44.782418], [-0.694495, 44.782465], [-0.694567, 44.782425], [-0.694607, 44.782463], [-0.694536, 44.782503], [-0.694587, 44.782549], [-0.694646, 44.782517], [-0.694658, 44.78251], [-0.69468, 44.782529], [-0.6947, 44.782548], [-0.694688, 44.782555], [-0.694635, 44.782584], [-0.694686, 44.782631], [-0.694739, 44.782602], [-0.694751, 44.782595], [-0.694771, 44.782614], [-0.694792, 44.782632], [-0.694779, 44.782639], [-0.694775, 44.782641], [-0.694827, 44.782688], [-0.694843, 44.78268], [-0.694864, 44.782699], [-0.694934, 44.782661]]]]}}]", "google_fallback_attempted": "false", "google_fallback_success": "false", "google_fallback_group_id": "", "google_nearby_status": "", "google_nearby_error": "", "google_raw_nearby_count": "0", "google_excluded_outside_parcel": "0", "google_nearby_ranked_json": "[]", "google_winner_place_id": "", "google_winner_name": "", "google_anchor_address": "", "google_api_gouv_query": "", "google_api_gouv_etablissements_count": "0", "google_reject_reason": "", "osm_pois_json": "[]", "osm_poi_count": 0, "osm_pois_status": "ok", "osm_poi_truncated": 0, "osm_data_as_of": ""}, "geometry": {"type": "MultiPolygon", "coordinates": [[[[-0.6942923, 44.7832252], [-0.6951064, 44.7827068], [-0.6944779, 44.7821168], [-0.6944382, 44.7820809], [-0.6943296, 44.7821339], [-0.6942411, 44.7821771], [-0.6941478, 44.7822225], [-0.6940774, 44.782257], [-0.694101, 44.7822945], [-0.6940546, 44.7823069], [-0.6940551, 44.7823082], [-0.6940662, 44.7823439], [-0.6940773, 44.7823614], [-0.69409, 44.7823767], [-0.6940969, 44.7823863], [-0.6941246, 44.7824062], [-0.6941564, 44.7824241], [-0.6941736, 44.7824338], [-0.6941869, 44.7824439], [-0.6942009, 44.7824602], [-0.6942173, 44.7824827], [-0.6942289, 44.7825212], [-0.6942272, 44.7825415], [-0.6942267, 44.7825609], [-0.6942224, 44.7825744], [-0.6942168, 44.7825876], [-0.694211, 44.7825982], [-0.6942007, 44.7826133], [-0.6941796, 44.7826408], [-0.6941668, 44.7826539], [-0.6941485, 44.7826651], [-0.6941355, 44.7826715], [-0.6941186, 44.7826789], [-0.694107, 44.7826818], [-0.6940832, 44.7826862], [-0.6940601, 44.7826917], [-0.6940299, 44.782699], [-0.6940077, 44.7827072], [-0.6939831, 44.7827171], [-0.6939525, 44.7827325], [-0.6939374, 44.7827456], [-0.6939161, 44.7827674], [-0.6938699, 44.7828114], [-0.6938309, 44.7828409], [-0.6938398, 44.782847], [-0.6939837, 44.7829474], [-0.6940884, 44.7830206], [-0.6940889, 44.783021], [-0.6941223, 44.7830431], [-0.6941738, 44.7830827], [-0.6941888, 44.7830927], [-0.6942164, 44.7831196], [-0.6942459, 44.7831545], [-0.6942716, 44.7831915], [-0.6942855, 44.783213], [-0.6942923, 44.7832252]]]]}, "id": "parcelle:33318:KK:0204"}, {"type": "Feature", "properties": {"scout_v5_id": "parcelle:33318:AT:0012", "grain": "parcelle", "batiment_construction_id": "", "bdnb_batiment_construction_id": "", "batiment_groupe_id": "", "osm_building_id": "", "osm_match_status": "", "osm_bdnb_intersection_area_m2": "", "osm_address_text": "", "code_insee": "33318", "section": "AT", "numero_norm": "0012", "code_iris": "333180102", "nom_iris": "3 m", "nb_batiments": 1, "annee_construction": "", "footprint_m2": "", "footprint_sum_m2": 2091.6498393470692, "siren_status": "none", "status_technique": "no_candidate", "status_metier": "none", "siret_count": 0, "passerelle_address": "", "passerelle_indice_norm": "", "passerelle_numero_match": "", "passerelle_addresses_json": "[]", "sirets_json": "[]", "sirens_json": "[]", "matching_confidence": 0.0, "matching_reason": "", "matching_status": "mono", "matching_decision": "", "matching_siren_selected": "", "matching_debug_json": "", "parcelles_json": "", "buildings_json": "[{\"batiment_construction_id\": \"w:218366435\", \"bdnb_batiment_construction_id\": \"bdnb-bg-LY49-V7SE-YDGS:10\", \"batiment_groupe_id\": \"bdnb-bg-LY49-V7SE-YDGS\", \"annee_construction\": null, \"footprint_m2\": 2091.6498393470692, \"intersection_area_m2\": 2091.6498393470692, \"osm_building_id\": \"w:218366435\", \"osm_match_status\": \"matched\", \"osm_bdnb_intersection_area_m2\": 1963.8439842369937, \"osm_address_text\": \"\", \"matching_status\": \"mono\", \"matching_decision\": \"mono\", \"matching_siren_selected\": \"\"}]", "building_geometries_json": "[{\"batiment_construction_id\": \"w:218366435\", \"bdnb_batiment_construction_id\": \"bdnb-bg-LY49-V7SE-YDGS:10\", \"batiment_groupe_id\": \"bdnb-bg-LY49-V7SE-YDGS\", \"osm_building_id\": \"w:218366435\", \"osm_match_status\": \"matched\", \"osm_bdnb_intersection_area_m2\": 1963.8439842369937, \"osm_address_text\": \"\", \"annee_construction\": null, \"footprint_m2\": 2091.6498393470692, \"geometry\": {\"type\": \"MultiPolygon\", \"coordinates\": [[[[-0.6801366, 44.8112552], [-0.6800633, 44.8110636], [-0.6802769, 44.8110225], [-0.6803583, 44.8112354], [-0.6804091, 44.8112256], [-0.680514, 44.8114998], [-0.6802063, 44.811559], [-0.6801436, 44.8113954], [-0.6797582, 44.8114696], [-0.6797148, 44.8113561], [-0.6796494, 44.8113687], [-0.6796043, 44.8112449], [-0.6799633, 44.8111703], [-0.680007, 44.8112796], [-0.6801366, 44.8112552]]]]}}]", "google_fallback_attempted": "false", "google_fallback_success": "false", "google_fallback_group_id": "", "google_nearby_status": "", "google_nearby_error": "", "google_raw_nearby_count": "0", "google_excluded_outside_parcel": "0", "google_nearby_ranked_json": "[]", "google_winner_place_id": "", "google_winner_name": "", "google_anchor_address": "", "google_api_gouv_query": "", "google_api_gouv_etablissements_count": "0", "google_reject_reason": "", "osm_pois_json": "[]", "osm_poi_count": 0, "osm_pois_status": "ok", "osm_poi_truncated": 0, "osm_data_as_of": ""}, "geometry": {"type": "MultiPolygon", "coordinates": [[[[-0.6754928, 44.8100677], [-0.6755337, 44.8114835], [-0.6752716, 44.8114872], [-0.6752931, 44.8114893], [-0.6753145, 44.8114919], [-0.6753355, 44.8114954], [-0.6753562, 44.8114999], [-0.6753763, 44.8115056], [-0.6753958, 44.8115121], [-0.6754146, 44.8115197], [-0.6754326, 44.8115282], [-0.6754498, 44.8115376], [-0.6754661, 44.8115478], [-0.6754953, 44.8115704], [-0.6755083, 44.8115828], [-0.6755199, 44.8115957], [-0.6755302, 44.8116092], [-0.6755391, 44.8116232], [-0.6755468, 44.8116376], [-0.6755529, 44.8116524], [-0.6755577, 44.8116674], [-0.675561, 44.8116826], [-0.6755626, 44.811698], [-0.675563, 44.8117038], [-0.675597, 44.8129878], [-0.6758746, 44.8129723], [-0.6761867, 44.812955], [-0.6763743, 44.8129446], [-0.6774239, 44.8128769], [-0.678714, 44.8127865], [-0.6793492, 44.8127352], [-0.6796909, 44.8126804], [-0.6799672, 44.8125837], [-0.6808485, 44.8122405], [-0.6810214, 44.8121688], [-0.6809791, 44.8120775], [-0.6807368, 44.8115566], [-0.6810457, 44.8114849], [-0.6816495, 44.8113447], [-0.6816725, 44.8113394], [-0.6817717, 44.8113162], [-0.6812914, 44.8102815], [-0.6811535, 44.8102779], [-0.680047, 44.8102484], [-0.6794373, 44.8102305], [-0.6785729, 44.8102087], [-0.6784357, 44.8102052], [-0.6775352, 44.8101777], [-0.677285, 44.8101657], [-0.6761251, 44.8101026], [-0.6758076, 44.8100853], [-0.6756919, 44.810079], [-0.6754928, 44.8100677]]]]}, "id": "parcelle:33318:AT:0012"}, {"type": "Feature", "properties": {"scout_v5_id": "parcelle:33318:DW:0325", "grain": "parcelle", "batiment_construction_id": "", "bdnb_batiment_construction_id": "", "batiment_groupe_id": "", "osm_building_id": "", "osm_match_status": "", "osm_bdnb_intersection_area_m2": "", "osm_address_text": "", "code_insee": "33318", "section": "DW", "numero_norm": "0325", "code_iris": "333180110", "nom_iris": "France", "nb_batiments": 1, "annee_construction": "", "footprint_m2": "", "footprint_sum_m2": 1738.739496012331, "siren_status": "none", "status_technique": "no_candidate", "status_metier": "none", "siret_count": 0, "passerelle_address": "", "passerelle_indice_norm": "", "passerelle_numero_match": "", "passerelle_addresses_json": "[]", "sirets_json": "[]", "sirens_json": "[]", "matching_confidence": 0.0, "matching_reason": "", "matching_status": "mono", "matching_decision": "", "matching_siren_selected": "", "matching_debug_json": "", "parcelles_json": "", "buildings_json": "[{\"batiment_construction_id\": \"w:218782210\", \"bdnb_batiment_construction_id\": \"bdnb-bg-KVEM-GVZS-ZLTZ:1\", \"batiment_groupe_id\": \"bdnb-bg-KVEM-GVZS-ZLTZ\", \"annee_construction\": 1971, \"footprint_m2\": 1738.739496012331, \"intersection_area_m2\": 1738.4405111648132, \"osm_building_id\": \"w:218782210\", \"osm_match_status\": \"matched\", \"osm_bdnb_intersection_area_m2\": 1715.8273329235533, \"osm_address_text\": \"2 Rue Léon Morin\", \"matching_status\": \"mono\", \"matching_decision\": \"mono\", \"matching_siren_selected\": \"\"}]", "building_geometries_json": "[{\"batiment_construction_id\": \"w:218782210\", \"bdnb_batiment_construction_id\": \"bdnb-bg-KVEM-GVZS-ZLTZ:1\", \"batiment_groupe_id\": \"bdnb-bg-KVEM-GVZS-ZLTZ\", \"osm_building_id\": \"w:218782210\", \"osm_match_status\": \"matched\", \"osm_bdnb_intersection_area_m2\": 1715.8273329235533, \"osm_address_text\": \"2 Rue Léon Morin\", \"annee_construction\": 1971, \"footprint_m2\": 1738.739496012331, \"geometry\": {\"type\": \"MultiPolygon\", \"coordinates\": [[[[-0.665869, 44.795687], [-0.665953, 44.795773], [-0.665998, 44.795752], [-0.66611, 44.795869], [-0.666163, 44.795842], [-0.66625, 44.795799], [-0.666321, 44.795764], [-0.666406, 44.795851], [-0.6665062, 44.7958012], [-0.666692, 44.795709], [-0.6664, 44.795406], [-0.666103, 44.795553], [-0.666114, 44.795565], [-0.665985, 44.795629], [-0.665869, 44.795687]]]]}}]", "google_fallback_attempted": "false", "google_fallback_success": "false", "google_fallback_group_id": "", "google_nearby_status": "", "google_nearby_error": "", "google_raw_nearby_count": "0", "google_excluded_outside_parcel": "0", "google_nearby_ranked_json": "[]", "google_winner_place_id": "", "google_winner_name": "", "google_anchor_address": "", "google_api_gouv_query": "", "google_api_gouv_etablissements_count": "0", "google_reject_reason": "", "osm_pois_json": "[]", "osm_poi_count": 0, "osm_pois_status": "ok", "osm_poi_truncated": 0, "osm_data_as_of": ""}, "geometry": {"type": "MultiPolygon", "coordinates": [[[[-0.6664563, 44.7959037], [-0.6665967, 44.7958341], [-0.6667973, 44.7957346], [-0.6666482, 44.7955836], [-0.6664152, 44.7953479], [-0.6663954, 44.795316], [-0.6663595, 44.795334], [-0.6661087, 44.7954587], [-0.6661027, 44.7954599], [-0.6659966, 44.7954362], [-0.6658882, 44.7953229], [-0.6656353, 44.7954464], [-0.665869, 44.7956864], [-0.6659412, 44.7957607], [-0.6659536, 44.7957734], [-0.6659982, 44.7957523], [-0.6661094, 44.7958692], [-0.6661629, 44.7958425], [-0.6662499, 44.7957993], [-0.666321, 44.7957639], [-0.6664054, 44.7958511], [-0.6664563, 44.7959037]]]]}, "id": "parcelle:33318:DW:0325"}, {"type": "Feature", "properties": {"scout_v5_id": "parcelle:33318:HC:0006", "grain": "parcelle", "batiment_construction_id": "", "bdnb_batiment_construction_id": "", "batiment_groupe_id": "", "osm_building_id": "", "osm_match_status": "", "osm_bdnb_intersection_area_m2": "", "osm_address_text": "", "code_insee": "33318", "section": "HC", "numero_norm": "0006", "code_iris": "333180120", "nom_iris": "Parc Industriel", "nb_batiments": 1, "annee_construction": "", "footprint_m2": "", "footprint_sum_m2": 30019.989583243296, "siren_status": "none", "status_technique": "no_candidate", "status_metier": "none", "siret_count": 0, "passerelle_address": "", "passerelle_indice_norm": "", "passerelle_numero_match": "", "passerelle_addresses_json": "[]", "sirets_json": "[]", "sirens_json": "[]", "matching_confidence": 0.0, "matching_reason": "", "matching_status": "mono", "matching_decision": "", "matching_siren_selected": "", "matching_debug_json": "", "parcelles_json": "", "buildings_json": "[{\"batiment_construction_id\": \"w:218782215\", \"bdnb_batiment_construction_id\": \"bdnb-bg-2Y1E-DM1V-2ZEW:1\", \"batiment_groupe_id\": \"bdnb-bg-2Y1E-DM1V-2ZEW\", \"annee_construction\": 1986, \"footprint_m2\": 30019.989583243296, \"intersection_area_m2\": 30019.98958324331, \"osm_building_id\": \"w:218782215\", \"osm_match_status\": \"matched\", \"osm_bdnb_intersection_area_m2\": 29425.294511409105, \"osm_address_text\": \"1 bis Avenue Gustave Eiffel, 33600 Pessac\", \"matching_status\": \"mono\", \"matching_decision\": \"mono\", \"matching_siren_selected\": \"\"}]", "building_geometries_json": "[{\"batiment_construction_id\": \"w:218782215\", \"bdnb_batiment_construction_id\": \"bdnb-bg-2Y1E-DM1V-2ZEW:1\", \"batiment_groupe_id\": \"bdnb-bg-2Y1E-DM1V-2ZEW\", \"osm_building_id\": \"w:218782215\", \"osm_match_status\": \"matched\", \"osm_bdnb_intersection_area_m2\": 29425.294511409105, \"osm_address_text\": \"1 bis Avenue Gustave Eiffel, 33600 Pessac\", \"annee_construction\": 1986, \"footprint_m2\": 30019.989583243296, \"geometry\": {\"type\": \"MultiPolygon\", \"coordinates\": [[[[-0.6408334, 44.784766], [-0.640362, 44.7842089], [-0.6402004, 44.7842778], [-0.6401647, 44.7842356], [-0.6402273, 44.7842089], [-0.6401896, 44.7841643], [-0.6403201, 44.7841086], [-0.6402154, 44.783985], [-0.6401242, 44.7840239], [-0.6396754, 44.7834942], [-0.6396333, 44.7835121], [-0.6395888, 44.7834597], [-0.6395244, 44.7834872], [-0.6395703, 44.7835414], [-0.6388351, 44.7838557], [-0.6385986, 44.7835771], [-0.6385844, 44.7835602], [-0.6384775, 44.7836059], [-0.6384316, 44.7835519], [-0.6383521, 44.7836211], [-0.638371, 44.7836787], [-0.63831, 44.7837067], [-0.638354, 44.783755], [-0.6381901, 44.7842392], [-0.6382074, 44.7842586], [-0.6381408, 44.7843092], [-0.6389017, 44.7852031], [-0.6389342, 44.7852413], [-0.6390297, 44.7852216], [-0.6390741, 44.7852761], [-0.6392481, 44.7853056], [-0.6392672, 44.785249], [-0.6392999, 44.7852545], [-0.6392976, 44.7852614], [-0.6394447, 44.7852863], [-0.6394471, 44.7852791], [-0.6394914, 44.7852866], [-0.6394672, 44.7853584], [-0.6394191, 44.7853788], [-0.6394538, 44.78542], [-0.6395008, 44.7854], [-0.6395349, 44.7854061], [-0.6395179, 44.7854541], [-0.6397389, 44.7854935], [-0.6397568, 44.7854427], [-0.6399253, 44.7854727], [-0.6399411, 44.7854282], [-0.6399192, 44.7854243], [-0.6399324, 44.785387], [-0.639865, 44.785375], [-0.6398312, 44.7853355], [-0.6399376, 44.7852896], [-0.6400952, 44.7854736], [-0.6405794, 44.7852647], [-0.6406161, 44.7853074], [-0.6406589, 44.785289], [-0.6408334, 44.784766]]]]}}]", "google_fallback_attempted": "false", "google_fallback_success": "false", "google_fallback_group_id": "", "google_nearby_status": "", "google_nearby_error": "", "google_raw_nearby_count": "0", "google_excluded_outside_parcel": "0", "google_nearby_ranked_json": "[]", "google_winner_place_id": "", "google_winner_name": "", "google_anchor_address": "", "google_api_gouv_query": "", "google_api_gouv_etablissements_count": "0", "google_reject_reason": "", "osm_pois_json": "[]", "osm_poi_count": 0, "osm_pois_status": "ok", "osm_poi_truncated": 0, "osm_data_as_of": ""}, "geometry": {"type": "MultiPolygon", "coordinates": [[[[-0.639671, 44.7824998], [-0.63844, 44.783031], [-0.6375606, 44.7834118], [-0.6371888, 44.7835746], [-0.6371377, 44.7835967], [-0.6360955, 44.7840522], [-0.63588, 44.7841475], [-0.6358399, 44.7841653], [-0.6360891, 44.7844587], [-0.6362321, 44.784627], [-0.6361572, 44.7846596], [-0.6356525, 44.7848797], [-0.6356043, 44.7849006], [-0.6352342, 44.7850619], [-0.6352075, 44.7850736], [-0.635423, 44.7852952], [-0.6354732, 44.7853396], [-0.6355823, 44.7854358], [-0.6356306, 44.7854785], [-0.6356697, 44.7854948], [-0.6365745, 44.7858231], [-0.6366607, 44.7858544], [-0.6372556, 44.7860765], [-0.6377845, 44.7862665], [-0.6378664, 44.7862763], [-0.6387284, 44.7860252], [-0.6387862, 44.7860083], [-0.6387779, 44.7859997], [-0.6393815, 44.7858168], [-0.6394972, 44.7857817], [-0.6403671, 44.7855178], [-0.6404269, 44.7857361], [-0.6404818, 44.7859367], [-0.6404967, 44.7859347], [-0.6405885, 44.7859226], [-0.6406072, 44.7859202], [-0.640557, 44.7857197], [-0.6405042, 44.7855086], [-0.640857, 44.7854063], [-0.6408659, 44.7854037], [-0.6412778, 44.7852843], [-0.6405638, 44.784047], [-0.640248, 44.7835001], [-0.6398817, 44.7828654], [-0.6396782, 44.7825124], [-0.639671, 44.7824998]]]]}, "id": "parcelle:33318:HC:0006"}, {"type": "Feature", "properties": {"scout_v5_id": "parcelle:33318:HE:0016", "grain": "parcelle", "batiment_construction_id": "", "bdnb_batiment_construction_id": "", "batiment_groupe_id": "", "osm_building_id": "", "osm_match_status": "", "osm_bdnb_intersection_area_m2": "", "osm_address_text": "", "code_insee": "33318", "section": "HE", "numero_norm": "0016", "code_iris": "333180120", "nom_iris": "Parc Industriel", "nb_batiments": 2, "annee_construction": "", "footprint_m2": "", "footprint_sum_m2": 1795.3471706015916, "siren_status": "none", "status_technique": "no_candidate", "status_metier": "none", "siret_count": 0, "passerelle_address": "", "passerelle_indice_norm": "", "passerelle_numero_match": "", "passerelle_addresses_json": "[]", "sirets_json": "[]", "sirens_json": "[]", "matching_confidence": 0.0, "matching_reason": "", "matching_status": "mono", "matching_decision": "", "matching_siren_selected": "", "matching_debug_json": "", "parcelles_json": "", "buildings_json": "[{\"batiment_construction_id\": \"w:218782502\", \"bdnb_batiment_construction_id\": \"bdnb-bg-SH4B-AGMN-VGPU:1\", \"batiment_groupe_id\": \"bdnb-bg-SH4B-AGMN-VGPU\", \"annee_construction\": null, \"footprint_m2\": 1388.9071837466881, \"intersection_area_m2\": 1388.9071837466884, \"osm_building_id\": \"w:218782502\", \"osm_match_status\": \"matched\", \"osm_bdnb_intersection_area_m2\": 1300.2417699314703, \"osm_address_text\": \"\", \"matching_status\": \"mono\", \"matching_decision\": \"mono\", \"matching_siren_selected\": \"\"}, {\"batiment_construction_id\": \"w:218783503\", \"bdnb_batiment_construction_id\": null, \"batiment_groupe_id\": null, \"annee_construction\": null, \"footprint_m2\": 406.4399868549035, \"intersection_area_m2\": 406.43998685490345, \"osm_building_id\": \"w:218783503\", \"osm_match_status\": \"unmatched\", \"osm_bdnb_intersection_area_m2\": null, \"osm_address_text\": \"\", \"matching_status\": \"mono\", \"matching_decision\": \"mono\", \"matching_siren_selected\": \"\"}]", "building_geometries_json": "[{\"batiment_construction_id\": \"w:218782502\", \"bdnb_batiment_construction_id\": \"bdnb-bg-SH4B-AGMN-VGPU:1\", \"batiment_groupe_id\": \"bdnb-bg-SH4B-AGMN-VGPU\", \"osm_building_id\": \"w:218782502\", \"osm_match_status\": \"matched\", \"osm_bdnb_intersection_area_m2\": 1300.2417699314703, \"osm_address_text\": \"\", \"annee_construction\": null, \"footprint_m2\": 1388.9071837466881, \"geometry\": {\"type\": \"MultiPolygon\", \"coordinates\": [[[[-0.64929, 44.778791], [-0.649159, 44.778654], [-0.648804, 44.778826], [-0.64901, 44.779042], [-0.648979, 44.77907], [-0.649092, 44.779127], [-0.649447, 44.778955], [-0.649319, 44.778821], [-0.649298, 44.778831], [-0.64927, 44.778802], [-0.64929, 44.778791]]]]}}, {\"batiment_construction_id\": \"w:218783503\", \"bdnb_batiment_construction_id\": null, \"batiment_groupe_id\": null, \"osm_building_id\": \"w:218783503\", \"osm_match_status\": \"unmatched\", \"osm_bdnb_intersection_area_m2\": null, \"osm_address_text\": \"\", \"annee_construction\": null, \"footprint_m2\": 406.4399868549035, \"geometry\": {\"type\": \"MultiPolygon\", \"coordinates\": [[[[-0.648116, 44.778567], [-0.647997, 44.778586], [-0.647972, 44.778501], [-0.648089, 44.778481], [-0.648074, 44.778437], [-0.647953, 44.778456], [-0.647966, 44.778499], [-0.647843, 44.778519], [-0.647871, 44.778608], [-0.647884, 44.778651], [-0.648006, 44.778632], [-0.648048, 44.778763], [-0.648173, 44.778743], [-0.648116, 44.778567]]]]}}]", "google_fallback_attempted": "false", "google_fallback_success": "false", "google_fallback_group_id": "", "google_nearby_status": "", "google_nearby_error": "", "google_raw_nearby_count": "0", "google_excluded_outside_parcel": "0", "google_nearby_ranked_json": "[]", "google_winner_place_id": "", "google_winner_name": "", "google_anchor_address": "", "google_api_gouv_query": "", "google_api_gouv_etablissements_count": "0", "google_reject_reason": "", "osm_pois_json": "[]", "osm_poi_count": 0, "osm_pois_status": "ok", "osm_poi_truncated": 0, "osm_data_as_of": ""}, "geometry": {"type": "MultiPolygon", "coordinates": [[[[-0.6498231, 44.7779833], [-0.6497606, 44.777892], [-0.6495426, 44.7779264], [-0.6486468, 44.7780675], [-0.6482192, 44.778135], [-0.6468322, 44.7783535], [-0.6471207, 44.7786277], [-0.6471592, 44.7786643], [-0.6472292, 44.778731], [-0.6475335, 44.77902], [-0.6481145, 44.7788756], [-0.6485484, 44.7787678], [-0.6486851, 44.7789105], [-0.648865, 44.7790984], [-0.6488971, 44.7791321], [-0.6489049, 44.7791401], [-0.6489824, 44.7791613], [-0.6491507, 44.7792075], [-0.6492228, 44.7792272], [-0.6494918, 44.779096], [-0.6498073, 44.7789423], [-0.6498324, 44.7788781], [-0.6495833, 44.7786189], [-0.6494346, 44.7784638], [-0.6494173, 44.778443], [-0.6494035, 44.7784233], [-0.64939, 44.7783995], [-0.6493781, 44.77836], [-0.6493688, 44.7783047], [-0.6493738, 44.7782721], [-0.6493824, 44.7782536], [-0.6494153, 44.7782068], [-0.649427, 44.7781903], [-0.649444, 44.7781739], [-0.6494602, 44.778159], [-0.649478, 44.778147], [-0.6494982, 44.7781345], [-0.6495258, 44.7781202], [-0.6496149, 44.7780785], [-0.6497093, 44.7780353], [-0.6498231, 44.7779833]]]]}, "id": "parcelle:33318:HE:0016"}, {"type": "Feature", "properties": {"scout_v5_id": "parcelle:33318:HB:0108", "grain": "parcelle", "batiment_construction_id": "", "bdnb_batiment_construction_id": "", "batiment_groupe_id": "", "osm_building_id": "", "osm_match_status": "", "osm_bdnb_intersection_area_m2": "", "osm_address_text": "", "code_insee": "33318", "section": "HB", "numero_norm": "0108", "code_iris": "333180120", "nom_iris": "Parc Industriel", "nb_batiments": 1, "annee_construction": "", "footprint_m2": "", "footprint_sum_m2": 614.1029858944171, "siren_status": "none", "status_technique": "no_candidate", "status_metier": "none", "siret_count": 0, "passerelle_address": "", "passerelle_indice_norm": "", "passerelle_numero_match": "", "passerelle_addresses_json": "[]", "sirets_json": "[]", "sirens_json": "[]", "matching_confidence": 0.0, "matching_reason": "", "matching_status": "mono", "matching_decision": "", "matching_siren_selected": "", "matching_debug_json": "", "parcelles_json": "", "buildings_json": "[{\"batiment_construction_id\": \"w:218782516\", \"bdnb_batiment_construction_id\": \"bdnb-bg-M3EV-9ZW9-WQ26:1\", \"batiment_groupe_id\": \"bdnb-bg-M3EV-9ZW9-WQ26\", \"annee_construction\": 2004, \"footprint_m2\": 614.1029858944171, \"intersection_area_m2\": 614.1029858944171, \"osm_building_id\": \"w:218782516\", \"osm_match_status\": \"matched\", \"osm_bdnb_intersection_area_m2\": 612.7018090242174, \"osm_address_text\": \"\", \"matching_status\": \"mono\", \"matching_decision\": \"mono\", \"matching_siren_selected\": \"\"}]", "building_geometries_json": "[{\"batiment_construction_id\": \"w:218782516\", \"bdnb_batiment_construction_id\": \"bdnb-bg-M3EV-9ZW9-WQ26:1\", \"batiment_groupe_id\": \"bdnb-bg-M3EV-9ZW9-WQ26\", \"osm_building_id\": \"w:218782516\", \"osm_match_status\": \"matched\", \"osm_bdnb_intersection_area_m2\": 612.7018090242174, \"osm_address_text\": \"\", \"annee_construction\": 2004, \"footprint_m2\": 614.1029858944171, \"geometry\": {\"type\": \"MultiPolygon\", \"coordinates\": [[[[-0.635199, 44.786193], [-0.634906, 44.786009], [-0.634715, 44.786162], [-0.63489, 44.786273], [-0.634958, 44.786218], [-0.635077, 44.786292], [-0.63511, 44.786265], [-0.635124, 44.786274], [-0.63518, 44.786229], [-0.635166, 44.78622], [-0.635199, 44.786193]]]]}}]", "google_fallback_attempted": "false", "google_fallback_success": "false", "google_fallback_group_id": "", "google_nearby_status": "", "google_nearby_error": "", "google_raw_nearby_count": "0", "google_excluded_outside_parcel": "0", "google_nearby_ranked_json": "[]", "google_winner_place_id": "", "google_winner_name": "", "google_anchor_address": "", "google_api_gouv_query": "", "google_api_gouv_etablissements_count": "0", "google_reject_reason": "", "osm_pois_json": "[]", "osm_poi_count": 0, "osm_pois_status": "ok", "osm_poi_truncated": 0, "osm_data_as_of": ""}, "geometry": {"type": "MultiPolygon", "coordinates": [[[[-0.6355958, 44.786411], [-0.6347826, 44.7858791], [-0.6347619, 44.7858879], [-0.6346054, 44.7859552], [-0.6345459, 44.7859807], [-0.6349546, 44.7865464], [-0.6354052, 44.7863717], [-0.6355988, 44.7864985], [-0.6355989, 44.786471], [-0.6355958, 44.786411]]]]}, "id": "parcelle:33318:HB:0108"}, {"type": "Feature", "properties": {"scout_v5_id": "parcelle:33318:HN:0051", "grain": "parcelle", "batiment_construction_id": "", "bdnb_batiment_construction_id": "", "batiment_groupe_id": "", "osm_building_id": "", "osm_match_status": "", "osm_bdnb_intersection_area_m2": "", "osm_address_text": "", "code_insee": "33318", "section": "HN", "numero_norm": "0051", "code_iris": "333180120", "nom_iris": "Parc Industriel", "nb_batiments": 1, "annee_construction": "", "footprint_m2": "", "footprint_sum_m2": 1274.004040690961, "siren_status": "none", "status_technique": "no_candidate", "status_metier": "none", "siret_count": 0, "passerelle_address": "", "passerelle_indice_norm": "", "passerelle_numero_match": "", "passerelle_addresses_json": "[]", "sirets_json": "[]", "sirens_json": "[]", "matching_confidence": 0.0, "matching_reason": "", "matching_status": "mono", "matching_decision": "", "matching_siren_selected": "", "matching_debug_json": "", "parcelles_json": "", "buildings_json": "[{\"batiment_construction_id\": \"w:218782555\", \"bdnb_batiment_construction_id\": \"bdnb-bg-SEYP-VAEG-ZMFW:2\", \"batiment_groupe_id\": \"bdnb-bg-SEYP-VAEG-ZMFW\", \"annee_construction\": 1983, \"footprint_m2\": 1274.004040690961, \"intersection_area_m2\": 1274.0040406909607, \"osm_building_id\": \"w:218782555\", \"osm_match_status\": \"matched\", \"osm_bdnb_intersection_area_m2\": 1111.4042310095533, \"osm_address_text\": \"\", \"matching_status\": \"mono\", \"matching_decision\": \"mono\", \"matching_siren_selected\": \"\"}]", "building_geometries_json": "[{\"batiment_construction_id\": \"w:218782555\", \"bdnb_batiment_construction_id\": \"bdnb-bg-SEYP-VAEG-ZMFW:2\", \"batiment_groupe_id\": \"bdnb-bg-SEYP-VAEG-ZMFW\", \"osm_building_id\": \"w:218782555\", \"osm_match_status\": \"matched\", \"osm_bdnb_intersection_area_m2\": 1111.4042310095533, \"osm_address_text\": \"\", \"annee_construction\": 1983, \"footprint_m2\": 1274.004040690961, \"geometry\": {\"type\": \"MultiPolygon\", \"coordinates\": [[[[-0.645227, 44.786341], [-0.644913, 44.78652], [-0.645073, 44.78666], [-0.645147, 44.786616], [-0.645257, 44.786711], [-0.645628, 44.786497], [-0.645514, 44.786398], [-0.645442, 44.786441], [-0.645288, 44.786306], [-0.645272, 44.786316], [-0.645227, 44.786341]]]]}}]", "google_fallback_attempted": "false", "google_fallback_success": "false", "google_fallback_group_id": "", "google_nearby_status": "", "google_nearby_error": "", "google_raw_nearby_count": "0", "google_excluded_outside_parcel": "0", "google_nearby_ranked_json": "[]", "google_winner_place_id": "", "google_winner_name": "", "google_anchor_address": "", "google_api_gouv_query": "", "google_api_gouv_etablissements_count": "0", "google_reject_reason": "", "osm_pois_json": "[]", "osm_poi_count": 0, "osm_pois_status": "ok", "osm_poi_truncated": 0, "osm_data_as_of": ""}, "geometry": {"type": "MultiPolygon", "coordinates": [[[[-0.6447951, 44.7865977], [-0.6450949, 44.7868598], [-0.6450988, 44.7868632], [-0.6451038, 44.7868605], [-0.6458625, 44.7864213], [-0.6455368, 44.7861334], [-0.6455145, 44.7861137], [-0.6455104, 44.78611], [-0.6448092, 44.7865137], [-0.6447951, 44.7865977]]]]}, "id": "parcelle:33318:HN:0051"}, {"type": "Feature", "properties": {"scout_v5_id": "parcelle:33318:EK:0771", "grain": "parcelle", "batiment_construction_id": "", "bdnb_batiment_construction_id": "", "batiment_groupe_id": "", "osm_building_id": "", "osm_match_status": "", "osm_bdnb_intersection_area_m2": "", "osm_address_text": "", "code_insee": "33318", "section": "EK", "numero_norm": "0771", "code_iris": "333180111", "nom_iris": "Cap de Bos", "nb_batiments": 1, "annee_construction": "", "footprint_m2": "", "footprint_sum_m2": 1206.061842457619, "siren_status": "none", "status_technique": "no_candidate", "status_metier": "none", "siret_count": 0, "passerelle_address": "", "passerelle_indice_norm": "", "passerelle_numero_match": "", "passerelle_addresses_json": "[]", "sirets_json": "[]", "sirens_json": "[]", "matching_confidence": 0.0, "matching_reason": "", "matching_status": "mono", "matching_decision": "", "matching_siren_selected": "", "matching_debug_json": "", "parcelles_json": "", "buildings_json": "[{\"batiment_construction_id\": \"w:218782561\", \"bdnb_batiment_construction_id\": \"bdnb-bg-H4FF-RGT7-B842:1\", \"batiment_groupe_id\": \"bdnb-bg-H4FF-RGT7-B842\", \"annee_construction\": null, \"footprint_m2\": 1206.061842457619, \"intersection_area_m2\": 1206.061842457619, \"osm_building_id\": \"w:218782561\", \"osm_match_status\": \"matched\", \"osm_bdnb_intersection_area_m2\": 1172.2435389184636, \"osm_address_text\": \"\", \"matching_status\": \"mono\", \"matching_decision\": \"mono\", \"matching_siren_selected\": \"\"}]", "building_geometries_json": "[{\"batiment_construction_id\": \"w:218782561\", \"bdnb_batiment_construction_id\": \"bdnb-bg-H4FF-RGT7-B842:1\", \"batiment_groupe_id\": \"bdnb-bg-H4FF-RGT7-B842\", \"osm_building_id\": \"w:218782561\", \"osm_match_status\": \"matched\", \"osm_bdnb_intersection_area_m2\": 1172.2435389184636, \"osm_address_text\": \"\", \"annee_construction\": null, \"footprint_m2\": 1206.061842457619, \"geometry\": {\"type\": \"MultiPolygon\", \"coordinates\": [[[[-0.6822606, 44.78899], [-0.6822496, 44.788873], [-0.6822306, 44.788874], [-0.6822276, 44.788845], [-0.6822676, 44.788843], [-0.6822466, 44.788627], [-0.6818966, 44.788644], [-0.6819336, 44.789078], [-0.6820421, 44.7890734], [-0.6821111, 44.7890705], [-0.6821046, 44.788997], [-0.6822606, 44.78899]]]]}}]", "google_fallback_attempted": "false", "google_fallback_success": "false", "google_fallback_group_id": "", "google_nearby_status": "", "google_nearby_error": "", "google_raw_nearby_count": "0", "google_excluded_outside_parcel": "0", "google_nearby_ranked_json": "[]", "google_winner_place_id": "", "google_winner_name": "", "google_anchor_address": "", "google_api_gouv_query": "", "google_api_gouv_etablissements_count": "0", "google_reject_reason": "", "osm_pois_json": "[]", "osm_poi_count": 0, "osm_pois_status": "ok", "osm_poi_truncated": 0, "osm_data_as_of": ""}, "geometry": {"type": "MultiPolygon", "coordinates": [[[[-0.6818831, 44.787495], [-0.6818351, 44.7874356], [-0.6815794, 44.787564], [-0.6815991, 44.7875888], [-0.681614, 44.7875944], [-0.681136, 44.7878416], [-0.6810825, 44.7878211], [-0.6793727, 44.7886902], [-0.6792519, 44.7887395], [-0.6792526, 44.7887513], [-0.6792789, 44.7891883], [-0.6792908, 44.7894691], [-0.6792977, 44.7896302], [-0.6793134, 44.7900302], [-0.6793204, 44.7902143], [-0.6793338, 44.7902387], [-0.6793409, 44.7902512], [-0.6796142, 44.7901803], [-0.679885, 44.7901098], [-0.6801592, 44.7900385], [-0.6805599, 44.7899343], [-0.6807591, 44.7898825], [-0.6810006, 44.7898198], [-0.6811188, 44.789789], [-0.681401, 44.7897158], [-0.6814643, 44.7896992], [-0.6818537, 44.789598], [-0.6821015, 44.7895371], [-0.682108, 44.789524], [-0.6821195, 44.789504], [-0.6821343, 44.7894752], [-0.682147, 44.7894502], [-0.6821596, 44.7894245], [-0.6821764, 44.7893913], [-0.6821902, 44.789362], [-0.6822048, 44.7893322], [-0.6822172, 44.7893045], [-0.682232, 44.789272], [-0.6822451, 44.7892423], [-0.6822564, 44.789216], [-0.6822668, 44.7891876], [-0.6822777, 44.7891618], [-0.6822883, 44.7891351], [-0.6822971, 44.7891121], [-0.6823051, 44.789084], [-0.6823126, 44.7890605], [-0.682321, 44.7890328], [-0.682328, 44.7890065], [-0.682336, 44.7889719], [-0.6823443, 44.7889361], [-0.6823489, 44.7889083], [-0.6823526, 44.7888815], [-0.6823564, 44.7888553], [-0.682359, 44.788829], [-0.6823622, 44.7887996], [-0.6823643, 44.7887748], [-0.6823654, 44.7887501], [-0.6823674, 44.788724], [-0.6823682, 44.7887003], [-0.6823689, 44.7886733], [-0.6823695, 44.7886485], [-0.6823695, 44.7886254], [-0.6823693, 44.7885984], [-0.6823688, 44.7885729], [-0.6823678, 44.7885437], [-0.6823662, 44.7885139], [-0.682364, 44.7884832], [-0.6823609, 44.788456], [-0.682359, 44.7884312], [-0.6823556, 44.788406], [-0.6823534, 44.7883817], [-0.6823505, 44.7883608], [-0.682347, 44.78834], [-0.6823442, 44.7883265], [-0.6823421, 44.7883158], [-0.6823395, 44.7883034], [-0.6823357, 44.7882911], [-0.6823321, 44.7882776], [-0.682328, 44.7882642], [-0.6823244, 44.7882512], [-0.6823174, 44.7882302], [-0.6823123, 44.7882147], [-0.6823076, 44.788201], [-0.6823037, 44.7881903], [-0.6822996, 44.7881789], [-0.6822929, 44.788162], [-0.6822853, 44.7881428], [-0.6822745, 44.7881165], [-0.6822652, 44.7880892], [-0.6822547, 44.7880671], [-0.6822448, 44.7880422], [-0.6822352, 44.7880198], [-0.6822251, 44.7879985], [-0.6822118, 44.7879696], [-0.6821997, 44.7879425], [-0.6820802, 44.7877402], [-0.6818831, 44.787495]]]]}, "id": "parcelle:33318:EK:0771"}, {"type": "Feature", "properties": {"scout_v5_id": "parcelle:33318:HT:0070", "grain": "parcelle", "batiment_construction_id": "", "bdnb_batiment_construction_id": "", "batiment_groupe_id": "", "osm_building_id": "", "osm_match_status": "", "osm_bdnb_intersection_area_m2": "", "osm_address_text": "", "code_insee": "33318", "section": "HT", "numero_norm": "0070", "code_iris": "333180120", "nom_iris": "Parc Industriel", "nb_batiments": 1, "annee_construction": "", "footprint_m2": "", "footprint_sum_m2": 738.5799178900335, "siren_status": "none", "status_technique": "no_candidate", "status_metier": "none", "siret_count": 0, "passerelle_address": "", "passerelle_indice_norm": "", "passerelle_numero_match": "", "passerelle_addresses_json": "[]", "sirets_json": "[]", "sirens_json": "[]", "matching_confidence": 0.0, "matching_reason": "", "matching_status": "mono", "matching_decision": "", "matching_siren_selected": "", "matching_debug_json": "", "parcelles_json": "", "buildings_json": "[{\"batiment_construction_id\": \"w:218782634\", \"bdnb_batiment_construction_id\": \"bdnb-bg-K7ME-C1ET-CFTJ:1\", \"batiment_groupe_id\": \"bdnb-bg-K7ME-C1ET-CFTJ\", \"annee_construction\": null, \"footprint_m2\": 738.5799178900335, \"intersection_area_m2\": 738.5799178900335, \"osm_building_id\": \"w:218782634\", \"osm_match_status\": \"matched\", \"osm_bdnb_intersection_area_m2\": 736.3266189942902, \"osm_address_text\": \"\", \"matching_status\": \"mono\", \"matching_decision\": \"mono\", \"matching_siren_selected\": \"\"}]", "building_geometries_json": "[{\"batiment_construction_id\": \"w:218782634\", \"bdnb_batiment_construction_id\": \"bdnb-bg-K7ME-C1ET-CFTJ:1\", \"batiment_groupe_id\": \"bdnb-bg-K7ME-C1ET-CFTJ\", \"osm_building_id\": \"w:218782634\", \"osm_match_status\": \"matched\", \"osm_bdnb_intersection_area_m2\": 736.3266189942902, \"osm_address_text\": \"\", \"annee_construction\": null, \"footprint_m2\": 738.5799178900335, \"geometry\": {\"type\": \"MultiPolygon\", \"coordinates\": [[[[-0.664026, 44.777948], [-0.664035, 44.777945], [-0.663974, 44.777852], [-0.66374, 44.777928], [-0.66381, 44.778038], [-0.663806, 44.77804], [-0.663821, 44.778068], [-0.663829, 44.778065], [-0.663934, 44.778232], [-0.66416, 44.778159], [-0.664026, 44.777948]]]]}}]", "google_fallback_attempted": "false", "google_fallback_success": "false", "google_fallback_group_id": "", "google_nearby_status": "", "google_nearby_error": "", "google_raw_nearby_count": "0", "google_excluded_outside_parcel": "0", "google_nearby_ranked_json": "[]", "google_winner_place_id": "", "google_winner_name": "", "google_anchor_address": "", "google_api_gouv_query": "", "google_api_gouv_etablissements_count": "0", "google_reject_reason": "", "osm_pois_json": "[]", "osm_poi_count": 0, "osm_pois_status": "ok", "osm_poi_truncated": 0, "osm_data_as_of": ""}, "geometry": {"type": "MultiPolygon", "coordinates": [[[[-0.6632982, 44.7780031], [-0.6633091, 44.778024], [-0.66332, 44.7780454], [-0.6633264, 44.7780673], [-0.6633304, 44.7780923], [-0.6633321, 44.7781175], [-0.6633299, 44.7781395], [-0.6633235, 44.7781687], [-0.6642437, 44.7786106], [-0.6642508, 44.7786073], [-0.6642792, 44.7785954], [-0.6642997, 44.7785895], [-0.6643163, 44.7785849], [-0.6643365, 44.7785805], [-0.6643732, 44.7785734], [-0.6643987, 44.7785708], [-0.6644245, 44.7785688], [-0.6644474, 44.7785686], [-0.6644757, 44.7785688], [-0.6639697, 44.7777618], [-0.66389, 44.7777667], [-0.6632982, 44.7780031]]]]}, "id": "parcelle:33318:HT:0070"}, {"type": "Feature", "properties": {"scout_v5_id": "parcelle:33318:CP:0044", "grain": "parcelle", "batiment_construction_id": "", "bdnb_batiment_construction_id": "", "batiment_groupe_id": "", "osm_building_id": "", "osm_match_status": "", "osm_bdnb_intersection_area_m2": "", "osm_address_text": "", "code_insee": "33318", "section": "CP", "numero_norm": "0044", "code_iris": "333180112", "nom_iris": "Cazalet", "nb_batiments": 1, "annee_construction": "", "footprint_m2": "", "footprint_sum_m2": 508.6910568050716, "siren_status": "none", "status_technique": "no_candidate", "status_metier": "none", "siret_count": 0, "passerelle_address": "", "passerelle_indice_norm": "", "passerelle_numero_match": "", "passerelle_addresses_json": "[]", "sirets_json": "[]", "sirens_json": "[]", "matching_confidence": 0.0, "matching_reason": "", "matching_status": "mono", "matching_decision": "", "matching_siren_selected": "", "matching_debug_json": "", "parcelles_json": "", "buildings_json": "[{\"batiment_construction_id\": \"w:218782706\", \"bdnb_batiment_construction_id\": \"bdnb-bg-NDLV-GCMQ-ANT8:1\", \"batiment_groupe_id\": \"bdnb-bg-NDLV-GCMQ-ANT8\", \"annee_construction\": 1900, \"footprint_m2\": 508.6910568050716, \"intersection_area_m2\": 508.6910568050716, \"osm_building_id\": \"w:218782706\", \"osm_match_status\": \"matched\", \"osm_bdnb_intersection_area_m2\": 453.6289282728911, \"osm_address_text\": \"\", \"matching_status\": \"mono\", \"matching_decision\": \"mono\", \"matching_siren_selected\": \"\"}]", "building_geometries_json": "[{\"batiment_construction_id\": \"w:218782706\", \"bdnb_batiment_construction_id\": \"bdnb-bg-NDLV-GCMQ-ANT8:1\", \"batiment_groupe_id\": \"bdnb-bg-NDLV-GCMQ-ANT8\", \"osm_building_id\": \"w:218782706\", \"osm_match_status\": \"matched\", \"osm_bdnb_intersection_area_m2\": 453.6289282728911, \"osm_address_text\": \"\", \"annee_construction\": 1900, \"footprint_m2\": 508.6910568050716, \"geometry\": {\"type\": \"MultiPolygon\", \"coordinates\": [[[[-0.668854, 44.796818], [-0.668831, 44.796824], [-0.668845, 44.796853], [-0.668858, 44.796849], [-0.668888, 44.796902], [-0.66949, 44.79673], [-0.669442, 44.796647], [-0.669396, 44.79666], [-0.669314, 44.796684], [-0.668903, 44.796803], [-0.668854, 44.796818]]]]}}]", "google_fallback_attempted": "false", "google_fallback_success": "false", "google_fallback_group_id": "", "google_nearby_status": "", "google_nearby_error": "", "google_raw_nearby_count": "0", "google_excluded_outside_parcel": "0", "google_nearby_ranked_json": "[]", "google_winner_place_id": "", "google_winner_name": "", "google_anchor_address": "", "google_api_gouv_query": "", "google_api_gouv_etablissements_count": "0", "google_reject_reason": "", "osm_pois_json": "[]", "osm_poi_count": 0, "osm_pois_status": "ok", "osm_poi_truncated": 0, "osm_data_as_of": ""}, "geometry": {"type": "MultiPolygon", "coordinates": [[[[-0.6686576, 44.7966185], [-0.6689041, 44.7969363], [-0.6695385, 44.7967566], [-0.6693011, 44.7963532], [-0.6692378, 44.7963746], [-0.6692411, 44.7963803], [-0.6691566, 44.7964147], [-0.6691482, 44.7964182], [-0.6691255, 44.7964274], [-0.6689352, 44.7965051], [-0.6688611, 44.7965353], [-0.6687682, 44.7965733], [-0.6686894, 44.7966055], [-0.6686576, 44.7966185]]]]}, "id": "parcelle:33318:CP:0044"}, {"type": "Feature", "properties": {"scout_v5_id": "parcelle:33318:HS:0062", "grain": "parcelle", "batiment_construction_id": "", "bdnb_batiment_construction_id": "", "batiment_groupe_id": "", "osm_building_id": "", "osm_match_status": "", "osm_bdnb_intersection_area_m2": "", "osm_address_text": "", "code_insee": "33318", "section": "HS", "numero_norm": "0062", "code_iris": "333180120", "nom_iris": "Parc Industriel", "nb_batiments": 1, "annee_construction": "", "footprint_m2": "", "footprint_sum_m2": 715.8281687473774, "siren_status": "none", "status_technique": "no_candidate", "status_metier": "none", "siret_count": 0, "passerelle_address": "", "passerelle_indice_norm": "", "passerelle_numero_match": "", "passerelle_addresses_json": "[]", "sirets_json": "[]", "sirens_json": "[]", "matching_confidence": 0.0, "matching_reason": "", "matching_status": "mono", "matching_decision": "", "matching_siren_selected": "", "matching_debug_json": "", "parcelles_json": "", "buildings_json": "[{\"batiment_construction_id\": \"w:218782733\", \"bdnb_batiment_construction_id\": \"bdnb-bg-8P2G-AAHQ-UKV2:1\", \"batiment_groupe_id\": \"bdnb-bg-8P2G-AAHQ-UKV2\", \"annee_construction\": null, \"footprint_m2\": 715.8281687473774, \"intersection_area_m2\": 715.8281687473775, \"osm_building_id\": \"w:218782733\", \"osm_match_status\": \"matched\", \"osm_bdnb_intersection_area_m2\": 713.0725696891003, \"osm_address_text\": \"\", \"matching_status\": \"mono\", \"matching_decision\": \"mono\", \"matching_siren_selected\": \"\"}]", "building_geometries_json": "[{\"batiment_construction_id\": \"w:218782733\", \"bdnb_batiment_construction_id\": \"bdnb-bg-8P2G-AAHQ-UKV2:1\", \"batiment_groupe_id\": \"bdnb-bg-8P2G-AAHQ-UKV2\", \"osm_building_id\": \"w:218782733\", \"osm_match_status\": \"matched\", \"osm_bdnb_intersection_area_m2\": 713.0725696891003, \"osm_address_text\": \"\", \"annee_construction\": null, \"footprint_m2\": 715.8281687473774, \"geometry\": {\"type\": \"MultiPolygon\", \"coordinates\": [[[[-0.659853, 44.779345], [-0.659799, 44.779284], [-0.659328, 44.779496], [-0.659452, 44.779639], [-0.659642, 44.779554], [-0.659672, 44.779537], [-0.659699, 44.779518], [-0.65973, 44.779494], [-0.659748, 44.779477], [-0.659809, 44.779405], [-0.659853, 44.779345]]]]}}]", "google_fallback_attempted": "false", "google_fallback_success": "false", "google_fallback_group_id": "", "google_nearby_status": "", "google_nearby_error": "", "google_raw_nearby_count": "0", "google_excluded_outside_parcel": "0", "google_nearby_ranked_json": "[]", "google_winner_place_id": "", "google_winner_name": "", "google_anchor_address": "", "google_api_gouv_query": "", "google_api_gouv_etablissements_count": "0", "google_reject_reason": "", "osm_pois_json": "[]", "osm_poi_count": 0, "osm_pois_status": "ok", "osm_poi_truncated": 0, "osm_data_as_of": ""}, "geometry": {"type": "MultiPolygon", "coordinates": [[[[-0.6595152, 44.7800519], [-0.6600477, 44.7793473], [-0.6600464, 44.7792959], [-0.6599469, 44.7791746], [-0.6598817, 44.7791626], [-0.6590678, 44.779533], [-0.6593772, 44.7798789], [-0.6592897, 44.7799946], [-0.6594676, 44.7800639], [-0.6595152, 44.7800519]]]]}, "id": "parcelle:33318:HS:0062"}, {"type": "Feature", "properties": {"scout_v5_id": "parcelle:33318:HS:0049", "grain": "parcelle", "batiment_construction_id": "", "bdnb_batiment_construction_id": "", "batiment_groupe_id": "", "osm_building_id": "", "osm_match_status": "", "osm_bdnb_intersection_area_m2": "", "osm_address_text": "", "code_insee": "33318", "section": "HS", "numero_norm": "0049", "code_iris": "333180120", "nom_iris": "Parc Industriel", "nb_batiments": 1, "annee_construction": "", "footprint_m2": "", "footprint_sum_m2": 2626.665815139554, "siren_status": "none", "status_technique": "no_candidate", "status_metier": "none", "siret_count": 0, "passerelle_address": "", "passerelle_indice_norm": "", "passerelle_numero_match": "", "passerelle_addresses_json": "[]", "sirets_json": "[]", "sirens_json": "[]", "matching_confidence": 0.0, "matching_reason": "", "matching_status": "mono", "matching_decision": "", "matching_siren_selected": "", "matching_debug_json": "", "parcelles_json": "", "buildings_json": "[{\"batiment_construction_id\": \"w:218782755\", \"bdnb_batiment_construction_id\": \"bdnb-bg-T4NQ-2KLG-HL3X:1\", \"batiment_groupe_id\": \"bdnb-bg-T4NQ-2KLG-HL3X\", \"annee_construction\": 1981, \"footprint_m2\": 2626.665815139554, \"intersection_area_m2\": 2626.6089757289183, \"osm_building_id\": \"w:218782755\", \"osm_match_status\": \"matched\", \"osm_bdnb_intersection_area_m2\": 2625.400981019932, \"osm_address_text\": \"\", \"matching_status\": \"mono\", \"matching_decision\": \"mono\", \"matching_siren_selected\": \"\"}]", "building_geometries_json": "[{\"batiment_construction_id\": \"w:218782755\", \"bdnb_batiment_construction_id\": \"bdnb-bg-T4NQ-2KLG-HL3X:1\", \"batiment_groupe_id\": \"bdnb-bg-T4NQ-2KLG-HL3X\", \"osm_building_id\": \"w:218782755\", \"osm_match_status\": \"matched\", \"osm_bdnb_intersection_area_m2\": 2625.400981019932, \"osm_address_text\": \"\", \"annee_construction\": 1981, \"footprint_m2\": 2626.665815139554, \"geometry\": {\"type\": \"MultiPolygon\", \"coordinates\": [[[[-0.660275, 44.778112], [-0.659745, 44.77835], [-0.660053, 44.778697], [-0.660633, 44.778439], [-0.66053, 44.77832], [-0.660592, 44.778292], [-0.660491, 44.778178], [-0.660555, 44.778149], [-0.660543, 44.778136], [-0.660326, 44.778124], [-0.6602769, 44.7781124], [-0.660275, 44.778112]]]]}}]", "google_fallback_attempted": "false", "google_fallback_success": "false", "google_fallback_group_id": "", "google_nearby_status": "", "google_nearby_error": "", "google_raw_nearby_count": "0", "google_excluded_outside_parcel": "0", "google_nearby_ranked_json": "[]", "google_winner_place_id": "", "google_winner_name": "", "google_anchor_address": "", "google_api_gouv_query": "", "google_api_gouv_etablissements_count": "0", "google_reject_reason": "", "osm_pois_json": "[]", "osm_poi_count": 0, "osm_pois_status": "ok", "osm_poi_truncated": 0, "osm_data_as_of": ""}, "geometry": {"type": "MultiPolygon", "coordinates": [[[[-0.6595379, 44.7783668], [-0.6599757, 44.7788639], [-0.6600282, 44.7788728], [-0.660101, 44.7788853], [-0.6607661, 44.7785878], [-0.6607085, 44.7784012], [-0.6606287, 44.7781411], [-0.6605438, 44.7781362], [-0.6603268, 44.7781238], [-0.6602752, 44.7781116], [-0.660258, 44.7781075], [-0.6601802, 44.7780832], [-0.659571, 44.7783523], [-0.6595379, 44.7783668]]]]}, "id": "parcelle:33318:HS:0049"}, {"type": "Feature", "properties": {"scout_v5_id": "parcelle:33318:ET:0093", "grain": "parcelle", "batiment_construction_id": "", "bdnb_batiment_construction_id": "", "batiment_groupe_id": "", "osm_building_id": "", "osm_match_status": "", "osm_bdnb_intersection_area_m2": "", "osm_address_text": "", "code_insee": "33318", "section": "ET", "numero_norm": "0093", "code_iris": "333180120", "nom_iris": "Parc Industriel", "nb_batiments": 1, "annee_construction": "", "footprint_m2": "", "footprint_sum_m2": 3623.4862359657927, "siren_status": "none", "status_technique": "no_candidate", "status_metier": "none", "siret_count": 0, "passerelle_address": "", "passerelle_indice_norm": "", "passerelle_numero_match": "", "passerelle_addresses_json": "[]", "sirets_json": "[]", "sirens_json": "[]", "matching_confidence": 0.0, "matching_reason": "", "matching_status": "mono", "matching_decision": "", "matching_siren_selected": "", "matching_debug_json": "", "parcelles_json": "", "buildings_json": "[{\"batiment_construction_id\": \"w:218782798\", \"bdnb_batiment_construction_id\": \"bdnb-bg-KXJV-MFPB-D5Q4:2\", \"batiment_groupe_id\": \"bdnb-bg-KXJV-MFPB-D5Q4\", \"annee_construction\": 1900, \"footprint_m2\": 3623.4862359657927, \"intersection_area_m2\": 3623.4231282357605, \"osm_building_id\": \"w:218782798\", \"osm_match_status\": \"matched\", \"osm_bdnb_intersection_area_m2\": 3621.1113329027216, \"osm_address_text\": \"\", \"matching_status\": \"mono\", \"matching_decision\": \"mono\", \"matching_siren_selected\": \"\"}]", "building_geometries_json": "[{\"batiment_construction_id\": \"w:218782798\", \"bdnb_batiment_construction_id\": \"bdnb-bg-KXJV-MFPB-D5Q4:2\", \"batiment_groupe_id\": \"bdnb-bg-KXJV-MFPB-D5Q4\", \"osm_building_id\": \"w:218782798\", \"osm_match_status\": \"matched\", \"osm_bdnb_intersection_area_m2\": 3621.1113329027216, \"osm_address_text\": \"\", \"annee_construction\": 1900, \"footprint_m2\": 3623.4862359657927, \"geometry\": {\"type\": \"MultiPolygon\", \"coordinates\": [[[[-0.648862, 44.790299], [-0.648615, 44.79055], [-0.648989, 44.790738], [-0.648952, 44.790776], [-0.649449, 44.791028], [-0.649788, 44.790691], [-0.649487, 44.79054], [-0.649406, 44.790499], [-0.649032, 44.790311], [-0.648984, 44.790361], [-0.648862, 44.790299]]]]}}]", "google_fallback_attempted": "false", "google_fallback_success": "false", "google_fallback_group_id": "", "google_nearby_status": "", "google_nearby_error": "", "google_raw_nearby_count": "0", "google_excluded_outside_parcel": "0", "google_nearby_ranked_json": "[]", "google_winner_place_id": "", "google_winner_name": "", "google_anchor_address": "", "google_api_gouv_query": "", "google_api_gouv_etablissements_count": "0", "google_reject_reason": "", "osm_pois_json": "[]", "osm_poi_count": 0, "osm_pois_status": "ok", "osm_poi_truncated": 0, "osm_data_as_of": ""}, "geometry": {"type": "MultiPolygon", "coordinates": [[[[-0.6487572, 44.7902466], [-0.648227, 44.7907865], [-0.6492661, 44.7912941], [-0.6493803, 44.7912048], [-0.6494652, 44.7910959], [-0.6497565, 44.7909639], [-0.6497708, 44.7909573], [-0.6498583, 44.7909009], [-0.6499363, 44.7908283], [-0.6500888, 44.790682], [-0.6501946, 44.7905803], [-0.6502524, 44.7905127], [-0.6502402, 44.7904355], [-0.6501967, 44.7904142], [-0.650169, 44.7904422], [-0.6501399, 44.7904717], [-0.6500956, 44.7904498], [-0.6501237, 44.7904211], [-0.6501522, 44.7903921], [-0.6497223, 44.7901799], [-0.6496301, 44.7902729], [-0.6494062, 44.7904992], [-0.6492852, 44.7904382], [-0.6491048, 44.7903476], [-0.6490319, 44.7903109], [-0.6489841, 44.7903606], [-0.6488622, 44.7902993], [-0.6487572, 44.7902466]]]]}, "id": "parcelle:33318:ET:0093"}, {"type": "Feature", "properties": {"scout_v5_id": "parcelle:33318:HB:0103", "grain": "parcelle", "batiment_construction_id": "", "bdnb_batiment_construction_id": "", "batiment_groupe_id": "", "osm_building_id": "", "osm_match_status": "", "osm_bdnb_intersection_area_m2": "", "osm_address_text": "", "code_insee": "33318", "section": "HB", "numero_norm": "0103", "code_iris": "333180120", "nom_iris": "Parc Industriel", "nb_batiments": 1, "annee_construction": "", "footprint_m2": "", "footprint_sum_m2": 968.854813704173, "siren_status": "none", "status_technique": "no_candidate", "status_metier": "none", "siret_count": 0, "passerelle_address": "", "passerelle_indice_norm": "", "passerelle_numero_match": "", "passerelle_addresses_json": "[]", "sirets_json": "[]", "sirens_json": "[]", "matching_confidence": 0.0, "matching_reason": "", "matching_status": "mono", "matching_decision": "", "matching_siren_selected": "", "matching_debug_json": "", "parcelles_json": "", "buildings_json": "[{\"batiment_construction_id\": \"w:218782856\", \"bdnb_batiment_construction_id\": null, \"batiment_groupe_id\": null, \"annee_construction\": null, \"footprint_m2\": 968.854813704173, \"intersection_area_m2\": 208.3192249309224, \"osm_building_id\": \"w:218782856\", \"osm_match_status\": \"low_overlap\", \"osm_bdnb_intersection_area_m2\": 0.7330951593713648, \"osm_address_text\": \"\", \"matching_status\": \"partage\", \"matching_decision\": \"unique_by_intersection\", \"matching_siren_selected\": \"\"}]", "building_geometries_json": "[{\"batiment_construction_id\": \"w:218782856\", \"bdnb_batiment_construction_id\": null, \"batiment_groupe_id\": null, \"osm_building_id\": \"w:218782856\", \"osm_match_status\": \"low_overlap\", \"osm_bdnb_intersection_area_m2\": 0.7330951593713648, \"osm_address_text\": \"\", \"annee_construction\": null, \"footprint_m2\": 968.854813704173, \"geometry\": {\"type\": \"MultiPolygon\", \"coordinates\": [[[[-0.63354, 44.787362], [-0.632833, 44.787446], [-0.632846, 44.787502], [-0.6328034, 44.787507], [-0.6328156, 44.78756], [-0.632859, 44.787555], [-0.632871, 44.787609], [-0.63317, 44.787573], [-0.633164, 44.787549], [-0.633572, 44.7875], [-0.63354, 44.787362]]]]}}]", "google_fallback_attempted": "false", "google_fallback_success": "false", "google_fallback_group_id": "", "google_nearby_status": "", "google_nearby_error": "", "google_raw_nearby_count": "0", "google_excluded_outside_parcel": "0", "google_nearby_ranked_json": "[]", "google_winner_place_id": "", "google_winner_name": "", "google_anchor_address": "", "google_api_gouv_query": "", "google_api_gouv_etablissements_count": "0", "google_reject_reason": "", "osm_pois_json": "[]", "osm_poi_count": 0, "osm_pois_status": "ok", "osm_poi_truncated": 0, "osm_data_as_of": ""}, "geometry": {"type": "MultiPolygon", "coordinates": [[[[-0.6325928, 44.7877503], [-0.6330454, 44.7876325], [-0.6325992, 44.7868144], [-0.6325835, 44.7868213], [-0.6320521, 44.7870548], [-0.6318606, 44.7871389], [-0.6317352, 44.787194], [-0.6321683, 44.7877664], [-0.6322424, 44.7877831], [-0.6324148, 44.7877719], [-0.6325928, 44.7877503]]]]}, "id": "parcelle:33318:HB:0103"}, {"type": "Feature", "properties": {"scout_v5_id": "parcelle:33318:HB:0114", "grain": "parcelle", "batiment_construction_id": "", "bdnb_batiment_construction_id": "", "batiment_groupe_id": "", "osm_building_id": "", "osm_match_status": "", "osm_bdnb_intersection_area_m2": "", "osm_address_text": "", "code_insee": "33318", "section": "HB", "numero_norm": "0114", "code_iris": "333180120", "nom_iris": "Parc Industriel", "nb_batiments": 1, "annee_construction": "", "footprint_m2": "", "footprint_sum_m2": 968.854813704173, "siren_status": "none", "status_technique": "no_candidate", "status_metier": "none", "siret_count": 0, "passerelle_address": "", "passerelle_indice_norm": "", "passerelle_numero_match": "", "passerelle_addresses_json": "[]", "sirets_json": "[]", "sirens_json": "[]", "matching_confidence": 0.0, "matching_reason": "", "matching_status": "mono", "matching_decision": "", "matching_siren_selected": "", "matching_debug_json": "", "parcelles_json": "", "buildings_json": "[{\"batiment_construction_id\": \"w:218782856\", \"bdnb_batiment_construction_id\": null, \"batiment_groupe_id\": null, \"annee_construction\": null, \"footprint_m2\": 968.854813704173, \"intersection_area_m2\": 759.9548312070857, \"osm_building_id\": \"w:218782856\", \"osm_match_status\": \"low_overlap\", \"osm_bdnb_intersection_area_m2\": 0.7330951593713648, \"osm_address_text\": \"\", \"matching_status\": \"partage\", \"matching_decision\": \"unique_by_intersection\", \"matching_siren_selected\": \"\"}]", "building_geometries_json": "[{\"batiment_construction_id\": \"w:218782856\", \"bdnb_batiment_construction_id\": null, \"batiment_groupe_id\": null, \"osm_building_id\": \"w:218782856\", \"osm_match_status\": \"low_overlap\", \"osm_bdnb_intersection_area_m2\": 0.7330951593713648, \"osm_address_text\": \"\", \"annee_construction\": null, \"footprint_m2\": 968.854813704173, \"geometry\": {\"type\": \"MultiPolygon\", \"coordinates\": [[[[-0.63354, 44.787362], [-0.632833, 44.787446], [-0.632846, 44.787502], [-0.6328034, 44.787507], [-0.6328156, 44.78756], [-0.632859, 44.787555], [-0.632871, 44.787609], [-0.63317, 44.787573], [-0.633164, 44.787549], [-0.633572, 44.7875], [-0.63354, 44.787362]]]]}}]", "google_fallback_attempted": "false", "google_fallback_success": "false", "google_fallback_group_id": "", "google_nearby_status": "", "google_nearby_error": "", "google_raw_nearby_count": "0", "google_excluded_outside_parcel": "0", "google_nearby_ranked_json": "[]", "google_winner_place_id": "", "google_winner_name": "", "google_anchor_address": "", "google_api_gouv_query": "", "google_api_gouv_etablissements_count": "0", "google_reject_reason": "", "osm_pois_json": "[]", "osm_poi_count": 0, "osm_pois_status": "ok", "osm_poi_truncated": 0, "osm_data_as_of": ""}, "geometry": {"type": "MultiPolygon", "coordinates": [[[[-0.6330454, 44.7876325], [-0.6331526, 44.7876047], [-0.6336521, 44.7874748], [-0.6336426, 44.787461], [-0.6337289, 44.787431], [-0.6333577, 44.7868841], [-0.633151, 44.7865797], [-0.6329112, 44.7866817], [-0.6329009, 44.7866861], [-0.6325992, 44.7868144], [-0.6330454, 44.7876325]]]]}, "id": "parcelle:33318:HB:0114"}, {"type": "Feature", "properties": {"scout_v5_id": "parcelle:33318:EK:0777", "grain": "parcelle", "batiment_construction_id": "", "bdnb_batiment_construction_id": "", "batiment_groupe_id": "", "osm_building_id": "", "osm_match_status": "", "osm_bdnb_intersection_area_m2": "", "osm_address_text": "", "code_insee": "33318", "section": "EK", "numero_norm": "0777", "code_iris": "333180111", "nom_iris": "Cap de Bos", "nb_batiments": 1, "annee_construction": "", "footprint_m2": "", "footprint_sum_m2": 423.78100060460486, "siren_status": "none", "status_technique": "no_candidate", "status_metier": "none", "siret_count": 0, "passerelle_address": "", "passerelle_indice_norm": "", "passerelle_numero_match": "", "passerelle_addresses_json": "[]", "sirets_json": "[]", "sirens_json": "[]", "matching_confidence": 0.0, "matching_reason": "", "matching_status": "mono", "matching_decision": "", "matching_siren_selected": "", "matching_debug_json": "", "parcelles_json": "", "buildings_json": "[{\"batiment_construction_id\": \"w:218782878\", \"bdnb_batiment_construction_id\": \"bdnb-bg-AEC5-UUGL-C3W2:1\", \"batiment_groupe_id\": \"bdnb-bg-AEC5-UUGL-C3W2\", \"annee_construction\": 2005, \"footprint_m2\": 423.78100060460486, \"intersection_area_m2\": 423.781000604605, \"osm_building_id\": \"w:218782878\", \"osm_match_status\": \"matched\", \"osm_bdnb_intersection_area_m2\": 388.4113129496254, \"osm_address_text\": \"\", \"matching_status\": \"mono\", \"matching_decision\": \"mono\", \"matching_siren_selected\": \"\"}]", "building_geometries_json": "[{\"batiment_construction_id\": \"w:218782878\", \"bdnb_batiment_construction_id\": \"bdnb-bg-AEC5-UUGL-C3W2:1\", \"batiment_groupe_id\": \"bdnb-bg-AEC5-UUGL-C3W2\", \"osm_building_id\": \"w:218782878\", \"osm_match_status\": \"matched\", \"osm_bdnb_intersection_area_m2\": 388.4113129496254, \"osm_address_text\": \"\", \"annee_construction\": 2005, \"footprint_m2\": 423.78100060460486, \"geometry\": {\"type\": \"MultiPolygon\", \"coordinates\": [[[[-0.682844, 44.785797], [-0.682818, 44.785809], [-0.682892, 44.785887], [-0.683002, 44.785835], [-0.68293, 44.785759], [-0.682957, 44.785746], [-0.682746, 44.785522], [-0.682635, 44.785575], [-0.6827169, 44.785662], [-0.6827717, 44.7857202], [-0.682844, 44.785797]]]]}}]", "google_fallback_attempted": "false", "google_fallback_success": "false", "google_fallback_group_id": "", "google_nearby_status": "", "google_nearby_error": "", "google_raw_nearby_count": "0", "google_excluded_outside_parcel": "0", "google_nearby_ranked_json": "[]", "google_winner_place_id": "", "google_winner_name": "", "google_anchor_address": "", "google_api_gouv_query": "", "google_api_gouv_etablissements_count": "0", "google_reject_reason": "", "osm_pois_json": "[]", "osm_poi_count": 0, "osm_pois_status": "ok", "osm_poi_truncated": 0, "osm_data_as_of": ""}, "geometry": {"type": "MultiPolygon", "coordinates": [[[[-0.683096, 44.7859579], [-0.6831831, 44.7859172], [-0.6827506, 44.7854609], [-0.6828292, 44.785423], [-0.6827633, 44.785354], [-0.6826779, 44.7853963], [-0.6824985, 44.7854843], [-0.6825436, 44.7855827], [-0.6825014, 44.7855926], [-0.6826549, 44.7859226], [-0.6827407, 44.7861115], [-0.6827456, 44.7861224], [-0.6828724, 44.786063], [-0.683096, 44.7859579]]]]}, "id": "parcelle:33318:EK:0777"}, {"type": "Feature", "properties": {"scout_v5_id": "parcelle:33318:HS:0015", "grain": "parcelle", "batiment_construction_id": "", "bdnb_batiment_construction_id": "", "batiment_groupe_id": "", "osm_building_id": "", "osm_match_status": "", "osm_bdnb_intersection_area_m2": "", "osm_address_text": "", "code_insee": "33318", "section": "HS", "numero_norm": "0015", "code_iris": "333180120", "nom_iris": "Parc Industriel", "nb_batiments": 1, "annee_construction": "", "footprint_m2": "", "footprint_sum_m2": 1296.1425967685361, "siren_status": "none", "status_technique": "no_candidate", "status_metier": "none", "siret_count": 0, "passerelle_address": "", "passerelle_indice_norm": "", "passerelle_numero_match": "", "passerelle_addresses_json": "[]", "sirets_json": "[]", "sirens_json": "[]", "matching_confidence": 0.0, "matching_reason": "", "matching_status": "mono", "matching_decision": "", "matching_siren_selected": "", "matching_debug_json": "", "parcelles_json": "", "buildings_json": "[{\"batiment_construction_id\": \"w:218782883\", \"bdnb_batiment_construction_id\": \"bdnb-bg-DK61-3CP6-SARB:1\", \"batiment_groupe_id\": \"bdnb-bg-DK61-3CP6-SARB\", \"annee_construction\": 1985, \"footprint_m2\": 1296.1425967685361, \"intersection_area_m2\": 1296.1425967685361, \"osm_building_id\": \"w:218782883\", \"osm_match_status\": \"matched\", \"osm_bdnb_intersection_area_m2\": 1292.855225061091, \"osm_address_text\": \"\", \"matching_status\": \"mono\", \"matching_decision\": \"mono\", \"matching_siren_selected\": \"\"}]", "building_geometries_json": "[{\"batiment_construction_id\": \"w:218782883\", \"bdnb_batiment_construction_id\": \"bdnb-bg-DK61-3CP6-SARB:1\", \"batiment_groupe_id\": \"bdnb-bg-DK61-3CP6-SARB\", \"osm_building_id\": \"w:218782883\", \"osm_match_status\": \"matched\", \"osm_bdnb_intersection_area_m2\": 1292.855225061091, \"osm_address_text\": \"\", \"annee_construction\": 1985, \"footprint_m2\": 1296.1425967685361, \"geometry\": {\"type\": \"MultiPolygon\", \"coordinates\": [[[[-0.658726, 44.777944], [-0.65866, 44.777868], [-0.658367, 44.777998], [-0.658403, 44.77804], [-0.658417, 44.778034], [-0.658517, 44.778148], [-0.658354, 44.77822], [-0.658512, 44.778404], [-0.658884, 44.77824], [-0.658654, 44.777976], [-0.658726, 44.777944]]]]}}]", "google_fallback_attempted": "false", "google_fallback_success": "false", "google_fallback_group_id": "", "google_nearby_status": "", "google_nearby_error": "", "google_raw_nearby_count": "0", "google_excluded_outside_parcel": "0", "google_nearby_ranked_json": "[]", "google_winner_place_id": "", "google_winner_name": "", "google_anchor_address": "", "google_api_gouv_query": "", "google_api_gouv_etablissements_count": "0", "google_reject_reason": "", "osm_pois_json": "[]", "osm_poi_count": 0, "osm_pois_status": "ok", "osm_poi_truncated": 0, "osm_data_as_of": ""}, "geometry": {"type": "MultiPolygon", "coordinates": [[[[-0.6579765, 44.7781226], [-0.6581378, 44.7783058], [-0.6583454, 44.778541], [-0.6590893, 44.7782074], [-0.6587403, 44.777812], [-0.6587196, 44.7777882], [-0.6586858, 44.7778034], [-0.6579765, 44.7781226]]]]}, "id": "parcelle:33318:HS:0015"}, {"type": "Feature", "properties": {"scout_v5_id": "parcelle:33318:HB:0052", "grain": "parcelle", "batiment_construction_id": "", "bdnb_batiment_construction_id": "", "batiment_groupe_id": "", "osm_building_id": "", "osm_match_status": "", "osm_bdnb_intersection_area_m2": "", "osm_address_text": "", "code_insee": "33318", "section": "HB", "numero_norm": "0052", "code_iris": "333180120", "nom_iris": "Parc Industriel", "nb_batiments": 1, "annee_construction": "", "footprint_m2": "", "footprint_sum_m2": 649.7420487333633, "siren_status": "none", "status_technique": "no_candidate", "status_metier": "none", "siret_count": 0, "passerelle_address": "", "passerelle_indice_norm": "", "passerelle_numero_match": "", "passerelle_addresses_json": "[]", "sirets_json": "[]", "sirens_json": "[]", "matching_confidence": 0.0, "matching_reason": "", "matching_status": "mono", "matching_decision": "", "matching_siren_selected": "", "matching_debug_json": "", "parcelles_json": "", "buildings_json": "[{\"batiment_construction_id\": \"w:218782925\", \"bdnb_batiment_construction_id\": \"bdnb-bg-DYVJ-HNC4-HJWU:1\", \"batiment_groupe_id\": \"bdnb-bg-DYVJ-HNC4-HJWU\", \"annee_construction\": 2022, \"footprint_m2\": 649.7420487333633, \"intersection_area_m2\": 325.2527926910422, \"osm_building_id\": \"w:218782925\", \"osm_match_status\": \"matched\", \"osm_bdnb_intersection_area_m2\": 613.395515667292, \"osm_address_text\": \"\", \"matching_status\": \"partage\", \"matching_decision\": \"unique_by_intersection\", \"matching_siren_selected\": \"\"}]", "building_geometries_json": "[{\"batiment_construction_id\": \"w:218782925\", \"bdnb_batiment_construction_id\": \"bdnb-bg-DYVJ-HNC4-HJWU:1\", \"batiment_groupe_id\": \"bdnb-bg-DYVJ-HNC4-HJWU\", \"osm_building_id\": \"w:218782925\", \"osm_match_status\": \"matched\", \"osm_bdnb_intersection_area_m2\": 613.395515667292, \"osm_address_text\": \"\", \"annee_construction\": 2022, \"footprint_m2\": 649.7420487333633, \"geometry\": {\"type\": \"MultiPolygon\", \"coordinates\": [[[[-0.631249, 44.787238], [-0.631273, 44.787312], [-0.631279, 44.787331], [-0.63124, 44.787374], [-0.63122, 44.787376], [-0.631101, 44.78739], [-0.631106, 44.787443], [-0.631108, 44.787466], [-0.631111, 44.787509], [-0.631323, 44.787494], [-0.631464, 44.787473], [-0.631452, 44.787432], [-0.631535, 44.787344], [-0.631448, 44.787301], [-0.631412, 44.787207], [-0.631249, 44.787238]]]]}}]", "google_fallback_attempted": "false", "google_fallback_success": "false", "google_fallback_group_id": "", "google_nearby_status": "", "google_nearby_error": "", "google_raw_nearby_count": "0", "google_excluded_outside_parcel": "0", "google_nearby_ranked_json": "[]", "google_winner_place_id": "", "google_winner_name": "", "google_anchor_address": "", "google_api_gouv_query": "", "google_api_gouv_etablissements_count": "0", "google_reject_reason": "", "osm_pois_json": "[]", "osm_poi_count": 0, "osm_pois_status": "ok", "osm_poi_truncated": 0, "osm_data_as_of": ""}, "geometry": {"type": "MultiPolygon", "coordinates": [[[[-0.6315161, 44.7875916], [-0.6317332, 44.7875153], [-0.6316023, 44.7872524], [-0.6315774, 44.7872634], [-0.6314298, 44.7872531], [-0.6313293, 44.7872461], [-0.6313115, 44.7872262], [-0.630898, 44.7867652], [-0.630751, 44.7866012], [-0.6307227, 44.7867233], [-0.6312671, 44.7873187], [-0.6312787, 44.7873314], [-0.6314142, 44.78748], [-0.6315161, 44.7875916]]]]}, "id": "parcelle:33318:HB:0052"}, {"type": "Feature", "properties": {"scout_v5_id": "parcelle:33318:HB:0053", "grain": "parcelle", "batiment_construction_id": "", "bdnb_batiment_construction_id": "", "batiment_groupe_id": "", "osm_building_id": "", "osm_match_status": "", "osm_bdnb_intersection_area_m2": "", "osm_address_text": "", "code_insee": "33318", "section": "HB", "numero_norm": "0053", "code_iris": "333180120", "nom_iris": "Parc Industriel", "nb_batiments": 1, "annee_construction": "", "footprint_m2": "", "footprint_sum_m2": 649.7420487333633, "siren_status": "none", "status_technique": "no_candidate", "status_metier": "none", "siret_count": 0, "passerelle_address": "", "passerelle_indice_norm": "", "passerelle_numero_match": "", "passerelle_addresses_json": "[]", "sirets_json": "[]", "sirens_json": "[]", "matching_confidence": 0.0, "matching_reason": "", "matching_status": "mono", "matching_decision": "", "matching_siren_selected": "", "matching_debug_json": "", "parcelles_json": "", "buildings_json": "[{\"batiment_construction_id\": \"w:218782925\", \"bdnb_batiment_construction_id\": \"bdnb-bg-DYVJ-HNC4-HJWU:1\", \"batiment_groupe_id\": \"bdnb-bg-DYVJ-HNC4-HJWU\", \"annee_construction\": 2022, \"footprint_m2\": 649.7420487333633, \"intersection_area_m2\": 294.38875290634235, \"osm_building_id\": \"w:218782925\", \"osm_match_status\": \"matched\", \"osm_bdnb_intersection_area_m2\": 613.395515667292, \"osm_address_text\": \"\", \"matching_status\": \"partage\", \"matching_decision\": \"unique_by_intersection\", \"matching_siren_selected\": \"\"}]", "building_geometries_json": "[{\"batiment_construction_id\": \"w:218782925\", \"bdnb_batiment_construction_id\": \"bdnb-bg-DYVJ-HNC4-HJWU:1\", \"batiment_groupe_id\": \"bdnb-bg-DYVJ-HNC4-HJWU\", \"osm_building_id\": \"w:218782925\", \"osm_match_status\": \"matched\", \"osm_bdnb_intersection_area_m2\": 613.395515667292, \"osm_address_text\": \"\", \"annee_construction\": 2022, \"footprint_m2\": 649.7420487333633, \"geometry\": {\"type\": \"MultiPolygon\", \"coordinates\": [[[[-0.631249, 44.787238], [-0.631273, 44.787312], [-0.631279, 44.787331], [-0.63124, 44.787374], [-0.63122, 44.787376], [-0.631101, 44.78739], [-0.631106, 44.787443], [-0.631108, 44.787466], [-0.631111, 44.787509], [-0.631323, 44.787494], [-0.631464, 44.787473], [-0.631452, 44.787432], [-0.631535, 44.787344], [-0.631448, 44.787301], [-0.631412, 44.787207], [-0.631249, 44.787238]]]]}}]", "google_fallback_attempted": "false", "google_fallback_success": "false", "google_fallback_group_id": "", "google_nearby_status": "", "google_nearby_error": "", "google_raw_nearby_count": "0", "google_excluded_outside_parcel": "0", "google_nearby_ranked_json": "[]", "google_winner_place_id": "", "google_winner_name": "", "google_anchor_address": "", "google_api_gouv_query": "", "google_api_gouv_etablissements_count": "0", "google_reject_reason": "", "osm_pois_json": "[]", "osm_poi_count": 0, "osm_pois_status": "ok", "osm_poi_truncated": 0, "osm_data_as_of": ""}, "geometry": {"type": "MultiPolygon", "coordinates": [[[[-0.6309971, 44.7864188], [-0.6304996, 44.7866352], [-0.6305468, 44.7866931], [-0.6305726, 44.7867463], [-0.6305126, 44.7867726], [-0.630565, 44.7868873], [-0.6299346, 44.7871735], [-0.6298918, 44.7872003], [-0.6298201, 44.7872311], [-0.6295166, 44.7874098], [-0.6295997, 44.7874849], [-0.6300627, 44.787758], [-0.6303076, 44.7878239], [-0.630587, 44.7878988], [-0.6308396, 44.7879057], [-0.6311986, 44.7879155], [-0.6314819, 44.7878956], [-0.6315102, 44.7878935], [-0.6320385, 44.7878806], [-0.6320011, 44.7878654], [-0.631989, 44.7878609], [-0.6319773, 44.7878561], [-0.6319657, 44.7878509], [-0.6319547, 44.7878453], [-0.631944, 44.7878393], [-0.6319336, 44.7878332], [-0.6319235, 44.7878266], [-0.6319138, 44.7878198], [-0.6319132, 44.7878193], [-0.6319046, 44.7878127], [-0.6318959, 44.7878054], [-0.6318876, 44.7877976], [-0.6318797, 44.7877898], [-0.6318725, 44.7877816], [-0.6318656, 44.7877733], [-0.6318594, 44.7877647], [-0.6318535, 44.787756], [-0.6318483, 44.7877471], [-0.6318435, 44.787738], [-0.6318392, 44.7877288], [-0.6318369, 44.7877238], [-0.6315161, 44.7875916], [-0.6314142, 44.78748], [-0.6312787, 44.7873314], [-0.6312671, 44.7873187], [-0.6307227, 44.7867233], [-0.630751, 44.7866012], [-0.6310293, 44.7864812], [-0.6310137, 44.78646], [-0.6310007, 44.7864331], [-0.6309971, 44.7864188]]]]}, "id": "parcelle:33318:HB:0053"}, {"type": "Feature", "properties": {"scout_v5_id": "parcelle:33318:CO:0163", "grain": "parcelle", "batiment_construction_id": "", "bdnb_batiment_construction_id": "", "batiment_groupe_id": "", "osm_building_id": "", "osm_match_status": "", "osm_bdnb_intersection_area_m2": "", "osm_address_text": "", "code_insee": "33318", "section": "CO", "numero_norm": "0163", "code_iris": "333180112", "nom_iris": "Cazalet", "nb_batiments": 1, "annee_construction": "", "footprint_m2": "", "footprint_sum_m2": 1030.3170847281672, "siren_status": "none", "status_technique": "no_candidate", "status_metier": "none", "siret_count": 0, "passerelle_address": "", "passerelle_indice_norm": "", "passerelle_numero_match": "", "passerelle_addresses_json": "[]", "sirets_json": "[]", "sirens_json": "[]", "matching_confidence": 0.0, "matching_reason": "", "matching_status": "mono", "matching_decision": "", "matching_siren_selected": "", "matching_debug_json": "", "parcelles_json": "", "buildings_json": "[{\"batiment_construction_id\": \"w:218782960\", \"bdnb_batiment_construction_id\": null, \"batiment_groupe_id\": null, \"annee_construction\": null, \"footprint_m2\": 1030.3170847281672, \"intersection_area_m2\": 1028.2915077683147, \"osm_building_id\": \"w:218782960\", \"osm_match_status\": \"unmatched\", \"osm_bdnb_intersection_area_m2\": null, \"osm_address_text\": \"\", \"matching_status\": \"mono\", \"matching_decision\": \"mono\", \"matching_siren_selected\": \"\"}]", "building_geometries_json": "[{\"batiment_construction_id\": \"w:218782960\", \"bdnb_batiment_construction_id\": null, \"batiment_groupe_id\": null, \"osm_building_id\": \"w:218782960\", \"osm_match_status\": \"unmatched\", \"osm_bdnb_intersection_area_m2\": null, \"osm_address_text\": \"\", \"annee_construction\": null, \"footprint_m2\": 1030.3170847281672, \"geometry\": {\"type\": \"MultiPolygon\", \"coordinates\": [[[[-0.67598, 44.799943], [-0.676095, 44.799945], [-0.676096, 44.799914], [-0.676911, 44.799934], [-0.676908, 44.799987], [-0.677026, 44.79999], [-0.677041, 44.7997], [-0.676923, 44.799696], [-0.676915, 44.799848], [-0.676041, 44.799828], [-0.675985, 44.799826], [-0.67598, 44.799943]]]]}}]", "google_fallback_attempted": "false", "google_fallback_success": "false", "google_fallback_group_id": "", "google_nearby_status": "", "google_nearby_error": "", "google_raw_nearby_count": "0", "google_excluded_outside_parcel": "0", "google_nearby_ranked_json": "[]", "google_winner_place_id": "", "google_winner_name": "", "google_anchor_address": "", "google_api_gouv_query": "", "google_api_gouv_etablissements_count": "0", "google_reject_reason": "", "osm_pois_json": "[]", "osm_poi_count": 0, "osm_pois_status": "ok", "osm_poi_truncated": 0, "osm_data_as_of": ""}, "geometry": {"type": "MultiPolygon", "coordinates": [[[[-0.6760047, 44.799413], [-0.6759998, 44.7995116], [-0.6759418, 44.799509], [-0.6759153, 44.7999395], [-0.6759794, 44.7999426], [-0.6760944, 44.7999455], [-0.6760967, 44.7999141], [-0.6769116, 44.7999335], [-0.6769102, 44.7999539], [-0.6769082, 44.7999865], [-0.6770262, 44.7999903], [-0.677041, 44.7996993], [-0.6771112, 44.7997011], [-0.6773905, 44.7997083], [-0.6773794, 44.7996445], [-0.6773596, 44.7995953], [-0.6773485, 44.7995786], [-0.6773361, 44.7995581], [-0.6773219, 44.7995374], [-0.6773093, 44.7995239], [-0.6772915, 44.7995063], [-0.6772798, 44.7994968], [-0.6772727, 44.79949], [-0.6772508, 44.799473], [-0.6772331, 44.799463], [-0.6772153, 44.799455], [-0.6771943, 44.7994484], [-0.6771744, 44.7994445], [-0.6771257, 44.7994433], [-0.6769332, 44.799438], [-0.6767658, 44.7994335], [-0.6766428, 44.7994303], [-0.6760047, 44.799413]]]]}, "id": "parcelle:33318:CO:0163"}, {"type": "Feature", "properties": {"scout_v5_id": "parcelle:33318:HH:0089", "grain": "parcelle", "batiment_construction_id": "", "bdnb_batiment_construction_id": "", "batiment_groupe_id": "", "osm_building_id": "", "osm_match_status": "", "osm_bdnb_intersection_area_m2": "", "osm_address_text": "", "code_insee": "33318", "section": "HH", "numero_norm": "0089", "code_iris": "333180120", "nom_iris": "Parc Industriel", "nb_batiments": 1, "annee_construction": "", "footprint_m2": "", "footprint_sum_m2": 518.6893659019972, "siren_status": "none", "status_technique": "no_candidate", "status_metier": "none", "siret_count": 0, "passerelle_address": "", "passerelle_indice_norm": "", "passerelle_numero_match": "", "passerelle_addresses_json": "[]", "sirets_json": "[]", "sirens_json": "[]", "matching_confidence": 0.0, "matching_reason": "", "matching_status": "mono", "matching_decision": "", "matching_siren_selected": "", "matching_debug_json": "", "parcelles_json": "", "buildings_json": "[{\"batiment_construction_id\": \"w:218783055\", \"bdnb_batiment_construction_id\": \"bdnb-bg-U6WZ-7LA1-1H3E:1\", \"batiment_groupe_id\": \"bdnb-bg-U6WZ-7LA1-1H3E\", \"annee_construction\": 1998, \"footprint_m2\": 518.6893659019972, \"intersection_area_m2\": 518.6893659019973, \"osm_building_id\": \"w:218783055\", \"osm_match_status\": \"matched\", \"osm_bdnb_intersection_area_m2\": 454.420706233676, \"osm_address_text\": \"\", \"matching_status\": \"mono\", \"matching_decision\": \"mono\", \"matching_siren_selected\": \"\"}]", "building_geometries_json": "[{\"batiment_construction_id\": \"w:218783055\", \"bdnb_batiment_construction_id\": \"bdnb-bg-U6WZ-7LA1-1H3E:1\", \"batiment_groupe_id\": \"bdnb-bg-U6WZ-7LA1-1H3E\", \"osm_building_id\": \"w:218783055\", \"osm_match_status\": \"matched\", \"osm_bdnb_intersection_area_m2\": 454.420706233676, \"osm_address_text\": \"\", \"annee_construction\": 1998, \"footprint_m2\": 518.6893659019972, \"geometry\": {\"type\": \"MultiPolygon\", \"coordinates\": [[[[-0.65635, 44.781437], [-0.656369, 44.781361], [-0.656137, 44.781326], [-0.656069, 44.78158], [-0.656304, 44.781609], [-0.656323, 44.781537], [-0.656311, 44.781535], [-0.656314, 44.781498], [-0.656305, 44.781496], [-0.656313, 44.781465], [-0.656323, 44.781467], [-0.65635, 44.781437]]]]}}]", "google_fallback_attempted": "false", "google_fallback_success": "false", "google_fallback_group_id": "", "google_nearby_status": "", "google_nearby_error": "", "google_raw_nearby_count": "0", "google_excluded_outside_parcel": "0", "google_nearby_ranked_json": "[]", "google_winner_place_id": "", "google_winner_name": "", "google_anchor_address": "", "google_api_gouv_query": "", "google_api_gouv_etablissements_count": "0", "google_reject_reason": "", "osm_pois_json": "[]", "osm_poi_count": 0, "osm_pois_status": "ok", "osm_poi_truncated": 0, "osm_data_as_of": ""}, "geometry": {"type": "MultiPolygon", "coordinates": [[[[-0.6558331, 44.7813938], [-0.6557465, 44.781711], [-0.6563699, 44.7817921], [-0.656477, 44.7813843], [-0.6564834, 44.7813593], [-0.6564885, 44.7813463], [-0.6564952, 44.7813345], [-0.6564974, 44.7813311], [-0.6560555, 44.7812721], [-0.6558331, 44.7813938]]]]}, "id": "parcelle:33318:HH:0089"}, {"type": "Feature", "properties": {"scout_v5_id": "parcelle:33318:HD:0005", "grain": "parcelle", "batiment_construction_id": "", "bdnb_batiment_construction_id": "", "batiment_groupe_id": "", "osm_building_id": "", "osm_match_status": "", "osm_bdnb_intersection_area_m2": "", "osm_address_text": "", "code_insee": "33318", "section": "HD", "numero_norm": "0005", "code_iris": "333180120", "nom_iris": "Parc Industriel", "nb_batiments": 1, "annee_construction": "", "footprint_m2": "", "footprint_sum_m2": 2084.2704426748737, "siren_status": "none", "status_technique": "no_candidate", "status_metier": "none", "siret_count": 0, "passerelle_address": "", "passerelle_indice_norm": "", "passerelle_numero_match": "", "passerelle_addresses_json": "[]", "sirets_json": "[]", "sirens_json": "[]", "matching_confidence": 0.0, "matching_reason": "", "matching_status": "mono", "matching_decision": "", "matching_siren_selected": "", "matching_debug_json": "", "parcelles_json": "", "buildings_json": "[{\"batiment_construction_id\": \"w:218783072\", \"bdnb_batiment_construction_id\": \"bdnb-bg-KS74-VQ78-M5TZ:1\", \"batiment_groupe_id\": \"bdnb-bg-KS74-VQ78-M5TZ\", \"annee_construction\": null, \"footprint_m2\": 2084.2704426748737, \"intersection_area_m2\": 2084.2704426748733, \"osm_building_id\": \"w:218783072\", \"osm_match_status\": \"matched\", \"osm_bdnb_intersection_area_m2\": 1986.9787873137022, \"osm_address_text\": \"\", \"matching_status\": \"mono\", \"matching_decision\": \"mono\", \"matching_siren_selected\": \"\"}]", "building_geometries_json": "[{\"batiment_construction_id\": \"w:218783072\", \"bdnb_batiment_construction_id\": \"bdnb-bg-KS74-VQ78-M5TZ:1\", \"batiment_groupe_id\": \"bdnb-bg-KS74-VQ78-M5TZ\", \"osm_building_id\": \"w:218783072\", \"osm_match_status\": \"matched\", \"osm_bdnb_intersection_area_m2\": 1986.9787873137022, \"osm_address_text\": \"\", \"annee_construction\": null, \"footprint_m2\": 2084.2704426748737, \"geometry\": {\"type\": \"MultiPolygon\", \"coordinates\": [[[[-0.64593, 44.783784], [-0.646244, 44.783585], [-0.645985, 44.783378], [-0.645939, 44.783407], [-0.645861, 44.783345], [-0.645913, 44.783311], [-0.645743, 44.783178], [-0.645695, 44.783209], [-0.645658, 44.783181], [-0.645393, 44.783352], [-0.645458, 44.783408], [-0.64593, 44.783784]]]]}}]", "google_fallback_attempted": "false", "google_fallback_success": "false", "google_fallback_group_id": "", "google_nearby_status": "", "google_nearby_error": "", "google_raw_nearby_count": "0", "google_excluded_outside_parcel": "0", "google_nearby_ranked_json": "[]", "google_winner_place_id": "", "google_winner_name": "", "google_anchor_address": "", "google_api_gouv_query": "", "google_api_gouv_etablissements_count": "0", "google_reject_reason": "", "osm_pois_json": "[]", "osm_poi_count": 0, "osm_pois_status": "ok", "osm_poi_truncated": 0, "osm_data_as_of": ""}, "geometry": {"type": "MultiPolygon", "coordinates": [[[[-0.6459799, 44.783933], [-0.6460915, 44.7838621], [-0.6461435, 44.783829], [-0.6464095, 44.7836595], [-0.6464236, 44.7835258], [-0.6461466, 44.7833032], [-0.6460997, 44.7832657], [-0.6457953, 44.7830212], [-0.6452618, 44.783363], [-0.6459799, 44.783933]]]]}, "id": "parcelle:33318:HD:0005"}, {"type": "Feature", "properties": {"scout_v5_id": "parcelle:33318:HE:0032", "grain": "parcelle", "batiment_construction_id": "", "bdnb_batiment_construction_id": "", "batiment_groupe_id": "", "osm_building_id": "", "osm_match_status": "", "osm_bdnb_intersection_area_m2": "", "osm_address_text": "", "code_insee": "33318", "section": "HE", "numero_norm": "0032", "code_iris": "333180120", "nom_iris": "Parc Industriel", "nb_batiments": 1, "annee_construction": "", "footprint_m2": "", "footprint_sum_m2": 1835.69572725813, "siren_status": "none", "status_technique": "no_candidate", "status_metier": "none", "siret_count": 0, "passerelle_address": "", "passerelle_indice_norm": "", "passerelle_numero_match": "", "passerelle_addresses_json": "[]", "sirets_json": "[]", "sirens_json": "[]", "matching_confidence": 0.0, "matching_reason": "", "matching_status": "mono", "matching_decision": "", "matching_siren_selected": "", "matching_debug_json": "", "parcelles_json": "", "buildings_json": "[{\"batiment_construction_id\": \"w:218783134\", \"bdnb_batiment_construction_id\": \"bdnb-bg-UAZL-53Y4-V75F:6\", \"batiment_groupe_id\": \"bdnb-bg-UAZL-53Y4-V75F\", \"annee_construction\": 2017, \"footprint_m2\": 1835.69572725813, \"intersection_area_m2\": 1835.6957272581303, \"osm_building_id\": \"w:218783134\", \"osm_match_status\": \"matched\", \"osm_bdnb_intersection_area_m2\": 1231.7050000011009, \"osm_address_text\": \"\", \"matching_status\": \"mono\", \"matching_decision\": \"mono\", \"matching_siren_selected\": \"\"}]", "building_geometries_json": "[{\"batiment_construction_id\": \"w:218783134\", \"bdnb_batiment_construction_id\": \"bdnb-bg-UAZL-53Y4-V75F:6\", \"batiment_groupe_id\": \"bdnb-bg-UAZL-53Y4-V75F\", \"osm_building_id\": \"w:218783134\", \"osm_match_status\": \"matched\", \"osm_bdnb_intersection_area_m2\": 1231.7050000011009, \"osm_address_text\": \"\", \"annee_construction\": 2017, \"footprint_m2\": 1835.69572725813, \"geometry\": {\"type\": \"MultiPolygon\", \"coordinates\": [[[[-0.6513546, 44.7785669], [-0.651072, 44.7785781], [-0.6511137, 44.7793452], [-0.6512604, 44.7793252], [-0.6512594, 44.7793076], [-0.6513881, 44.7793052], [-0.651368, 44.7789061], [-0.6513546, 44.7785669]]]]}}]", "google_fallback_attempted": "false", "google_fallback_success": "false", "google_fallback_group_id": "", "google_nearby_status": "", "google_nearby_error": "", "google_raw_nearby_count": "0", "google_excluded_outside_parcel": "0", "google_nearby_ranked_json": "[]", "google_winner_place_id": "", "google_winner_name": "", "google_anchor_address": "", "google_api_gouv_query": "", "google_api_gouv_etablissements_count": "0", "google_reject_reason": "", "osm_pois_json": "[]", "osm_poi_count": 0, "osm_pois_status": "ok", "osm_poi_truncated": 0, "osm_data_as_of": ""}, "geometry": {"type": "MultiPolygon", "coordinates": [[[[-0.6535603, 44.7784992], [-0.6533756, 44.7782934], [-0.6533165, 44.7782394], [-0.6532538, 44.7781974], [-0.6532009, 44.7781785], [-0.6531728, 44.7781732], [-0.6531442, 44.7781696], [-0.6530644, 44.778165], [-0.6530063, 44.7781641], [-0.6519113, 44.7781933], [-0.6516811, 44.7782059], [-0.6516093, 44.7782213], [-0.6515778, 44.7782358], [-0.6502702, 44.7788748], [-0.6502326, 44.7789923], [-0.6501686, 44.7790221], [-0.6502167, 44.7790719], [-0.6504631, 44.7793267], [-0.6506366, 44.7795064], [-0.6506957, 44.7795675], [-0.6510454, 44.7794118], [-0.6513497, 44.7794038], [-0.6515825, 44.7792999], [-0.651576, 44.7791695], [-0.6521558, 44.7789183], [-0.652187, 44.7789047], [-0.6525305, 44.7788959], [-0.6526806, 44.778892], [-0.6535603, 44.7784992]]]]}, "id": "parcelle:33318:HE:0032"}, {"type": "Feature", "properties": {"scout_v5_id": "parcelle:33318:HS:0048", "grain": "parcelle", "batiment_construction_id": "", "bdnb_batiment_construction_id": "", "batiment_groupe_id": "", "osm_building_id": "", "osm_match_status": "", "osm_bdnb_intersection_area_m2": "", "osm_address_text": "", "code_insee": "33318", "section": "HS", "numero_norm": "0048", "code_iris": "333180120", "nom_iris": "Parc Industriel", "nb_batiments": 1, "annee_construction": "", "footprint_m2": "", "footprint_sum_m2": 699.8148157680852, "siren_status": "none", "status_technique": "no_candidate", "status_metier": "none", "siret_count": 0, "passerelle_address": "", "passerelle_indice_norm": "", "passerelle_numero_match": "", "passerelle_addresses_json": "[]", "sirets_json": "[]", "sirens_json": "[]", "matching_confidence": 0.0, "matching_reason": "", "matching_status": "mono", "matching_decision": "", "matching_siren_selected": "", "matching_debug_json": "", "parcelles_json": "", "buildings_json": "[{\"batiment_construction_id\": \"w:218783148\", \"bdnb_batiment_construction_id\": \"bdnb-bg-VQZN-R3VN-UZMR:1\", \"batiment_groupe_id\": \"bdnb-bg-VQZN-R3VN-UZMR\", \"annee_construction\": 1980, \"footprint_m2\": 699.8148157680852, \"intersection_area_m2\": 447.7580735617126, \"osm_building_id\": \"w:218783148\", \"osm_match_status\": \"matched\", \"osm_bdnb_intersection_area_m2\": 415.0993535329749, \"osm_address_text\": \"\", \"matching_status\": \"mono\", \"matching_decision\": \"mono\", \"matching_siren_selected\": \"\"}]", "building_geometries_json": "[{\"batiment_construction_id\": \"w:218783148\", \"bdnb_batiment_construction_id\": \"bdnb-bg-VQZN-R3VN-UZMR:1\", \"batiment_groupe_id\": \"bdnb-bg-VQZN-R3VN-UZMR\", \"osm_building_id\": \"w:218783148\", \"osm_match_status\": \"matched\", \"osm_bdnb_intersection_area_m2\": 415.0993535329749, \"osm_address_text\": \"\", \"annee_construction\": 1980, \"footprint_m2\": 699.8148157680852, \"geometry\": {\"type\": \"MultiPolygon\", \"coordinates\": [[[[-0.6595, 44.777976], [-0.6593478, 44.7778091], [-0.6593349, 44.777795], [-0.659303, 44.77776], [-0.659136, 44.777835], [-0.659402, 44.778127], [-0.65967, 44.778006], [-0.659655, 44.777989], [-0.659687, 44.777975], [-0.65966, 44.777946], [-0.659599, 44.777973], [-0.659571, 44.777943], [-0.6595, 44.777976]]]]}}]", "google_fallback_attempted": "false", "google_fallback_success": "false", "google_fallback_group_id": "", "google_nearby_status": "", "google_nearby_error": "", "google_raw_nearby_count": "0", "google_excluded_outside_parcel": "0", "google_nearby_ranked_json": "[]", "google_winner_place_id": "", "google_winner_name": "", "google_anchor_address": "", "google_api_gouv_query": "", "google_api_gouv_etablissements_count": "0", "google_reject_reason": "", "osm_pois_json": "[]", "osm_poi_count": 0, "osm_pois_status": "ok", "osm_poi_truncated": 0, "osm_data_as_of": ""}, "geometry": {"type": "MultiPolygon", "coordinates": [[[[-0.6595379, 44.7783668], [-0.659571, 44.7783523], [-0.6601802, 44.7780832], [-0.6601039, 44.7780592], [-0.659929, 44.7780045], [-0.659786, 44.7779689], [-0.6597228, 44.7779621], [-0.6596861, 44.7779582], [-0.6596035, 44.7779495], [-0.6594482, 44.777933], [-0.6593715, 44.7779249], [-0.6592628, 44.7779132], [-0.659189, 44.7778915], [-0.6590944, 44.7778636], [-0.6595171, 44.7783432], [-0.6595379, 44.7783668]]]]}, "id": "parcelle:33318:HS:0048"}, {"type": "Feature", "properties": {"scout_v5_id": "parcelle:33318:HS:0021", "grain": "parcelle", "batiment_construction_id": "", "bdnb_batiment_construction_id": "", "batiment_groupe_id": "", "osm_building_id": "", "osm_match_status": "", "osm_bdnb_intersection_area_m2": "", "osm_address_text": "", "code_insee": "33318", "section": "HS", "numero_norm": "0021", "code_iris": "333180120", "nom_iris": "Parc Industriel", "nb_batiments": 1, "annee_construction": "", "footprint_m2": "", "footprint_sum_m2": 2050.9247194859086, "siren_status": "none", "status_technique": "no_candidate", "status_metier": "none", "siret_count": 0, "passerelle_address": "", "passerelle_indice_norm": "", "passerelle_numero_match": "", "passerelle_addresses_json": "[]", "sirets_json": "[]", "sirens_json": "[]", "matching_confidence": 0.0, "matching_reason": "", "matching_status": "mono", "matching_decision": "", "matching_siren_selected": "", "matching_debug_json": "", "parcelles_json": "", "buildings_json": "[{\"batiment_construction_id\": \"w:218783175\", \"bdnb_batiment_construction_id\": \"bdnb-bg-F3WG-UYMH-VAFR:1\", \"batiment_groupe_id\": \"bdnb-bg-F3WG-UYMH-VAFR\", \"annee_construction\": null, \"footprint_m2\": 2050.9247194859086, \"intersection_area_m2\": 2050.924719485909, \"osm_building_id\": \"w:218783175\", \"osm_match_status\": \"matched\", \"osm_bdnb_intersection_area_m2\": 2048.1191398543297, \"osm_address_text\": \"\", \"matching_status\": \"mono\", \"matching_decision\": \"mono\", \"matching_siren_selected\": \"\"}]", "building_geometries_json": "[{\"batiment_construction_id\": \"w:218783175\", \"bdnb_batiment_construction_id\": \"bdnb-bg-F3WG-UYMH-VAFR:1\", \"batiment_groupe_id\": \"bdnb-bg-F3WG-UYMH-VAFR\", \"osm_building_id\": \"w:218783175\", \"osm_match_status\": \"matched\", \"osm_bdnb_intersection_area_m2\": 2048.1191398543297, \"osm_address_text\": \"\", \"annee_construction\": null, \"footprint_m2\": 2050.9247194859086, \"geometry\": {\"type\": \"MultiPolygon\", \"coordinates\": [[[[-0.656368, 44.77835], [-0.656182, 44.778434], [-0.656282, 44.778546], [-0.656362, 44.77851], [-0.656527, 44.77869], [-0.657118, 44.778421], [-0.656901, 44.778178], [-0.656562, 44.778328], [-0.65652, 44.778281], [-0.656417, 44.778328], [-0.656427, 44.778338], [-0.656377, 44.77836], [-0.656368, 44.77835]]]]}}]", "google_fallback_attempted": "false", "google_fallback_success": "false", "google_fallback_group_id": "", "google_nearby_status": "", "google_nearby_error": "", "google_raw_nearby_count": "0", "google_excluded_outside_parcel": "0", "google_nearby_ranked_json": "[]", "google_winner_place_id": "", "google_winner_name": "", "google_anchor_address": "", "google_api_gouv_query": "", "google_api_gouv_etablissements_count": "0", "google_reject_reason": "", "osm_pois_json": "[]", "osm_poi_count": 0, "osm_pois_status": "ok", "osm_poi_truncated": 0, "osm_data_as_of": ""}, "geometry": {"type": "MultiPolygon", "coordinates": [[[[-0.6568527, 44.778039], [-0.656098, 44.7783796], [-0.6560754, 44.7784737], [-0.656378, 44.7788073], [-0.6564057, 44.7787949], [-0.6567898, 44.778623], [-0.6572055, 44.7784369], [-0.6570366, 44.7782464], [-0.6568527, 44.778039]]]]}, "id": "parcelle:33318:HS:0021"}, {"type": "Feature", "properties": {"scout_v5_id": "parcelle:33318:HH:0174", "grain": "parcelle", "batiment_construction_id": "", "bdnb_batiment_construction_id": "", "batiment_groupe_id": "", "osm_building_id": "", "osm_match_status": "", "osm_bdnb_intersection_area_m2": "", "osm_address_text": "", "code_insee": "33318", "section": "HH", "numero_norm": "0174", "code_iris": "333180120", "nom_iris": "Parc Industriel", "nb_batiments": 1, "annee_construction": "", "footprint_m2": "", "footprint_sum_m2": 1043.5609282554578, "siren_status": "none", "status_technique": "no_candidate", "status_metier": "none", "siret_count": 0, "passerelle_address": "", "passerelle_indice_norm": "", "passerelle_numero_match": "", "passerelle_addresses_json": "[]", "sirets_json": "[]", "sirens_json": "[]", "matching_confidence": 0.0, "matching_reason": "", "matching_status": "mono", "matching_decision": "", "matching_siren_selected": "", "matching_debug_json": "", "parcelles_json": "", "buildings_json": "[{\"batiment_construction_id\": \"w:218783178\", \"bdnb_batiment_construction_id\": \"bdnb-bg-Z4S4-M73X-ZB7M:1\", \"batiment_groupe_id\": \"bdnb-bg-Z4S4-M73X-ZB7M\", \"annee_construction\": 1991, \"footprint_m2\": 1043.5609282554578, \"intersection_area_m2\": 1043.5609282554576, \"osm_building_id\": \"w:218783178\", \"osm_match_status\": \"matched\", \"osm_bdnb_intersection_area_m2\": 979.190644255541, \"osm_address_text\": \"\", \"matching_status\": \"mono\", \"matching_decision\": \"mono\", \"matching_siren_selected\": \"\"}]", "building_geometries_json": "[{\"batiment_construction_id\": \"w:218783178\", \"bdnb_batiment_construction_id\": \"bdnb-bg-Z4S4-M73X-ZB7M:1\", \"batiment_groupe_id\": \"bdnb-bg-Z4S4-M73X-ZB7M\", \"osm_building_id\": \"w:218783178\", \"osm_match_status\": \"matched\", \"osm_bdnb_intersection_area_m2\": 979.190644255541, \"osm_address_text\": \"\", \"annee_construction\": 1991, \"footprint_m2\": 1043.5609282554578, \"geometry\": {\"type\": \"MultiPolygon\", \"coordinates\": [[[[-0.654387, 44.780972], [-0.654571, 44.78118], [-0.654957, 44.781008], [-0.654853, 44.780889], [-0.654921, 44.780857], [-0.654874, 44.780803], [-0.654805, 44.780834], [-0.6548, 44.780829], [-0.654838, 44.780812], [-0.654818, 44.780791], [-0.65478, 44.780808], [-0.654772, 44.780799], [-0.654387, 44.780972]]]]}}]", "google_fallback_attempted": "false", "google_fallback_success": "false", "google_fallback_group_id": "", "google_nearby_status": "", "google_nearby_error": "", "google_raw_nearby_count": "0", "google_excluded_outside_parcel": "0", "google_nearby_ranked_json": "[]", "google_winner_place_id": "", "google_winner_name": "", "google_anchor_address": "", "google_api_gouv_query": "", "google_api_gouv_etablissements_count": "0", "google_reject_reason": "", "osm_pois_json": "[]", "osm_poi_count": 0, "osm_pois_status": "ok", "osm_poi_truncated": 0, "osm_data_as_of": ""}, "geometry": {"type": "MultiPolygon", "coordinates": [[[[-0.6547861, 44.7807084], [-0.6544599, 44.7808541], [-0.6540836, 44.7810221], [-0.6542994, 44.7811944], [-0.6544739, 44.7813337], [-0.6545968, 44.7813489], [-0.655212, 44.7810675], [-0.6547861, 44.7807084]]]]}, "id": "parcelle:33318:HH:0174"}, {"type": "Feature", "properties": {"scout_v5_id": "parcelle:33318:HH:0088", "grain": "parcelle", "batiment_construction_id": "", "bdnb_batiment_construction_id": "", "batiment_groupe_id": "", "osm_building_id": "", "osm_match_status": "", "osm_bdnb_intersection_area_m2": "", "osm_address_text": "", "code_insee": "33318", "section": "HH", "numero_norm": "0088", "code_iris": "333180120", "nom_iris": "Parc Industriel", "nb_batiments": 1, "annee_construction": "", "footprint_m2": "", "footprint_sum_m2": 657.0064672745418, "siren_status": "none", "status_technique": "no_candidate", "status_metier": "none", "siret_count": 0, "passerelle_address": "", "passerelle_indice_norm": "", "passerelle_numero_match": "", "passerelle_addresses_json": "[]", "sirets_json": "[]", "sirens_json": "[]", "matching_confidence": 0.0, "matching_reason": "", "matching_status": "mono", "matching_decision": "", "matching_siren_selected": "", "matching_debug_json": "", "parcelles_json": "", "buildings_json": "[{\"batiment_construction_id\": \"w:218783179\", \"bdnb_batiment_construction_id\": \"bdnb-bg-3EX9-1ASD-A9TZ:1\", \"batiment_groupe_id\": \"bdnb-bg-3EX9-1ASD-A9TZ\", \"annee_construction\": null, \"footprint_m2\": 657.0064672745418, \"intersection_area_m2\": 657.0064672745418, \"osm_building_id\": \"w:218783179\", \"osm_match_status\": \"matched\", \"osm_bdnb_intersection_area_m2\": 606.0568534985471, \"osm_address_text\": \"\", \"matching_status\": \"mono\", \"matching_decision\": \"mono\", \"matching_siren_selected\": \"\"}]", "building_geometries_json": "[{\"batiment_construction_id\": \"w:218783179\", \"bdnb_batiment_construction_id\": \"bdnb-bg-3EX9-1ASD-A9TZ:1\", \"batiment_groupe_id\": \"bdnb-bg-3EX9-1ASD-A9TZ\", \"osm_building_id\": \"w:218783179\", \"osm_match_status\": \"matched\", \"osm_bdnb_intersection_area_m2\": 606.0568534985471, \"osm_address_text\": \"\", \"annee_construction\": null, \"footprint_m2\": 657.0064672745418, \"geometry\": {\"type\": \"MultiPolygon\", \"coordinates\": [[[[-0.656725, 44.781472], [-0.656689, 44.781489], [-0.656683, 44.781512], [-0.656685, 44.781554], [-0.656692, 44.781554], [-0.65669, 44.781571], [-0.65668, 44.78157], [-0.656662, 44.781596], [-0.656653, 44.781633], [-0.656676, 44.781656], [-0.657042, 44.781708], [-0.657091, 44.78152], [-0.656725, 44.781472]]]]}}]", "google_fallback_attempted": "false", "google_fallback_success": "false", "google_fallback_group_id": "", "google_nearby_status": "", "google_nearby_error": "", "google_raw_nearby_count": "0", "google_excluded_outside_parcel": "0", "google_nearby_ranked_json": "[]", "google_winner_place_id": "", "google_winner_name": "", "google_anchor_address": "", "google_api_gouv_query": "", "google_api_gouv_etablissements_count": "0", "google_reject_reason": "", "osm_pois_json": "[]", "osm_poi_count": 0, "osm_pois_status": "ok", "osm_poi_truncated": 0, "osm_data_as_of": ""}, "geometry": {"type": "MultiPolygon", "coordinates": [[[[-0.6570601, 44.7819228], [-0.6571722, 44.7814733], [-0.6566092, 44.7814013], [-0.6564959, 44.7818507], [-0.6570601, 44.7819228]]]]}, "id": "parcelle:33318:HH:0088"}, {"type": "Feature", "properties": {"scout_v5_id": "parcelle:33318:HS:0063", "grain": "parcelle", "batiment_construction_id": "", "bdnb_batiment_construction_id": "", "batiment_groupe_id": "", "osm_building_id": "", "osm_match_status": "", "osm_bdnb_intersection_area_m2": "", "osm_address_text": "", "code_insee": "33318", "section": "HS", "numero_norm": "0063", "code_iris": "333180120", "nom_iris": "Parc Industriel", "nb_batiments": 1, "annee_construction": "", "footprint_m2": "", "footprint_sum_m2": 722.3833827425841, "siren_status": "none", "status_technique": "no_candidate", "status_metier": "none", "siret_count": 0, "passerelle_address": "", "passerelle_indice_norm": "", "passerelle_numero_match": "", "passerelle_addresses_json": "[]", "sirets_json": "[]", "sirens_json": "[]", "matching_confidence": 0.0, "matching_reason": "", "matching_status": "mono", "matching_decision": "", "matching_siren_selected": "", "matching_debug_json": "", "parcelles_json": "", "buildings_json": "[{\"batiment_construction_id\": \"w:218783183\", \"bdnb_batiment_construction_id\": \"bdnb-bg-FE31-98UN-ESFV:3\", \"batiment_groupe_id\": \"bdnb-bg-FE31-98UN-ESFV\", \"annee_construction\": 2009, \"footprint_m2\": 722.3833827425841, \"intersection_area_m2\": 722.383382742584, \"osm_building_id\": \"w:218783183\", \"osm_match_status\": \"matched\", \"osm_bdnb_intersection_area_m2\": 720.6063011820119, \"osm_address_text\": \"\", \"matching_status\": \"mono\", \"matching_decision\": \"mono\", \"matching_siren_selected\": \"\"}]", "building_geometries_json": "[{\"batiment_construction_id\": \"w:218783183\", \"bdnb_batiment_construction_id\": \"bdnb-bg-FE31-98UN-ESFV:3\", \"batiment_groupe_id\": \"bdnb-bg-FE31-98UN-ESFV\", \"osm_building_id\": \"w:218783183\", \"osm_match_status\": \"matched\", \"osm_bdnb_intersection_area_m2\": 720.6063011820119, \"osm_address_text\": \"\", \"annee_construction\": 2009, \"footprint_m2\": 722.3833827425841, \"geometry\": {\"type\": \"MultiPolygon\", \"coordinates\": [[[[-0.658461, 44.780317], [-0.65834, 44.780182], [-0.658319, 44.780191], [-0.658285, 44.780153], [-0.658305, 44.780144], [-0.658184, 44.780008], [-0.657991, 44.780095], [-0.658123, 44.780242], [-0.65814, 44.780234], [-0.658153, 44.780251], [-0.658138, 44.780258], [-0.65827, 44.780405], [-0.658461, 44.780317]]]]}}]", "google_fallback_attempted": "false", "google_fallback_success": "false", "google_fallback_group_id": "", "google_nearby_status": "", "google_nearby_error": "", "google_raw_nearby_count": "0", "google_excluded_outside_parcel": "0", "google_nearby_ranked_json": "[]", "google_winner_place_id": "", "google_winner_name": "", "google_anchor_address": "", "google_api_gouv_query": "", "google_api_gouv_etablissements_count": "0", "google_reject_reason": "", "osm_pois_json": "[]", "osm_poi_count": 0, "osm_pois_status": "ok", "osm_poi_truncated": 0, "osm_data_as_of": ""}, "geometry": {"type": "MultiPolygon", "coordinates": [[[[-0.6585319, 44.781335], [-0.6586642, 44.7811779], [-0.6595152, 44.7800519], [-0.6594676, 44.7800639], [-0.6592897, 44.7799946], [-0.6593772, 44.7798789], [-0.6590678, 44.779533], [-0.657545, 44.7802258], [-0.6575605, 44.7802442], [-0.6579569, 44.7806981], [-0.6579877, 44.7807335], [-0.6582884, 44.7810775], [-0.6585148, 44.7813368], [-0.6585162, 44.7813366], [-0.6585319, 44.781335]]]]}, "id": "parcelle:33318:HS:0063"}, {"type": "Feature", "properties": {"scout_v5_id": "parcelle:33318:CP:0189", "grain": "parcelle", "batiment_construction_id": "", "bdnb_batiment_construction_id": "", "batiment_groupe_id": "", "osm_building_id": "", "osm_match_status": "", "osm_bdnb_intersection_area_m2": "", "osm_address_text": "", "code_insee": "33318", "section": "CP", "numero_norm": "0189", "code_iris": "333180109", "nom_iris": "L'Alouette", "nb_batiments": 1, "annee_construction": "", "footprint_m2": "", "footprint_sum_m2": 451.23583946389743, "siren_status": "none", "status_technique": "no_candidate", "status_metier": "none", "siret_count": 0, "passerelle_address": "", "passerelle_indice_norm": "", "passerelle_numero_match": "", "passerelle_addresses_json": "[]", "sirets_json": "[]", "sirens_json": "[]", "matching_confidence": 0.0, "matching_reason": "", "matching_status": "mono", "matching_decision": "", "matching_siren_selected": "", "matching_debug_json": "", "parcelles_json": "", "buildings_json": "[{\"batiment_construction_id\": \"w:218783192\", \"bdnb_batiment_construction_id\": \"bdnb-bg-Z4VZ-2Y6K-CXAX:1\", \"batiment_groupe_id\": \"bdnb-bg-Z4VZ-2Y6K-CXAX\", \"annee_construction\": null, \"footprint_m2\": 451.23583946389743, \"intersection_area_m2\": 451.2358394638975, \"osm_building_id\": \"w:218783192\", \"osm_match_status\": \"matched\", \"osm_bdnb_intersection_area_m2\": 372.82751416138916, \"osm_address_text\": \"\", \"matching_status\": \"mono\", \"matching_decision\": \"mono\", \"matching_siren_selected\": \"\"}]", "building_geometries_json": "[{\"batiment_construction_id\": \"w:218783192\", \"bdnb_batiment_construction_id\": \"bdnb-bg-Z4VZ-2Y6K-CXAX:1\", \"batiment_groupe_id\": \"bdnb-bg-Z4VZ-2Y6K-CXAX\", \"osm_building_id\": \"w:218783192\", \"osm_match_status\": \"matched\", \"osm_bdnb_intersection_area_m2\": 372.82751416138916, \"osm_address_text\": \"\", \"annee_construction\": null, \"footprint_m2\": 451.23583946389743, \"geometry\": {\"type\": \"MultiPolygon\", \"coordinates\": [[[[-0.663569, 44.798516], [-0.663556, 44.798513], [-0.663558, 44.798507], [-0.6634, 44.798468], [-0.663398, 44.798473], [-0.663387, 44.79847], [-0.663358, 44.798528], [-0.663225, 44.798494], [-0.66324, 44.798592], [-0.663587, 44.798682], [-0.663682, 44.798607], [-0.663542, 44.798571], [-0.663569, 44.798516]]]]}}]", "google_fallback_attempted": "false", "google_fallback_success": "false", "google_fallback_group_id": "", "google_nearby_status": "", "google_nearby_error": "", "google_raw_nearby_count": "0", "google_excluded_outside_parcel": "0", "google_nearby_ranked_json": "[]", "google_winner_place_id": "", "google_winner_name": "", "google_anchor_address": "", "google_api_gouv_query": "", "google_api_gouv_etablissements_count": "0", "google_reject_reason": "", "osm_pois_json": "[]", "osm_poi_count": 0, "osm_pois_status": "ok", "osm_poi_truncated": 0, "osm_data_as_of": ""}, "geometry": {"type": "MultiPolygon", "coordinates": [[[[-0.6636191, 44.7981606], [-0.6633608, 44.7982059], [-0.6631647, 44.7982403], [-0.6631609, 44.798241], [-0.6632585, 44.7988357], [-0.6633958, 44.7988697], [-0.6638169, 44.7985423], [-0.6637265, 44.7983676], [-0.6636191, 44.7981606]]]]}, "id": "parcelle:33318:CP:0189"}, {"type": "Feature", "properties": {"scout_v5_id": "parcelle:33318:HH:0047", "grain": "parcelle", "batiment_construction_id": "", "bdnb_batiment_construction_id": "", "batiment_groupe_id": "", "osm_building_id": "", "osm_match_status": "", "osm_bdnb_intersection_area_m2": "", "osm_address_text": "", "code_insee": "33318", "section": "HH", "numero_norm": "0047", "code_iris": "333180120", "nom_iris": "Parc Industriel", "nb_batiments": 1, "annee_construction": "", "footprint_m2": "", "footprint_sum_m2": 792.136865677675, "siren_status": "none", "status_technique": "no_candidate", "status_metier": "none", "siret_count": 0, "passerelle_address": "", "passerelle_indice_norm": "", "passerelle_numero_match": "", "passerelle_addresses_json": "[]", "sirets_json": "[]", "sirens_json": "[]", "matching_confidence": 0.0, "matching_reason": "", "matching_status": "mono", "matching_decision": "", "matching_siren_selected": "", "matching_debug_json": "", "parcelles_json": "", "buildings_json": "[{\"batiment_construction_id\": \"w:218783223\", \"bdnb_batiment_construction_id\": \"bdnb-bg-3ZM1-YXYS-7H97:1\", \"batiment_groupe_id\": \"bdnb-bg-3ZM1-YXYS-7H97\", \"annee_construction\": 1991, \"footprint_m2\": 792.136865677675, \"intersection_area_m2\": 792.1368656776749, \"osm_building_id\": \"w:218783223\", \"osm_match_status\": \"matched\", \"osm_bdnb_intersection_area_m2\": 738.8056882886879, \"osm_address_text\": \"\", \"matching_status\": \"mono\", \"matching_decision\": \"mono\", \"matching_siren_selected\": \"\"}]", "building_geometries_json": "[{\"batiment_construction_id\": \"w:218783223\", \"bdnb_batiment_construction_id\": \"bdnb-bg-3ZM1-YXYS-7H97:1\", \"batiment_groupe_id\": \"bdnb-bg-3ZM1-YXYS-7H97\", \"osm_building_id\": \"w:218783223\", \"osm_match_status\": \"matched\", \"osm_bdnb_intersection_area_m2\": 738.8056882886879, \"osm_address_text\": \"\", \"annee_construction\": 1991, \"footprint_m2\": 792.136865677675, \"geometry\": {\"type\": \"MultiPolygon\", \"coordinates\": [[[[-0.655717, 44.783271], [-0.655695, 44.783355], [-0.656143, 44.783419], [-0.656168, 44.783335], [-0.656152, 44.783333], [-0.656159, 44.783298], [-0.656178, 44.7833], [-0.6562, 44.783223], [-0.655746, 44.783161], [-0.655726, 44.783238], [-0.655744, 44.783241], [-0.655736, 44.783272], [-0.655717, 44.783271]]]]}}]", "google_fallback_attempted": "false", "google_fallback_success": "false", "google_fallback_group_id": "", "google_nearby_status": "", "google_nearby_error": "", "google_raw_nearby_count": "0", "google_excluded_outside_parcel": "0", "google_nearby_ranked_json": "[]", "google_winner_place_id": "", "google_winner_name": "", "google_anchor_address": "", "google_api_gouv_query": "", "google_api_gouv_etablissements_count": "0", "google_reject_reason": "", "osm_pois_json": "[]", "osm_poi_count": 0, "osm_pois_status": "ok", "osm_poi_truncated": 0, "osm_data_as_of": ""}, "geometry": {"type": "MultiPolygon", "coordinates": [[[[-0.6560044, 44.7830542], [-0.6559687, 44.7830658], [-0.6559395, 44.7830721], [-0.6559108, 44.7830748], [-0.6558889, 44.7830762], [-0.6558594, 44.7830743], [-0.6558347, 44.7830721], [-0.6556168, 44.7830416], [-0.6555237, 44.7833701], [-0.6563594, 44.7834874], [-0.6566613, 44.7831489], [-0.6560044, 44.7830542]]]]}, "id": "parcelle:33318:HH:0047"}, {"type": "Feature", "properties": {"scout_v5_id": "parcelle:33318:HD:0028", "grain": "parcelle", "batiment_construction_id": "", "bdnb_batiment_construction_id": "", "batiment_groupe_id": "", "osm_building_id": "", "osm_match_status": "", "osm_bdnb_intersection_area_m2": "", "osm_address_text": "", "code_insee": "33318", "section": "HD", "numero_norm": "0028", "code_iris": "333180120", "nom_iris": "Parc Industriel", "nb_batiments": 1, "annee_construction": "", "footprint_m2": "", "footprint_sum_m2": 759.3025224769408, "siren_status": "none", "status_technique": "no_candidate", "status_metier": "none", "siret_count": 0, "passerelle_address": "", "passerelle_indice_norm": "", "passerelle_numero_match": "", "passerelle_addresses_json": "[]", "sirets_json": "[]", "sirens_json": "[]", "matching_confidence": 0.0, "matching_reason": "", "matching_status": "mono", "matching_decision": "", "matching_siren_selected": "", "matching_debug_json": "", "parcelles_json": "", "buildings_json": "[{\"batiment_construction_id\": \"w:218783230\", \"bdnb_batiment_construction_id\": \"bdnb-bg-TNQB-W4EF-BGZQ:1\", \"batiment_groupe_id\": \"bdnb-bg-TNQB-W4EF-BGZQ\", \"annee_construction\": null, \"footprint_m2\": 759.3025224769408, \"intersection_area_m2\": 759.3025224769407, \"osm_building_id\": \"w:218783230\", \"osm_match_status\": \"matched\", \"osm_bdnb_intersection_area_m2\": 757.0750693965393, \"osm_address_text\": \"\", \"matching_status\": \"mono\", \"matching_decision\": \"mono\", \"matching_siren_selected\": \"\"}]", "building_geometries_json": "[{\"batiment_construction_id\": \"w:218783230\", \"bdnb_batiment_construction_id\": \"bdnb-bg-TNQB-W4EF-BGZQ:1\", \"batiment_groupe_id\": \"bdnb-bg-TNQB-W4EF-BGZQ\", \"osm_building_id\": \"w:218783230\", \"osm_match_status\": \"matched\", \"osm_bdnb_intersection_area_m2\": 757.0750693965393, \"osm_address_text\": \"\", \"annee_construction\": null, \"footprint_m2\": 759.3025224769408, \"geometry\": {\"type\": \"MultiPolygon\", \"coordinates\": [[[[-0.649023, 44.781288], [-0.649048, 44.781266], [-0.648927, 44.781197], [-0.648855, 44.781262], [-0.648684, 44.781412], [-0.648926, 44.78155], [-0.64904, 44.781451], [-0.649081, 44.781474], [-0.649163, 44.781402], [-0.649134, 44.781385], [-0.649156, 44.781365], [-0.649074, 44.781319], [-0.649023, 44.781288]]]]}}]", "google_fallback_attempted": "false", "google_fallback_success": "false", "google_fallback_group_id": "", "google_nearby_status": "", "google_nearby_error": "", "google_raw_nearby_count": "0", "google_excluded_outside_parcel": "0", "google_nearby_ranked_json": "[]", "google_winner_place_id": "", "google_winner_name": "", "google_anchor_address": "", "google_api_gouv_query": "", "google_api_gouv_etablissements_count": "0", "google_reject_reason": "", "osm_pois_json": "[]", "osm_poi_count": 0, "osm_pois_status": "ok", "osm_poi_truncated": 0, "osm_data_as_of": ""}, "geometry": {"type": "MultiPolygon", "coordinates": [[[[-0.648848, 44.7820979], [-0.6494916, 44.7816878], [-0.6496072, 44.7816091], [-0.6496443, 44.7815848], [-0.6496702, 44.7814861], [-0.6492471, 44.7811959], [-0.6491791, 44.7811493], [-0.648707, 44.7808253], [-0.6481264, 44.7813294], [-0.6483682, 44.7814726], [-0.6482188, 44.7816033], [-0.6486339, 44.7819367], [-0.648848, 44.7820979]]]]}, "id": "parcelle:33318:HD:0028"}, {"type": "Feature", "properties": {"scout_v5_id": "parcelle:33318:HH:0012", "grain": "parcelle", "batiment_construction_id": "", "bdnb_batiment_construction_id": "", "batiment_groupe_id": "", "osm_building_id": "", "osm_match_status": "", "osm_bdnb_intersection_area_m2": "", "osm_address_text": "", "code_insee": "33318", "section": "HH", "numero_norm": "0012", "code_iris": "333180120", "nom_iris": "Parc Industriel", "nb_batiments": 1, "annee_construction": "", "footprint_m2": "", "footprint_sum_m2": 840.1943427232387, "siren_status": "none", "status_technique": "no_candidate", "status_metier": "none", "siret_count": 0, "passerelle_address": "", "passerelle_indice_norm": "", "passerelle_numero_match": "", "passerelle_addresses_json": "[]", "sirets_json": "[]", "sirens_json": "[]", "matching_confidence": 0.0, "matching_reason": "", "matching_status": "mono", "matching_decision": "", "matching_siren_selected": "", "matching_debug_json": "", "parcelles_json": "", "buildings_json": "[{\"batiment_construction_id\": \"w:218783238\", \"bdnb_batiment_construction_id\": \"bdnb-bg-8S1V-21XQ-M8RD:1\", \"batiment_groupe_id\": \"bdnb-bg-8S1V-21XQ-M8RD\", \"annee_construction\": 1988, \"footprint_m2\": 840.1943427232387, \"intersection_area_m2\": 840.1943427232387, \"osm_building_id\": \"w:218783238\", \"osm_match_status\": \"matched\", \"osm_bdnb_intersection_area_m2\": 838.0021593843702, \"osm_address_text\": \"\", \"matching_status\": \"mono\", \"matching_decision\": \"mono\", \"matching_siren_selected\": \"\"}]", "building_geometries_json": "[{\"batiment_construction_id\": \"w:218783238\", \"bdnb_batiment_construction_id\": \"bdnb-bg-8S1V-21XQ-M8RD:1\", \"batiment_groupe_id\": \"bdnb-bg-8S1V-21XQ-M8RD\", \"osm_building_id\": \"w:218783238\", \"osm_match_status\": \"matched\", \"osm_bdnb_intersection_area_m2\": 838.0021593843702, \"osm_address_text\": \"\", \"annee_construction\": 1988, \"footprint_m2\": 840.1943427232387, \"geometry\": {\"type\": \"MultiPolygon\", \"coordinates\": [[[[-0.654108, 44.783828], [-0.654132, 44.783744], [-0.653667, 44.783679], [-0.653643, 44.783765], [-0.653662, 44.783767], [-0.653654, 44.783799], [-0.653634, 44.783796], [-0.653611, 44.78388], [-0.654077, 44.783944], [-0.654099, 44.78386], [-0.654082, 44.783858], [-0.654092, 44.783825], [-0.654108, 44.783828]]]]}}]", "google_fallback_attempted": "false", "google_fallback_success": "false", "google_fallback_group_id": "", "google_nearby_status": "", "google_nearby_error": "", "google_raw_nearby_count": "0", "google_excluded_outside_parcel": "0", "google_nearby_ranked_json": "[]", "google_winner_place_id": "", "google_winner_name": "", "google_anchor_address": "", "google_api_gouv_query": "", "google_api_gouv_etablissements_count": "0", "google_reject_reason": "", "osm_pois_json": "[]", "osm_poi_count": 0, "osm_pois_status": "ok", "osm_poi_truncated": 0, "osm_data_as_of": ""}, "geometry": {"type": "MultiPolygon", "coordinates": [[[[-0.6533814, 44.783937], [-0.6539091, 44.7840114], [-0.6542612, 44.7840594], [-0.6543101, 44.7838773], [-0.6542299, 44.7838658], [-0.6542315, 44.7838608], [-0.6542462, 44.7838124], [-0.6542962, 44.7838196], [-0.6543245, 44.7838236], [-0.6543329, 44.7837922], [-0.6543377, 44.7837756], [-0.6543403, 44.7837552], [-0.6543376, 44.7837354], [-0.6543317, 44.783723], [-0.6543197, 44.7837083], [-0.6543054, 44.7836972], [-0.6542833, 44.7836874], [-0.6542576, 44.7836782], [-0.6542361, 44.7836747], [-0.6542044, 44.7836692], [-0.6539331, 44.7836303], [-0.653534, 44.7835748], [-0.6534781, 44.7837754], [-0.6534162, 44.7838118], [-0.6533814, 44.783937]]]]}, "id": "parcelle:33318:HH:0012"}, {"type": "Feature", "properties": {"scout_v5_id": "parcelle:33318:HZ:0471", "grain": "parcelle", "batiment_construction_id": "", "bdnb_batiment_construction_id": "", "batiment_groupe_id": "", "osm_building_id": "", "osm_match_status": "", "osm_bdnb_intersection_area_m2": "", "osm_address_text": "", "code_insee": "33318", "section": "HZ", "numero_norm": "0471", "code_iris": "333180110", "nom_iris": "France", "nb_batiments": 1, "annee_construction": "", "footprint_m2": "", "footprint_sum_m2": 403.8244135932465, "siren_status": "none", "status_technique": "no_candidate", "status_metier": "none", "siret_count": 0, "passerelle_address": "", "passerelle_indice_norm": "", "passerelle_numero_match": "", "passerelle_addresses_json": "[]", "sirets_json": "[]", "sirens_json": "[]", "matching_confidence": 0.0, "matching_reason": "", "matching_status": "mono", "matching_decision": "", "matching_siren_selected": "", "matching_debug_json": "", "parcelles_json": "", "buildings_json": "[{\"batiment_construction_id\": \"w:218783239\", \"bdnb_batiment_construction_id\": null, \"batiment_groupe_id\": null, \"annee_construction\": null, \"footprint_m2\": 403.8244135932465, \"intersection_area_m2\": 403.82441359324645, \"osm_building_id\": \"w:218783239\", \"osm_match_status\": \"unmatched\", \"osm_bdnb_intersection_area_m2\": null, \"osm_address_text\": \"\", \"matching_status\": \"mono\", \"matching_decision\": \"mono\", \"matching_siren_selected\": \"\"}]", "building_geometries_json": "[{\"batiment_construction_id\": \"w:218783239\", \"bdnb_batiment_construction_id\": null, \"batiment_groupe_id\": null, \"osm_building_id\": \"w:218783239\", \"osm_match_status\": \"unmatched\", \"osm_bdnb_intersection_area_m2\": null, \"osm_address_text\": \"\", \"annee_construction\": null, \"footprint_m2\": 403.8244135932465, \"geometry\": {\"type\": \"MultiPolygon\", \"coordinates\": [[[[-0.682306, 44.782301], [-0.68218, 44.78235], [-0.682144, 44.782363], [-0.682145, 44.7823644], [-0.6821694, 44.7823962], [-0.6822886, 44.7825521], [-0.682313, 44.782584], [-0.682348, 44.782571], [-0.682473, 44.782523], [-0.6824492, 44.7824913], [-0.6823314, 44.7823348], [-0.6823074, 44.7823029], [-0.682306, 44.782301]]]]}}]", "google_fallback_attempted": "false", "google_fallback_success": "false", "google_fallback_group_id": "", "google_nearby_status": "", "google_nearby_error": "", "google_raw_nearby_count": "0", "google_excluded_outside_parcel": "0", "google_nearby_ranked_json": "[]", "google_winner_place_id": "", "google_winner_name": "", "google_anchor_address": "", "google_api_gouv_query": "", "google_api_gouv_etablissements_count": "0", "google_reject_reason": "", "osm_pois_json": "[]", "osm_poi_count": 0, "osm_pois_status": "ok", "osm_poi_truncated": 0, "osm_data_as_of": ""}, "geometry": {"type": "MultiPolygon", "coordinates": [[[[-0.6822681, 44.7821229], [-0.6820039, 44.7822453], [-0.6822248, 44.7825188], [-0.6825693, 44.7829521], [-0.6828264, 44.7828267], [-0.6824921, 44.7824053], [-0.6822681, 44.7821229]]]]}, "id": "parcelle:33318:HZ:0471"}, {"type": "Feature", "properties": {"scout_v5_id": "parcelle:33318:HS:0014", "grain": "parcelle", "batiment_construction_id": "", "bdnb_batiment_construction_id": "", "batiment_groupe_id": "", "osm_building_id": "", "osm_match_status": "", "osm_bdnb_intersection_area_m2": "", "osm_address_text": "", "code_insee": "33318", "section": "HS", "numero_norm": "0014", "code_iris": "333180120", "nom_iris": "Parc Industriel", "nb_batiments": 1, "annee_construction": "", "footprint_m2": "", "footprint_sum_m2": 1192.0893765164165, "siren_status": "none", "status_technique": "no_candidate", "status_metier": "none", "siret_count": 0, "passerelle_address": "", "passerelle_indice_norm": "", "passerelle_numero_match": "", "passerelle_addresses_json": "[]", "sirets_json": "[]", "sirens_json": "[]", "matching_confidence": 0.0, "matching_reason": "", "matching_status": "mono", "matching_decision": "", "matching_siren_selected": "", "matching_debug_json": "", "parcelles_json": "", "buildings_json": "[{\"batiment_construction_id\": \"w:218783263\", \"bdnb_batiment_construction_id\": \"bdnb-bg-X5S3-6P5Y-RGZG:1\", \"batiment_groupe_id\": \"bdnb-bg-X5S3-6P5Y-RGZG\", \"annee_construction\": null, \"footprint_m2\": 1192.0893765164165, \"intersection_area_m2\": 1192.0893765164162, \"osm_building_id\": \"w:218783263\", \"osm_match_status\": \"matched\", \"osm_bdnb_intersection_area_m2\": 1189.8718226217522, \"osm_address_text\": \"\", \"matching_status\": \"mono\", \"matching_decision\": \"mono\", \"matching_siren_selected\": \"\"}]", "building_geometries_json": "[{\"batiment_construction_id\": \"w:218783263\", \"bdnb_batiment_construction_id\": \"bdnb-bg-X5S3-6P5Y-RGZG:1\", \"batiment_groupe_id\": \"bdnb-bg-X5S3-6P5Y-RGZG\", \"osm_building_id\": \"w:218783263\", \"osm_match_status\": \"matched\", \"osm_bdnb_intersection_area_m2\": 1189.8718226217522, \"osm_address_text\": \"\", \"annee_construction\": null, \"footprint_m2\": 1192.0893765164165, \"geometry\": {\"type\": \"MultiPolygon\", \"coordinates\": [[[[-0.65837, 44.777642], [-0.658244, 44.777698], [-0.658142, 44.777581], [-0.658032, 44.777631], [-0.658061, 44.777665], [-0.657845, 44.777763], [-0.65792, 44.777849], [-0.65798, 44.777822], [-0.658067, 44.777918], [-0.658131, 44.777889], [-0.658205, 44.777971], [-0.658531, 44.777823], [-0.65837, 44.777642]]]]}}]", "google_fallback_attempted": "false", "google_fallback_success": "false", "google_fallback_group_id": "", "google_nearby_status": "", "google_nearby_error": "", "google_raw_nearby_count": "0", "google_excluded_outside_parcel": "0", "google_nearby_ranked_json": "[]", "google_winner_place_id": "", "google_winner_name": "", "google_anchor_address": "", "google_api_gouv_query": "", "google_api_gouv_etablissements_count": "0", "google_reject_reason": "", "osm_pois_json": "[]", "osm_poi_count": 0, "osm_pois_status": "ok", "osm_poi_truncated": 0, "osm_data_as_of": ""}, "geometry": {"type": "MultiPolygon", "coordinates": [[[[-0.6587196, 44.7777882], [-0.6586709, 44.7777332], [-0.6585166, 44.7776857], [-0.6582896, 44.7775421], [-0.6580644, 44.7774962], [-0.6576053, 44.7777018], [-0.6579765, 44.7781226], [-0.6586858, 44.7778034], [-0.6587196, 44.7777882]]]]}, "id": "parcelle:33318:HS:0014"}, {"type": "Feature", "properties": {"scout_v5_id": "parcelle:33318:HH:0009", "grain": "parcelle", "batiment_construction_id": "", "bdnb_batiment_construction_id": "", "batiment_groupe_id": "", "osm_building_id": "", "osm_match_status": "", "osm_bdnb_intersection_area_m2": "", "osm_address_text": "", "code_insee": "33318", "section": "HH", "numero_norm": "0009", "code_iris": "333180120", "nom_iris": "Parc Industriel", "nb_batiments": 1, "annee_construction": "", "footprint_m2": "", "footprint_sum_m2": 837.7764675127905, "siren_status": "none", "status_technique": "no_candidate", "status_metier": "none", "siret_count": 0, "passerelle_address": "", "passerelle_indice_norm": "", "passerelle_numero_match": "", "passerelle_addresses_json": "[]", "sirets_json": "[]", "sirens_json": "[]", "matching_confidence": 0.0, "matching_reason": "", "matching_status": "mono", "matching_decision": "", "matching_siren_selected": "", "matching_debug_json": "", "parcelles_json": "", "buildings_json": "[{\"batiment_construction_id\": \"w:218783291\", \"bdnb_batiment_construction_id\": \"bdnb-bg-B8GL-7976-DF9P:1\", \"batiment_groupe_id\": \"bdnb-bg-B8GL-7976-DF9P\", \"annee_construction\": 1987, \"footprint_m2\": 837.7764675127905, \"intersection_area_m2\": 837.7764675127903, \"osm_building_id\": \"w:218783291\", \"osm_match_status\": \"matched\", \"osm_bdnb_intersection_area_m2\": 751.3400728242423, \"osm_address_text\": \"\", \"matching_status\": \"mono\", \"matching_decision\": \"mono\", \"matching_siren_selected\": \"\"}]", "building_geometries_json": "[{\"batiment_construction_id\": \"w:218783291\", \"bdnb_batiment_construction_id\": \"bdnb-bg-B8GL-7976-DF9P:1\", \"batiment_groupe_id\": \"bdnb-bg-B8GL-7976-DF9P\", \"osm_building_id\": \"w:218783291\", \"osm_match_status\": \"matched\", \"osm_bdnb_intersection_area_m2\": 751.3400728242423, \"osm_address_text\": \"\", \"annee_construction\": 1987, \"footprint_m2\": 837.7764675127905, \"geometry\": {\"type\": \"MultiPolygon\", \"coordinates\": [[[[-0.654238, 44.783361], [-0.654262, 44.783276], [-0.653802, 44.78321], [-0.653776, 44.783296], [-0.65379, 44.783298], [-0.653782, 44.783326], [-0.653767, 44.783324], [-0.653743, 44.783411], [-0.654205, 44.783476], [-0.654229, 44.783393], [-0.65421, 44.78339], [-0.65422, 44.783358], [-0.654238, 44.783361]]]]}}]", "google_fallback_attempted": "false", "google_fallback_success": "false", "google_fallback_group_id": "", "google_nearby_status": "", "google_nearby_error": "", "google_raw_nearby_count": "0", "google_excluded_outside_parcel": "0", "google_nearby_ranked_json": "[]", "google_winner_place_id": "", "google_winner_name": "", "google_anchor_address": "", "google_api_gouv_query": "", "google_api_gouv_etablissements_count": "0", "google_reject_reason": "", "osm_pois_json": "[]", "osm_poi_count": 0, "osm_pois_status": "ok", "osm_poi_truncated": 0, "osm_data_as_of": ""}, "geometry": {"type": "MultiPolygon", "coordinates": [[[[-0.6535632, 44.7834763], [-0.6542059, 44.783567], [-0.6542592, 44.7835717], [-0.6542878, 44.7835715], [-0.6543166, 44.7835657], [-0.6543378, 44.7835573], [-0.6543578, 44.7835441], [-0.6543777, 44.7835225], [-0.6543839, 44.7835089], [-0.6544649, 44.7832166], [-0.6536195, 44.7830988], [-0.6536093, 44.7830973], [-0.653565, 44.7832484], [-0.6536124, 44.7832993], [-0.6535632, 44.7834763]]]]}, "id": "parcelle:33318:HH:0009"}, {"type": "Feature", "properties": {"scout_v5_id": "parcelle:33318:BX:0108", "grain": "parcelle", "batiment_construction_id": "", "bdnb_batiment_construction_id": "", "batiment_groupe_id": "", "osm_building_id": "", "osm_match_status": "", "osm_bdnb_intersection_area_m2": "", "osm_address_text": "", "code_insee": "33318", "section": "BX", "numero_norm": "0108", "code_iris": "333180109", "nom_iris": "L'Alouette", "nb_batiments": 1, "annee_construction": "", "footprint_m2": "", "footprint_sum_m2": 3864.707496699564, "siren_status": "none", "status_technique": "no_candidate", "status_metier": "none", "siret_count": 0, "passerelle_address": "", "passerelle_indice_norm": "", "passerelle_numero_match": "", "passerelle_addresses_json": "[]", "sirets_json": "[]", "sirens_json": "[]", "matching_confidence": 0.0, "matching_reason": "", "matching_status": "mono", "matching_decision": "", "matching_siren_selected": "", "matching_debug_json": "", "parcelles_json": "", "buildings_json": "[{\"batiment_construction_id\": \"w:218783292\", \"bdnb_batiment_construction_id\": \"bdnb-bg-93UK-BF4T-E742:1\", \"batiment_groupe_id\": \"bdnb-bg-93UK-BF4T-E742\", \"annee_construction\": null, \"footprint_m2\": 3864.707496699564, \"intersection_area_m2\": 458.51304092108137, \"osm_building_id\": \"w:218783292\", \"osm_match_status\": \"matched\", \"osm_bdnb_intersection_area_m2\": 3531.650440696227, \"osm_address_text\": \"\", \"matching_status\": \"partage\", \"matching_decision\": \"unique_by_intersection\", \"matching_siren_selected\": \"\"}]", "building_geometries_json": "[{\"batiment_construction_id\": \"w:218783292\", \"bdnb_batiment_construction_id\": \"bdnb-bg-93UK-BF4T-E742:1\", \"batiment_groupe_id\": \"bdnb-bg-93UK-BF4T-E742\", \"osm_building_id\": \"w:218783292\", \"osm_match_status\": \"matched\", \"osm_bdnb_intersection_area_m2\": 3531.650440696227, \"osm_address_text\": \"\", \"annee_construction\": null, \"footprint_m2\": 3864.707496699564, \"geometry\": {\"type\": \"MultiPolygon\", \"coordinates\": [[[[-0.66279, 44.800162], [-0.663053, 44.800099], [-0.662963, 44.799906], [-0.663045, 44.799886], [-0.663019, 44.799827], [-0.663028, 44.799824], [-0.662995, 44.799753], [-0.662908, 44.799775], [-0.662914, 44.799789], [-0.661989, 44.80001], [-0.66221, 44.800472], [-0.662863, 44.800316], [-0.66279, 44.800162]]]]}}]", "google_fallback_attempted": "false", "google_fallback_success": "false", "google_fallback_group_id": "", "google_nearby_status": "", "google_nearby_error": "", "google_raw_nearby_count": "0", "google_excluded_outside_parcel": "0", "google_nearby_ranked_json": "[]", "google_winner_place_id": "", "google_winner_name": "", "google_anchor_address": "", "google_api_gouv_query": "", "google_api_gouv_etablissements_count": "0", "google_reject_reason": "", "osm_pois_json": "[]", "osm_poi_count": 0, "osm_pois_status": "ok", "osm_poi_truncated": 0, "osm_data_as_of": ""}, "geometry": {"type": "MultiPolygon", "coordinates": [[[[-0.6632158, 44.8005529], [-0.6632323, 44.8005495], [-0.6631776, 44.8001062], [-0.6631636, 44.8001096], [-0.6631373, 44.8001161], [-0.663061, 44.8001347], [-0.6629853, 44.8001531], [-0.6626961, 44.800224], [-0.6624102, 44.800294], [-0.6625608, 44.8006121], [-0.6625935, 44.8006814], [-0.662723, 44.8006543], [-0.6628368, 44.8006309], [-0.6629816, 44.8006011], [-0.6630769, 44.8005816], [-0.6631524, 44.8005659], [-0.6632158, 44.8005529]]]]}, "id": "parcelle:33318:BX:0108"}, {"type": "Feature", "properties": {"scout_v5_id": "parcelle:33318:BX:0203", "grain": "parcelle", "batiment_construction_id": "", "bdnb_batiment_construction_id": "", "batiment_groupe_id": "", "osm_building_id": "", "osm_match_status": "", "osm_bdnb_intersection_area_m2": "", "osm_address_text": "", "code_insee": "33318", "section": "BX", "numero_norm": "0203", "code_iris": "333180109", "nom_iris": "L'Alouette", "nb_batiments": 1, "annee_construction": "", "footprint_m2": "", "footprint_sum_m2": 3864.707496699564, "siren_status": "none", "status_technique": "no_candidate", "status_metier": "none", "siret_count": 0, "passerelle_address": "", "passerelle_indice_norm": "", "passerelle_numero_match": "", "passerelle_addresses_json": "[]", "sirets_json": "[]", "sirens_json": "[]", "matching_confidence": 0.0, "matching_reason": "", "matching_status": "mono", "matching_decision": "", "matching_siren_selected": "", "matching_debug_json": "", "parcelles_json": "", "buildings_json": "[{\"batiment_construction_id\": \"w:218783292\", \"bdnb_batiment_construction_id\": \"bdnb-bg-93UK-BF4T-E742:1\", \"batiment_groupe_id\": \"bdnb-bg-93UK-BF4T-E742\", \"annee_construction\": null, \"footprint_m2\": 3864.707496699564, \"intersection_area_m2\": 681.8253487256304, \"osm_building_id\": \"w:218783292\", \"osm_match_status\": \"matched\", \"osm_bdnb_intersection_area_m2\": 3531.650440696227, \"osm_address_text\": \"\", \"matching_status\": \"partage\", \"matching_decision\": \"unique_by_intersection\", \"matching_siren_selected\": \"\"}]", "building_geometries_json": "[{\"batiment_construction_id\": \"w:218783292\", \"bdnb_batiment_construction_id\": \"bdnb-bg-93UK-BF4T-E742:1\", \"batiment_groupe_id\": \"bdnb-bg-93UK-BF4T-E742\", \"osm_building_id\": \"w:218783292\", \"osm_match_status\": \"matched\", \"osm_bdnb_intersection_area_m2\": 3531.650440696227, \"osm_address_text\": \"\", \"annee_construction\": null, \"footprint_m2\": 3864.707496699564, \"geometry\": {\"type\": \"MultiPolygon\", \"coordinates\": [[[[-0.66279, 44.800162], [-0.663053, 44.800099], [-0.662963, 44.799906], [-0.663045, 44.799886], [-0.663019, 44.799827], [-0.663028, 44.799824], [-0.662995, 44.799753], [-0.662908, 44.799775], [-0.662914, 44.799789], [-0.661989, 44.80001], [-0.66221, 44.800472], [-0.662863, 44.800316], [-0.66279, 44.800162]]]]}}]", "google_fallback_attempted": "false", "google_fallback_success": "false", "google_fallback_group_id": "", "google_nearby_status": "", "google_nearby_error": "", "google_raw_nearby_count": "0", "google_excluded_outside_parcel": "0", "google_nearby_ranked_json": "[]", "google_winner_place_id": "", "google_winner_name": "", "google_anchor_address": "", "google_api_gouv_query": "", "google_api_gouv_etablissements_count": "0", "google_reject_reason": "", "osm_pois_json": "[]", "osm_poi_count": 0, "osm_pois_status": "ok", "osm_poi_truncated": 0, "osm_data_as_of": ""}, "geometry": {"type": "MultiPolygon", "coordinates": [[[[-0.6619501, 44.8002414], [-0.661974, 44.8002895], [-0.66212, 44.8005846], [-0.6621714, 44.8006881], [-0.6622079, 44.8007619], [-0.6622835, 44.8007461], [-0.6625935, 44.8006814], [-0.6625608, 44.8006121], [-0.6624102, 44.800294], [-0.6623943, 44.8002583], [-0.6623327, 44.8001345], [-0.6620768, 44.8002059], [-0.6619501, 44.8002414]]]]}, "id": "parcelle:33318:BX:0203"}, {"type": "Feature", "properties": {"scout_v5_id": "parcelle:33318:BX:0204", "grain": "parcelle", "batiment_construction_id": "", "bdnb_batiment_construction_id": "", "batiment_groupe_id": "", "osm_building_id": "", "osm_match_status": "", "osm_bdnb_intersection_area_m2": "", "osm_address_text": "", "code_insee": "33318", "section": "BX", "numero_norm": "0204", "code_iris": "333180109", "nom_iris": "L'Alouette", "nb_batiments": 1, "annee_construction": "", "footprint_m2": "", "footprint_sum_m2": 3864.707496699564, "siren_status": "none", "status_technique": "no_candidate", "status_metier": "none", "siret_count": 0, "passerelle_address": "", "passerelle_indice_norm": "", "passerelle_numero_match": "", "passerelle_addresses_json": "[]", "sirets_json": "[]", "sirens_json": "[]", "matching_confidence": 0.0, "matching_reason": "", "matching_status": "mono", "matching_decision": "", "matching_siren_selected": "", "matching_debug_json": "", "parcelles_json": "", "buildings_json": "[{\"batiment_construction_id\": \"w:218783292\", \"bdnb_batiment_construction_id\": \"bdnb-bg-93UK-BF4T-E742:1\", \"batiment_groupe_id\": \"bdnb-bg-93UK-BF4T-E742\", \"annee_construction\": null, \"footprint_m2\": 3864.707496699564, \"intersection_area_m2\": 469.72385781461685, \"osm_building_id\": \"w:218783292\", \"osm_match_status\": \"matched\", \"osm_bdnb_intersection_area_m2\": 3531.650440696227, \"osm_address_text\": \"\", \"matching_status\": \"partage\", \"matching_decision\": \"unique_by_intersection\", \"matching_siren_selected\": \"\"}]", "building_geometries_json": "[{\"batiment_construction_id\": \"w:218783292\", \"bdnb_batiment_construction_id\": \"bdnb-bg-93UK-BF4T-E742:1\", \"batiment_groupe_id\": \"bdnb-bg-93UK-BF4T-E742\", \"osm_building_id\": \"w:218783292\", \"osm_match_status\": \"matched\", \"osm_bdnb_intersection_area_m2\": 3531.650440696227, \"osm_address_text\": \"\", \"annee_construction\": null, \"footprint_m2\": 3864.707496699564, \"geometry\": {\"type\": \"MultiPolygon\", \"coordinates\": [[[[-0.66279, 44.800162], [-0.663053, 44.800099], [-0.662963, 44.799906], [-0.663045, 44.799886], [-0.663019, 44.799827], [-0.663028, 44.799824], [-0.662995, 44.799753], [-0.662908, 44.799775], [-0.662914, 44.799789], [-0.661989, 44.80001], [-0.66221, 44.800472], [-0.662863, 44.800316], [-0.66279, 44.800162]]]]}}]", "google_fallback_attempted": "false", "google_fallback_success": "false", "google_fallback_group_id": "", "google_nearby_status": "", "google_nearby_error": "", "google_raw_nearby_count": "0", "google_excluded_outside_parcel": "0", "google_nearby_ranked_json": "[]", "google_winner_place_id": "", "google_winner_name": "", "google_anchor_address": "", "google_api_gouv_query": "", "google_api_gouv_etablissements_count": "0", "google_reject_reason": "", "osm_pois_json": "[]", "osm_poi_count": 0, "osm_pois_status": "ok", "osm_poi_truncated": 0, "osm_data_as_of": ""}, "geometry": {"type": "MultiPolygon", "coordinates": [[[[-0.6619501, 44.8002414], [-0.6620768, 44.8002059], [-0.6623327, 44.8001345], [-0.6622541, 44.7999798], [-0.6622501, 44.7999711], [-0.6622459, 44.7999625], [-0.6622415, 44.7999532], [-0.6621648, 44.7997949], [-0.66212, 44.7998057], [-0.6619973, 44.7997961], [-0.6617501, 44.7998374], [-0.6617574, 44.7998522], [-0.6619334, 44.8002076], [-0.6619501, 44.8002414]]]]}, "id": "parcelle:33318:BX:0204"}, {"type": "Feature", "properties": {"scout_v5_id": "parcelle:33318:BX:0223", "grain": "parcelle", "batiment_construction_id": "", "bdnb_batiment_construction_id": "", "batiment_groupe_id": "", "osm_building_id": "", "osm_match_status": "", "osm_bdnb_intersection_area_m2": "", "osm_address_text": "", "code_insee": "33318", "section": "BX", "numero_norm": "0223", "code_iris": "333180109", "nom_iris": "L'Alouette", "nb_batiments": 1, "annee_construction": "", "footprint_m2": "", "footprint_sum_m2": 3864.707496699564, "siren_status": "none", "status_technique": "no_candidate", "status_metier": "none", "siret_count": 0, "passerelle_address": "", "passerelle_indice_norm": "", "passerelle_numero_match": "", "passerelle_addresses_json": "[]", "sirets_json": "[]", "sirens_json": "[]", "matching_confidence": 0.0, "matching_reason": "", "matching_status": "mono", "matching_decision": "", "matching_siren_selected": "", "matching_debug_json": "", "parcelles_json": "", "buildings_json": "[{\"batiment_construction_id\": \"w:218783292\", \"bdnb_batiment_construction_id\": \"bdnb-bg-93UK-BF4T-E742:1\", \"batiment_groupe_id\": \"bdnb-bg-93UK-BF4T-E742\", \"annee_construction\": null, \"footprint_m2\": 3864.707496699564, \"intersection_area_m2\": 143.41626310526365, \"osm_building_id\": \"w:218783292\", \"osm_match_status\": \"matched\", \"osm_bdnb_intersection_area_m2\": 3531.650440696227, \"osm_address_text\": \"\", \"matching_status\": \"partage\", \"matching_decision\": \"unique_by_intersection\", \"matching_siren_selected\": \"\"}]", "building_geometries_json": "[{\"batiment_construction_id\": \"w:218783292\", \"bdnb_batiment_construction_id\": \"bdnb-bg-93UK-BF4T-E742:1\", \"batiment_groupe_id\": \"bdnb-bg-93UK-BF4T-E742\", \"osm_building_id\": \"w:218783292\", \"osm_match_status\": \"matched\", \"osm_bdnb_intersection_area_m2\": 3531.650440696227, \"osm_address_text\": \"\", \"annee_construction\": null, \"footprint_m2\": 3864.707496699564, \"geometry\": {\"type\": \"MultiPolygon\", \"coordinates\": [[[[-0.66279, 44.800162], [-0.663053, 44.800099], [-0.662963, 44.799906], [-0.663045, 44.799886], [-0.663019, 44.799827], [-0.663028, 44.799824], [-0.662995, 44.799753], [-0.662908, 44.799775], [-0.662914, 44.799789], [-0.661989, 44.80001], [-0.66221, 44.800472], [-0.662863, 44.800316], [-0.66279, 44.800162]]]]}}]", "google_fallback_attempted": "false", "google_fallback_success": "false", "google_fallback_group_id": "", "google_nearby_status": "", "google_nearby_error": "", "google_raw_nearby_count": "0", "google_excluded_outside_parcel": "0", "google_nearby_ranked_json": "[]", "google_winner_place_id": "", "google_winner_name": "", "google_anchor_address": "", "google_api_gouv_query": "", "google_api_gouv_etablissements_count": "0", "google_reject_reason": "", "osm_pois_json": "[]", "osm_poi_count": 0, "osm_pois_status": "ok", "osm_poi_truncated": 0, "osm_data_as_of": ""}, "geometry": {"type": "MultiPolygon", "coordinates": [[[[-0.663061, 44.8001347], [-0.6631373, 44.8001161], [-0.6631636, 44.8001096], [-0.6631019, 44.7997292], [-0.6630881, 44.7997334], [-0.6629969, 44.799756], [-0.6629092, 44.7997779], [-0.6628894, 44.7997828], [-0.6628944, 44.7997934], [-0.6630444, 44.8001007], [-0.663061, 44.8001347]]]]}, "id": "parcelle:33318:BX:0223"}, {"type": "Feature", "properties": {"scout_v5_id": "parcelle:33318:BX:0575", "grain": "parcelle", "batiment_construction_id": "", "bdnb_batiment_construction_id": "", "batiment_groupe_id": "", "osm_building_id": "", "osm_match_status": "", "osm_bdnb_intersection_area_m2": "", "osm_address_text": "", "code_insee": "33318", "section": "BX", "numero_norm": "0575", "code_iris": "333180109", "nom_iris": "L'Alouette", "nb_batiments": 1, "annee_construction": "", "footprint_m2": "", "footprint_sum_m2": 3864.707496699564, "siren_status": "none", "status_technique": "no_candidate", "status_metier": "none", "siret_count": 0, "passerelle_address": "", "passerelle_indice_norm": "", "passerelle_numero_match": "", "passerelle_addresses_json": "[]", "sirets_json": "[]", "sirens_json": "[]", "matching_confidence": 0.0, "matching_reason": "", "matching_status": "mono", "matching_decision": "", "matching_siren_selected": "", "matching_debug_json": "", "parcelles_json": "", "buildings_json": "[{\"batiment_construction_id\": \"w:218783292\", \"bdnb_batiment_construction_id\": \"bdnb-bg-93UK-BF4T-E742:1\", \"batiment_groupe_id\": \"bdnb-bg-93UK-BF4T-E742\", \"annee_construction\": null, \"footprint_m2\": 3864.707496699564, \"intersection_area_m2\": 1143.6160463030594, \"osm_building_id\": \"w:218783292\", \"osm_match_status\": \"matched\", \"osm_bdnb_intersection_area_m2\": 3531.650440696227, \"osm_address_text\": \"\", \"matching_status\": \"partage\", \"matching_decision\": \"unique_by_intersection\", \"matching_siren_selected\": \"\"}]", "building_geometries_json": "[{\"batiment_construction_id\": \"w:218783292\", \"bdnb_batiment_construction_id\": \"bdnb-bg-93UK-BF4T-E742:1\", \"batiment_groupe_id\": \"bdnb-bg-93UK-BF4T-E742\", \"osm_building_id\": \"w:218783292\", \"osm_match_status\": \"matched\", \"osm_bdnb_intersection_area_m2\": 3531.650440696227, \"osm_address_text\": \"\", \"annee_construction\": null, \"footprint_m2\": 3864.707496699564, \"geometry\": {\"type\": \"MultiPolygon\", \"coordinates\": [[[[-0.66279, 44.800162], [-0.663053, 44.800099], [-0.662963, 44.799906], [-0.663045, 44.799886], [-0.663019, 44.799827], [-0.663028, 44.799824], [-0.662995, 44.799753], [-0.662908, 44.799775], [-0.662914, 44.799789], [-0.661989, 44.80001], [-0.66221, 44.800472], [-0.662863, 44.800316], [-0.66279, 44.800162]]]]}}]", "google_fallback_attempted": "false", "google_fallback_success": "false", "google_fallback_group_id": "", "google_nearby_status": "", "google_nearby_error": "", "google_raw_nearby_count": "0", "google_excluded_outside_parcel": "0", "google_nearby_ranked_json": "[]", "google_winner_place_id": "", "google_winner_name": "", "google_anchor_address": "", "google_api_gouv_query": "", "google_api_gouv_etablissements_count": "0", "google_reject_reason": "", "osm_pois_json": "[]", "osm_poi_count": 0, "osm_pois_status": "ok", "osm_poi_truncated": 0, "osm_data_as_of": ""}, "geometry": {"type": "MultiPolygon", "coordinates": [[[[-0.6629367, 44.7995025], [-0.6627898, 44.7995308], [-0.6625228, 44.7996028], [-0.6624175, 44.7996529], [-0.6624283, 44.7996749], [-0.6625304, 44.7998841], [-0.6626789, 44.8001887], [-0.6626961, 44.800224], [-0.6629853, 44.8001531], [-0.663061, 44.8001347], [-0.6630444, 44.8001007], [-0.6628944, 44.7997934], [-0.6628894, 44.7997828], [-0.6629092, 44.7997779], [-0.6629969, 44.799756], [-0.6630881, 44.7997334], [-0.6631019, 44.7997292], [-0.6630769, 44.7995749], [-0.6630349, 44.7995533], [-0.6629367, 44.7995025]]]]}, "id": "parcelle:33318:BX:0575"}, {"type": "Feature", "properties": {"scout_v5_id": "parcelle:33318:BX:0578", "grain": "parcelle", "batiment_construction_id": "", "bdnb_batiment_construction_id": "", "batiment_groupe_id": "", "osm_building_id": "", "osm_match_status": "", "osm_bdnb_intersection_area_m2": "", "osm_address_text": "", "code_insee": "33318", "section": "BX", "numero_norm": "0578", "code_iris": "333180109", "nom_iris": "L'Alouette", "nb_batiments": 1, "annee_construction": "", "footprint_m2": "", "footprint_sum_m2": 3864.707496699564, "siren_status": "none", "status_technique": "no_candidate", "status_metier": "none", "siret_count": 0, "passerelle_address": "", "passerelle_indice_norm": "", "passerelle_numero_match": "", "passerelle_addresses_json": "[]", "sirets_json": "[]", "sirens_json": "[]", "matching_confidence": 0.0, "matching_reason": "", "matching_status": "mono", "matching_decision": "", "matching_siren_selected": "", "matching_debug_json": "", "parcelles_json": "", "buildings_json": "[{\"batiment_construction_id\": \"w:218783292\", \"bdnb_batiment_construction_id\": \"bdnb-bg-93UK-BF4T-E742:1\", \"batiment_groupe_id\": \"bdnb-bg-93UK-BF4T-E742\", \"annee_construction\": null, \"footprint_m2\": 3864.707496699564, \"intersection_area_m2\": 967.6129398329412, \"osm_building_id\": \"w:218783292\", \"osm_match_status\": \"matched\", \"osm_bdnb_intersection_area_m2\": 3531.650440696227, \"osm_address_text\": \"\", \"matching_status\": \"partage\", \"matching_decision\": \"unique_by_intersection\", \"matching_siren_selected\": \"\"}]", "building_geometries_json": "[{\"batiment_construction_id\": \"w:218783292\", \"bdnb_batiment_construction_id\": \"bdnb-bg-93UK-BF4T-E742:1\", \"batiment_groupe_id\": \"bdnb-bg-93UK-BF4T-E742\", \"osm_building_id\": \"w:218783292\", \"osm_match_status\": \"matched\", \"osm_bdnb_intersection_area_m2\": 3531.650440696227, \"osm_address_text\": \"\", \"annee_construction\": null, \"footprint_m2\": 3864.707496699564, \"geometry\": {\"type\": \"MultiPolygon\", \"coordinates\": [[[[-0.66279, 44.800162], [-0.663053, 44.800099], [-0.662963, 44.799906], [-0.663045, 44.799886], [-0.663019, 44.799827], [-0.663028, 44.799824], [-0.662995, 44.799753], [-0.662908, 44.799775], [-0.662914, 44.799789], [-0.661989, 44.80001], [-0.66221, 44.800472], [-0.662863, 44.800316], [-0.66279, 44.800162]]]]}}]", "google_fallback_attempted": "false", "google_fallback_success": "false", "google_fallback_group_id": "", "google_nearby_status": "", "google_nearby_error": "", "google_raw_nearby_count": "0", "google_excluded_outside_parcel": "0", "google_nearby_ranked_json": "[]", "google_winner_place_id": "", "google_winner_name": "", "google_anchor_address": "", "google_api_gouv_query": "", "google_api_gouv_etablissements_count": "0", "google_reject_reason": "", "osm_pois_json": "[]", "osm_poi_count": 0, "osm_pois_status": "ok", "osm_poi_truncated": 0, "osm_data_as_of": ""}, "geometry": {"type": "MultiPolygon", "coordinates": [[[[-0.6624175, 44.7996529], [-0.6623668, 44.799677], [-0.6623552, 44.799655], [-0.6621235, 44.7997103], [-0.6621402, 44.799744], [-0.6621648, 44.7997949], [-0.6622415, 44.7999532], [-0.6622459, 44.7999625], [-0.6622501, 44.7999711], [-0.6622541, 44.7999798], [-0.6623327, 44.8001345], [-0.6623943, 44.8002583], [-0.6624102, 44.800294], [-0.6626961, 44.800224], [-0.6626789, 44.8001887], [-0.6625304, 44.7998841], [-0.6624283, 44.7996749], [-0.6624175, 44.7996529]]]]}, "id": "parcelle:33318:BX:0578"}, {"type": "Feature", "properties": {"scout_v5_id": "parcelle:33318:HH:0030", "grain": "parcelle", "batiment_construction_id": "", "bdnb_batiment_construction_id": "", "batiment_groupe_id": "", "osm_building_id": "", "osm_match_status": "", "osm_bdnb_intersection_area_m2": "", "osm_address_text": "", "code_insee": "33318", "section": "HH", "numero_norm": "0030", "code_iris": "333180120", "nom_iris": "Parc Industriel", "nb_batiments": 1, "annee_construction": "", "footprint_m2": "", "footprint_sum_m2": 921.8675496621756, "siren_status": "none", "status_technique": "no_candidate", "status_metier": "none", "siret_count": 0, "passerelle_address": "", "passerelle_indice_norm": "", "passerelle_numero_match": "", "passerelle_addresses_json": "[]", "sirets_json": "[]", "sirens_json": "[]", "matching_confidence": 0.0, "matching_reason": "", "matching_status": "mono", "matching_decision": "", "matching_siren_selected": "", "matching_debug_json": "", "parcelles_json": "", "buildings_json": "[{\"batiment_construction_id\": \"w:218783321\", \"bdnb_batiment_construction_id\": \"bdnb-bg-GMM3-3ZEQ-ANJ2:1\", \"batiment_groupe_id\": \"bdnb-bg-GMM3-3ZEQ-ANJ2\", \"annee_construction\": null, \"footprint_m2\": 921.8675496621756, \"intersection_area_m2\": 921.8675496621752, \"osm_building_id\": \"w:218783321\", \"osm_match_status\": \"matched\", \"osm_bdnb_intersection_area_m2\": 914.6871338695096, \"osm_address_text\": \"\", \"matching_status\": \"mono\", \"matching_decision\": \"mono\", \"matching_siren_selected\": \"\"}]", "building_geometries_json": "[{\"batiment_construction_id\": \"w:218783321\", \"bdnb_batiment_construction_id\": \"bdnb-bg-GMM3-3ZEQ-ANJ2:1\", \"batiment_groupe_id\": \"bdnb-bg-GMM3-3ZEQ-ANJ2\", \"osm_building_id\": \"w:218783321\", \"osm_match_status\": \"matched\", \"osm_bdnb_intersection_area_m2\": 914.6871338695096, \"osm_address_text\": \"\", \"annee_construction\": null, \"footprint_m2\": 921.8675496621756, \"geometry\": {\"type\": \"MultiPolygon\", \"coordinates\": [[[[-0.654691, 44.780434], [-0.654607, 44.780472], [-0.654704, 44.780582], [-0.654723, 44.780573], [-0.654792, 44.780652], [-0.655246, 44.78045], [-0.655239, 44.780442], [-0.6551081, 44.7802939], [-0.655064, 44.780244], [-0.654925, 44.780306], [-0.654992, 44.780382], [-0.654744, 44.780494], [-0.654691, 44.780434]]]]}}]", "google_fallback_attempted": "false", "google_fallback_success": "false", "google_fallback_group_id": "", "google_nearby_status": "", "google_nearby_error": "", "google_raw_nearby_count": "0", "google_excluded_outside_parcel": "0", "google_nearby_ranked_json": "[]", "google_winner_place_id": "", "google_winner_name": "", "google_anchor_address": "", "google_api_gouv_query": "", "google_api_gouv_etablissements_count": "0", "google_reject_reason": "", "osm_pois_json": "[]", "osm_poi_count": 0, "osm_pois_status": "ok", "osm_poi_truncated": 0, "osm_data_as_of": ""}, "geometry": {"type": "MultiPolygon", "coordinates": [[[[-0.6554501, 44.7804118], [-0.6552136, 44.7801772], [-0.6551702, 44.780134], [-0.655054, 44.7800189], [-0.6543449, 44.7803365], [-0.6545583, 44.7805165], [-0.6547861, 44.7807084], [-0.6554501, 44.7804118]]]]}, "id": "parcelle:33318:HH:0030"}, {"type": "Feature", "properties": {"scout_v5_id": "parcelle:33318:HH:0042", "grain": "parcelle", "batiment_construction_id": "", "bdnb_batiment_construction_id": "", "batiment_groupe_id": "", "osm_building_id": "", "osm_match_status": "", "osm_bdnb_intersection_area_m2": "", "osm_address_text": "", "code_insee": "33318", "section": "HH", "numero_norm": "0042", "code_iris": "333180120", "nom_iris": "Parc Industriel", "nb_batiments": 1, "annee_construction": "", "footprint_m2": "", "footprint_sum_m2": 779.0292826806998, "siren_status": "none", "status_technique": "no_candidate", "status_metier": "none", "siret_count": 0, "passerelle_address": "", "passerelle_indice_norm": "", "passerelle_numero_match": "", "passerelle_addresses_json": "[]", "sirets_json": "[]", "sirens_json": "[]", "matching_confidence": 0.0, "matching_reason": "", "matching_status": "mono", "matching_decision": "", "matching_siren_selected": "", "matching_debug_json": "", "parcelles_json": "", "buildings_json": "[{\"batiment_construction_id\": \"w:218783336\", \"bdnb_batiment_construction_id\": \"bdnb-bg-EB32-MYF1-8GQB:1\", \"batiment_groupe_id\": \"bdnb-bg-EB32-MYF1-8GQB\", \"annee_construction\": 1991, \"footprint_m2\": 779.0292826806998, \"intersection_area_m2\": 779.0292826806996, \"osm_building_id\": \"w:218783336\", \"osm_match_status\": \"matched\", \"osm_bdnb_intersection_area_m2\": 689.6591881369169, \"osm_address_text\": \"\", \"matching_status\": \"mono\", \"matching_decision\": \"mono\", \"matching_siren_selected\": \"\"}]", "building_geometries_json": "[{\"batiment_construction_id\": \"w:218783336\", \"bdnb_batiment_construction_id\": \"bdnb-bg-EB32-MYF1-8GQB:1\", \"batiment_groupe_id\": \"bdnb-bg-EB32-MYF1-8GQB\", \"osm_building_id\": \"w:218783336\", \"osm_match_status\": \"matched\", \"osm_bdnb_intersection_area_m2\": 689.6591881369169, \"osm_address_text\": \"\", \"annee_construction\": 1991, \"footprint_m2\": 779.0292826806998, \"geometry\": {\"type\": \"MultiPolygon\", \"coordinates\": [[[[-0.654778, 44.783474], [-0.654756, 44.783557], [-0.655204, 44.783619], [-0.655225, 44.783538], [-0.655206, 44.783535], [-0.655216, 44.783504], [-0.655234, 44.783506], [-0.655255, 44.783426], [-0.654807, 44.783363], [-0.654786, 44.783443], [-0.654804, 44.783447], [-0.654797, 44.783476], [-0.654778, 44.783474]]]]}}]", "google_fallback_attempted": "false", "google_fallback_success": "false", "google_fallback_group_id": "", "google_nearby_status": "", "google_nearby_error": "", "google_raw_nearby_count": "0", "google_excluded_outside_parcel": "0", "google_nearby_ranked_json": "[]", "google_winner_place_id": "", "google_winner_name": "", "google_anchor_address": "", "google_api_gouv_query": "", "google_api_gouv_etablissements_count": "0", "google_reject_reason": "", "osm_pois_json": "[]", "osm_poi_count": 0, "osm_pois_status": "ok", "osm_poi_truncated": 0, "osm_data_as_of": ""}, "geometry": {"type": "MultiPolygon", "coordinates": [[[[-0.6546058, 44.7832423], [-0.6545305, 44.7835072], [-0.65455, 44.7835088], [-0.6545679, 44.7835109], [-0.654591, 44.7835158], [-0.6546179, 44.7835233], [-0.6546447, 44.7835328], [-0.6546665, 44.7835441], [-0.6546863, 44.7835571], [-0.6547048, 44.7835711], [-0.6547224, 44.7835896], [-0.6547356, 44.7836073], [-0.6547449, 44.783624], [-0.6547513, 44.7836429], [-0.654756, 44.7836674], [-0.655171, 44.7837256], [-0.6553318, 44.78365], [-0.6554117, 44.7833545], [-0.6546058, 44.7832423]]]]}, "id": "parcelle:33318:HH:0042"}, {"type": "Feature", "properties": {"scout_v5_id": "parcelle:33318:HH:0005", "grain": "parcelle", "batiment_construction_id": "", "bdnb_batiment_construction_id": "", "batiment_groupe_id": "", "osm_building_id": "", "osm_match_status": "", "osm_bdnb_intersection_area_m2": "", "osm_address_text": "", "code_insee": "33318", "section": "HH", "numero_norm": "0005", "code_iris": "333180120", "nom_iris": "Parc Industriel", "nb_batiments": 1, "annee_construction": "", "footprint_m2": "", "footprint_sum_m2": 787.6705737135198, "siren_status": "none", "status_technique": "no_candidate", "status_metier": "none", "siret_count": 0, "passerelle_address": "", "passerelle_indice_norm": "", "passerelle_numero_match": "", "passerelle_addresses_json": "[]", "sirets_json": "[]", "sirens_json": "[]", "matching_confidence": 0.0, "matching_reason": "", "matching_status": "mono", "matching_decision": "", "matching_siren_selected": "", "matching_debug_json": "", "parcelles_json": "", "buildings_json": "[{\"batiment_construction_id\": \"w:218783353\", \"bdnb_batiment_construction_id\": \"bdnb-bg-X5BJ-ZCHQ-6XMP:1\", \"batiment_groupe_id\": \"bdnb-bg-X5BJ-ZCHQ-6XMP\", \"annee_construction\": null, \"footprint_m2\": 787.6705737135198, \"intersection_area_m2\": 787.6705737135198, \"osm_building_id\": \"w:218783353\", \"osm_match_status\": \"matched\", \"osm_bdnb_intersection_area_m2\": 697.120794965184, \"osm_address_text\": \"\", \"matching_status\": \"mono\", \"matching_decision\": \"mono\", \"matching_siren_selected\": \"\"}]", "building_geometries_json": "[{\"batiment_construction_id\": \"w:218783353\", \"bdnb_batiment_construction_id\": \"bdnb-bg-X5BJ-ZCHQ-6XMP:1\", \"batiment_groupe_id\": \"bdnb-bg-X5BJ-ZCHQ-6XMP\", \"osm_building_id\": \"w:218783353\", \"osm_match_status\": \"matched\", \"osm_bdnb_intersection_area_m2\": 697.120794965184, \"osm_address_text\": \"\", \"annee_construction\": null, \"footprint_m2\": 787.6705737135198, \"geometry\": {\"type\": \"MultiPolygon\", \"coordinates\": [[[[-0.65495, 44.783165], [-0.654928, 44.783249], [-0.655376, 44.783311], [-0.655399, 44.783226], [-0.65538, 44.783223], [-0.65539, 44.783193], [-0.655408, 44.783195], [-0.65543, 44.783116], [-0.654979, 44.783054], [-0.654959, 44.783132], [-0.654976, 44.783134], [-0.654969, 44.783167], [-0.65495, 44.783165]]]]}}]", "google_fallback_attempted": "false", "google_fallback_success": "false", "google_fallback_group_id": "", "google_nearby_status": "", "google_nearby_error": "", "google_raw_nearby_count": "0", "google_excluded_outside_parcel": "0", "google_nearby_ranked_json": "[]", "google_winner_place_id": "", "google_winner_name": "", "google_anchor_address": "", "google_api_gouv_query": "", "google_api_gouv_etablissements_count": "0", "google_reject_reason": "", "osm_pois_json": "[]", "osm_poi_count": 0, "osm_pois_status": "ok", "osm_poi_truncated": 0, "osm_data_as_of": ""}, "geometry": {"type": "MultiPolygon", "coordinates": [[[[-0.6555125, 44.7830269], [-0.6554397, 44.7830166], [-0.6547891, 44.7829254], [-0.6547778, 44.7829394], [-0.6547626, 44.7829503], [-0.654745, 44.7829612], [-0.6547201, 44.7829719], [-0.6547012, 44.7829777], [-0.6546799, 44.7829808], [-0.6546058, 44.7832423], [-0.6554117, 44.7833545], [-0.6554214, 44.7833558], [-0.6555125, 44.7830269]]]]}, "id": "parcelle:33318:HH:0005"}, {"type": "Feature", "properties": {"scout_v5_id": "parcelle:33318:HT:0082", "grain": "parcelle", "batiment_construction_id": "", "bdnb_batiment_construction_id": "", "batiment_groupe_id": "", "osm_building_id": "", "osm_match_status": "", "osm_bdnb_intersection_area_m2": "", "osm_address_text": "", "code_insee": "33318", "section": "HT", "numero_norm": "0082", "code_iris": "333180120", "nom_iris": "Parc Industriel", "nb_batiments": 1, "annee_construction": "", "footprint_m2": "", "footprint_sum_m2": 771.3112589771926, "siren_status": "none", "status_technique": "no_candidate", "status_metier": "none", "siret_count": 0, "passerelle_address": "", "passerelle_indice_norm": "", "passerelle_numero_match": "", "passerelle_addresses_json": "[]", "sirets_json": "[]", "sirens_json": "[]", "matching_confidence": 0.0, "matching_reason": "", "matching_status": "mono", "matching_decision": "", "matching_siren_selected": "", "matching_debug_json": "", "parcelles_json": "", "buildings_json": "[{\"batiment_construction_id\": \"w:218783359\", \"bdnb_batiment_construction_id\": \"bdnb-bg-ZC2Q-6CLV-E5H1:1\", \"batiment_groupe_id\": \"bdnb-bg-ZC2Q-6CLV-E5H1\", \"annee_construction\": null, \"footprint_m2\": 771.3112589771926, \"intersection_area_m2\": 771.3112589771927, \"osm_building_id\": \"w:218783359\", \"osm_match_status\": \"matched\", \"osm_bdnb_intersection_area_m2\": 734.0817771939725, \"osm_address_text\": \"\", \"matching_status\": \"mono\", \"matching_decision\": \"mono\", \"matching_siren_selected\": \"\"}]", "building_geometries_json": "[{\"batiment_construction_id\": \"w:218783359\", \"bdnb_batiment_construction_id\": \"bdnb-bg-ZC2Q-6CLV-E5H1:1\", \"batiment_groupe_id\": \"bdnb-bg-ZC2Q-6CLV-E5H1\", \"osm_building_id\": \"w:218783359\", \"osm_match_status\": \"matched\", \"osm_bdnb_intersection_area_m2\": 734.0817771939725, \"osm_address_text\": \"\", \"annee_construction\": null, \"footprint_m2\": 771.3112589771926, \"geometry\": {\"type\": \"MultiPolygon\", \"coordinates\": [[[[-0.664366, 44.779435], [-0.66434, 44.779182], [-0.664237, 44.779186], [-0.66424, 44.779205], [-0.66422, 44.779206], [-0.664217, 44.779188], [-0.664115, 44.779192], [-0.66412, 44.779236], [-0.664122, 44.779276], [-0.66408, 44.779278], [-0.664106, 44.779535], [-0.664375, 44.779521], [-0.664366, 44.779435]]]]}}]", "google_fallback_attempted": "false", "google_fallback_success": "false", "google_fallback_group_id": "", "google_nearby_status": "", "google_nearby_error": "", "google_raw_nearby_count": "0", "google_excluded_outside_parcel": "0", "google_nearby_ranked_json": "[]", "google_winner_place_id": "", "google_winner_name": "", "google_anchor_address": "", "google_api_gouv_query": "", "google_api_gouv_etablissements_count": "0", "google_reject_reason": "", "osm_pois_json": "[]", "osm_poi_count": 0, "osm_pois_status": "ok", "osm_poi_truncated": 0, "osm_data_as_of": ""}, "geometry": {"type": "MultiPolygon", "coordinates": [[[[-0.6640615, 44.7796674], [-0.6645166, 44.7795752], [-0.6644625, 44.7791292], [-0.6644462, 44.7791292], [-0.6644299, 44.7791289], [-0.6644137, 44.7791281], [-0.6643974, 44.7791268], [-0.6643815, 44.7791251], [-0.6643656, 44.7791228], [-0.6643498, 44.7791201], [-0.6643341, 44.7791168], [-0.6643187, 44.7791132], [-0.6643034, 44.779109], [-0.6642885, 44.7791044], [-0.6642831, 44.7791026], [-0.6642738, 44.7790994], [-0.6642594, 44.7790941], [-0.6642454, 44.7790881], [-0.6642317, 44.7790819], [-0.6642184, 44.7790752], [-0.6642055, 44.7790681], [-0.664193, 44.7790606], [-0.664181, 44.7790528], [-0.6641695, 44.7790447], [-0.6641584, 44.7790361], [-0.664148, 44.7790273], [-0.6639912, 44.7791175], [-0.6640615, 44.7796674]]]]}, "id": "parcelle:33318:HT:0082"}, {"type": "Feature", "properties": {"scout_v5_id": "parcelle:33318:BX:0612", "grain": "parcelle", "batiment_construction_id": "", "bdnb_batiment_construction_id": "", "batiment_groupe_id": "", "osm_building_id": "", "osm_match_status": "", "osm_bdnb_intersection_area_m2": "", "osm_address_text": "", "code_insee": "33318", "section": "BX", "numero_norm": "0612", "code_iris": "333180109", "nom_iris": "L'Alouette", "nb_batiments": 1, "annee_construction": "", "footprint_m2": "", "footprint_sum_m2": 909.4055680039517, "siren_status": "none", "status_technique": "no_candidate", "status_metier": "none", "siret_count": 0, "passerelle_address": "", "passerelle_indice_norm": "", "passerelle_numero_match": "", "passerelle_addresses_json": "[]", "sirets_json": "[]", "sirens_json": "[]", "matching_confidence": 0.0, "matching_reason": "", "matching_status": "mono", "matching_decision": "", "matching_siren_selected": "", "matching_debug_json": "", "parcelles_json": "", "buildings_json": "[{\"batiment_construction_id\": \"w:218783404\", \"bdnb_batiment_construction_id\": \"bdnb-bg-B7G6-QAP2-LZMF:3\", \"batiment_groupe_id\": \"bdnb-bg-B7G6-QAP2-LZMF\", \"annee_construction\": 2010, \"footprint_m2\": 909.4055680039517, \"intersection_area_m2\": 637.1950656883841, \"osm_building_id\": \"w:218783404\", \"osm_match_status\": \"matched\", \"osm_bdnb_intersection_area_m2\": 842.3178237715417, \"osm_address_text\": \"\", \"matching_status\": \"partage\", \"matching_decision\": \"unique_by_intersection\", \"matching_siren_selected\": \"\"}]", "building_geometries_json": "[{\"batiment_construction_id\": \"w:218783404\", \"bdnb_batiment_construction_id\": \"bdnb-bg-B7G6-QAP2-LZMF:3\", \"batiment_groupe_id\": \"bdnb-bg-B7G6-QAP2-LZMF\", \"osm_building_id\": \"w:218783404\", \"osm_match_status\": \"matched\", \"osm_bdnb_intersection_area_m2\": 842.3178237715417, \"osm_address_text\": \"\", \"annee_construction\": 2010, \"footprint_m2\": 909.4055680039517, \"geometry\": {\"type\": \"MultiPolygon\", \"coordinates\": [[[[-0.659387, 44.800353], [-0.659358, 44.800364], [-0.659351, 44.800368], [-0.659337, 44.800381], [-0.659332, 44.800388], [-0.65919, 44.800411], [-0.659181, 44.800545], [-0.659312, 44.800548], [-0.659384, 44.800536], [-0.659402, 44.800585], [-0.659408, 44.800584], [-0.659515, 44.800565], [-0.659563, 44.800557], [-0.65976, 44.800523], [-0.659694, 44.800326], [-0.659492, 44.800361], [-0.659476, 44.800355], [-0.659458, 44.80035], [-0.659437, 44.800348], [-0.659415, 44.800349], [-0.659401, 44.800351], [-0.659387, 44.800353]]]]}}]", "google_fallback_attempted": "false", "google_fallback_success": "false", "google_fallback_group_id": "", "google_nearby_status": "", "google_nearby_error": "", "google_raw_nearby_count": "0", "google_excluded_outside_parcel": "0", "google_nearby_ranked_json": "[]", "google_winner_place_id": "", "google_winner_name": "", "google_anchor_address": "", "google_api_gouv_query": "", "google_api_gouv_etablissements_count": "0", "google_reject_reason": "", "osm_pois_json": "[]", "osm_poi_count": 0, "osm_pois_status": "ok", "osm_poi_truncated": 0, "osm_data_as_of": ""}, "geometry": {"type": "MultiPolygon", "coordinates": [[[[-0.6596716, 44.8002617], [-0.6593929, 44.8003131], [-0.65939, 44.8003357], [-0.6593879, 44.8003535], [-0.6593755, 44.8004488], [-0.6594081, 44.8005838], [-0.6594549, 44.8007773], [-0.6598215, 44.8007033], [-0.6597887, 44.8006062], [-0.6597602, 44.800523], [-0.6596935, 44.8003265], [-0.6596716, 44.8002617]]]]}, "id": "parcelle:33318:BX:0612"}, {"type": "Feature", "properties": {"scout_v5_id": "parcelle:33318:BX:0614", "grain": "parcelle", "batiment_construction_id": "", "bdnb_batiment_construction_id": "", "batiment_groupe_id": "", "osm_building_id": "", "osm_match_status": "", "osm_bdnb_intersection_area_m2": "", "osm_address_text": "", "code_insee": "33318", "section": "BX", "numero_norm": "0614", "code_iris": "333180109", "nom_iris": "L'Alouette", "nb_batiments": 1, "annee_construction": "", "footprint_m2": "", "footprint_sum_m2": 909.4055680039517, "siren_status": "none", "status_technique": "no_candidate", "status_metier": "none", "siret_count": 0, "passerelle_address": "", "passerelle_indice_norm": "", "passerelle_numero_match": "", "passerelle_addresses_json": "[]", "sirets_json": "[]", "sirens_json": "[]", "matching_confidence": 0.0, "matching_reason": "", "matching_status": "mono", "matching_decision": "", "matching_siren_selected": "", "matching_debug_json": "", "parcelles_json": "", "buildings_json": "[{\"batiment_construction_id\": \"w:218783404\", \"bdnb_batiment_construction_id\": \"bdnb-bg-B7G6-QAP2-LZMF:3\", \"batiment_groupe_id\": \"bdnb-bg-B7G6-QAP2-LZMF\", \"annee_construction\": 2010, \"footprint_m2\": 909.4055680039517, \"intersection_area_m2\": 271.76083220711394, \"osm_building_id\": \"w:218783404\", \"osm_match_status\": \"matched\", \"osm_bdnb_intersection_area_m2\": 842.3178237715417, \"osm_address_text\": \"\", \"matching_status\": \"partage\", \"matching_decision\": \"unique_by_intersection\", \"matching_siren_selected\": \"\"}]", "building_geometries_json": "[{\"batiment_construction_id\": \"w:218783404\", \"bdnb_batiment_construction_id\": \"bdnb-bg-B7G6-QAP2-LZMF:3\", \"batiment_groupe_id\": \"bdnb-bg-B7G6-QAP2-LZMF\", \"osm_building_id\": \"w:218783404\", \"osm_match_status\": \"matched\", \"osm_bdnb_intersection_area_m2\": 842.3178237715417, \"osm_address_text\": \"\", \"annee_construction\": 2010, \"footprint_m2\": 909.4055680039517, \"geometry\": {\"type\": \"MultiPolygon\", \"coordinates\": [[[[-0.659387, 44.800353], [-0.659358, 44.800364], [-0.659351, 44.800368], [-0.659337, 44.800381], [-0.659332, 44.800388], [-0.65919, 44.800411], [-0.659181, 44.800545], [-0.659312, 44.800548], [-0.659384, 44.800536], [-0.659402, 44.800585], [-0.659408, 44.800584], [-0.659515, 44.800565], [-0.659563, 44.800557], [-0.65976, 44.800523], [-0.659694, 44.800326], [-0.659492, 44.800361], [-0.659476, 44.800355], [-0.659458, 44.80035], [-0.659437, 44.800348], [-0.659415, 44.800349], [-0.659401, 44.800351], [-0.659387, 44.800353]]]]}}]", "google_fallback_attempted": "false", "google_fallback_success": "false", "google_fallback_group_id": "", "google_nearby_status": "", "google_nearby_error": "", "google_raw_nearby_count": "0", "google_excluded_outside_parcel": "0", "google_nearby_ranked_json": "[]", "google_winner_place_id": "", "google_winner_name": "", "google_anchor_address": "", "google_api_gouv_query": "", "google_api_gouv_etablissements_count": "0", "google_reject_reason": "", "osm_pois_json": "[]", "osm_poi_count": 0, "osm_pois_status": "ok", "osm_poi_truncated": 0, "osm_data_as_of": ""}, "geometry": {"type": "MultiPolygon", "coordinates": [[[[-0.6593929, 44.8003131], [-0.6591942, 44.8003498], [-0.65919, 44.8004117], [-0.6591807, 44.8005447], [-0.6591649, 44.8007705], [-0.6594561, 44.8007818], [-0.6594549, 44.8007773], [-0.6594081, 44.8005838], [-0.6593755, 44.8004488], [-0.6593879, 44.8003535], [-0.65939, 44.8003357], [-0.6593929, 44.8003131]]]]}, "id": "parcelle:33318:BX:0614"}, {"type": "Feature", "properties": {"scout_v5_id": "parcelle:33318:HT:0148", "grain": "parcelle", "batiment_construction_id": "", "bdnb_batiment_construction_id": "", "batiment_groupe_id": "", "osm_building_id": "", "osm_match_status": "", "osm_bdnb_intersection_area_m2": "", "osm_address_text": "", "code_insee": "33318", "section": "HT", "numero_norm": "0148", "code_iris": "333180120", "nom_iris": "Parc Industriel", "nb_batiments": 1, "annee_construction": "", "footprint_m2": "", "footprint_sum_m2": 2757.454368242571, "siren_status": "none", "status_technique": "no_candidate", "status_metier": "none", "siret_count": 0, "passerelle_address": "", "passerelle_indice_norm": "", "passerelle_numero_match": "", "passerelle_addresses_json": "[]", "sirets_json": "[]", "sirens_json": "[]", "matching_confidence": 0.0, "matching_reason": "", "matching_status": "mono", "matching_decision": "", "matching_siren_selected": "", "matching_debug_json": "", "parcelles_json": "", "buildings_json": "[{\"batiment_construction_id\": \"w:218783416\", \"bdnb_batiment_construction_id\": \"bdnb-bg-SY4W-MR56-BKEJ:1\", \"batiment_groupe_id\": \"bdnb-bg-SY4W-MR56-BKEJ\", \"annee_construction\": 2011, \"footprint_m2\": 2757.454368242571, \"intersection_area_m2\": 2757.454368242571, \"osm_building_id\": \"w:218783416\", \"osm_match_status\": \"matched\", \"osm_bdnb_intersection_area_m2\": 2751.001385885627, \"osm_address_text\": \"\", \"matching_status\": \"mono\", \"matching_decision\": \"mono\", \"matching_siren_selected\": \"\"}]", "building_geometries_json": "[{\"batiment_construction_id\": \"w:218783416\", \"bdnb_batiment_construction_id\": \"bdnb-bg-SY4W-MR56-BKEJ:1\", \"batiment_groupe_id\": \"bdnb-bg-SY4W-MR56-BKEJ\", \"osm_building_id\": \"w:218783416\", \"osm_match_status\": \"matched\", \"osm_bdnb_intersection_area_m2\": 2751.001385885627, \"osm_address_text\": \"\", \"annee_construction\": 2011, \"footprint_m2\": 2757.454368242571, \"geometry\": {\"type\": \"MultiPolygon\", \"coordinates\": [[[[-0.667765, 44.778779], [-0.667873, 44.778756], [-0.667813, 44.778614], [-0.667704, 44.778638], [-0.667709, 44.77865], [-0.6673871, 44.7787193], [-0.667314, 44.778735], [-0.667266, 44.778621], [-0.66675, 44.778732], [-0.666799, 44.778846], [-0.666584, 44.778893], [-0.666665, 44.779082], [-0.667791, 44.778839], [-0.667765, 44.778779]]]]}}]", "google_fallback_attempted": "false", "google_fallback_success": "false", "google_fallback_group_id": "", "google_nearby_status": "", "google_nearby_error": "", "google_raw_nearby_count": "0", "google_excluded_outside_parcel": "0", "google_nearby_ranked_json": "[]", "google_winner_place_id": "", "google_winner_name": "", "google_anchor_address": "", "google_api_gouv_query": "", "google_api_gouv_etablissements_count": "0", "google_reject_reason": "", "osm_pois_json": "[]", "osm_poi_count": 0, "osm_pois_status": "ok", "osm_poi_truncated": 0, "osm_data_as_of": ""}, "geometry": {"type": "MultiPolygon", "coordinates": [[[[-0.6678857, 44.7785185], [-0.6677965, 44.778391], [-0.6677778, 44.7783952], [-0.6675696, 44.7784425], [-0.6674121, 44.7784783], [-0.6670807, 44.7785534], [-0.6670617, 44.7785576], [-0.6670534, 44.778563], [-0.6670451, 44.7785677], [-0.6670363, 44.7785719], [-0.6670271, 44.7785758], [-0.6670175, 44.7785791], [-0.6670077, 44.7785819], [-0.6669976, 44.7785844], [-0.6669871, 44.7785862], [-0.6669767, 44.7785875], [-0.6669661, 44.7785882], [-0.6669555, 44.7785885], [-0.6669449, 44.7785883], [-0.6669305, 44.7785875], [-0.6663084, 44.7787287], [-0.6664468, 44.7791262], [-0.6664505, 44.7791257], [-0.666456, 44.7791251], [-0.6664615, 44.7791246], [-0.6664672, 44.7791242], [-0.6664728, 44.779124], [-0.6664783, 44.7791239], [-0.6664839, 44.7791241], [-0.6664895, 44.7791243], [-0.6664951, 44.7791245], [-0.6665007, 44.7791252], [-0.6665063, 44.7791257], [-0.6665118, 44.7791265], [-0.666517, 44.7791275], [-0.6665225, 44.7791285], [-0.6665278, 44.7791298], [-0.6665332, 44.779131], [-0.6665382, 44.7791325], [-0.6665434, 44.7791341], [-0.6665486, 44.7791358], [-0.6665535, 44.7791376], [-0.6665584, 44.7791396], [-0.6665631, 44.7791417], [-0.6665678, 44.7791438], [-0.6665691, 44.7791444], [-0.6665702, 44.7791438], [-0.6666141, 44.779118], [-0.6666506, 44.7791493], [-0.6666818, 44.779131], [-0.6681001, 44.7788249], [-0.6678857, 44.7785185]]]]}, "id": "parcelle:33318:HT:0148"}, {"type": "Feature", "properties": {"scout_v5_id": "parcelle:33318:HC:0034", "grain": "parcelle", "batiment_construction_id": "", "bdnb_batiment_construction_id": "", "batiment_groupe_id": "", "osm_building_id": "", "osm_match_status": "", "osm_bdnb_intersection_area_m2": "", "osm_address_text": "", "code_insee": "33318", "section": "HC", "numero_norm": "0034", "code_iris": "333180120", "nom_iris": "Parc Industriel", "nb_batiments": 1, "annee_construction": "", "footprint_m2": "", "footprint_sum_m2": 626.6246377275169, "siren_status": "none", "status_technique": "no_candidate", "status_metier": "none", "siret_count": 0, "passerelle_address": "", "passerelle_indice_norm": "", "passerelle_numero_match": "", "passerelle_addresses_json": "[]", "sirets_json": "[]", "sirens_json": "[]", "matching_confidence": 0.0, "matching_reason": "", "matching_status": "mono", "matching_decision": "", "matching_siren_selected": "", "matching_debug_json": "", "parcelles_json": "", "buildings_json": "[{\"batiment_construction_id\": \"w:218783422\", \"bdnb_batiment_construction_id\": \"bdnb-bg-5TVB-LQ8V-PY94:1\", \"batiment_groupe_id\": \"bdnb-bg-5TVB-LQ8V-PY94\", \"annee_construction\": 2014, \"footprint_m2\": 626.6246377275169, \"intersection_area_m2\": 626.6246377275166, \"osm_building_id\": \"w:218783422\", \"osm_match_status\": \"matched\", \"osm_bdnb_intersection_area_m2\": 593.0949865059706, \"osm_address_text\": \"\", \"matching_status\": \"mono\", \"matching_decision\": \"mono\", \"matching_siren_selected\": \"\"}]", "building_geometries_json": "[{\"batiment_construction_id\": \"w:218783422\", \"bdnb_batiment_construction_id\": \"bdnb-bg-5TVB-LQ8V-PY94:1\", \"batiment_groupe_id\": \"bdnb-bg-5TVB-LQ8V-PY94\", \"osm_building_id\": \"w:218783422\", \"osm_match_status\": \"matched\", \"osm_bdnb_intersection_area_m2\": 593.0949865059706, \"osm_address_text\": \"\", \"annee_construction\": 2014, \"footprint_m2\": 626.6246377275169, \"geometry\": {\"type\": \"MultiPolygon\", \"coordinates\": [[[[-0.641392, 44.785678], [-0.641369, 44.785589], [-0.641282, 44.785601], [-0.64124, 44.785445], [-0.641029, 44.785473], [-0.641032, 44.785485], [-0.6409542, 44.785496], [-0.640993, 44.785641], [-0.640966, 44.785645], [-0.640979, 44.785689], [-0.641233, 44.785655], [-0.641248, 44.785697], [-0.641392, 44.785678]]]]}}]", "google_fallback_attempted": "false", "google_fallback_success": "false", "google_fallback_group_id": "", "google_nearby_status": "", "google_nearby_error": "", "google_raw_nearby_count": "0", "google_excluded_outside_parcel": "0", "google_nearby_ranked_json": "[]", "google_winner_place_id": "", "google_winner_name": "", "google_anchor_address": "", "google_api_gouv_query": "", "google_api_gouv_etablissements_count": "0", "google_reject_reason": "", "osm_pois_json": "[]", "osm_poi_count": 0, "osm_pois_status": "ok", "osm_poi_truncated": 0, "osm_data_as_of": ""}, "geometry": {"type": "MultiPolygon", "coordinates": [[[[-0.640857, 44.7854063], [-0.6409708, 44.785872], [-0.6410398, 44.7858629], [-0.6410658, 44.7858593], [-0.6415557, 44.7857937], [-0.6415338, 44.7857068], [-0.6414183, 44.7855162], [-0.6412778, 44.7852843], [-0.6408659, 44.7854037], [-0.640857, 44.7854063]]]]}, "id": "parcelle:33318:HC:0034"}, {"type": "Feature", "properties": {"scout_v5_id": "parcelle:33318:HH:0029", "grain": "parcelle", "batiment_construction_id": "", "bdnb_batiment_construction_id": "", "batiment_groupe_id": "", "osm_building_id": "", "osm_match_status": "", "osm_bdnb_intersection_area_m2": "", "osm_address_text": "", "code_insee": "33318", "section": "HH", "numero_norm": "0029", "code_iris": "333180120", "nom_iris": "Parc Industriel", "nb_batiments": 1, "annee_construction": "", "footprint_m2": "", "footprint_sum_m2": 3302.298386573366, "siren_status": "none", "status_technique": "no_candidate", "status_metier": "none", "siret_count": 0, "passerelle_address": "", "passerelle_indice_norm": "", "passerelle_numero_match": "", "passerelle_addresses_json": "[]", "sirets_json": "[]", "sirens_json": "[]", "matching_confidence": 0.0, "matching_reason": "", "matching_status": "mono", "matching_decision": "", "matching_siren_selected": "", "matching_debug_json": "", "parcelles_json": "", "buildings_json": "[{\"batiment_construction_id\": \"w:218783457\", \"bdnb_batiment_construction_id\": \"bdnb-bg-CZM6-YAZ6-QRQ2:1\", \"batiment_groupe_id\": \"bdnb-bg-CZM6-YAZ6-QRQ2\", \"annee_construction\": null, \"footprint_m2\": 3302.298386573366, \"intersection_area_m2\": 3302.298386573366, \"osm_building_id\": \"w:218783457\", \"osm_match_status\": \"matched\", \"osm_bdnb_intersection_area_m2\": 3300.498777854288, \"osm_address_text\": \"\", \"matching_status\": \"mono\", \"matching_decision\": \"mono\", \"matching_siren_selected\": \"\"}]", "building_geometries_json": "[{\"batiment_construction_id\": \"w:218783457\", \"bdnb_batiment_construction_id\": \"bdnb-bg-CZM6-YAZ6-QRQ2:1\", \"batiment_groupe_id\": \"bdnb-bg-CZM6-YAZ6-QRQ2\", \"osm_building_id\": \"w:218783457\", \"osm_match_status\": \"matched\", \"osm_bdnb_intersection_area_m2\": 3300.498777854288, \"osm_address_text\": \"\", \"annee_construction\": null, \"footprint_m2\": 3302.298386573366, \"geometry\": {\"type\": \"MultiPolygon\", \"coordinates\": [[[[-0.65439, 44.779726], [-0.654303, 44.779627], [-0.654321, 44.779619], [-0.654178, 44.779458], [-0.654066, 44.779508], [-0.654026, 44.779467], [-0.653657, 44.779629], [-0.653698, 44.779672], [-0.653691, 44.779676], [-0.653833, 44.779838], [-0.653941, 44.779792], [-0.654364, 44.780271], [-0.654726, 44.780108], [-0.65439, 44.779726]]]]}}]", "google_fallback_attempted": "false", "google_fallback_success": "false", "google_fallback_group_id": "", "google_nearby_status": "", "google_nearby_error": "", "google_raw_nearby_count": "0", "google_excluded_outside_parcel": "0", "google_nearby_ranked_json": "[]", "google_winner_place_id": "", "google_winner_name": "", "google_anchor_address": "", "google_api_gouv_query": "", "google_api_gouv_etablissements_count": "0", "google_reject_reason": "", "osm_pois_json": "[]", "osm_poi_count": 0, "osm_pois_status": "ok", "osm_poi_truncated": 0, "osm_data_as_of": ""}, "geometry": {"type": "MultiPolygon", "coordinates": [[[[-0.6543449, 44.7803365], [-0.655054, 44.7800189], [-0.6550352, 44.7800002], [-0.6548994, 44.7798655], [-0.654292, 44.7792628], [-0.6541665, 44.7792445], [-0.6536624, 44.7794724], [-0.6534394, 44.7795731], [-0.6535185, 44.77964], [-0.653891, 44.7799539], [-0.6543449, 44.7803365]]]]}, "id": "parcelle:33318:HH:0029"}, {"type": "Feature", "properties": {"scout_v5_id": "parcelle:33318:BY:0072", "grain": "parcelle", "batiment_construction_id": "", "bdnb_batiment_construction_id": "", "batiment_groupe_id": "", "osm_building_id": "", "osm_match_status": "", "osm_bdnb_intersection_area_m2": "", "osm_address_text": "", "code_insee": "33318", "section": "BY", "numero_norm": "0072", "code_iris": "333180102", "nom_iris": "3 m", "nb_batiments": 1, "annee_construction": "", "footprint_m2": "", "footprint_sum_m2": 793.5002656921403, "siren_status": "none", "status_technique": "no_candidate", "status_metier": "none", "siret_count": 0, "passerelle_address": "", "passerelle_indice_norm": "", "passerelle_numero_match": "", "passerelle_addresses_json": "[]", "sirets_json": "[]", "sirens_json": "[]", "matching_confidence": 0.0, "matching_reason": "", "matching_status": "mono", "matching_decision": "", "matching_siren_selected": "", "matching_debug_json": "", "parcelles_json": "", "buildings_json": "[{\"batiment_construction_id\": \"w:218783499\", \"bdnb_batiment_construction_id\": \"bdnb-bg-MWTS-RG31-3E6J:4\", \"batiment_groupe_id\": \"bdnb-bg-MWTS-RG31-3E6J\", \"annee_construction\": null, \"footprint_m2\": 793.5002656921403, \"intersection_area_m2\": 793.5002656921403, \"osm_building_id\": \"w:218783499\", \"osm_match_status\": \"matched\", \"osm_bdnb_intersection_area_m2\": 753.56437811947, \"osm_address_text\": \"\", \"matching_status\": \"mono\", \"matching_decision\": \"mono\", \"matching_siren_selected\": \"\"}]", "building_geometries_json": "[{\"batiment_construction_id\": \"w:218783499\", \"bdnb_batiment_construction_id\": \"bdnb-bg-MWTS-RG31-3E6J:4\", \"batiment_groupe_id\": \"bdnb-bg-MWTS-RG31-3E6J\", \"osm_building_id\": \"w:218783499\", \"osm_match_status\": \"matched\", \"osm_bdnb_intersection_area_m2\": 753.56437811947, \"osm_address_text\": \"\", \"annee_construction\": null, \"footprint_m2\": 793.5002656921403, \"geometry\": {\"type\": \"MultiPolygon\", \"coordinates\": [[[[-0.669094, 44.800995], [-0.669278, 44.800996], [-0.669283, 44.800804], [-0.66901, 44.800801], [-0.66901, 44.800816], [-0.668888, 44.800814], [-0.668889, 44.8008], [-0.668839, 44.8008], [-0.668837, 44.800832], [-0.668793, 44.800831], [-0.66879, 44.800969], [-0.66882, 44.80097], [-0.668821, 44.800992], [-0.669094, 44.800995]]]]}}]", "google_fallback_attempted": "false", "google_fallback_success": "false", "google_fallback_group_id": "", "google_nearby_status": "", "google_nearby_error": "", "google_raw_nearby_count": "0", "google_excluded_outside_parcel": "0", "google_nearby_ranked_json": "[]", "google_winner_place_id": "", "google_winner_name": "", "google_anchor_address": "", "google_api_gouv_query": "", "google_api_gouv_etablissements_count": "0", "google_reject_reason": "", "osm_pois_json": "[]", "osm_poi_count": 0, "osm_pois_status": "ok", "osm_poi_truncated": 0, "osm_data_as_of": ""}, "geometry": {"type": "MultiPolygon", "coordinates": [[[[-0.6693458, 44.8028017], [-0.6694032, 44.8006557], [-0.6687889, 44.800652], [-0.6684778, 44.8015909], [-0.6684669, 44.8016238], [-0.6683327, 44.802028], [-0.6683231, 44.8021055], [-0.6682844, 44.8024169], [-0.668265, 44.8025807], [-0.6681498, 44.8025774], [-0.6681472, 44.8025773], [-0.6680594, 44.8028424], [-0.6680852, 44.8028418], [-0.6683699, 44.802836], [-0.6686644, 44.8028278], [-0.6692902, 44.8028039], [-0.6693458, 44.8028017]]]]}, "id": "parcelle:33318:BY:0072"}, {"type": "Feature", "properties": {"scout_v5_id": "parcelle:33318:HM:0005", "grain": "parcelle", "batiment_construction_id": "", "bdnb_batiment_construction_id": "", "batiment_groupe_id": "", "osm_building_id": "", "osm_match_status": "", "osm_bdnb_intersection_area_m2": "", "osm_address_text": "", "code_insee": "33318", "section": "HM", "numero_norm": "0005", "code_iris": "333180120", "nom_iris": "Parc Industriel", "nb_batiments": 1, "annee_construction": "", "footprint_m2": "", "footprint_sum_m2": 5033.899571633289, "siren_status": "none", "status_technique": "no_candidate", "status_metier": "none", "siret_count": 0, "passerelle_address": "", "passerelle_indice_norm": "", "passerelle_numero_match": "", "passerelle_addresses_json": "[]", "sirets_json": "[]", "sirens_json": "[]", "matching_confidence": 0.0, "matching_reason": "", "matching_status": "mono", "matching_decision": "", "matching_siren_selected": "", "matching_debug_json": "", "parcelles_json": "", "buildings_json": "[{\"batiment_construction_id\": \"w:218783535\", \"bdnb_batiment_construction_id\": \"bdnb-bg-P459-CQWQ-CYC4:1\", \"batiment_groupe_id\": \"bdnb-bg-P459-CQWQ-CYC4\", \"annee_construction\": 2005, \"footprint_m2\": 5033.899571633289, \"intersection_area_m2\": 5033.8995716332865, \"osm_building_id\": \"w:218783535\", \"osm_match_status\": \"matched\", \"osm_bdnb_intersection_area_m2\": 4877.054726934076, \"osm_address_text\": \"\", \"matching_status\": \"mono\", \"matching_decision\": \"mono\", \"matching_siren_selected\": \"\"}]", "building_geometries_json": "[{\"batiment_construction_id\": \"w:218783535\", \"bdnb_batiment_construction_id\": \"bdnb-bg-P459-CQWQ-CYC4:1\", \"batiment_groupe_id\": \"bdnb-bg-P459-CQWQ-CYC4\", \"osm_building_id\": \"w:218783535\", \"osm_match_status\": \"matched\", \"osm_bdnb_intersection_area_m2\": 4877.054726934076, \"osm_address_text\": \"\", \"annee_construction\": 2005, \"footprint_m2\": 5033.899571633289, \"geometry\": {\"type\": \"MultiPolygon\", \"coordinates\": [[[[-0.640156, 44.787175], [-0.640093, 44.786939], [-0.639979, 44.786789], [-0.640045, 44.786763], [-0.639967, 44.786469], [-0.639805, 44.786491], [-0.639781, 44.786402], [-0.639286, 44.78647], [-0.639475, 44.787179], [-0.639269, 44.787206], [-0.639303, 44.787335], [-0.639703, 44.787376], [-0.639667, 44.787241], [-0.640156, 44.787175]]]]}}]", "google_fallback_attempted": "false", "google_fallback_success": "false", "google_fallback_group_id": "", "google_nearby_status": "", "google_nearby_error": "", "google_raw_nearby_count": "0", "google_excluded_outside_parcel": "0", "google_nearby_ranked_json": "[]", "google_winner_place_id": "", "google_winner_name": "", "google_anchor_address": "", "google_api_gouv_query": "", "google_api_gouv_etablissements_count": "0", "google_reject_reason": "", "osm_pois_json": "[]", "osm_poi_count": 0, "osm_pois_status": "ok", "osm_poi_truncated": 0, "osm_data_as_of": ""}, "geometry": {"type": "MultiPolygon", "coordinates": [[[[-0.6399953, 44.7861875], [-0.6399891, 44.7861882], [-0.6395524, 44.7862471], [-0.639137, 44.786302], [-0.6391309, 44.7863028], [-0.6391312, 44.7863073], [-0.6392208, 44.7873673], [-0.6392211, 44.7873718], [-0.6392274, 44.7873724], [-0.6397299, 44.787425], [-0.6398043, 44.7874381], [-0.640336, 44.7875318], [-0.6403421, 44.7875329], [-0.6403411, 44.7875285], [-0.640216, 44.7870431], [-0.6402151, 44.7870397], [-0.6399964, 44.7861919], [-0.6399953, 44.7861875]]]]}, "id": "parcelle:33318:HM:0005"}, {"type": "Feature", "properties": {"scout_v5_id": "parcelle:33318:HT:0124", "grain": "parcelle", "batiment_construction_id": "", "bdnb_batiment_construction_id": "", "batiment_groupe_id": "", "osm_building_id": "", "osm_match_status": "", "osm_bdnb_intersection_area_m2": "", "osm_address_text": "", "code_insee": "33318", "section": "HT", "numero_norm": "0124", "code_iris": "333180120", "nom_iris": "Parc Industriel", "nb_batiments": 1, "annee_construction": "", "footprint_m2": "", "footprint_sum_m2": 1130.054118662074, "siren_status": "none", "status_technique": "no_candidate", "status_metier": "none", "siret_count": 0, "passerelle_address": "", "passerelle_indice_norm": "", "passerelle_numero_match": "", "passerelle_addresses_json": "[]", "sirets_json": "[]", "sirens_json": "[]", "matching_confidence": 0.0, "matching_reason": "", "matching_status": "mono", "matching_decision": "", "matching_siren_selected": "", "matching_debug_json": "", "parcelles_json": "", "buildings_json": "[{\"batiment_construction_id\": \"w:218783555\", \"bdnb_batiment_construction_id\": \"bdnb-bg-UEKQ-UK6G-KB2W:1\", \"batiment_groupe_id\": \"bdnb-bg-UEKQ-UK6G-KB2W\", \"annee_construction\": 2005, \"footprint_m2\": 1130.054118662074, \"intersection_area_m2\": 1130.0541186620742, \"osm_building_id\": \"w:218783555\", \"osm_match_status\": \"matched\", \"osm_bdnb_intersection_area_m2\": 1077.9674812226874, \"osm_address_text\": \"\", \"matching_status\": \"mono\", \"matching_decision\": \"mono\", \"matching_siren_selected\": \"\"}]", "building_geometries_json": "[{\"batiment_construction_id\": \"w:218783555\", \"bdnb_batiment_construction_id\": \"bdnb-bg-UEKQ-UK6G-KB2W:1\", \"batiment_groupe_id\": \"bdnb-bg-UEKQ-UK6G-KB2W\", \"osm_building_id\": \"w:218783555\", \"osm_match_status\": \"matched\", \"osm_bdnb_intersection_area_m2\": 1077.9674812226874, \"osm_address_text\": \"\", \"annee_construction\": 2005, \"footprint_m2\": 1130.054118662074, \"geometry\": {\"type\": \"MultiPolygon\", \"coordinates\": [[[[-0.666482, 44.778292], [-0.666399, 44.778055], [-0.666522, 44.778034], [-0.66648, 44.777914], [-0.666467, 44.777917], [-0.66642, 44.777887], [-0.666418, 44.777879], [-0.666074, 44.777938], [-0.666121, 44.778074], [-0.666139, 44.778071], [-0.666231, 44.778336], [-0.666275, 44.778328], [-0.666398, 44.778306], [-0.666482, 44.778292]]]]}}]", "google_fallback_attempted": "false", "google_fallback_success": "false", "google_fallback_group_id": "", "google_nearby_status": "", "google_nearby_error": "", "google_raw_nearby_count": "0", "google_excluded_outside_parcel": "0", "google_nearby_ranked_json": "[]", "google_winner_place_id": "", "google_winner_name": "", "google_anchor_address": "", "google_api_gouv_query": "", "google_api_gouv_etablissements_count": "0", "google_reject_reason": "", "osm_pois_json": "[]", "osm_poi_count": 0, "osm_pois_status": "ok", "osm_poi_truncated": 0, "osm_data_as_of": ""}, "geometry": {"type": "MultiPolygon", "coordinates": [[[[-0.6660093, 44.7778685], [-0.6662213, 44.7784776], [-0.6668058, 44.7783533], [-0.6666431, 44.7778784], [-0.6666414, 44.7778739], [-0.6666366, 44.7778647], [-0.666631, 44.7778556], [-0.6666244, 44.7778469], [-0.6666171, 44.7778385], [-0.6666089, 44.7778306], [-0.6666, 44.777823], [-0.6665904, 44.777816], [-0.66658, 44.7778094], [-0.6665691, 44.7778032], [-0.6665576, 44.7777978], [-0.6665456, 44.7777929], [-0.6665331, 44.7777886], [-0.6665202, 44.7777849], [-0.6665069, 44.7777818], [-0.6664935, 44.7777794], [-0.6664798, 44.7777777], [-0.666466, 44.7777766], [-0.6664522, 44.7777764], [-0.6664383, 44.7777768], [-0.6664246, 44.7777777], [-0.6664109, 44.7777796], [-0.6663976, 44.7777819], [-0.6660093, 44.7778685]]]]}, "id": "parcelle:33318:HT:0124"}, {"type": "Feature", "properties": {"scout_v5_id": "parcelle:33318:HS:0043", "grain": "parcelle", "batiment_construction_id": "", "bdnb_batiment_construction_id": "", "batiment_groupe_id": "", "osm_building_id": "", "osm_match_status": "", "osm_bdnb_intersection_area_m2": "", "osm_address_text": "", "code_insee": "33318", "section": "HS", "numero_norm": "0043", "code_iris": "333180120", "nom_iris": "Parc Industriel", "nb_batiments": 1, "annee_construction": "", "footprint_m2": "", "footprint_sum_m2": 959.8588895230198, "siren_status": "none", "status_technique": "no_candidate", "status_metier": "none", "siret_count": 0, "passerelle_address": "", "passerelle_indice_norm": "", "passerelle_numero_match": "", "passerelle_addresses_json": "[]", "sirets_json": "[]", "sirens_json": "[]", "matching_confidence": 0.0, "matching_reason": "", "matching_status": "mono", "matching_decision": "", "matching_siren_selected": "", "matching_debug_json": "", "parcelles_json": "", "buildings_json": "[{\"batiment_construction_id\": \"w:218783570\", \"bdnb_batiment_construction_id\": \"bdnb-bg-VVCD-U1A5-T6NK:2\", \"batiment_groupe_id\": \"bdnb-bg-VVCD-U1A5-T6NK\", \"annee_construction\": null, \"footprint_m2\": 959.8588895230198, \"intersection_area_m2\": 959.5875196466134, \"osm_building_id\": \"w:218783570\", \"osm_match_status\": \"matched\", \"osm_bdnb_intersection_area_m2\": 956.5565617003214, \"osm_address_text\": \"\", \"matching_status\": \"mono\", \"matching_decision\": \"mono\", \"matching_siren_selected\": \"\"}]", "building_geometries_json": "[{\"batiment_construction_id\": \"w:218783570\", \"bdnb_batiment_construction_id\": \"bdnb-bg-VVCD-U1A5-T6NK:2\", \"batiment_groupe_id\": \"bdnb-bg-VVCD-U1A5-T6NK\", \"osm_building_id\": \"w:218783570\", \"osm_match_status\": \"matched\", \"osm_bdnb_intersection_area_m2\": 956.5565617003214, \"osm_address_text\": \"\", \"annee_construction\": null, \"footprint_m2\": 959.8588895230198, \"geometry\": {\"type\": \"MultiPolygon\", \"coordinates\": [[[[-0.65571, 44.780141], [-0.655978, 44.780449], [-0.655953, 44.780459], [-0.656001, 44.780514], [-0.656182, 44.780434], [-0.656135, 44.780381], [-0.656202, 44.780349], [-0.656123, 44.780259], [-0.656067, 44.780194], [-0.655999, 44.780117], [-0.655975, 44.78009], [-0.655938, 44.780047], [-0.655933, 44.780042], [-0.65571, 44.780141]]]]}}]", "google_fallback_attempted": "false", "google_fallback_success": "false", "google_fallback_group_id": "", "google_nearby_status": "", "google_nearby_error": "", "google_raw_nearby_count": "0", "google_excluded_outside_parcel": "0", "google_nearby_ranked_json": "[]", "google_winner_place_id": "", "google_winner_name": "", "google_anchor_address": "", "google_api_gouv_query": "", "google_api_gouv_etablissements_count": "0", "google_reject_reason": "", "osm_pois_json": "[]", "osm_poi_count": 0, "osm_pois_status": "ok", "osm_poi_truncated": 0, "osm_data_as_of": ""}, "geometry": {"type": "MultiPolygon", "coordinates": [[[[-0.6554862, 44.7802413], [-0.6557494, 44.7805018], [-0.6559274, 44.7806781], [-0.6560618, 44.7806998], [-0.6563748, 44.7805604], [-0.6565285, 44.7804919], [-0.6565791, 44.7804691], [-0.6561096, 44.779963], [-0.6560791, 44.7799766], [-0.6559863, 44.780018], [-0.6559333, 44.7800418], [-0.6557094, 44.7801416], [-0.6556505, 44.780168], [-0.6554862, 44.7802413]]]]}, "id": "parcelle:33318:HS:0043"}, {"type": "Feature", "properties": {"scout_v5_id": "parcelle:33318:CO:0199", "grain": "parcelle", "batiment_construction_id": "", "bdnb_batiment_construction_id": "", "batiment_groupe_id": "", "osm_building_id": "", "osm_match_status": "", "osm_bdnb_intersection_area_m2": "", "osm_address_text": "", "code_insee": "33318", "section": "CO", "numero_norm": "0199", "code_iris": "333180112", "nom_iris": "Cazalet", "nb_batiments": 1, "annee_construction": "", "footprint_m2": "", "footprint_sum_m2": 410.6403753420136, "siren_status": "none", "status_technique": "no_candidate", "status_metier": "none", "siret_count": 0, "passerelle_address": "", "passerelle_indice_norm": "", "passerelle_numero_match": "", "passerelle_addresses_json": "[]", "sirets_json": "[]", "sirens_json": "[]", "matching_confidence": 0.0, "matching_reason": "", "matching_status": "mono", "matching_decision": "", "matching_siren_selected": "", "matching_debug_json": "", "parcelles_json": "", "buildings_json": "[{\"batiment_construction_id\": \"w:218783572\", \"bdnb_batiment_construction_id\": null, \"batiment_groupe_id\": null, \"annee_construction\": null, \"footprint_m2\": 410.6403753420136, \"intersection_area_m2\": 410.6403753420136, \"osm_building_id\": \"w:218783572\", \"osm_match_status\": \"unmatched\", \"osm_bdnb_intersection_area_m2\": null, \"osm_address_text\": \"\", \"matching_status\": \"mono\", \"matching_decision\": \"mono\", \"matching_siren_selected\": \"\"}]", "building_geometries_json": "[{\"batiment_construction_id\": \"w:218783572\", \"bdnb_batiment_construction_id\": null, \"batiment_groupe_id\": null, \"osm_building_id\": \"w:218783572\", \"osm_match_status\": \"unmatched\", \"osm_bdnb_intersection_area_m2\": null, \"osm_address_text\": \"\", \"annee_construction\": null, \"footprint_m2\": 410.6403753420136, \"geometry\": {\"type\": \"MultiPolygon\", \"coordinates\": [[[[-0.673173, 44.799465], [-0.673127, 44.799338], [-0.673115, 44.799341], [-0.673093, 44.799283], [-0.673091, 44.799277], [-0.673084, 44.799271], [-0.673074, 44.799266], [-0.67306, 44.799265], [-0.673054, 44.799266], [-0.673033, 44.799269], [-0.673027, 44.799257], [-0.6729631, 44.7992683], [-0.672886, 44.799282], [-0.672965, 44.799504], [-0.673173, 44.799465]]]]}}]", "google_fallback_attempted": "false", "google_fallback_success": "false", "google_fallback_group_id": "", "google_nearby_status": "", "google_nearby_error": "", "google_raw_nearby_count": "0", "google_excluded_outside_parcel": "0", "google_nearby_ranked_json": "[]", "google_winner_place_id": "", "google_winner_name": "", "google_anchor_address": "", "google_api_gouv_query": "", "google_api_gouv_etablissements_count": "0", "google_reject_reason": "", "osm_pois_json": "[]", "osm_poi_count": 0, "osm_pois_status": "ok", "osm_poi_truncated": 0, "osm_data_as_of": ""}, "geometry": {"type": "MultiPolygon", "coordinates": [[[[-0.6735831, 44.7990523], [-0.6735421, 44.7990311], [-0.6735086, 44.7990287], [-0.6733104, 44.7990653], [-0.6733037, 44.7990848], [-0.6733088, 44.7990934], [-0.6732854, 44.7990974], [-0.6733266, 44.7991233], [-0.6733798, 44.7992167], [-0.673406, 44.7992288], [-0.6733992, 44.7992634], [-0.6732281, 44.7992944], [-0.6732439, 44.7992743], [-0.6732041, 44.7991648], [-0.6731986, 44.7991557], [-0.673202, 44.7991551], [-0.6731867, 44.7991128], [-0.6731779, 44.7990934], [-0.6728393, 44.7991529], [-0.6728609, 44.7992201], [-0.672862, 44.7992199], [-0.6728833, 44.7992809], [-0.6728956, 44.7993158], [-0.6728083, 44.7993374], [-0.6727636, 44.7994117], [-0.6726335, 44.7993502], [-0.6726107, 44.7993353], [-0.6725754, 44.7993668], [-0.6725648, 44.7994157], [-0.672607, 44.7994594], [-0.6727252, 44.7995086], [-0.6727133, 44.7995278], [-0.672826, 44.7995581], [-0.6728545, 44.7995539], [-0.6728385, 44.7995097], [-0.6728767, 44.7995028], [-0.6729059, 44.7994926], [-0.6729311, 44.7995021], [-0.6729809, 44.7995534], [-0.673014, 44.7995549], [-0.6730116, 44.7995158], [-0.6732121, 44.7995121], [-0.6732172, 44.7995696], [-0.6732502, 44.7995712], [-0.6732517, 44.7994553], [-0.6734374, 44.7994217], [-0.6734462, 44.7994384], [-0.6734534, 44.7994634], [-0.6734248, 44.799464], [-0.6733933, 44.7996105], [-0.6734309, 44.7996282], [-0.6734945, 44.7996584], [-0.673524, 44.7996608], [-0.6737722, 44.7996155], [-0.6737883, 44.7996333], [-0.6735831, 44.7990523]]]]}, "id": "parcelle:33318:CO:0199"}, {"type": "Feature", "properties": {"scout_v5_id": "parcelle:33318:HH:0031", "grain": "parcelle", "batiment_construction_id": "", "bdnb_batiment_construction_id": "", "batiment_groupe_id": "", "osm_building_id": "", "osm_match_status": "", "osm_bdnb_intersection_area_m2": "", "osm_address_text": "", "code_insee": "33318", "section": "HH", "numero_norm": "0031", "code_iris": "333180120", "nom_iris": "Parc Industriel", "nb_batiments": 1, "annee_construction": "", "footprint_m2": "", "footprint_sum_m2": 893.5111430036865, "siren_status": "none", "status_technique": "no_candidate", "status_metier": "none", "siret_count": 0, "passerelle_address": "", "passerelle_indice_norm": "", "passerelle_numero_match": "", "passerelle_addresses_json": "[]", "sirets_json": "[]", "sirens_json": "[]", "matching_confidence": 0.0, "matching_reason": "", "matching_status": "mono", "matching_decision": "", "matching_siren_selected": "", "matching_debug_json": "", "parcelles_json": "", "buildings_json": "[{\"batiment_construction_id\": \"w:218783784\", \"bdnb_batiment_construction_id\": \"bdnb-bg-KNTV-4NJU-JAY1:1\", \"batiment_groupe_id\": \"bdnb-bg-KNTV-4NJU-JAY1\", \"annee_construction\": null, \"footprint_m2\": 893.5111430036865, \"intersection_area_m2\": 893.511143003686, \"osm_building_id\": \"w:218783784\", \"osm_match_status\": \"matched\", \"osm_bdnb_intersection_area_m2\": 892.9278101781722, \"osm_address_text\": \"\", \"matching_status\": \"mono\", \"matching_decision\": \"mono\", \"matching_siren_selected\": \"\"}]", "building_geometries_json": "[{\"batiment_construction_id\": \"w:218783784\", \"bdnb_batiment_construction_id\": \"bdnb-bg-KNTV-4NJU-JAY1:1\", \"batiment_groupe_id\": \"bdnb-bg-KNTV-4NJU-JAY1\", \"osm_building_id\": \"w:218783784\", \"osm_match_status\": \"matched\", \"osm_bdnb_intersection_area_m2\": 892.9278101781722, \"osm_address_text\": \"\", \"annee_construction\": null, \"footprint_m2\": 893.5111430036865, \"geometry\": {\"type\": \"MultiPolygon\", \"coordinates\": [[[[-0.654541, 44.780607], [-0.654174, 44.780771], [-0.654136, 44.780729], [-0.654177, 44.780711], [-0.654108, 44.780632], [-0.6540767, 44.7805963], [-0.654024, 44.780536], [-0.653896, 44.780594], [-0.654052, 44.780768], [-0.654075, 44.780757], [-0.654113, 44.780798], [-0.654109, 44.7808], [-0.654154, 44.780849], [-0.65421, 44.780911], [-0.65464, 44.780719], [-0.654583, 44.780656], [-0.654541, 44.780607]]]]}}]", "google_fallback_attempted": "false", "google_fallback_success": "false", "google_fallback_group_id": "", "google_nearby_status": "", "google_nearby_error": "", "google_raw_nearby_count": "0", "google_excluded_outside_parcel": "0", "google_nearby_ranked_json": "[]", "google_winner_place_id": "", "google_winner_name": "", "google_anchor_address": "", "google_api_gouv_query": "", "google_api_gouv_etablissements_count": "0", "google_reject_reason": "", "osm_pois_json": "[]", "osm_poi_count": 0, "osm_pois_status": "ok", "osm_poi_truncated": 0, "osm_data_as_of": ""}, "geometry": {"type": "MultiPolygon", "coordinates": [[[[-0.6547861, 44.7807084], [-0.6545583, 44.7805165], [-0.6543449, 44.7803365], [-0.6539906, 44.7804953], [-0.6536259, 44.7806588], [-0.6538707, 44.7808531], [-0.6540836, 44.7810221], [-0.6544599, 44.7808541], [-0.6547861, 44.7807084]]]]}, "id": "parcelle:33318:HH:0031"}, {"type": "Feature", "properties": {"scout_v5_id": "parcelle:33318:HN:0079", "grain": "parcelle", "batiment_construction_id": "", "bdnb_batiment_construction_id": "", "batiment_groupe_id": "", "osm_building_id": "", "osm_match_status": "", "osm_bdnb_intersection_area_m2": "", "osm_address_text": "", "code_insee": "33318", "section": "HN", "numero_norm": "0079", "code_iris": "333180120", "nom_iris": "Parc Industriel", "nb_batiments": 1, "annee_construction": "", "footprint_m2": "", "footprint_sum_m2": 1339.4414665717338, "siren_status": "none", "status_technique": "no_candidate", "status_metier": "none", "siret_count": 0, "passerelle_address": "", "passerelle_indice_norm": "", "passerelle_numero_match": "", "passerelle_addresses_json": "[]", "sirets_json": "[]", "sirens_json": "[]", "matching_confidence": 0.0, "matching_reason": "", "matching_status": "mono", "matching_decision": "", "matching_siren_selected": "", "matching_debug_json": "", "parcelles_json": "", "buildings_json": "[{\"batiment_construction_id\": \"w:218783794\", \"bdnb_batiment_construction_id\": \"bdnb-bg-VHM1-ZPJS-P6LQ:1\", \"batiment_groupe_id\": \"bdnb-bg-VHM1-ZPJS-P6LQ\", \"annee_construction\": 1977, \"footprint_m2\": 1339.4414665717338, \"intersection_area_m2\": 1339.4414665717334, \"osm_building_id\": \"w:218783794\", \"osm_match_status\": \"matched\", \"osm_bdnb_intersection_area_m2\": 1336.5435646706753, \"osm_address_text\": \"\", \"matching_status\": \"mono\", \"matching_decision\": \"mono\", \"matching_siren_selected\": \"\"}]", "building_geometries_json": "[{\"batiment_construction_id\": \"w:218783794\", \"bdnb_batiment_construction_id\": \"bdnb-bg-VHM1-ZPJS-P6LQ:1\", \"batiment_groupe_id\": \"bdnb-bg-VHM1-ZPJS-P6LQ\", \"osm_building_id\": \"w:218783794\", \"osm_match_status\": \"matched\", \"osm_bdnb_intersection_area_m2\": 1336.5435646706753, \"osm_address_text\": \"\", \"annee_construction\": 1977, \"footprint_m2\": 1339.4414665717338, \"geometry\": {\"type\": \"MultiPolygon\", \"coordinates\": [[[[-0.647302, 44.784713], [-0.647363, 44.784763], [-0.647461, 44.7847], [-0.64719, 44.784484], [-0.646936, 44.784645], [-0.646715, 44.784469], [-0.646693, 44.784452], [-0.646633, 44.784404], [-0.646886, 44.784244], [-0.646799, 44.784174], [-0.646454, 44.784395], [-0.646935, 44.784775], [-0.64718, 44.784616], [-0.647276, 44.784692], [-0.647302, 44.784713]]]]}}]", "google_fallback_attempted": "false", "google_fallback_success": "false", "google_fallback_group_id": "", "google_nearby_status": "", "google_nearby_error": "", "google_raw_nearby_count": "0", "google_excluded_outside_parcel": "0", "google_nearby_ranked_json": "[]", "google_winner_place_id": "", "google_winner_name": "", "google_anchor_address": "", "google_api_gouv_query": "", "google_api_gouv_etablissements_count": "0", "google_reject_reason": "", "osm_pois_json": "[]", "osm_poi_count": 0, "osm_pois_status": "ok", "osm_poi_truncated": 0, "osm_data_as_of": ""}, "geometry": {"type": "MultiPolygon", "coordinates": [[[[-0.6473898, 44.7852607], [-0.6479503, 44.7848915], [-0.6477475, 44.784731], [-0.6465684, 44.7837974], [-0.6460003, 44.7841611], [-0.6459955, 44.7841642], [-0.6459998, 44.7841674], [-0.6473898, 44.7852607]]]]}, "id": "parcelle:33318:HN:0079"}, {"type": "Feature", "properties": {"scout_v5_id": "parcelle:33318:HS:0042", "grain": "parcelle", "batiment_construction_id": "", "bdnb_batiment_construction_id": "", "batiment_groupe_id": "", "osm_building_id": "", "osm_match_status": "", "osm_bdnb_intersection_area_m2": "", "osm_address_text": "", "code_insee": "33318", "section": "HS", "numero_norm": "0042", "code_iris": "333180120", "nom_iris": "Parc Industriel", "nb_batiments": 1, "annee_construction": "", "footprint_m2": "", "footprint_sum_m2": 2130.7083479988337, "siren_status": "none", "status_technique": "no_candidate", "status_metier": "none", "siret_count": 0, "passerelle_address": "", "passerelle_indice_norm": "", "passerelle_numero_match": "", "passerelle_addresses_json": "[]", "sirets_json": "[]", "sirens_json": "[]", "matching_confidence": 0.0, "matching_reason": "", "matching_status": "mono", "matching_decision": "", "matching_siren_selected": "", "matching_debug_json": "", "parcelles_json": "", "buildings_json": "[{\"batiment_construction_id\": \"w:218783817\", \"bdnb_batiment_construction_id\": \"bdnb-bg-XDXV-CPDC-QGUY:1\", \"batiment_groupe_id\": \"bdnb-bg-XDXV-CPDC-QGUY\", \"annee_construction\": null, \"footprint_m2\": 2130.7083479988337, \"intersection_area_m2\": 2130.7083479988337, \"osm_building_id\": \"w:218783817\", \"osm_match_status\": \"matched\", \"osm_bdnb_intersection_area_m2\": 2052.1734499703343, \"osm_address_text\": \"\", \"matching_status\": \"mono\", \"matching_decision\": \"mono\", \"matching_siren_selected\": \"\"}]", "building_geometries_json": "[{\"batiment_construction_id\": \"w:218783817\", \"bdnb_batiment_construction_id\": \"bdnb-bg-XDXV-CPDC-QGUY:1\", \"batiment_groupe_id\": \"bdnb-bg-XDXV-CPDC-QGUY\", \"osm_building_id\": \"w:218783817\", \"osm_match_status\": \"matched\", \"osm_bdnb_intersection_area_m2\": 2052.1734499703343, \"osm_address_text\": \"\", \"annee_construction\": null, \"footprint_m2\": 2130.7083479988337, \"geometry\": {\"type\": \"MultiPolygon\", \"coordinates\": [[[[-0.656619, 44.779628], [-0.656482, 44.779476], [-0.656398, 44.779514], [-0.656295, 44.7794], [-0.656379, 44.779362], [-0.656271, 44.779242], [-0.656173, 44.779288], [-0.656214, 44.779333], [-0.65617, 44.779354], [-0.656066, 44.779241], [-0.655739, 44.77939], [-0.656012, 44.77969], [-0.656143, 44.77963], [-0.656281, 44.779783], [-0.656619, 44.779628]]]]}}]", "google_fallback_attempted": "false", "google_fallback_success": "false", "google_fallback_group_id": "", "google_nearby_status": "", "google_nearby_error": "", "google_raw_nearby_count": "0", "google_excluded_outside_parcel": "0", "google_nearby_ranked_json": "[]", "google_winner_place_id": "", "google_winner_name": "", "google_anchor_address": "", "google_api_gouv_query": "", "google_api_gouv_etablissements_count": "0", "google_reject_reason": "", "osm_pois_json": "[]", "osm_poi_count": 0, "osm_pois_status": "ok", "osm_poi_truncated": 0, "osm_data_as_of": ""}, "geometry": {"type": "MultiPolygon", "coordinates": [[[[-0.6563791, 44.7790279], [-0.6562332, 44.7790937], [-0.6559696, 44.7792127], [-0.6555777, 44.7793896], [-0.6556195, 44.7794347], [-0.6558373, 44.7796695], [-0.6560922, 44.7799443], [-0.6563974, 44.779804], [-0.6564264, 44.7797905], [-0.6564551, 44.7797775], [-0.6567728, 44.779631], [-0.6568822, 44.7795808], [-0.6563791, 44.7790279]]]]}, "id": "parcelle:33318:HS:0042"}, {"type": "Feature", "properties": {"scout_v5_id": "parcelle:33318:HW:0002", "grain": "parcelle", "batiment_construction_id": "", "bdnb_batiment_construction_id": "", "batiment_groupe_id": "", "osm_building_id": "", "osm_match_status": "", "osm_bdnb_intersection_area_m2": "", "osm_address_text": "", "code_insee": "33318", "section": "HW", "numero_norm": "0002", "code_iris": "333180110", "nom_iris": "France", "nb_batiments": 1, "annee_construction": "", "footprint_m2": "", "footprint_sum_m2": 898.6020754060858, "siren_status": "none", "status_technique": "no_candidate", "status_metier": "none", "siret_count": 0, "passerelle_address": "", "passerelle_indice_norm": "", "passerelle_numero_match": "", "passerelle_addresses_json": "[]", "sirets_json": "[]", "sirens_json": "[]", "matching_confidence": 0.0, "matching_reason": "", "matching_status": "mono", "matching_decision": "", "matching_siren_selected": "", "matching_debug_json": "", "parcelles_json": "", "buildings_json": "[{\"batiment_construction_id\": \"w:218783854\", \"bdnb_batiment_construction_id\": null, \"batiment_groupe_id\": null, \"annee_construction\": null, \"footprint_m2\": 898.6020754060858, \"intersection_area_m2\": 898.6020754060859, \"osm_building_id\": \"w:218783854\", \"osm_match_status\": \"unmatched\", \"osm_bdnb_intersection_area_m2\": null, \"osm_address_text\": \"\", \"matching_status\": \"mono\", \"matching_decision\": \"mono\", \"matching_siren_selected\": \"\"}]", "building_geometries_json": "[{\"batiment_construction_id\": \"w:218783854\", \"bdnb_batiment_construction_id\": null, \"batiment_groupe_id\": null, \"osm_building_id\": \"w:218783854\", \"osm_match_status\": \"unmatched\", \"osm_bdnb_intersection_area_m2\": null, \"osm_address_text\": \"\", \"annee_construction\": null, \"footprint_m2\": 898.6020754060858, \"geometry\": {\"type\": \"MultiPolygon\", \"coordinates\": [[[[-0.665991, 44.788544], [-0.666152, 44.788458], [-0.666166, 44.788377], [-0.666186, 44.788381], [-0.666186, 44.788366], [-0.66621, 44.788353], [-0.666152, 44.788298], [-0.666136, 44.788307], [-0.666112, 44.788284], [-0.666121, 44.78828], [-0.66597, 44.788136], [-0.665867, 44.78819], [-0.665879, 44.788201], [-0.66572, 44.788285], [-0.665991, 44.788544]]]]}}]", "google_fallback_attempted": "false", "google_fallback_success": "false", "google_fallback_group_id": "", "google_nearby_status": "", "google_nearby_error": "", "google_raw_nearby_count": "0", "google_excluded_outside_parcel": "0", "google_nearby_ranked_json": "[]", "google_winner_place_id": "", "google_winner_name": "", "google_anchor_address": "", "google_api_gouv_query": "", "google_api_gouv_etablissements_count": "0", "google_reject_reason": "", "osm_pois_json": "[]", "osm_poi_count": 0, "osm_pois_status": "ok", "osm_poi_truncated": 0, "osm_data_as_of": ""}, "geometry": {"type": "MultiPolygon", "coordinates": [[[[-0.6652764, 44.7888323], [-0.665328, 44.7888043], [-0.6654146, 44.7887574], [-0.6657224, 44.7885905], [-0.6658978, 44.7887545], [-0.6658539, 44.7887777], [-0.6658959, 44.7888178], [-0.6658786, 44.7888269], [-0.6659355, 44.7888797], [-0.6660025, 44.788942], [-0.666064, 44.7889099], [-0.6665925, 44.7894054], [-0.6666551, 44.7894641], [-0.6675787, 44.7889692], [-0.6675517, 44.7889435], [-0.6675398, 44.7889323], [-0.6670104, 44.7884326], [-0.6669666, 44.7883914], [-0.6666661, 44.7881076], [-0.6667003, 44.7880881], [-0.6668651, 44.787998], [-0.6668389, 44.7879729], [-0.6660941, 44.7872742], [-0.6660697, 44.7872513], [-0.6660289, 44.7872753], [-0.6659748, 44.7873016], [-0.6645409, 44.7880789], [-0.6644998, 44.7881011], [-0.6645357, 44.7881345], [-0.6652492, 44.7888062], [-0.6652764, 44.7888323]]]]}, "id": "parcelle:33318:HW:0002"}, {"type": "Feature", "properties": {"scout_v5_id": "parcelle:33318:HH:0067", "grain": "parcelle", "batiment_construction_id": "", "bdnb_batiment_construction_id": "", "batiment_groupe_id": "", "osm_building_id": "", "osm_match_status": "", "osm_bdnb_intersection_area_m2": "", "osm_address_text": "", "code_insee": "33318", "section": "HH", "numero_norm": "0067", "code_iris": "333180120", "nom_iris": "Parc Industriel", "nb_batiments": 1, "annee_construction": "", "footprint_m2": "", "footprint_sum_m2": 549.1637583415215, "siren_status": "none", "status_technique": "no_candidate", "status_metier": "none", "siret_count": 0, "passerelle_address": "", "passerelle_indice_norm": "", "passerelle_numero_match": "", "passerelle_addresses_json": "[]", "sirets_json": "[]", "sirens_json": "[]", "matching_confidence": 0.0, "matching_reason": "", "matching_status": "mono", "matching_decision": "", "matching_siren_selected": "", "matching_debug_json": "", "parcelles_json": "", "buildings_json": "[{\"batiment_construction_id\": \"w:218783857\", \"bdnb_batiment_construction_id\": \"bdnb-bg-BH2L-SNS1-GL6Y:1\", \"batiment_groupe_id\": \"bdnb-bg-BH2L-SNS1-GL6Y\", \"annee_construction\": null, \"footprint_m2\": 549.1637583415215, \"intersection_area_m2\": 549.1637583415215, \"osm_building_id\": \"w:218783857\", \"osm_match_status\": \"matched\", \"osm_bdnb_intersection_area_m2\": 514.5526749029685, \"osm_address_text\": \"\", \"matching_status\": \"mono\", \"matching_decision\": \"mono\", \"matching_siren_selected\": \"\"}]", "building_geometries_json": "[{\"batiment_construction_id\": \"w:218783857\", \"bdnb_batiment_construction_id\": \"bdnb-bg-BH2L-SNS1-GL6Y:1\", \"batiment_groupe_id\": \"bdnb-bg-BH2L-SNS1-GL6Y\", \"osm_building_id\": \"w:218783857\", \"osm_match_status\": \"matched\", \"osm_bdnb_intersection_area_m2\": 514.5526749029685, \"osm_address_text\": \"\", \"annee_construction\": null, \"footprint_m2\": 549.1637583415215, \"geometry\": {\"type\": \"MultiPolygon\", \"coordinates\": [[[[-0.656606, 44.783104], [-0.656639, 44.783088], [-0.656678, 44.782945], [-0.656653, 44.782923], [-0.656366, 44.782881], [-0.656335, 44.782898], [-0.656329, 44.78292], [-0.656335, 44.782961], [-0.656344, 44.782961], [-0.656338, 44.78298], [-0.656326, 44.782979], [-0.656305, 44.783009], [-0.656296, 44.783043], [-0.656314, 44.783063], [-0.656606, 44.783104]]]]}}]", "google_fallback_attempted": "false", "google_fallback_success": "false", "google_fallback_group_id": "", "google_nearby_status": "", "google_nearby_error": "", "google_raw_nearby_count": "0", "google_excluded_outside_parcel": "0", "google_nearby_ranked_json": "[]", "google_winner_place_id": "", "google_winner_name": "", "google_anchor_address": "", "google_api_gouv_query": "", "google_api_gouv_etablissements_count": "0", "google_reject_reason": "", "osm_pois_json": "[]", "osm_poi_count": 0, "osm_pois_status": "ok", "osm_poi_truncated": 0, "osm_data_as_of": ""}, "geometry": {"type": "MultiPolygon", "coordinates": [[[[-0.6562531, 44.782759], [-0.6562243, 44.7828712], [-0.6562164, 44.782897], [-0.6562114, 44.7829143], [-0.6562015, 44.7829311], [-0.6561943, 44.7829435], [-0.6561794, 44.7829594], [-0.6561625, 44.7829732], [-0.6561446, 44.7829876], [-0.6561271, 44.7829978], [-0.6561081, 44.783007], [-0.6560492, 44.7830348], [-0.6560254, 44.7830453], [-0.6560044, 44.7830542], [-0.6566613, 44.7831489], [-0.6569335, 44.7828463], [-0.6562531, 44.782759]]]]}, "id": "parcelle:33318:HH:0067"}, {"type": "Feature", "properties": {"scout_v5_id": "parcelle:33318:BY:0228", "grain": "parcelle", "batiment_construction_id": "", "bdnb_batiment_construction_id": "", "batiment_groupe_id": "", "osm_building_id": "", "osm_match_status": "", "osm_bdnb_intersection_area_m2": "", "osm_address_text": "", "code_insee": "33318", "section": "BY", "numero_norm": "0228", "code_iris": "333180102", "nom_iris": "3 m", "nb_batiments": 1, "annee_construction": "", "footprint_m2": "", "footprint_sum_m2": 1067.6573486401335, "siren_status": "none", "status_technique": "no_candidate", "status_metier": "none", "siret_count": 0, "passerelle_address": "", "passerelle_indice_norm": "", "passerelle_numero_match": "", "passerelle_addresses_json": "[]", "sirets_json": "[]", "sirens_json": "[]", "matching_confidence": 0.0, "matching_reason": "", "matching_status": "mono", "matching_decision": "", "matching_siren_selected": "", "matching_debug_json": "", "parcelles_json": "", "buildings_json": "[{\"batiment_construction_id\": \"w:218783865\", \"bdnb_batiment_construction_id\": \"bdnb-bg-4U83-86G8-PQMV:2\", \"batiment_groupe_id\": \"bdnb-bg-4U83-86G8-PQMV\", \"annee_construction\": null, \"footprint_m2\": 1067.6573486401335, \"intersection_area_m2\": 1067.6573486401335, \"osm_building_id\": \"w:218783865\", \"osm_match_status\": \"matched\", \"osm_bdnb_intersection_area_m2\": 1065.548663430925, \"osm_address_text\": \"\", \"matching_status\": \"mono\", \"matching_decision\": \"mono\", \"matching_siren_selected\": \"\"}]", "building_geometries_json": "[{\"batiment_construction_id\": \"w:218783865\", \"bdnb_batiment_construction_id\": \"bdnb-bg-4U83-86G8-PQMV:2\", \"batiment_groupe_id\": \"bdnb-bg-4U83-86G8-PQMV\", \"osm_building_id\": \"w:218783865\", \"osm_match_status\": \"matched\", \"osm_bdnb_intersection_area_m2\": 1065.548663430925, \"osm_address_text\": \"\", \"annee_construction\": null, \"footprint_m2\": 1067.6573486401335, \"geometry\": {\"type\": \"MultiPolygon\", \"coordinates\": [[[[-0.668554, 44.803787], [-0.668352, 44.803755], [-0.66838, 44.803659], [-0.668109, 44.803617], [-0.668173, 44.803405], [-0.668059, 44.803388], [-0.66795, 44.803746], [-0.668065, 44.803764], [-0.668039, 44.803843], [-0.66816, 44.803862], [-0.668199, 44.803736], [-0.668302, 44.803752], [-0.668261, 44.803878], [-0.668516, 44.803917], [-0.668554, 44.803787]]]]}}]", "google_fallback_attempted": "false", "google_fallback_success": "false", "google_fallback_group_id": "", "google_nearby_status": "", "google_nearby_error": "", "google_raw_nearby_count": "0", "google_excluded_outside_parcel": "0", "google_nearby_ranked_json": "[]", "google_winner_place_id": "", "google_winner_name": "", "google_anchor_address": "", "google_api_gouv_query": "", "google_api_gouv_etablissements_count": "0", "google_reject_reason": "", "osm_pois_json": "[]", "osm_poi_count": 0, "osm_pois_status": "ok", "osm_poi_truncated": 0, "osm_data_as_of": ""}, "geometry": {"type": "MultiPolygon", "coordinates": [[[[-0.6677314, 44.803866], [-0.6680353, 44.8040061], [-0.6682515, 44.804098], [-0.6683302, 44.8041283], [-0.668488, 44.8041861], [-0.6684883, 44.8041861], [-0.6687641, 44.8041607], [-0.6688645, 44.8041514], [-0.6690639, 44.8041342], [-0.6690775, 44.804133], [-0.6690781, 44.8041322], [-0.6691434, 44.8038681], [-0.6692017, 44.8036325], [-0.6692287, 44.8035219], [-0.6692337, 44.8035017], [-0.6692418, 44.8034847], [-0.669254, 44.8034615], [-0.6692654, 44.803445], [-0.6692761, 44.8034311], [-0.6692523, 44.8034256], [-0.6692434, 44.8034242], [-0.6692025, 44.8034172], [-0.6685368, 44.8033717], [-0.6678889, 44.8033272], [-0.6678778, 44.8033507], [-0.667797, 44.8035206], [-0.6677914, 44.8035299], [-0.6676721, 44.8037288], [-0.6677314, 44.803866]]]]}, "id": "parcelle:33318:BY:0228"}, {"type": "Feature", "properties": {"scout_v5_id": "parcelle:33318:HH:0068", "grain": "parcelle", "batiment_construction_id": "", "bdnb_batiment_construction_id": "", "batiment_groupe_id": "", "osm_building_id": "", "osm_match_status": "", "osm_bdnb_intersection_area_m2": "", "osm_address_text": "", "code_insee": "33318", "section": "HH", "numero_norm": "0068", "code_iris": "333180120", "nom_iris": "Parc Industriel", "nb_batiments": 1, "annee_construction": "", "footprint_m2": "", "footprint_sum_m2": 903.2308316451346, "siren_status": "none", "status_technique": "no_candidate", "status_metier": "none", "siret_count": 0, "passerelle_address": "", "passerelle_indice_norm": "", "passerelle_numero_match": "", "passerelle_addresses_json": "[]", "sirets_json": "[]", "sirens_json": "[]", "matching_confidence": 0.0, "matching_reason": "", "matching_status": "mono", "matching_decision": "", "matching_siren_selected": "", "matching_debug_json": "", "parcelles_json": "", "buildings_json": "[{\"batiment_construction_id\": \"w:218783898\", \"bdnb_batiment_construction_id\": \"bdnb-bg-MXBY-GB5X-CE7H:1\", \"batiment_groupe_id\": \"bdnb-bg-MXBY-GB5X-CE7H\", \"annee_construction\": null, \"footprint_m2\": 903.2308316451346, \"intersection_area_m2\": 902.8937066646007, \"osm_building_id\": \"w:218783898\", \"osm_match_status\": \"matched\", \"osm_bdnb_intersection_area_m2\": 795.4636309961376, \"osm_address_text\": \"23 Avenue Léonard de Vinci, 33600 Pessac\", \"matching_status\": \"mono\", \"matching_decision\": \"mono\", \"matching_siren_selected\": \"\"}]", "building_geometries_json": "[{\"batiment_construction_id\": \"w:218783898\", \"bdnb_batiment_construction_id\": \"bdnb-bg-MXBY-GB5X-CE7H:1\", \"batiment_groupe_id\": \"bdnb-bg-MXBY-GB5X-CE7H\", \"osm_building_id\": \"w:218783898\", \"osm_match_status\": \"matched\", \"osm_bdnb_intersection_area_m2\": 795.4636309961376, \"osm_address_text\": \"23 Avenue Léonard de Vinci, 33600 Pessac\", \"annee_construction\": null, \"footprint_m2\": 903.2308316451346, \"geometry\": {\"type\": \"MultiPolygon\", \"coordinates\": [[[[-0.656237, 44.781824], [-0.656007, 44.781794], [-0.6559982, 44.7818289], [-0.6559903, 44.78186], [-0.655895, 44.782236], [-0.656123, 44.782266], [-0.656144, 44.782186], [-0.656136, 44.782184], [-0.656134, 44.78214], [-0.656126, 44.78214], [-0.656131, 44.782118], [-0.656138, 44.782119], [-0.656163, 44.782082], [-0.656171, 44.782081], [-0.656237, 44.781824]]]]}}]", "google_fallback_attempted": "false", "google_fallback_success": "false", "google_fallback_group_id": "", "google_nearby_status": "", "google_nearby_error": "", "google_raw_nearby_count": "0", "google_excluded_outside_parcel": "0", "google_nearby_ranked_json": "[]", "google_winner_place_id": "", "google_winner_name": "", "google_anchor_address": "", "google_api_gouv_query": "", "google_api_gouv_etablissements_count": "0", "google_reject_reason": "", "osm_pois_json": "[]", "osm_poi_count": 0, "osm_pois_status": "ok", "osm_poi_truncated": 0, "osm_data_as_of": ""}, "geometry": {"type": "MultiPolygon", "coordinates": [[[[-0.6555856, 44.7823013], [-0.6559999, 44.7823597], [-0.6560099, 44.7823612], [-0.6560671, 44.7823692], [-0.6561014, 44.782374], [-0.6562111, 44.7823896], [-0.6563574, 44.7818393], [-0.6557335, 44.7817594], [-0.6556435, 44.7820894], [-0.655612, 44.7822046], [-0.6555856, 44.7823013]]]]}, "id": "parcelle:33318:HH:0068"}, {"type": "Feature", "properties": {"scout_v5_id": "parcelle:33318:CP:0172", "grain": "parcelle", "batiment_construction_id": "", "bdnb_batiment_construction_id": "", "batiment_groupe_id": "", "osm_building_id": "", "osm_match_status": "", "osm_bdnb_intersection_area_m2": "", "osm_address_text": "", "code_insee": "33318", "section": "CP", "numero_norm": "0172", "code_iris": "333180112", "nom_iris": "Cazalet", "nb_batiments": 1, "annee_construction": "", "footprint_m2": "", "footprint_sum_m2": 476.1358140509386, "siren_status": "none", "status_technique": "no_candidate", "status_metier": "none", "siret_count": 0, "passerelle_address": "", "passerelle_indice_norm": "", "passerelle_numero_match": "", "passerelle_addresses_json": "[]", "sirets_json": "[]", "sirens_json": "[]", "matching_confidence": 0.0, "matching_reason": "", "matching_status": "mono", "matching_decision": "", "matching_siren_selected": "", "matching_debug_json": "", "parcelles_json": "", "buildings_json": "[{\"batiment_construction_id\": \"w:218783918\", \"bdnb_batiment_construction_id\": \"bdnb-bg-QF1V-8GFQ-V85D:1\", \"batiment_groupe_id\": \"bdnb-bg-QF1V-8GFQ-V85D\", \"annee_construction\": null, \"footprint_m2\": 476.1358140509386, \"intersection_area_m2\": 475.9166961746024, \"osm_building_id\": \"w:218783918\", \"osm_match_status\": \"matched\", \"osm_bdnb_intersection_area_m2\": 447.25212235205487, \"osm_address_text\": \"2 Avenue du Général Leclerc, 33600 Pessac\", \"matching_status\": \"mono\", \"matching_decision\": \"mono\", \"matching_siren_selected\": \"\"}]", "building_geometries_json": "[{\"batiment_construction_id\": \"w:218783918\", \"bdnb_batiment_construction_id\": \"bdnb-bg-QF1V-8GFQ-V85D:1\", \"batiment_groupe_id\": \"bdnb-bg-QF1V-8GFQ-V85D\", \"osm_building_id\": \"w:218783918\", \"osm_match_status\": \"matched\", \"osm_bdnb_intersection_area_m2\": 447.25212235205487, \"osm_address_text\": \"2 Avenue du Général Leclerc, 33600 Pessac\", \"annee_construction\": null, \"footprint_m2\": 476.1358140509386, \"geometry\": {\"type\": \"MultiPolygon\", \"coordinates\": [[[[-0.663754, 44.799436], [-0.663754, 44.799367], [-0.663594, 44.799365], [-0.663582, 44.799215], [-0.663533, 44.799175], [-0.66343, 44.799179], [-0.663383, 44.799219], [-0.663384, 44.799231], [-0.663368, 44.799232], [-0.663377, 44.799358], [-0.663399, 44.799357], [-0.6634, 44.799368], [-0.663449, 44.79939], [-0.663563, 44.799391], [-0.663563, 44.799432], [-0.663754, 44.799436]]]]}}]", "google_fallback_attempted": "false", "google_fallback_success": "false", "google_fallback_group_id": "", "google_nearby_status": "", "google_nearby_error": "", "google_raw_nearby_count": "0", "google_excluded_outside_parcel": "0", "google_nearby_ranked_json": "[]", "google_winner_place_id": "", "google_winner_name": "", "google_anchor_address": "", "google_api_gouv_query": "", "google_api_gouv_etablissements_count": "0", "google_reject_reason": "", "osm_pois_json": "[]", "osm_poi_count": 0, "osm_pois_status": "ok", "osm_poi_truncated": 0, "osm_data_as_of": ""}, "geometry": {"type": "MultiPolygon", "coordinates": [[[[-0.663474, 44.7990798], [-0.6633825, 44.7991621], [-0.6633643, 44.7991783], [-0.6633297, 44.7992091], [-0.6633422, 44.7993852], [-0.6634109, 44.7994285], [-0.6635625, 44.7994318], [-0.6639058, 44.7994392], [-0.6639063, 44.7994209], [-0.6639148, 44.7991898], [-0.6639166, 44.7991436], [-0.6638604, 44.7991077], [-0.6637102, 44.7990117], [-0.6636557, 44.7989768], [-0.6636004, 44.7990206], [-0.6635932, 44.7990259], [-0.6635901, 44.799028], [-0.6635865, 44.7990306], [-0.6635814, 44.7990343], [-0.6635762, 44.799037], [-0.6635737, 44.7990391], [-0.6635701, 44.799042], [-0.6635683, 44.7990434], [-0.6635655, 44.7990449], [-0.6635607, 44.7990478], [-0.6635559, 44.7990507], [-0.663552, 44.7990536], [-0.6635489, 44.799055], [-0.663545, 44.7990571], [-0.6635412, 44.799059], [-0.6635375, 44.7990609], [-0.6635317, 44.7990627], [-0.6635262, 44.7990653], [-0.6635218, 44.7990663], [-0.6635159, 44.7990682], [-0.6635113, 44.7990704], [-0.6635086, 44.7990708], [-0.6635035, 44.7990723], [-0.663497, 44.7990738], [-0.6634926, 44.7990749], [-0.6634886, 44.7990769], [-0.6634832, 44.7990772], [-0.663474, 44.7990798]]]]}, "id": "parcelle:33318:CP:0172"}, {"type": "Feature", "properties": {"scout_v5_id": "parcelle:33318:BY:0909", "grain": "parcelle", "batiment_construction_id": "", "bdnb_batiment_construction_id": "", "batiment_groupe_id": "", "osm_building_id": "", "osm_match_status": "", "osm_bdnb_intersection_area_m2": "", "osm_address_text": "", "code_insee": "33318", "section": "BY", "numero_norm": "0909", "code_iris": "333180109", "nom_iris": "L'Alouette", "nb_batiments": 1, "annee_construction": "", "footprint_m2": "", "footprint_sum_m2": 1569.93211180866, "siren_status": "none", "status_technique": "no_candidate", "status_metier": "none", "siret_count": 0, "passerelle_address": "", "passerelle_indice_norm": "", "passerelle_numero_match": "", "passerelle_addresses_json": "[]", "sirets_json": "[]", "sirens_json": "[]", "matching_confidence": 0.0, "matching_reason": "", "matching_status": "mono", "matching_decision": "", "matching_siren_selected": "", "matching_debug_json": "", "parcelles_json": "", "buildings_json": "[{\"batiment_construction_id\": \"w:218783939\", \"bdnb_batiment_construction_id\": \"bdnb-bg-VT8G-F9G1-DXJM:2\", \"batiment_groupe_id\": \"bdnb-bg-VT8G-F9G1-DXJM\", \"annee_construction\": null, \"footprint_m2\": 1569.93211180866, \"intersection_area_m2\": 1568.9791463955949, \"osm_building_id\": \"w:218783939\", \"osm_match_status\": \"matched\", \"osm_bdnb_intersection_area_m2\": 1567.580547295852, \"osm_address_text\": \"\", \"matching_status\": \"mono\", \"matching_decision\": \"mono\", \"matching_siren_selected\": \"\"}]", "building_geometries_json": "[{\"batiment_construction_id\": \"w:218783939\", \"bdnb_batiment_construction_id\": \"bdnb-bg-VT8G-F9G1-DXJM:2\", \"batiment_groupe_id\": \"bdnb-bg-VT8G-F9G1-DXJM\", \"osm_building_id\": \"w:218783939\", \"osm_match_status\": \"matched\", \"osm_bdnb_intersection_area_m2\": 1567.580547295852, \"osm_address_text\": \"\", \"annee_construction\": null, \"footprint_m2\": 1569.93211180866, \"geometry\": {\"type\": \"MultiPolygon\", \"coordinates\": [[[[-0.667458, 44.800688], [-0.667465, 44.800609], [-0.667534, 44.800611], [-0.667537, 44.800562], [-0.667665, 44.800565], [-0.667666, 44.800529], [-0.667707, 44.80053], [-0.667708, 44.800485], [-0.66747, 44.800478], [-0.667471, 44.800408], [-0.667216, 44.800403], [-0.667023, 44.800399], [-0.667022, 44.800433], [-0.666892, 44.80043], [-0.666885, 44.800676], [-0.667458, 44.800688]]]]}}]", "google_fallback_attempted": "false", "google_fallback_success": "false", "google_fallback_group_id": "", "google_nearby_status": "", "google_nearby_error": "", "google_raw_nearby_count": "0", "google_excluded_outside_parcel": "0", "google_nearby_ranked_json": "[]", "google_winner_place_id": "", "google_winner_name": "", "google_anchor_address": "", "google_api_gouv_query": "", "google_api_gouv_etablissements_count": "0", "google_reject_reason": "", "osm_pois_json": "[]", "osm_poi_count": 0, "osm_pois_status": "ok", "osm_poi_truncated": 0, "osm_data_as_of": ""}, "geometry": {"type": "MultiPolygon", "coordinates": [[[[-0.6678726, 44.8005221], [-0.6678741, 44.8004526], [-0.667547, 44.8004457], [-0.6675493, 44.8004099], [-0.6674715, 44.8004082], [-0.667216, 44.8004028], [-0.6670232, 44.8003987], [-0.6667658, 44.8004221], [-0.6667246, 44.8005246], [-0.6666915, 44.800604], [-0.6667319, 44.8006133], [-0.6667882, 44.8006261], [-0.6667725, 44.8006614], [-0.6667674, 44.8006727], [-0.6668855, 44.8006756], [-0.6674585, 44.8006881], [-0.6678726, 44.8005221]]]]}, "id": "parcelle:33318:BY:0909"}, {"type": "Feature", "properties": {"scout_v5_id": "parcelle:33318:HH:0054", "grain": "parcelle", "batiment_construction_id": "", "bdnb_batiment_construction_id": "", "batiment_groupe_id": "", "osm_building_id": "", "osm_match_status": "", "osm_bdnb_intersection_area_m2": "", "osm_address_text": "", "code_insee": "33318", "section": "HH", "numero_norm": "0054", "code_iris": "333180120", "nom_iris": "Parc Industriel", "nb_batiments": 1, "annee_construction": "", "footprint_m2": "", "footprint_sum_m2": 637.2745799687281, "siren_status": "none", "status_technique": "no_candidate", "status_metier": "none", "siret_count": 0, "passerelle_address": "", "passerelle_indice_norm": "", "passerelle_numero_match": "", "passerelle_addresses_json": "[]", "sirets_json": "[]", "sirens_json": "[]", "matching_confidence": 0.0, "matching_reason": "", "matching_status": "mono", "matching_decision": "", "matching_siren_selected": "", "matching_debug_json": "", "parcelles_json": "", "buildings_json": "[{\"batiment_construction_id\": \"w:218783943\", \"bdnb_batiment_construction_id\": \"bdnb-bg-PGQP-ZMTP-DR5T:1\", \"batiment_groupe_id\": \"bdnb-bg-PGQP-ZMTP-DR5T\", \"annee_construction\": null, \"footprint_m2\": 637.2745799687281, \"intersection_area_m2\": 637.274579968728, \"osm_building_id\": \"w:218783943\", \"osm_match_status\": \"matched\", \"osm_bdnb_intersection_area_m2\": 545.5070636582541, \"osm_address_text\": \"\", \"matching_status\": \"mono\", \"matching_decision\": \"mono\", \"matching_siren_selected\": \"\"}]", "building_geometries_json": "[{\"batiment_construction_id\": \"w:218783943\", \"bdnb_batiment_construction_id\": \"bdnb-bg-PGQP-ZMTP-DR5T:1\", \"batiment_groupe_id\": \"bdnb-bg-PGQP-ZMTP-DR5T\", \"osm_building_id\": \"w:218783943\", \"osm_match_status\": \"matched\", \"osm_bdnb_intersection_area_m2\": 545.5070636582541, \"osm_address_text\": \"\", \"annee_construction\": null, \"footprint_m2\": 637.2745799687281, \"geometry\": {\"type\": \"MultiPolygon\", \"coordinates\": [[[[-0.653954, 44.784155], [-0.653855, 44.78454], [-0.654057, 44.784566], [-0.654083, 44.784467], [-0.654065, 44.784465], [-0.654056, 44.784455], [-0.654058, 44.784448], [-0.654047, 44.784448], [-0.654042, 44.784439], [-0.654083, 44.784292], [-0.654099, 44.784286], [-0.654104, 44.784286], [-0.654115, 44.784279], [-0.654132, 44.784283], [-0.654159, 44.784183], [-0.653954, 44.784155]]]]}}]", "google_fallback_attempted": "false", "google_fallback_success": "false", "google_fallback_group_id": "", "google_nearby_status": "", "google_nearby_error": "", "google_raw_nearby_count": "0", "google_excluded_outside_parcel": "0", "google_nearby_ranked_json": "[]", "google_winner_place_id": "", "google_winner_name": "", "google_anchor_address": "", "google_api_gouv_query": "", "google_api_gouv_etablissements_count": "0", "google_reject_reason": "", "osm_pois_json": "[]", "osm_poi_count": 0, "osm_pois_status": "ok", "osm_poi_truncated": 0, "osm_data_as_of": ""}, "geometry": {"type": "MultiPolygon", "coordinates": [[[[-0.65389, 44.7840805], [-0.6537549, 44.784573], [-0.6541252, 44.7846247], [-0.6542434, 44.784188], [-0.6542451, 44.7841697], [-0.6542435, 44.7841555], [-0.6542385, 44.784146], [-0.654221, 44.7841323], [-0.6541971, 44.784124], [-0.65389, 44.7840805]]]]}, "id": "parcelle:33318:HH:0054"}]}