"NUM_DAU";"COMM";"SEC_CADASTRE1";"NUM_CADASTRE1";"DESTINATION_PRINCIPALE";"SURF_LOC_CREEE";"SURF_LOC_AVANT";"ETAT_DAU";"DATE_REELLE_AUTORISATION";"DATE_REELLE_DOC";"SUPERFICIE_TERRAIN"
"00101423H0004";"01014";"AL";"134";6;7644;0;2;"2023-10-24";;13991
"00102522D0021";"01025";"ZB";"44";8;46004;0;2;"2023-02-22";;5722
"00104322A0030";"01043";"AN";"1229";4;1342;3046;2;"2023-05-25";;10551
"00104323A0003";"01043";"AN";"1351";4;1126;0;5;"2023-05-20";"2023-10-09";2111
"00104722A0011";"01047";"AB";"30";8;44239;0;2;"2023-03-07";;397230
"00104722A0025";"01047";"AB";"30";6;8304;0;2;"2023-04-11";;25437
"0010492200028";"01049";"AH";"778";4;1683;0;2;"2023-09-11";;25064
"00105322A0038";"01053";"BK";"153";3;7032;0;2;"2023-01-05";;76028
"00105723D0001";"01057";"ZD";"223";6;9882;11703;2;"2023-11-14";;72506
"0011422300003";"01142";"AH";"1275";6;5149;0;2;"2023-07-05";;9717
"0011422300010";"01142";"AH";"431";8;1907;3024;2;"2023-07-03";;17724
"00114522B0015";"01145";"0F";"1288";8;1112;0;2;"2023-01-12";;2574
"00115923D0027";"01159";"ZH";"388";8;8965;16580;2;"2023-11-15";;50522
"00116623V0025";"01166";"ZH";"457";4;5215;0;5;"2023-12-22";"2024-11-04";21884
"00118322V0019";"01183";"0C";"1535";8;15936;0;2;"2023-02-07";;19698
"00119223H0011";"01192";"AL";"25";6;1466;5924;2;"2023-07-21";;20000
"00122823H0002";"01228";"ZC";"137";6;2174;0;5;"2023-11-03";"2024-07-15";11466
"00124923A0011";"01249";"ZD";"69";8;6193;0;5;"2023-07-10";"2023-07-11";14870
"00125822V0021";"01258";"0C";"1535";8;15936;0;5;"2023-02-07";"2023-04-05";19698
"00126722H0007";"01267";"ZA";"104";6;38176;0;2;"2023-06-09";;82737
"00128322H0051";"01283";"0C";"999";8;1496;191;2;"2023-01-26";;4161
"00132222V0017";"01322";"AC";"319";8;53616;0;2;"2023-02-08";;116341
"00133723D0001";"01337";"ZL";"498";3;1132;0;2;"2023-05-22";;1333
"00134423A0001";"01344";"AE";"301";3;1630;0;5;"2023-04-07";"2023-10-16";4010
"00134823V0009";"01348";"ZV";"155";6;1655;2244;2;"2023-06-23";;13921
"00138923V0002";"01389";"0B";"405";3;1192;0;2;"2023-08-25";;7992
"00139022A0009";"01390";"AA";"22";8;36849;45503;5;"2023-03-24";"2023-08-28";235244
"00139023A0016";"01390";"AD";"17";8;11770;20707;5;"2023-12-15";"2024-09-03";73000
"00144323V0022";"01443";"BT";"16";8;3013;2238;2;"2023-10-05";;11051
"00145022A0020";"01450";"0B";"2168";6;10592;0;2;"2023-01-24";;29538
"00145122A0031";"01451";"BI";"100";3;9330;0;2;"2023-08-11";;11420
"00145123A0044";"01451";"AL";"86";6;1032;6394;2;"2023-12-26";;0
"00145422C0011";"01454";"0B";"1722";6;3222;0;2;"2023-01-16";;9134
"0020732200009";"02073";"AC";"182";6;2429;1402;2;"2023-03-15";;57289
"00208522M0004";"02085";"ZD";"206";8;1190;0;2;"2023-01-20";;4135
"00216822M0051";"02168";"BW";"3";4;1390;871;2;"2023-04-03";;5448
"00221223J0002";"02212";"ZD";"173";4;1200;0;2;"2023-09-25";;132850
"00222619AS008";"02226";"A";"459";6;22233;0;5;"2023-04-20";"2023-11-15";393266
"00227922M0008";"02279";"ZR";"38";8;1250;0;2;"2023-01-18";;7693
"00234023W0010";"02340";"ZI";"204";6;1097;0;5;"2023-11-15";"2024-05-27";7526
"00247222L0003";"02472";"AC";"529";4;3600;750;2;"2023-01-17";;17692
"00252523W0001";"02525";"ZD";"366";6;1821;7411;2;"2023-06-29";;1508
"00255823TC005";"02558";"AB";"77";6;2990;18347;2;"2023-12-26";;65169
"00260723AS001";"02607";"ZA";"26";8;34971;0;2;"2023-05-30";;71542
"00260723AS002";"02607";"ZA";"20";6;6461;0;2;"2023-09-21";;21691
"00272223X0004";"02722";"A";"178";6;1824;0;5;"2023-07-21";"2023-12-19";11836
"00272223X0005";"02722";;;4;2320;900;2;"2023-10-23";;9700
"00273822J0021";"02738";"AH";"133";8;18888;0;2;"2023-02-22";;66253
"00282022J0006";"02820";"ZE";"255";4;1591;0;2;"2023-01-11";;9406
"0030132200043";"03013";"AP";"121";4;1727;0;2;"2023-01-31";;4539
"00309322A0009";"03093";"A";"998";8;1140;0;5;"2023-03-20";"2023-09-01";5003
"00309523A0011";"03095";"CM";"263";4;1720;0;5;"2023-12-11";"2024-06-10";6662
"00309523A0041";"03095";"BY";"377";8;1200;0;5;"2023-12-22";"2024-01-20";4156
"00310123A0016";"03101";"YC";"46";4;1318;711;2;"2023-10-06";;4968
"00310223A0013";"03102";"ZM";"30";6;3576;0;5;"2023-12-27";"2024-06-06";12497
"00311722M0006";"03117";"H";"58";6;3602;0;2;"2023-04-25";;7430
"00311823A0025";"03118";"ZK";"142";6;1987;4522;2;"2023-08-09";;24602
"00311823A0028";"03118";"XT";"23";6;2178;0;2;"2023-09-22";;91416
"00315522M0009";"03155";"AM";"24";8;1830;202;5;"2023-01-05";"2024-03-01";0
"0031802300001";"03180";"A";"1274";8;64610;0;5;"2023-09-16";"2024-10-11";0
"00318623A0007";"03186";"AI";"12";4;1422;0;2;"2023-12-21";;8735
"00319322M0004";"03193";"AD";"108";8;2450;0;2;"2023-01-19";;9229
"00319323M0002";"03193";"AD";"117";4;1755;0;2;"2023-12-26";;4468
"0032342200008";"03234";"F";"489";8;1780;0;2;"2023-05-24";;0
"00325423A0025";"03254";"YB";"128";8;1526;775;2;"2023-11-03";;11740
"00326423A0007";"03264";"AX";"107";8;1047;9944;2;"2023-12-15";;43741
"00328923M0003";"03289";"B";"450";8;2520;0;5;"2023-06-26";"2023-07-20";0
"00328923M0006";"03289";"B";"412";8;1892;3488;2;"2023-08-05";;0
"0032982200011";"03298";"ZH";"60";6;1331;0;2;"2023-01-06";;7072
"00401923S0017";"04019";"AB";"68";8;1076;310;2;"2023-09-06";;2017
"0040632200006";"04063";"B";"2047";6;1166;1368;2;"2023-01-31";;3219
"0040702300029";"04070";"AZ";"153";8;2780;441;5;"2023-09-11";"2024-09-01";9820
"0041122200063";"04112";"AT";"236";4;1721;3416;5;"2023-03-28";"2024-03-04";13780
"0041122300013";"04112";"CD";"324";4;1600;0;2;"2023-06-13";;4247
"0041122300025";"04112";"AX";"144";4;2503;476;5;"2023-12-19";"2024-10-03";4394
"00412323C0009";"04123";"AP";"288";8;1620;0;5;"2023-08-03";"2024-04-25";10797
"0041602200013";"04160";"0Z";"161";8;1080;0;2;"2023-01-10";;0
"00420923C0010";"04209";"AD";"213";4;1302;0;5;"2023-10-24";"2023-12-11";7487
"00505623H0002";"05056";"A";"730";3;1459;1293;2;"2023-08-11";;8541
"00508423H0002";"05084";"B";"1015";8;1400;0;2;"2023-09-08";;29328
"00516223H0002";"05162";"A";"780";8;2651;0;5;"2023-08-11";"2024-07-01";8500
"00516223H0005";"05162";"A";"253";4;2724;0;2;"2023-10-20";;9826
"00600422A0132";"06004";"AX";"30";3;2426;5027;2;"2023-11-22";;70372
"00601823B0009";"06018";"AB";"44";3;18005;4350;2;"2023-08-20";;55692
"00601823B0012";"06018";"AE";"364";3;8510;0;2;"2023-07-07";;15807
"00601823B0013";"06018";"AB";"116";3;1890;12690;5;"2023-07-28";"2024-12-11";26843
"00601823B0040";"06018";"BP";"25";8;2964;0;2;"2023-12-07";;7962
"00601823B0042";"06018";"BR";"110";3;4990;712;2;"2023-12-26";;11626
"00602523R0007";"06025";"0C";"652";8;1583;3611;2;"2023-07-03";;7817
"00603323R0024";"06033";"AR";"64";6;2670;1758;2;"2023-07-07";;4707
"00606922E0119";"06069";"EI";"358";6;3833;2230;2;"2023-03-31";;6756
"00608422D0034";"06084";"BC";"134";3;2759;0;2;"2023-01-04";;4478
"00608523D0024";"06085";"CL";"173";3;3372;2851;2;"2023-10-16";;9893
"00608523D0042";"06085";"BL";"87";8;1856;524;2;"2023-09-28";;4448
"00608822S0030";"06088";"IN";"51";6;5027;2750;5;"2023-01-13";"2023-01-16";216245
"00608822S0339";"06088";"BD";"49";8;7952;0;5;"2023-08-18";"2025-03-05";19303
"00608823S0012";"06088";"OH";"266";3;6420;0;5;"2023-09-06";"2025-01-15";1598
"00610822D0023";"06108";"AC";"20";4;3706;0;5;"2023-03-13";"2023-09-26";5148
"00611822E0034";"06118";"0C";"1502";6;1875;0;5;"2023-04-05";"2024-01-30";6341
"00615222T0030";"06152";"AD";"31";3;4020;6378;2;"2023-03-30";;21334
"00705522A0018";"07055";"ZD";"403";8;1039;2731;2;"2023-01-12";;13082
"00705523A0016";"07055";"ZD";"616";6;1159;4036;5;"2023-12-18";"2024-02-28";20000
"00708923A0009";"07089";"D";"1516";8;1519;0;2;"2023-11-16";;7189
"00713423D0003";"07134";"A";"3524";4;1352;0;2;"2023-03-10";;0
"00718622C0023";"07186";"AW";"262";4;1548;5576;2;"2023-01-27";;10865
"00724523T0001";"07245";"AC";"11";8;1703;0;5;"2023-04-17";"2025-01-15";8750
"00729823C0001";"07298";;;6;3092;5835;2;"2023-01-19";;0
"00733022G0034";"07330";"B";"2033";4;2699;1438;2;"2023-05-31";;21237
"00808122A0011";"08081";"AK";"551";4;2250;0;2;"2023-01-12";;2035
"00809023E0001";"08090";"ZI";"139";6;1372;1542;2;"2023-03-06";;5885
"00810522X0036";"08105";"DP";"203";4;1107;0;2;"2023-01-19";;8319
"00810523X0003";"08105";"BO";"313";4;1330;5677;2;"2023-04-24";;42019
"00812222A0002";"08122";"AA";"8";6;1427;0;2;"2023-03-21";;900
"00818023A0003";"08180";"AI";"56";8;6115;0;2;"2023-12-07";;26662
"00823622U0006";"08236";"ZD";"35";8;2405;19541;2;"2023-03-09";;318697
"00835723E0042";"08357";"AD";"82";6;1642;5216;2;"2023-10-09";;16209
"00848022A0013";"08480";"W";"766";8;1135;0;2;"2023-01-16";;1394
"00849723A0001";"08497";"B";"1232";6;1169;3663;5;"2023-04-25";"2023-05-08";91370
"00849723A0003";"08497";"B";"1122";6;3306;4529;2;"2023-08-17";;25490
"00922523K0004";"09225";"ZC";"52";8;1599;0;2;"2023-04-14";;69943
"00922523K0033";"09225";"YB";"206";6;5709;0;5;"2023-09-21";"2023-11-27";28227
"0092722300002";"09272";"D";"4822";6;3427;0;5;"2023-04-28";"2023-10-19";15183
"00928223A0013";"09282";"AB";"19";8;3156;236;2;"2023-12-05";;2324
"00928922A0006";"09289";"0A";"666";8;1707;0;5;"2023-01-17";"2024-12-02";29244
"0100812300007";"10081";"AL";"62";4;1216;0;5;"2023-10-16";"2024-04-02";6070
"01012223C0001";"10122";"ZC";"15";8;2550;0;2;"2023-06-12";;12180
"0101422300002";"10142";"YB";"90";6;6340;4358;2;"2023-09-27";;13250
"01017023D0004";"10170";"ZL";"24";6;1598;0;2;"2023-08-30";;0
"0101912300003";"10191";"ZM";"339";4;4505;0;5;"2023-12-08";"2024-01-15";11250
"01026823D0001";"10268";"C";"2028";3;1212;0;2;"2023-05-17";;0
"01026823D0013";"10268";"AK";"71";4;2410;2653;2;"2023-12-20";;0
"0102972300005";"10297";"AM";"116";4;1920;27105;2;"2023-09-28";;119294
"0103252300010";"10325";"AO";"16";6;3516;0;5;"2023-08-21";"2024-02-05";8020
"0103572200013";"10357";"AE";"131";4;1790;1602;2;"2023-03-06";;9722
"0103622300001";"10362";"ZI";"33";6;30740;0;5;"2023-02-01";"2023-02-20";125500
"0103622300011";"10362";"ZI";"192";8;1174;1879;2;"2023-07-24";;21818
"01037922D0001";"10379";;;8;1308;0;2;"2023-07-29";;0
"0110492300012";"11049";"AP";"48";8;2005;63;2;"2023-10-03";;8000
"0110692200120";"11069";"HR";"1071";6;2015;0;5;"2023-06-08";"2024-04-15";18643
"0110762200054";"11076";"ZH";"373";3;1536;0;5;"2023-06-12";"2023-10-02";9017
"0110762300036";"11076";"ZH";"44";8;3490;0;5;"2023-11-30";"2024-10-15";6321
"0111152200007";"11115";"E";"750";4;1529;0;5;"2023-03-26";"2024-07-01";7694
"0111382230013";"11138";"ZA";"146";6;1105;0;2;"2023-02-17";;19675
"0112032300025";"11203";"AW";"83";8;11536;0;2;"2023-09-25";;13865
"0112032300031";"11203";"E";"2229";8;1134;0;2;"2023-08-30";;3765
"0112542330004";"11254";"A";"1778";6;1116;1074;5;"2023-04-07";"2024-09-27";7193
"0112552200016";"11255";"AX";"124";4;1300;0;5;"2023-01-03";"2023-05-15";5209
"0112622200124";"11262";"CX";"14";3;4191;1409;5;"2023-03-27";"2023-11-13";4640
"0112622200159";"11262";"AO";"404";3;1222;6122;2;"2023-01-16";;109150
"0112622200221";"11262";"MT";"65";4;1243;0;2;"2023-03-24";;4157
"0112622200236";"11262";"IK";"853";8;2285;4438;2;"2023-03-24";;11330
"0112622200242";"11262";"AI";"139";3;2163;837;2;"2023-07-11";;2078
"0112622300043";"11262";"na";"23";8;2925;5057;2;"2023-10-20";;15409
"0112622300045";"11262";"EP";"59";6;1052;45102;2;"2023-06-03";;111609
"0112662300009";"11266";"AE";"71";8;1159;0;2;"2023-05-16";;5688
"0113042200005";"11304";"AY";"108";4;1568;0;2;"2023-01-30";;6946
"0113792200007";"11379";"BK";"161";4;2308;1400;2;"2023-02-14";;7321
"01203023G0002";"12030";"AH";"443";6;1345;1592;5;"2023-06-23";"2023-11-06";4969
"01204422F0007";"12044";"0I";"527";6;1468;0;2;"2023-02-20";;5539
"01205622G0032";"12056";"C";"2094";8;1413;0;2;"2023-02-27";;5745
"01213123G0032";"12131";"E";"980";8;1247;1425;2;"2023-12-28";;5285
"01213322A0033";"12133";"AO";"389";4;1159;0;5;"2023-03-27";"2023-05-31";3224
"01213323A0004";"12133";"YA";"15";8;1330;0;2;"2023-06-05";;4546
"01213323A0006";"12133";"AM";"14";4;1088;0;5;"2023-05-09";"2023-12-01";2482
"01214522M1049";"12145";"BH";"93";4;2199;0;2;"2023-05-19";;6099
"01215422F1012";"12154";"ZB";"123";8;1538;0;2;"2023-02-03";;7955
"01215923U1003";"12159";"C";"366";4;1494;2593;5;"2023-10-20";"2024-12-09";0
"01217623A0005";"12176";"BT";"88";6;1884;0;2;"2023-03-23";;10218
"01217623A0006";"12176";"AP";"314";4;1157;0;2;"2023-07-19";;2339
"01217623A0017";"12176";"AP";"304";6;2295;0;5;"2023-09-13";"2024-07-15";4189
"01219823G0008";"12198";"BX";"226";8;1141;1342;2;"2023-07-27";;7928
"01219823G0014";"12198";;;8;1165;894;5;"2023-12-14";"2025-03-10";0
"01220823F1018";"12208";"BE";"51";4;1274;966;2;"2023-10-04";;4838
"01225423A0019";"12254";"BZ";"182";8;1224;0;5;"2023-12-15";"2024-10-08";885947
"01230523A0003";"12305";"AI";"357";6;6848;0;2;"2023-08-16";;20491
"01300122J0221";"13001";"HP";"586";8;1173;0;5;"2023-03-02";"2024-02-01";2799
"01300122J0335";"13001";"IZ";"556";8;1378;108;2;"2023-06-21";;3123
"01300123J0186";"13001";"IZ";"444";3;4986;5299;2;"2023-12-28";;0
"01300422R0105";"13004";"CN";"255";8;7263;14669;5;"2023-02-08";"2023-05-02";57501
"01300422R0188";"13004";"CS";"216";4;4154;0;2;"2023-03-14";;24778
"01300422R0192";"13004";"CN";"207";8;2460;6165;2;"2023-01-03";;18290
"01300423R0136";"13004";"CP";"27";3;2174;0;2;"2023-10-10";;4009
"0130052200149";"13005";"BK";"133";3;2962;0;2;"2023-03-17";;3640
"0130052200222";"13005";"BK";"337";3;6752;0;5;"2023-07-02";"2024-08-30";7039
"0130052300036";"13005";"DV";"34";3;4281;0;2;"2023-06-26";;4004
"0130052300119";"13005";"BK";"275";4;1218;0;5;"2023-12-29";"2024-04-24";8610
"01300723A0002";"13007";"DO";"109";4;1622;0;2;"2023-07-05";;3850
"0130092200012";"13009";"AB";"251";3;1133;0;2;"2023-03-22";;2311
"0130152300042";"13015";"CM";"108";3;3327;403;2;"2023-11-22";;5584
"01301823N0014";"13018";"AI";"80";8;1951;135;2;"2023-09-20";;7655
"01302822B0105";"13028";"CH";"52";6;2304;0;2;"2023-03-23";;6620
"01302822B0110";"13028";"CM";"102";3;2442;580;2;"2023-05-25";;4484
"01302823B0037";"13028";"CE";"953";8;2417;0;2;"2023-10-16";;6322
"0130322300018";"13032";"BD";"108";3;1124;941;2;"2023-06-19";;5730
"01303723F0026";"13037";"AZ";"103";6;1498;1905;2;"2023-12-04";;9433
"01303923G0038";"13039";"AH";"259";8;12669;42543;5;"2023-10-18";"2024-02-19";110057
"01304023L0012";"13040";"BB";"159";4;1190;0;2;"2023-10-23";;3358
"01304122K0055";"13041";"CP";"140P";4;2236;0;2;"2023-02-17";;7221
"01304123K0012";"13041";"AN";"123";8;1347;0;5;"2023-08-11";"2024-02-13";3008
"01304123K0023";"13041";"CK";"133";6;3104;0;2;"2023-10-10";;8832
"0130542300016";"13054";"Z";"198";8;16792;0;2;"2023-08-25";;33546
"0132092200981";"13055";"O";"63";3;10071;12814;5;"2023-04-13";"2023-07-03";18331
"0132092300142";"13055";"H";"116";4;1453;844;5;"2023-07-22";"2024-06-05";1517
"0132112201077";"13055";"K";"222";4;4391;4741;2;"2023-04-28";;10600
"0132122201154";"13055";"C";"63";3;5222;1263;2;"2023-06-07";;3200
"0132122300359";"13055";"B";"128";3;1600;2800;2;"2023-11-24";;9240
"0132132200591";"13055";"E";"116";4;3767;2470;5;"2023-01-30";"2023-07-28";9185
"0132132200613";"13055";"M";"13";4;2165;75;5;"2023-04-21";"2024-01-12";1388
"0132132201000";"13055";"D";"278";8;1432;0;2;"2023-02-17";;3870
"0132132300354";"13055";"H";"209";3;1043;0;2;"2023-09-22";;3627
"0132142200628";"13055";"H";"18";3;1364;3126;5;"2023-03-24";"2025-01-21";0
"0132142300330";"13055";"I";"3";6;4623;0;5;"2023-07-22";"2024-05-03";6779
"0132152200588";"13055";"C";"143";3;6279;0;2;"2023-02-09";;3400
"0132152200589";"13055";"C";"119";3;10562;3444;2;"2023-02-09";;5338
"0132152200713";"13055";"A";"108";4;6250;0;2;"2023-08-29";;6923
"0132162201150";"13055";;;8;1082;1924;5;"2023-05-30";"2024-09-01";8312
"0132162300357";"13055";"O";"169";6;4243;0;2;"2023-12-03";;4679
"0130562300069";"13056";"BX";"1";8;1892;1758;5;"2023-11-17";"2024-04-08";1339938
"01306022K0037";"13060";"AP";"189";3;1800;0;5;"2023-03-13";"2023-11-13";3934
"01307123C0013";"13071";"CN";"112";3;1200;0;5;"2023-05-30";"2024-01-15";3816
"01307222L0026";"13072";"AW";"287";8;1081;0;2;"2023-02-03";;10000
"0130732200034";"13073";"AA";"59";4;2160;0;2;"2023-03-09";;6195
"01307422M0029";"13074";"AM";"252";4;2246;3511;2;"2023-05-16";;20525
"0130762300002";"13076";"AP";"326";8;7971;5568;5;"2023-07-03";"2024-07-01";40041
"01308722L0035";"13087";"AX";"349";8;3026;0;5;"2023-02-15";"2025-06-23";7649
"01308722L0041";"13087";"AW";"4";6;1173;107066;5;"2023-02-03";"2023-02-08";367640
"01308723L0020";"13087";"AW";"82";6;3916;2848;2;"2023-10-13";;0
"01309322M0005";"13093";"AD";"18";6;1555;0;2;"2023-01-26";;27365
"01309322M0010";"13093";"AD";"78";3;1095;0;2;"2023-05-11";;2337
"01309723S0017";"13097";"BP";"61";8;1714;1606;2;"2023-09-29";;16774
"01309923M0002";"13099";"B";"170";3;1985;200819;2;"2023-06-06";;0
"01309923M0007";"13099";"B";"119";6;2024;0;2;"2023-11-07";;0
"0131052300026";"13105";"BS";"439";4;1365;0;2;"2023-10-18";;17758
"01310823S0028";"13108";"F";"1907";6;2600;11239;5;"2023-09-27";"2025-03-01";66573
"01311723F0011";"13117";"CI";"114";4;6320;0;2;"2023-09-15";;7580
"01311723F0018";"13117";"AN";"67";3;4904;0;5;"2023-08-18";"2023-12-20";3263
"01404723P0042";"14047";"AP";"146";4;2852;0;5;"2023-10-05";"2024-03-26";8390
"01404723P0043";"14047";"AP";"97";6;2755;0;5;"2023-10-05";"2024-03-27";10062
"01406122D0007";"14061";"ZL";"227";6;5656;5735;5;"2023-01-12";"2023-01-12";33111
"01408622P0014";"14086";"A";"580";8;7868;0;2;"2023-07-24";;29762
"01411822R0051";"14118";"HO";"1";4;1557;27284;5;"2023-04-19";"2025-06-16";80672
"01417422R0018";"14174";"CO";"44";4;1512;1000;5;"2023-02-13";"2023-06-19";6869
"01418123P0005";"14181";"AK";"288";4;2480;0;5;"2023-07-20";"2023-11-13";8336
"01422523R0003";"14225";"AD";"111";8;7420;0;2;"2023-06-22";;22900
"01424222R0008";"14242";"AC";"204";6;2495;0;5;"2023-06-23";"2023-07-03";234184
"01424223P0003";"14242";"AC";"210";3;4459;0;2;"2023-10-17";;8560
"01425821R0005";"14258";"BA";"155";4;2474;0;2;"2023-06-14";;8176
"01427122R0009";"14271";"AS";"22P";3;2896;0;5;"2023-03-16";"2025-04-28";4258
"0143032300001";"14303";"A";"61";6;15414;0;5;"2023-05-30";"2023-09-25";119253
"0143262300003";"14326";"C";"638";6;1488;1555;2;"2023-03-27";;7235
"01433322R0053";"14333";"CN";"22P";8;1024;0;2;"2023-02-02";;3931
"01434222P0030";"14342";"ZB";"149";4;2295;0;2;"2023-03-10";;6113
"01440823P0001";"14408";"ZA";"35";8;1163;1773;2;"2023-06-02";;60770
"01443722P0034";"14437";"BP";"18";6;4355;8185;5;"2023-02-15";"2024-04-25";25983
"01445422P0024";"14454";"ZC";"16";4;1284;0;2;"2023-04-21";;15018
"01445423P0006";"14454";"ZC";"113";4;1570;0;2;"2023-07-11";;22898
"01445622P0024";"14456";"ZD";"153";8;25970;0;2;"2023-01-17";;51342
"01445623P0005";"14456";"ZD";"291";8;25970;0;2;"2023-04-18";;48419
"0144782300009";"14478";"0C";"479";6;1573;0;5;"2023-11-27";"2025-06-18";12417
"01451423P0015";"14514";"ZB";"308";4;2690;0;2;"2023-07-26";;6331
"01451423P0020";"14514";"AE";"226";3;1216;79;2;"2023-11-13";;5771
"01453823P0003";"14538";;;8;1229;0;2;"2023-08-01";;3243
"01453823P0004";"14538";;;8;2084;0;5;"2023-06-19";"2025-02-03";6000
"01455622P0014";"14556";"ZB";"47";4;1250;0;2;"2023-04-21";;3368
"01459123P0003";"14591";"AD";"117";4;1201;0;2;"2023-11-06";;5919
"01463022P0012";"14630";"ZE";"145";8;9992;104;5;"2023-05-15";"2024-07-01";34244
"01463022P0013";"14630";"ZE";"172";6;4664;0;5;"2023-04-27";"2025-06-03";27977
"01465923R0001";"14659";"AH";"215";8;1876;12595;2;"2023-03-17";;81552
"01469922P0008";"14699";"AC";"146";4;1169;254;2;"2023-01-16";;1739
"01475123P0002";"14751";"ZA";"39";8;1999;908;2;"2023-12-25";;26110
"01475223R0013";"14752";"AL";"156";4;1756;0;2;"2023-08-28";;5580
"01476223R0034";"14762";"AN";"314";4;1810;0;5;"2023-07-06";"2023-12-04";6687
"01501423A0021";"15014";"AW";"137";3;1113;1042;2;"2023-11-29";;6527
"01503023A0001";"15030";"ZA";"56";4;1425;0;2;"2023-08-05";;11220
"01505523S0003";"15055";"ZS";"19";8;2440;0;2;"2023-12-21";;14162
"01518722S0024";"15187";"AD";"133";8;1413;1761;5;"2023-03-07";"2024-08-30";6007
"01518723S0016";"15187";"AD";"213";8;1414;0;2;"2023-10-10";;4466
"01518723S0021";"15187";"BM";"228";8;1290;1310;2;"2023-10-16";;7496
"01518823S0008";"15188";"ZI";"53";8;1160;884;5;"2023-11-27";"2024-05-06";23470
"01520423A0005";"15204";"AK";"109";8;1444;0;2;"2023-07-25";;6595
"01525023M0004";"15250";"B";"1935";8;1584;0;5;"2023-11-28";"2025-04-11";9338
"01526723A0011";"15267";"AB";"205";8;4092;0;5;"2023-06-13";"2023-11-20";11882
"01601123X0002";"16011";"ZA";"229";8;1350;77101;2;"2023-09-27";;325446
"01608922W0027";"16089";"AP";"656";4;2988;10848;5;"2023-02-10";"2023-10-16";42831
"01608922W0030";"16089";"BH";"188";6;10121;0;5;"2023-03-28";"2023-03-29";121930
"01609722W0023";"16097";"AI";"100";6;24525;0;2;"2023-07-10";;884560
"01609723W0005";"16097";"F";"138";6;1387;0;2;"2023-07-03";;174022
"01609723W0012";"16097";"F";"138";6;2245;45000;2;"2023-10-11";;174022
"01610223T0035";"16102";"AK";"440";6;2529;32;2;"2023-09-30";;311370
"01611322C0057";"16113";"AH";"321";4;1370;1200;2;"2023-08-16";;0
"01613823C0015";"16138";"AH";"311";8;1385;0;5;"2023-12-07";"2024-01-15";12763
"01615023W0003";"16150";"AE";"57";8;1500;0;2;"2023-10-03";;20000
"01616722W0013";"16167";"AE";"410";8;1700;4550;2;"2023-01-12";;15542
"01616723W0004";"16167";"AH";"601";6;3044;3156;5;"2023-05-05";"2024-09-15";53274
"01616723W0012";"16167";"AE";"661";8;1165;0;2;"2023-08-07";;5397
"01628723C0037";"16287";"H";"32";8;45994;21693;2;"2023-12-08";;93562
"01629122C0018";"16291";;;4;3819;0;2;"2023-03-27";;0
"01629222N0013";"16292";"BE";"17";8;33434;135318;5;"2023-02-03";"2025-03-03";154206
"01635322C0005";"16353";"ZC";"183";8;1900;0;5;"2023-02-09";"2023-06-15";34155
"01635923W0002";"16359";"ZA";"150";6;1234;0;2;"2023-08-30";;27999
"01702422V0010";"17024";"AI";"32";6;1714;2520;5;"2023-02-06";"2023-02-09";15345
"01702423V0007";"17024";"AH";"74";8;2000;0;5;"2023-10-11";"2024-11-04";11512
"01702423V0008";"17024";"AI";"33";6;11458;0;5;"2023-10-13";"2023-10-19";49488
"0170282200051";"17028";"AT";"191";6;3672;0;5;"2023-03-15";"2023-06-01";7051
"01704522S0009";"17045";"ZL";"158";8;1539;0;5;"2023-03-06";"2024-07-01";8803
"01710423H0001";"17104";"ZM";"9";6;2657;4300;2;"2023-04-27";;82078
"01713323S0010";"17133";"ZR";"115";4;1582;388;2;"2023-11-23";;13058
"0171422300034";"17142";"ZD";"188";6;1150;0;5;"2023-10-09";"2024-02-29";5126
"01716422P0019";"17164";"AC";"408";6;3755;0;2;"2023-03-09";;16757
"01718323N0003";"17183";"E";"149";4;5935;160;2;"2023-06-09";;37397
"0172002300030";"17200";"ZC";"386";3;1020;0;5;"2023-12-08";"2025-04-08";1650
"01721922M0041";"17219";"AY";"148";4;1976;0;2;"2023-01-09";;3444
"01722523N0037";"17225";"AI";"40";4;1848;648;5;"2023-11-30";"2024-10-09";6313
"01725522S0015";"17255";"A";"1431";8;5579;0;2;"2023-02-20";;24623
"01727323H0002";"17273";"ZO";"159";6;2215;6548;2;"2023-03-30";;25825
"0172742200047";"17274";"AO";"6";6;2833;10720;5;"2023-01-26";"2023-06-19";40754
"0172742300003";"17274";"AP";"522";6;1123;0;5;"2023-05-04";"2023-06-30";3908
"0172992200059";"17299";"BX";"224";6;1325;1285;2;"2023-02-10";;46175
"0172992200088";"17299";"AT";"195";3;1231;1285;2;"2023-03-27";;2547
"0172992300009";"17299";"AC";"632";3;1757;0;2;"2023-05-12";;113219
"0172992300021";"17299";"01";"151";6;7634;0;2;"2023-07-07";;23261
"0172992300024";"17299";"BX";"224";6;3156;1239;5;"2023-06-28";"2023-07-06";46175
"0173002200205";"17300";"BL";"261";3;2719;192;5;"2023-04-25";"2025-01-01";1496
"0173002200218";"17300";"EY";"6";8;1288;336;5;"2023-02-15";"2023-09-25";2207
"0173002200224";"17300";"AX";"1";8;2062;418;5;"2023-01-19";"2023-02-16";295250
"0173002300137";"17300";"HB";"331";6;1431;0;5;"2023-09-27";"2024-02-28";4378
"0173062200101";"17306";"CI";"419";8;1007;6450;2;"2023-06-06";;21645
"01733622P0021";"17336";"ZH";"228";4;8389;0;5;"2023-04-24";"2024-05-23";43501
"01733622P0028";"17336";"ZH";"208";3;2163;0;5;"2023-02-22";"2023-07-24";5102
"01733623P0002";"17336";"ZH";"227";4;1266;0;5;"2023-05-10";"2024-10-01";6232
"01734723Z0021";"17347";"ZR";"124";6;1016;0;2;"2023-10-26";;9999
"0173852200119";"17385";"BY";"120";4;1148;155;5;"2023-03-15";"2024-01-02";2814
"01739622C0031";"17396";;;6;2682;0;2;"2023-02-14";;0
"01741522P0068";"17415";"ZE";"342";3;1634;0;5;"2023-02-13";"2023-06-12";3221
"0174202200021";"17420";"Z";"330";8;1395;351;2;"2023-04-18";;2662
"01801823T0001";"18018";"C";"556";8;1382;2826;2;"2023-05-02";;11000
"01803323B0068";"18033";"ZN";"273";6;1015;34586;2;"2023-07-21";;108896
"01803323B0103";"18033";"ZN";"273";6;1535;35601;5;"2023-09-20";"2024-04-02";108896
"01803323B0138";"18033";"EM";"869";4;1650;681;5;"2023-12-18";"2024-05-21";6344
"01813823B0008";"18138";"B";"1060";3;1003;1480;2;"2023-07-07";;0
"01820722D0034";"18207";"AC";"464";4;3050;0;5;"2023-07-25";"2024-09-01";0
"01821323B0011";"18213";"ZI";"99";8;1686;0;2;"2023-04-06";;8722
"01821323B0019";"18213";"AE";"195";4;1190;2817;5;"2023-09-28";"2023-11-27";9441
"01825523B0005";"18255";"ZB";"119";6;1015;34586;2;"2023-07-13";;22171
"01825523B0006";"18255";"A";"46";3;13736;45876;5;"2023-10-02";"2024-04-15";1612961
"01825523B0007";"18255";"A";"596";6;1280;0;2;"2023-12-13";;1527296
"01825523B0009";"18255";"A";"48";6;3688;59612;5;"2023-10-11";"2023-12-05";1612961
"01825523B0011";"18255";"ZB";"119";6;1535;35601;2;"2023-10-10";;22171
"01825923L0001";"18259";"A";"109";6;4916;0;2;"2023-09-25";;27055
"01827922V0023";"18279";"AH";"253";8;83811;0;2;"2023-07-12";;168671
"01903122A0084";"19031";"DI";"731";3;6630;0;5;"2023-02-22";"2024-04-29";2948
"01903122A0128";"19031";;;3;1203;0;5;"2023-03-21";"2025-06-01";256425
"01904123T0002";"19041";"0B";"1359";8;1424;0;2;"2023-07-07";;26897
"01908222T0007";"19082";"AD";"29";8;2250;9924;5;"2023-02-09";"2023-05-23";25979
"01927523U0005";"19275";"YC";"11";4;2000;19411;5;"2023-07-28";"2024-01-29";66747
"01927523U0006";"19275";"YB";"174";4;2313;4413;5;"2023-07-28";"2024-01-29";37957
"01927523U0007";"19275";"YC";"11";4;2062;19411;5;"2023-07-28";"2024-01-29";66747
"01927523U0014";"19275";"BD";"135";8;2269;0;2;"2023-05-24";;4872
"01927523U0017";"19275";"AI";"144";4;3121;2481;5;"2023-10-24";"2024-05-06";14844
"01928523Z0010";"19285";"D";"1002";8;2225;19776;5;"2023-11-23";"2024-10-10";66057
"02105422B0057";"21054";;;8;1177;0;2;"2023-01-11";;0
"02105422B0068";"21054";"EA";"291";8;2405;0;5;"2023-01-02";"2023-05-22";54351
"02105422B0069";"21054";"CD";"197";8;1325;327;5;"2023-02-27";"2024-03-18";10953
"02105423B0048";"21054";"EA";"333";8;1953;0;2;"2023-10-17";;4501
"02105423B0060";"21054";"EK";"150";6;11709;5113;5;"2023-10-16";"2024-05-21";53542
"02111022B0005";"21110";"AE";"162";6;5050;6808;5;"2023-01-10";"2025-03-10";24571
"02117122R0014";"21171";"AH";"59";6;1722;0;2;"2023-02-15";;6000
"02126123D0005";"21261";"ZD";"113";8;5005;11880;5;"2023-12-20";"2024-08-26";79345
"02135522R0024";"21355";"BB";"130";6;5761;0;2;"2023-07-18";;8984
"02135622L0016";"21356";"ZC";"87";8;1542;0;2;"2023-10-02";;33000
"02146422B0032";"21464";"ZH";"14";6;3957;0;2;"2023-03-28";;52210
"02149023M0001";"21490";"ZL";"40";8;1755;0;2;"2023-04-06";;27160
"02149623S0001";"21496";"AB";"101";8;2262;0;2;"2023-03-22";;55670
"02154022R0016";"21540";"ZM";"255";3;4658;0;2;"2023-02-06";;96091
"02154022R0020";"21540";"ZM";"255";3;5289;0;5;"2023-05-02";"2023-07-11";105913
"02154023R0006";"21540";"ZM";"106";6;9985;0;2;"2023-10-10";;26662
"02154023R0008";"21540";"AE";"164";3;4720;0;5;"2023-09-19";"2023-11-13";6892
"02155822B0008";"21558";"ZC";"153";8;1022;0;2;"2023-03-09";;3777
"02156123E0005";"21561";"ZY";"124";8;2400;0;2;"2023-08-15";;4918
"02158422B0006";"21584";"AC";"161";4;1705;6;2;"2023-01-02";;8106
"02160623B0010";"21606";"ZI";"143";8;7702;0;5;"2023-10-26";"2024-01-03";60348
"02205422Q0071";"22054";"B";"1082";4;2120;1380;5;"2023-08-23";"2025-12-11";12108
"02205623C0016";"22056";"F";"245";6;1269;0;2;"2023-09-15";;4311
"02208223C0003";"22082";"A";"1237";4;1158;3714;2;"2023-06-10";;101323
"02209322F0131";"22093";"ZN";"67";8;2057;0;2;"2023-01-23";;0
"02209323F0064";"22093";"ZN";"101";3;1714;0;2;"2023-09-19";;24378
"02210623Q0023";"22106";"AB";"35";8;2691;6029;5;"2023-10-25";"2024-04-02";18560
"02213522P0034";"22135";"ZR";"154";8;1936;1400;2;"2023-03-13";;8166
"02213622J0060";"22136";"WR";"145";8;1952;2656;2;"2023-03-24";;19487
"02213623J0004";"22136";"WS";"48";8;1752;0;2;"2023-04-29";;23185
"02214723J0001";"22147";"F";"1037";4;1429;3045;2;"2023-07-12";;6830
"02216222P0064";"22162";"ZL";"579";8;2049;0;2;"2023-08-01";;14833
"02216223P0023";"22162";"AX";"82";4;1223;920;5;"2023-07-03";"2024-11-18";3482
"02218723Z0045";"22187";"BW";"322";3;1047;0;5;"2023-11-08";"2024-05-21";1370
"02220622D0024";"22206";"F";"1795";6;2516;0;5;"2023-01-12";"2024-02-21";59945
"02220623D0027";"22206";;;8;1152;1224;2;"2023-07-26";;8986
"02222423C0006";"22224";"C";"1123";4;1292;3887;5;"2023-11-22";"2024-09-02";23778
"02222522P0031";"22225";"AH";"27";8;4748;7789;5;"2023-01-18";"2023-06-21";13988
"02222523P0012";"22225";"AM";"99";6;1991;0;2;"2023-06-09";;7319
"02225123Q0009";"22251";"ZR";"227";3;1394;0;2;"2023-07-31";;18734
"02226622P0011";"22266";"BB";"262";4;1052;0;2;"2023-03-01";;2578
"02226622P0015";"22266";"YH";"217";8;2443;0;2;"2023-03-06";;12749
"02227822V0081";"22278";"CL";"214";8;1515;1288;5;"2023-04-25";"2024-04-01";5099
"02227823V0057";"22278";"CM";"244";6;1633;0;5;"2023-12-07";"2024-03-21";18390
"02228023C0003";"22280";"A";"962";8;1023;0;2;"2023-07-03";;4400
"02233923C0001";"22339";"AB";"48";3;2292;0;5;"2023-06-19";"2025-06-16";24233
"02233923C0017";"22339";"AH";"21";6;1455;392;5;"2023-11-06";"2024-06-10";3000
"02237223Q0004";"22372";"ZB";"614";6;4102;0;5;"2023-07-11";"2023-10-01";18048
"02303223D0004";"23032";"BE";"21";6;1650;0;5;"2023-09-01";"2024-01-09";97882
"02306223X0001";"23062";"BM";"153";8;6075;16111;5;"2023-05-16";"2024-05-13";77721
"02309623G0011";"23096";"AD";"200";8;23970;0;2;"2023-12-12";;35853
"02309623G0019";"23096";"AK";"143";4;1294;0;2;"2023-12-01";;4233
"02403722D0145";"24037";"BE";"166";6;1153;0;2;"2023-03-02";;220528
"02405323D0026";"24053";"AB";"864";4;1243;0;5;"2023-07-20";"2023-09-18";2429
"02415623D0003";"24156";"ZO";"87";8;1615;0;2;"2023-07-17";;5641
"02421723D0001";"24217";"D";"261";8;1600;0;2;"2023-04-07";;28730
"02421723D0003";"24217";"A";"714";8;1780;0;2;"2023-04-07";;23357
"02425323D0001";"24253";"E";"477";6;2336;5658;2;"2023-03-15";;58625
"02425922D0038";"24259";"AI";"235";8;1780;0;2;"2023-03-22";;12250
"02426122D0009";"24261";"AM";"4";8;1780;0;2;"2023-02-28";;48070
"02428923S0009";"24289";"AY";"113";4;5289;0;2;"2023-11-03";;23478
"02435423R0007";"24354";"AK";"141";4;1566;0;2;"2023-09-29";;7908
"02436222D0014";"24362";"AH";"370";6;7604;2507;5;"2023-03-22";"2023-09-18";30035
"02439623M0006";"24396";"G";"39";8;2454;0;5;"2023-10-01";"2023-12-13";42198
"02439823V0004";"24398";"B";"1601";8;1040;0;2;"2023-08-17";;0
"02441222D0007";"24412";"AO";"175";8;1209;780;2;"2023-03-02";;6246
"02443722D0008";"24437";"A";"980";4;1245;0;2;"2023-03-07";;11049
"02451623D0004";"24516";"AC";"342";4;1690;0;2;"2023-09-09";;10166
"02452022D0104";"24520";"CN";"11";8;2189;0;2;"2023-05-22";;41711
"02454723D0031";"24547";"AK";"615";8;1718;0;2;"2023-10-27";;5548
"02455723D0021";"24557";"AR";"63";8;2373;0;5;"2023-09-20";"2024-09-09";14158
"02457423D0003";"24574";"A";"1245";8;1126;834;2;"2023-10-05";;14750
"02503122A0030";"25031";"AK";"243";3;1862;404;2;"2023-05-05";;6674
"02503223D0003";"25032";"AB";"24";6;3375;0;2;"2023-04-25";;9879
"02505023R0003";"25050";"AE";"49";8;1094;0;2;"2023-10-02";;4337
"02505622B0106";"25056";"LY";"367";6;1409;1184;2;"2023-01-24";;3735
"02505622B0147";"25056";"LX";"118";4;4312;1098;5;"2023-12-26";"2024-09-10";10189
"02505622B0191";"25056";"HN";"55";3;1050;5858;5;"2023-04-27";"2023-05-02";14045
"02510023P0005";"25100";"ZI";"143";8;1380;0;2;"2023-12-02";;2101
"02512723R0015";"25127";"AN";"69";6;9670;0;5;"2023-11-20";"2024-02-05";39990
"02514722C0011";"25147";"ZE";"239";6;1400;0;2;"2023-01-17";;7359
"02514723C0001";"25147";"ZE";"267";8;3070;0;5;"2023-08-07";"2023-09-25";19788
"02519023A0006";"25190";"AC";"76";8;1230;4165;5;"2023-12-07";"2024-09-01";11647
"02522822A0024";"25228";"AL";"20";6;1903;785;2;"2023-04-25";;6573
"02522823A0005";"25228";"AI";"56";8;2728;0;5;"2023-04-17";"2023-08-28";8114
"02531823P0005";"25318";"AB";"264";3;1009;0;2;"2023-05-16";;1922
"02541122R0020";"25411";"AF";"329";4;2391;807;2;"2023-05-03";;4709
"02541123R0008";"25411";"AE";"286";4;1068;1343;5;"2023-07-20";"2023-12-11";4609
"02541123R0021";"25411";"AD";"387";3;2860;0;2;"2023-12-04";;3488
"02546722C0015";"25467";"AH";"18";6;1335;2957;5;"2023-02-09";"2023-10-03";8475
"02554723A0005";"25547";"AB";"202";6;1767;0;5;"2023-05-25";"2023-06-28";19576
"02556323C0002";"25563";"AB";"234";6;8593;13036;5;"2023-11-22";"2024-12-01";49108
"02558022A0021";"25580";"BH";"179";4;1555;2606;5;"2023-02-06";"2024-01-09";5404
"02560123V0008";"25601";"AE";"133";6;1547;0;5;"2023-08-22";"2023-09-21";6372
"0260042300003";"26004";"YB";"117";6;17746;0;5;"2023-07-20";"2023-10-30";47222
"0260372300008";"26037";"ZS";"147";6;2124;5822;2;"2023-09-12";;10620
"02605823V0026";"26058";"AH";"100";6;1230;400;2;"2023-09-12";;6549
"02606323N0009";"26063";"AO";"171";8;1210;0;2;"2023-07-31";;6237
"02606422C0048";"26064";"YX";"115";8;3774;2065;2;"2023-04-04";;18796
"0260842200056";"26084";"ZN";"428";8;1337;2536;5;"2023-03-27";"2023-06-26";13941
"0260842300008";"26084";"ZS";"104";3;1100;0;2;"2023-07-20";;6156
"0260842300019";"26084";"ZN";"441";6;1015;0;2;"2023-06-20";;21125
"0260882200030";"26088";"AC";"25";4;2515;980;2;"2023-01-09";;10193
"02610322N0009";"26103";"0C";"906";8;1736;200;2;"2023-04-11";;8206
"02614423D0011";"26144";"ZE";"310";4;1486;0;5;"2023-12-11";"2024-07-01";3704
"0261552300006";"26155";"ZC";"10";6;2039;0;2;"2023-09-30";;140000
"02616522D0034";"26165";"BL";"57";4;2460;1356;2;"2023-02-27";;8867
"0261702200015";"26170";"ZA";"210";8;12192;0;2;"2023-04-06";;30118
"02619823M0057";"26198";;;8;1700;4082;2;"2023-09-15";;34734
"02619823M0060";"26198";"ZM";"88";8;1121;4168;2;"2023-09-25";;17367
"02619823M0084";"26198";"ZT";"528";8;1213;327;5;"2023-09-15";"2024-03-15";5427
"02622023N0013";"26220";"AE";"975";8;1750;0;2;"2023-08-01";;7174
"02623522P0040";"26235";"0X";"932";8;54088;23656;2;"2023-09-11";;118845
"02623522P0068";"26235";"X";"1776";6;4675;0;2;"2023-03-10";;11326
"02623523P0005";"26235";"0X";"2098";6;14740;23736;2;"2023-06-22";;31867
"02623523P0023";"26235";"OT";"377";6;1721;0;5;"2023-08-03";"2024-03-04";152348
"02623523P0043";"26235";"0W";"1167";3;1725;3882;5;"2023-11-24";"2024-04-25";39948
"02625223V0029";"26252";"AB";"15";8;2100;550;2;"2023-11-16";;10947
"0262812300020";"26281";"BX";"20";4;2080;0;5;"2023-07-25";"2024-02-26";7278
"02632422S0068";"26324";"BA";"208";4;1013;0;5;"2023-03-17";"2023-04-03";3452
"02632423S0042";"26324";"AB";"224";3;1332;0;2;"2023-12-04";;4960
"02634122T0002";"26341";"0D";"712";8;2101;1755;2;"2023-03-21";;8812
"0263622200062";"26362";"BC";"500";3;2245;0;5;"2023-01-11";"2023-10-04";4001
"0263622300009";"26362";"AZ";"441";6;1382;0;2;"2023-04-19";;4050
"0263622300039";"26362";"AN";"125";4;1339;0;2;"2023-10-24";;2958
"0263622300065";"26362";"ZD";"129";4;1540;4031;5;"2023-11-29";"2024-09-16";24291
"02705623Z0021";"27056";"ZH";"9";8;2030;515;2;"2023-10-09";;18694
"0270912300006";"27091";"A";"102";3;4060;4200;5;"2023-11-06";"2023-11-20";166855
"02718023A0004";"27180";"ZC";"308";8;1764;0;2;"2023-08-10";;5068
"02719823I0012";"27198";"ZC";"132";6;3256;4278;5;"2023-06-05";"2023-07-17";46000
"02721823L0002";"27218";"YB";"153";8;1250;0;5;"2023-03-14";"2023-03-14";2720
"02722923F0024";"27229";"AR";"811";4;2010;0;2;"2023-10-17";;5665
"02727922A0010";"27279";"E";"565";8;3772;2069;2;"2023-03-31";;76765
"02730623F0007";"27306";"XA";"192";8;1717;0;2;"2023-09-05";;6308
"02731623S0008";"27316";"ZA";"333";8;2202;897;2;"2023-11-03";;11900
"02734020S0013";"27340";"YB";"1";8;20378;43297;2;"2023-07-06";;182370
"02742523Z0014";"27425";"A";"646";6;2410;10924;5;"2023-06-06";"2023-10-16";38557
"02750723F0005";"27507";"ZN";"181";8;1230;4600;2;"2023-07-04";;10996
"02751723A0003";"27517";"ZL";"176";8;38650;0;2;"2023-06-09";;111852
"02751723A0009";"27517";"ZL";"291";6;7268;0;2;"2023-08-23";;29736
"02751723A0022";"27517";"ZD";"596";8;22790;0;2;"2023-12-22";;51658
"02758022S0011";"27580";"B";"482";3;1215;0;2;"2023-03-29";;3247
"0276382200022";"27638";"ZA";"122";4;3787;0;2;"2023-08-11";;3856
"02767622A0007";"27676";"A";"347";6;2295;3336;5;"2023-08-18";"2024-04-22";682255
"0276812300019";"27681";"BP";"189";4;2000;306;5;"2023-08-22";"2024-02-06";23678
"02770122H0060";"27701";"VK";"947";6;3177;1600;5;"2023-03-09";"2023-06-01";20361
"02770123H0003";"27701";"BD";"55";3;1644;25392;2;"2023-05-17";;120043
"02770123H0025";"27701";"VI";"248";3;10416;0;2;"2023-10-18";;26151
"0280152300022";"28015";"ZO";"310";4;1379;0;2;"2023-12-28";;7967
"0280242300006";"28024";"ZA";"341";4;2352;2331;2;"2023-10-24";;3009
"0280512200014";"28051";"YA";"203";8;40341;0;2;"2023-08-18";;96238
"0281342300043";"28134";"CH";"160";8;26127;0;5;"2023-11-02";"2024-02-13";66000
"0281342300046";"28134";"CH";"682";8;9101;10915;5;"2023-11-24";"2025-02-13";94653
"0281692300001";"28169";"ZA";"57";8;9321;0;2;"2023-07-08";;21955
"0281772200019";"28177";"ZS";"270";6;6400;0;2;"2023-01-13";;11718
"0281772300006";"28177";"ZR";"210";3;2157;0;2;"2023-08-29";;16855
"0281912300002";"28191";"AV";"71";4;1242;0;5;"2023-06-09";"2023-08-08";2346
"0282292300002";"28229";"AW";"56";4;2463;1500;2;"2023-09-04";;10098
"0282812300003";"28281";"ZO";"110";8;1182;8864;2;"2023-10-06";;17098
"0283032300003";"28303";;;8;28685;0;2;"2023-06-28";;0
"0283732300005";"28373";"D";"814";4;1224;0;2;"2023-06-08";;0
"0283912200017";"28391";"ZH";"10";8;98695;0;5;"2023-09-04";"2025-03-10";211348
"0283912200023";"28391";"ZM";"204";8;1124;0;2;"2023-02-27";;10913
"0283912300008";"28391";"ZM";"204";6;2199;0;5;"2023-10-13";"2024-02-01";10913
"0284042300014";"28404";"ZI";"462";6;1060;0;2;"2023-09-14";;3000
"0284042300034";"28404";"ZI";"368";4;9094;0;5;"2023-10-10";"2024-05-02";70381
"0290192200270";"29019";"DT";"410";8;3779;0;2;"2023-05-17";;5572
"0290192300031";"29019";"DT";"145";6;1934;65287;2;"2023-05-30";;262815
"0290192300078";"29019";"IL";"454";3;1608;0;2;"2023-09-07";;2229
"0290192300085";"29019";"IL";"262";8;1106;1240;2;"2023-08-17";;4331
"0290192300111";"29019";"HZ";"118";3;4189;0;5;"2023-10-20";"2025-06-20";4726
"0290242300002";"29024";"A";"1607";8;1629;0;2;"2023-03-14";;19952
"0290242300012";"29024";"A";"435";8;28600;28560;2;"2023-06-16";;94983
"0290392300054";"29039";"DH";"50";8;3938;892;2;"2023-09-27";;6022
"0290612300003";"29061";"AY";"86";8;1104;2429;2;"2023-03-13";;8947
"0290612300008";"29061";"AY";"118";4;1469;0;5;"2023-05-12";"2023-09-26";8000
"0290682300011";"29068";"ZC";"45";8;9120;0;2;"2023-09-20";;75864
"0290752200074";"29075";"BD";"213";8;1783;7544;5;"2023-03-28";"2024-01-08";20492
"0290752300008";"29075";"H";"2312";4;2729;0;2;"2023-05-04";;6665
"0290752300045";"29075";"G";"2841";8;1054;0;2;"2023-11-13";;2740
"0290752300053";"29075";"BP";"65";8;4151;5535;5;"2023-12-16";"2025-03-31";44842
"0290752300054";"29075";"H";"2288";8;1890;0;2;"2023-11-29";;9940
"0290752300059";"29075";"H";"2330";6;1317;0;2;"2023-10-15";;3856
"0291032300035";"29103";;;4;2000;0;2;"2023-10-06";;10080
"0291052300021";"29105";"BT";"186";4;1961;13140;2;"2023-06-06";;63792
"0291192200011";"29119";"AK";"29";8;1146;2899;2;"2023-02-28";;17405
"0291442200005";"29144";"A";"216";6;5482;0;2;"2023-03-13";;65359
"0291452300006";"29145";"ZD";"240";8;1140;0;5;"2023-07-06";"2024-04-02";12815
"0291702300001";"29170";"A";"3318";8;2090;0;2;"2023-11-13";;6139
"0291742300033";"29174";"YK";"649";8;1085;0;2;"2023-11-17";;2700
"0291792200062";"29179";"ZH";"69";4;2997;4189;2;"2023-02-16";;29435
"0291792300020";"29179";"YH";"282";3;1046;1248;5;"2023-06-09";"2024-10-13";6229
"0291792300040";"29179";"YE";"652";6;1789;0;2;"2023-11-28";;5800
"0291812300024";"29181";"ZR";"390";4;1738;0;5;"2023-12-12";"2023-12-20";3196
"0292162200023";"29216";;;8;18167;0;2;"2023-08-08";;6619
"0292322200098";"29232";"HD";"299";4;2082;1911;2;"2023-02-09";;9381
"0292322200151";"29232";"HR";"51";3;3651;310;2;"2023-05-09";;3804
"0292322300054";"29232";"BN";"4";4;1790;0;2;"2023-07-06";;60047
"0292322300091";"29232";"F";"1786";4;1921;447;2;"2023-07-20";;4796
"0292322300157";"29232";"F";"175";3;1394;0;5;"2023-12-27";"2024-09-03";7162
"0292352300042";"29235";"AX";"631";3;2520;0;5;"2023-10-03";"2025-09-08";54371
"0292542300005";"29254";"AK";"263";6;1536;1530;5;"2023-11-07";"2024-01-24";16759
"0292592300013";"29259";"BH";"606";4;1712;0;5;"2023-08-10";"2024-03-27";4000
"0292652300008";"29265";"ZA";"252";8;2412;0;2;"2023-12-08";;6709
"0292742200034";"29274";"AZ";"145";8;2700;6438;2;"2023-04-07";;20365
"02A00122D0036";"2A001";"OB";"1018";8;2579;0;2;"2023-01-04";;4425
"02A00123D0025";"2A001";"0C";"612";8;1931;0;2;"2023-12-22";;0
"02A00422A0075";"2A004";"BK";"163";3;1110;0;2;"2023-04-26";;3308
"02A00423A0019";"2A004";"AS";"148";8;1020;0;2;"2023-06-06";;2934
"02A08521D0005";"2A085";"D";"424";4;1421;0;5;"2023-02-14";"2024-11-12";4710
"02A11423R0017";"2A114";"B";"1140";6;1109;3417;2;"2023-09-15";;1901396
"02A24723R0011";"2A247";"BY";"131";4;1324;1946;2;"2023-04-05";;12009
"02A27122A0013";"2A271";"C";"1780";8;2492;1682;2;"2023-02-22";;5875
"02A27122A0021";"2A271";"C";"1180";8;1457;4500;2;"2023-02-08";;17671
"02A27122A0023";"2A271";"C";"1180";8;1457;4500;5;"2023-03-06";"2024-02-15";4880
"02A27123A0019";"2A271";"C";"1771";8;4196;0;2;"2023-10-21";;9597
"02A27123A0022";"2A271";"C";"2239";8;5673;0;2;"2023-10-26";;8505
"02B03322A0039";"2B033";"BC";"38";3;1834;335;5;"2023-02-16";"2025-11-05";1596
"02B03723N0011";"2B037";"C0";"1479";8;1763;2385;5;"2023-07-03";"2024-01-02";10523
"02B05023B0023";"2B050";"E";"631";8;1587;0;2;"2023-10-12";;6456
"02B05023B0032";"2B050";"E";"631";4;3190;0;5;"2023-10-30";"2024-05-17";46107
"02B14823N0011";"2B148";"AZ";"160";8;3314;0;2;"2023-07-12";;9076
"02B16823M0008";"2B168";"B0";"1808";8;1527;0;2;"2023-05-09";;4081
"02B20723N0042";"2B207";"A";"1693";4;1549;2139;5;"2023-12-07";"2025-07-19";8639
"02B25123S0006";"2B251";"E";"1902";3;1580;0;5;"2023-04-04";"2023-04-05";42525
"03000322Y0028";"30003";"AT";"78";3;1801;0;2;"2023-04-17";;1250
"03002822W0061";"30028";"BY";"626";4;1080;0;2;"2023-05-04";;2281
"03003222R0038";"30032";"BS";"139";8;12396;0;5;"2023-05-31";"2025-01-16";38938
"03003222R0053";"30032";"BC";"232";8;2348;0;2;"2023-03-09";;6600
"03003423C0030";"30034";"B";"2272";4;1147;0;2;"2023-12-20";;9539
"0300472200012";"30047";"AA";"341";3;1136;0;5;"2023-09-14";"2024-06-01";4437
"03006023N0013";"30060";"AY";"84";4;1437;0;2;"2023-12-13";;4341
"03008122R0018";"30081";"B";"1422";8;2355;0;5;"2023-07-17";"2024-02-06";6550
"03012523N0018";"30125";"AK";"295";4;1503;0;2;"2023-12-21";;26201
"03012523N0020";"30125";"AR";"409";8;1360;0;2;"2023-09-27";;5387
"03013823N0018";"30138";"AB";"30";4;1602;0;5;"2023-11-09";"2024-06-24";8376
"0301412300004";"30141";"AO";"9";3;1044;0;5;"2023-06-23";"2024-01-11";1786
"03018922P0167";"30189";"ES";"271";3;3271;0;2;"2023-02-14";;1927
"03018923P0063";"30189";"HM";"101";6;5571;3246;5;"2023-09-28";"2023-10-16";9463
"03020223S0026";"30202";"BK";"60";8;1800;0;2;"2023-12-12";;6505
"03025823T0026";"30258";"C0";"4083";4;1568;1580;5;"2023-08-04";"2024-01-15";12972
"03034122V0080";"30341";"AB";"211";8;7109;0;5;"2023-01-24";"2023-11-22";23349
"03034122V0113";"30341";"AC";"146";8;1255;0;2;"2023-04-06";;3225
"03034123V0072";"30341";"AB";"180";8;3190;0;5;"2023-10-10";"2024-02-07";4850
"03034423P0014";"30344";"AS";"62";8;1024;0;2;"2023-08-09";;5400
"03034423P0022";"30344";"AT";"174";3;2648;0;2;"2023-12-26";;5094
"0310042200019";"31004";"AA";"2";4;1390;0;5;"2023-05-05";"2023-05-10";3136
"03104423C0003";"31044";"BA";"171";3;1440;0;2;"2023-05-26";;3456
"03104423C0031";"31044";"CL";"31";3;2040;180;2;"2023-11-24";;1612
"03106522G0012";"31065";"0B";"490";8;2696;0;2;"2023-01-18";;70614
"03106623W0010";"31066";"D";"60";3;1303;0;5;"2023-08-02";"2023-10-01";49916
"03106922C0063";"31069";"BR";"20";3;13879;9045;5;"2023-03-27";"2024-01-08";0
"03106923C0005";"31069";"BE";"103";3;5345;0;2;"2023-09-12";;2847
"03106923C0006";"31069";"BE";"102";3;5722;0;2;"2023-09-11";;2183
"03107922S0029";"31079";"BD";"16";8;3671;0;2;"2023-03-07";;16764
"03109123C0005";"31091";"AI";"58";6;8625;0;2;"2023-09-01";;35603
"03111123G0003";"31111";"0A";"517";8;1230;0;2;"2023-10-13";;42389
"0311132200017";"31113";"BE";"41";4;1809;0;5;"2023-02-17";"2025-01-21";3672
"0311132300003";"31113";"BE";"56";6;2361;0;5;"2023-05-25";"2024-02-06";2659
"03114523G0018";"31145";"0M";"541";4;1034;0;2;"2023-11-13";;16919
"03114723P0005";"31147";"ZC";"68";8;2293;946;5;"2023-04-25";"2023-07-20";5215
"0311612300001";"31161";"B";"304";8;1373;0;5;"2023-05-17";"2024-02-25";2753
"0311692200013";"31169";"ZK";"326";8;6915;3800;2;"2023-09-15";;14854
"03118423C0010";"31184";"AD";"113";4;4342;0;2;"2023-09-12";;15683
"03122823Z0029";"31228";"0B";"5";4;6855;282;2;"2023-11-28";;274596
"03124823Z0015";"31248";"AB";"254";8;1134;0;5;"2023-09-26";"2024-06-26";4047
"0312542200020";"31254";"AH";"56";4;1158;2407;5;"2023-01-24";"2023-06-01";6788
"0312542200036";"31254";"AB";"19";4;1583;55758;2;"2023-05-11";;169931
"0312542200038";"31254";"BC";"5";3;1541;1766;5;"2023-04-15";"2023-09-04";6500
"0312822302012";"31282";"AN";"18";8;1705;8260;2;"2023-09-08";;24571
"03128723L0031";"31287";"E";"1454";8;1198;2536;2;"2023-11-20";;18975
"03130323G0002";"31303";"0B";"1621";4;1004;0;2;"2023-06-20";;16939
"03134123W0041";"31341";"0F";"600";4;2920;0;2;"2023-12-06";;7476
"03134523G0013";"31345";"0F";"781";6;1241;0;2;"2023-09-14";;4736
"03139517M0122";"31395";"CP";"1";4;32857;0;2;"2023-11-09";;140000
"03139523M0031";"31395";"CT";"63";4;1175;3648;5;"2023-08-21";"2024-07-15";23942
"03139523M0052";"31395";"HM";"221";4;3281;2636;5;"2023-12-15";"2025-07-15";13447
"03142023M0003";"31420";"AT";"76";8;1589;0;2;"2023-07-11";;4831
"03142423C0041";"31424";"BD";"18";3;1659;0;2;"2023-09-29";;19439
"03143322M0033";"31433";"AC";"33";8;2226;6508;2;"2023-03-06";;31996
"03145123R0019";"31451";"ZX";"610";6;2141;0;2;"2023-07-26";;7009
"03146222B0082";"31462";"AK";"30";4;1468;0;2;"2023-06-08";;1673
"03147823R0009";"31478";"ZD";"109";6;1045;0;2;"2023-05-30";;2909
"03148022U0017";"31480";"ZK";"296";6;3359;0;5;"2023-01-16";"2023-06-02";5930
"03155522C0790";"31555";"AY";"32";3;4110;599;5;"2023-03-23";"2023-11-06";2208
"03155522C0870";"31555";"BH";"165";3;2128;0;2;"2023-01-18";;8183
"03155523C0021";"31555";"AT";"105";8;7967;0;5;"2023-06-07";"2024-09-02";7434
"03155523C0046";"31555";"AL";"121";3;5900;0;2;"2023-05-31";;1853
"03155523C0254";"31555";"AW";"48";8;3700;3563;2;"2023-07-21";;19964
"03155523C0318";"31555";"AK";"154";3;3559;0;2;"2023-08-10";;3549
"03155523C0381";"31555";"BP";"34";3;2283;752;2;"2023-09-11";;6168
"03155523C0389";"31555";"AE";"17";6;1404;56039;2;"2023-08-10";;130530
"03155523C0413";"31555";"BE";"100";6;1090;33626;2;"2023-08-30";;83679
"03155523C0486";"31555";"BL";"29";3;1100;0;2;"2023-10-25";;2246
"03155523C0516";"31555";"AP";"118";8;3490;0;2;"2023-10-30";;6710
"03155523C0603";"31555";"BC";"96";6;6847;507852;2;"2023-12-06";;212864
"0320012300003";"32001";"E";"1145";6;1012;3381;5;"2023-08-31";"2023-11-13";33760
"03204222A0004";"32042";"A";"317";8;1405;796;2;"2023-02-16";;11305
"03214723A0002";"32147";"AL";"19";8;1200;0;2;"2023-04-28";;3257
"03215522H1007";"32155";"AC";"145";4;1260;0;2;"2023-03-10";;6631
"03216022A0042";"32160";"CO";"525";4;1021;2287;2;"2023-03-21";;14497
"03220823L0001";"32208";"CP";"187";6;1543;5654;2;"2023-05-25";;17269
"03229623A0009";"32296";"AK";"116";8;2044;0;2;"2023-10-30";;12356
"03233523A0001";"32335";"C";"324";8;1749;0;5;"2023-06-15";"2025-03-04";718216
"03245923T1003";"32459";"AS";"124";3;1206;0;5;"2023-04-19";"2024-04-29";17300
"03301223S0010";"33012";"AT";"634";6;3077;1070;2;"2023-08-07";;27430
"03301323Z0020";"33013";"AB";"20";8;2734;6289;2;"2023-09-11";;13110
"03301422F0017";"33014";"A";"1201";4;2074;0;2;"2023-04-17";;22485
"03302322P0011";"33023";"C";"560";4;3020;0;2;"2023-01-10";;16566
"03302322P0017";"33023";"C";"574";8;4929;0;2;"2023-03-27";;18092
"03302322P0023";"33023";"C";"559";4;3010;0;2;"2023-05-16";;16180
"03302922K0048";"33029";"CA";"10";6;3670;0;5;"2023-02-13";"2024-11-04";35118
"03302922K0081";"33029";"BZ";"182";8;1163;0;5;"2023-03-14";"2023-07-07";3151
"03303223Z0008";"33032";"AN";"160";6;2606;17242;2;"2023-07-24";;119596
"03303622P0056";"33036";;;4;2253;0;2;"2023-02-14";;6376
"03303623P0053";"33036";"F";"2365";8;3271;0;2;"2023-12-20";;12053
"03304900X0019";"33049";"0D";"468";8;7554;11110;2;"2023-11-29";;71088
"03305622Z0054";"33056";"CA";"28";6;8169;0;5;"2023-02-06";"2023-11-17";24267
"03305622Z0106";"33056";"AT";"169";6;2490;0;2;"2023-05-04";;18183
"03306322Z0339";"33063";"BO";"173";3;10715;0;2;"2023-06-06";;211
"03306323Z0052";"33063";"BZ";"242";3;9056;0;2;"2023-08-07";;45273
"03306323Z0283";"33063";"HW";"1";3;1378;11158;5;"2023-10-10";"2024-09-02";25165
"03306323Z0299";"33063";"SO";"72";8;52866;0;2;"2023-11-22";;98732
"03307523Z0016";"33075";"AV";"573";6;1424;2120;2;"2023-10-19";;36699
"03307523Z0034";"33075";"AN";"18";3;4597;2102;5;"2023-10-24";"2024-07-01";4047
"03309622Z0026";"33096";"AP";"234";3;4687;1660;2;"2023-01-16";;21470
"03310022J0012";"33100";;;4;3757;0;2;"2023-04-04";;0
"03312223V1052";"33122";"D";"3541";6;14331;27000;5;"2023-11-02";"2024-07-29";56064
"03312223V1070";"33122";"D";"5274";8;1205;643;2;"2023-10-26";;10099
"03312322J0027";"33123";"ZL";"488";8;3248;0;5;"2023-02-11";"2024-05-29";0
"03313823F0020";"33138";"ZT";"518";8;3740;0;5;"2023-09-07";"2025-01-01";7677
"03315423F0005";"33154";"ZP";"271";6;1425;3510;5;"2023-09-13";"2025-01-27";12443
"03320022Z0067";"33200";"AX";"321";6;1221;0;5;"2023-03-30";"2024-06-03";3376
"03320023Z0021";"33200";"AY";"151";8;5838;0;2;"2023-08-18";;29516
"03320023Z0036";"33200";"AV";"133";3;8194;0;2;"2023-11-08";;6412
"03321422S0152";"33214";"BV";"343";4;1184;949;5;"2023-05-10";"2023-10-09";26761
"03323422X0036";"33234";"AK";"300";4;1495;0;2;"2023-03-03";;1276
"03324323F0051";"33243";"AD";"37";3;2300;33150;2;"2023-12-15";;106237
"03324922X0026";"33249";"AO";"245";3;8065;3265;2;"2023-04-17";;9878
"03325623Z0031";"33256";"BM";"25";8;7990;9405;5;"2023-11-15";"2024-01-29";40227
"0332742200088";"33274";"D";"990";3;1593;0;5;"2023-04-04";"2023-12-11";6176
"03328122Z0123";"33281";"AH";"1121";3;5322;0;2;"2023-01-30";;2951
"03328122Z0199";"33281";"ER";"110";6;9479;11591;2;"2023-02-13";;102204
"03328122Z0292";"33281";"AB";"32";6;13642;191022;5;"2023-07-04";"2023-09-11";689903
"03328122Z0294";"33281";"AC";"594";8;10912;0;2;"2023-05-25";;3244
"03328123Z0034";"33281";"AC";"757";8;1787;0;5;"2023-06-07";"2023-09-04";5756
"03328123Z0064";"33281";"AK";"392";8;3874;2098;2;"2023-09-18";;4997
"03328123Z0118";"33281";"AM";"729";8;2275;756;2;"2023-10-20";;5307
"03328423K0061";"33284";;;6;1012;0;2;"2023-09-21";;2789
"03331822Z0139";"33318";"HE";"18";3;4050;0;2;"2023-05-31";;5845
"03331822Z0142";"33318";"HE";"18";3;5728;364;2;"2023-05-31";;6845
"03331823Z0085";"33318";"EO";"71";3;1292;0;2;"2023-10-12";;2897
"03331823Z0103";"33318";"HM";"5";3;12818;0;5;"2023-11-17";"2025-05-01";10408
"03336622J0130";"33366";"A";"2699";6;2935;0;2;"2023-07-03";;538
"03343322X0045";"33433";"0G";"1421";6;3100;4254;5;"2023-03-17";"2023-09-15";15459
"03343723F0017";"33437";"A";"2034";8;1384;0;2;"2023-12-14";;7293
"0334482300003";"33448";"A";"2612";6;1160;3290;2;"2023-05-01";;8936
"03349623Z0023";"33496";"AL";"186";8;1310;4080;2;"2023-09-06";;43454
"03352723K0024";"33527";"CO";"107";8;1255;0;2;"2023-09-21";;3747
"03352923K0001";"33529";"CH";"38";4;1230;852;5;"2023-04-25";"2023-04-25";86064
"03355022Z0112";"33550";"CL";"204";4;2466;1114;5;"2023-03-24";"2024-04-02";8419
"03355023Z0078";"33550";"AK";"68";3;1142;0;5;"2023-09-12";"2025-06-15";3360
"03400322K0060";"34003";"KV";"67";4;4461;11700;2;"2023-04-03";;47657
"03403222T0110";"34032";"CT";"226";3;1478;0;2;"2023-04-20";;6926
"03403222T0181";"34032";"AS";"293";4;1420;0;5;"2023-01-12";"2023-07-17";0
"03403222T0187";"34032";"AX";"152";8;17497;0;2;"2023-02-09";;0
"03403223T0090";"34032";"AX";"155";8;3065;0;2;"2023-08-24";;14685
"03405722M0058";"34057";"AN";"109";3;1082;0;2;"2023-02-10";;1785
"03407320Z0003";"34073";"AC";"429";6;8682;0;2;"2023-07-06";;19068
"03407923C0025";"34079";"BT";"229";4;2010;0;5;"2023-09-15";"2024-07-22";4982
"03407923C0046";"34079";"BV";"257";8;1917;0;5;"2023-10-16";"2024-03-11";0
"03407923C0047";"34079";"BV";"121";8;20080;0;5;"2023-10-06";"2024-05-13";18839
"03408822M0047";"34088";"AR";"124";3;1396;0;2;"2023-09-13";;1388
"03409022M0009";"34090";"AC";"355";3;1745;0;5;"2023-01-04";"2023-11-01";2000
"03409523M0019";"34095";"BA";"300";6;1961;0;2;"2023-10-09";;7270
"03410822V0058";"34108";"DP";"167";4;1916;0;5;"2023-02-17";"2023-07-01";5000
"03410823V0028";"34108";"AP";"276";8;1016;1050;5;"2023-09-25";"2024-01-08";5634
"03411623M0013";"34116";"AC";"99";8;1600;0;5;"2023-12-22";"2024-09-23";2624
"03412922M0103";"34129";"BR";"241";3;6340;0;2;"2023-04-21";;8118
"03412922M0112";"34129";"CB";"27";3;6033;3430;5;"2023-05-26";"2023-10-31";17201
"03413523Z0009";"34135";"D";"2239";4;1794;0;2;"2023-07-31";;12493
"03415123M0021";"34151";"I";"467";8;1599;1107;2;"2023-09-11";;4346
"03415422A0058";"34154";"EA";"13";8;7259;0;5;"2023-02-03";"2025-03-17";18014
"0341542300019";"34154";"EA";"71";8;9005;0;2;"2023-09-01";;98540
"0341542300048";"34154";"EA";"74";6;7162;0;2;"2023-11-28";;12497
"0341542300050";"34154";"EA";"57";6;1435;0;5;"2023-12-11";"2024-09-16";4640
"03417222M0253";"34172";"SV";"2";3;6092;0;5;"2023-10-04";"2025-01-06";12126
"03417222M0254";"34172";"SV";"2";3;4741;0;5;"2023-10-04";"2024-11-01";12126
"03418322Z0035";"34183";"F";"241";8;3531;1085;2;"2023-02-14";;95460
"03418323Z0013";"34183";"A";"1573";4;1997;0;5;"2023-09-14";"2025-02-10";9143
"03419423C0006";"34194";"AH";"31";8;1102;0;5;"2023-07-11";"2024-05-02";4631
"03419823M0046";"34198";"AE";"56";3;4180;0;2;"2023-11-16";;2314
"03420922K0009";"34209";"AR";"255";6;1912;0;2;"2023-01-30";;2381
"03420923K0032";"34209";"AR";"256";6;1153;0;2;"2023-12-08";;6199
"03421323V0019";"34213";"BP";"105";6;1850;0;5;"2023-12-13";"2024-02-19";4865
"03425523M0014";"34255";"BY";"74";3;36764;0;2;"2023-12-22";;236907
"03427023M0003";"34270";"BA";"95";3;1463;751;2;"2023-06-13";;4363
"03428923K0018";"34289";"B";"1911";8;2552;0;5;"2023-12-15";"2025-07-31";7470
"03429922Z0073";"34299";"AY";"46";4;4400;894;5;"2023-06-29";"2024-01-15";20393
"0343012270121";"34301";"BT";"728";4;1200;0;2;"2023-03-24";;67853
"0343012270131";"34301";"AD";"330";6;1445;0;2;"2023-04-12";;3152
"03430123V0063";"34301";"CL";"1";6;2200;0;5;"2023-12-07";"2023-12-11";86714
"03432023M0001";"34320";"AX";"81";8;7121;0;5;"2023-05-04";"2025-01-16";28257
"03432722M0030";"34327";"BB";"358";8;7179;7700;2;"2023-02-02";;15424
"03432723M0003";"34327";"BA";"249";8;2696;0;2;"2023-07-25";;6626
"03432723M0014";"34327";"BA";"31";4;1121;484;2;"2023-12-29";;28697
"03432923Z0014";"34329";"AE";"167";8;1181;4818;2;"2023-07-18";;42151
"03433323V0009";"34333";"AK";"69";6;1013;0;2;"2023-07-03";;3657
"03433722V0037";"34337";"AS";"10";6;5505;0;5;"2023-06-05";"2024-01-16";9364
"03500123M0013";"35001";"ZC";"232";8;1109;0;5;"2023-09-06";"2024-07-15";1738
"03500123M0039";"35001";"ZC";"248";6;1104;0;2;"2023-12-28";;1637
"03500222S0014";"35002";"ZC";"63";8;30014;31955;2;"2023-05-12";;65701
"03500223S0007";"35002";"ZC";"60";8;41772;0;2;"2023-12-22";;99763
"03501023B0037";"35010";;;8;1109;0;5;"2023-10-30";"2024-05-13";7724
"03501422V0029";"35014";"H";"1581";6;3913;0;5;"2023-04-25";"2023-12-04";61248
"03501623W0002";"35016";"AB";"867";4;1416;0;2;"2023-07-31";;2274
"03502323B0027";"35023";"ZE";"462";6;2637;0;5;"2023-12-11";"2024-04-29";29400
"03502422M0023";"35024";"AY";"259";6;3344;0;5;"2023-01-03";"2024-01-22";4008
"03502422M0035";"35024";"AY";"277";8;1173;0;5;"2023-01-06";"2023-10-23";2713
"03502422M0044";"35024";"AY";"276";3;1653;0;2;"2023-04-13";;3493
"03502423M0024";"35024";"AY";"282";8;1069;0;5;"2023-11-07";"2024-09-27";2489
"03503222M0047";"35032";"ZH";"130";6;4915;5994;2;"2023-03-20";;0
"03503223M0022";"35032";"ZE";"179";6;1156;13833;2;"2023-11-24";;85838
"03503723B0026";"35037";"YL";"122";8;1851;0;2;"2023-08-04";;5305
"03503723B0034";"35037";"ZH";"230";3;1608;0;5;"2023-10-24";"2024-12-15";4239
"0350472300026";"35047";"AX";"12";3;9520;17387;5;"2023-06-28";"2023-07-03";437898
"0350472300029";"35047";"BO";"110";6;8788;4973;5;"2023-11-07";"2024-11-20";82060
"03505122A0030";"35051";;;6;3855;0;5;"2023-01-10";"2025-09-15";9228
"03505123A0016";"35051";"AY";"343";4;2123;0;5;"2023-10-30";"2025-11-03";6908
"03505123A0028";"35051";"YC";"223";3;13460;0;5;"2023-09-27";"2024-06-18";9794
"03505123A0043";"35051";"AY";"362";3;1277;0;5;"2023-12-11";"2024-04-24";4237
"03506623M0009";"35066";"AC";"673";6;17725;0;5;"2023-09-05";"2023-11-13";172099
"03506623M0010";"35066";"AC";"645";6;1061;0;2;"2023-10-20";;20340
"03506823V0001";"35068";"ZB";"649";3;2110;335;5;"2023-04-04";"2023-10-03";2073
"03506823V0015";"35068";"ZA";"271";8;5190;5578;5;"2023-06-28";"2023-10-30";34967
"03509623V0004";"35096";"ZA";"271";8;5190;5578;5;"2023-06-27";"2023-10-30";34967
"03510422B0025";"35104";"E";"527";3;1864;2937;5;"2023-06-01";"2023-12-11";8910
"03510922V0019";"35109";"YK";"10";8;3100;2923;2;"2023-01-10";;35270
"03512023M0001";"35120";"AN";"14";4;5129;1878;2;"2023-07-11";;6441
"03512523V0003";"35125";"AH";"25";6;5273;11382;5;"2023-06-15";"2023-07-04";99049
"03512523V0014";"35125";"BC";"16";6;1295;6679;5;"2023-09-28";"2024-01-22";28189
"03513123M0008";"35131";"AH";"173";8;11312;0;2;"2023-10-20";;30083
"03515222U0034";"35152";"AY";"339";3;1142;0;5;"2023-02-07";"2024-03-01";2592
"03515223U0028";"35152";"AY";"284";8;2093;0;2;"2023-09-21";;5439
"03517323U0014";"35173";"E";"1938";4;1806;11018;5;"2023-11-15";"2024-01-31";26774
"03517622W0070";"35176";"YS";"18";4;3225;2142;2;"2023-03-22";;13175
"03517622W0092";"35176";;;4;1576;894;5;"2023-02-10";"2023-06-05";21748
"03517722U0022";"35177";"ZC";"96";6;3080;0;2;"2023-01-06";;19535
"03517723U0030";"35177";"AM";"209";6;4531;0;5;"2023-12-29";"2024-03-25";10935
"03517923A0021";"35179";"ZL";"248";6;4348;0;2;"2023-08-30";;11331
"03520723P0004";"35207";"A";"2886";8;3312;0;5;"2023-04-04";"2023-09-18";4062
"03521023M0023";"35210";"AX";"220";8;5508;0;5;"2023-10-12";"2024-03-25";47057
"03522123W0007";"35221";"ZT";"227";6;2220;187;5;"2023-07-20";"2024-09-15";6693
"03522722B0016";"35227";"ZB";"588";6;1365;0;5;"2023-01-06";"2024-03-15";3025
"03522723B0008";"35227";"ZA";"44";8;1430;6970;5;"2023-07-13";"2023-09-15";101041
"03523323B0009";"35233";"D";"791";8;1136;0;5;"2023-07-07";"2024-09-15";1999
"0352382210282";"35238";"EL";"88";6;1372;0;5;"2023-05-16";"2023-09-25";6563
"0352382310036";"35238";"DE";"48";3;1110;0;2;"2023-11-08";;563
"0352382310133";"35238";"EN";"235";3;5020;0;5;"2023-11-15";"2024-06-24";10435
"03523922S0037";"35239";"ZR";"401";6;3392;0;2;"2023-03-09";;39280
"0352432300005";"35243";"00";"55";4;4360;0;2;"2023-05-30";;6798
"03525122U0050";"35251";"YE";"132";8;1066;5722;5;"2023-07-31";"2024-09-02";29364
"03525323U0027";"35253";"ZH";"455";6;3173;0;2;"2023-09-25";;12152
"03528422A0032";"35284";"AE";"283";8;1935;0;2;"2023-03-14";;2477
"03528423A0011";"35284";"AE";"147";3;2444;1225;2;"2023-11-30";;6247
"03528423A0012";"35284";"AE";"306";6;3276;0;2;"2023-08-02";;17443
"03528423A0013";"35284";"AE";"351";6;4622;0;5;"2023-08-01";"2024-02-05";10639
"03528523F1010";"35285";"YC";"2";6;1560;0;2;"2023-09-29";;13620
"03528823A0084";"35288";"DH";"199";3;2444;1225;2;"2023-12-04";;6247
"03528823A0166";"35288";"CN";"136";8;1200;0;2;"2023-12-07";;36863
"03529723B0030";"35297";"ZD";"178";8;2875;0;2;"2023-12-22";;17414
"0353242300002";"35324";"ZB";"226";6;6065;0;2;"2023-04-04";;55165
"03535923V0004";"35359";"C";"1105";4;1552;2440;5;"2023-10-26";"2023-11-27";23155
"03536022V0094";"35360";"BY";"196";6;6482;0;2;"2023-02-16";;29786
"03536022V0105";"35360";"DH";"445";4;1464;0;2;"2023-07-10";;3517
"03601822S0019";"36018";"BI";"530";8;1004;0;2;"2023-02-01";;5623
"03601822S0020";"36018";"AO";"375";8;1500;0;2;"2023-02-20";;17747
"03604423E0036";"36044";"BC";"55";3;3318;0;5;"2023-09-25";"2024-01-31";18629
"03605323S0002";"36053";"AO";"147";6;1586;11535;5;"2023-09-04";"2023-12-04";0
"03605922N0004";"36059";"ZM";"21";6;1050;0;2;"2023-01-18";;0
"03607123N0001";"36071";"A";"108";8;123549;0;2;"2023-05-30";;240801
"03608822H0014";"36088";"BC";"181";4;1570;696;2;"2023-04-04";;10379
"03612823N0003";"36128";"ZH";"50";8;61252;0;2;"2023-09-11";;200390
"03612823N0008";"36128";"AA";"16";8;7543;0;5;"2023-11-10";"2024-03-18";0
"03612923S0005";"36129";"B0";"131";8;1764;0;2;"2023-06-26";;0
"03619222S0007";"36192";"B";"245";6;1929;0;5;"2023-08-28";"2024-10-15";0
"03620223N0005";"36202";"ZX";"221";4;2089;0;5;"2023-06-12";"2023-09-11";13014
"03700823D0008";"37008";"YD";"175";6;1577;0;2;"2023-05-30";;10057
"03700923R0002";"37009";"0A";"623";8;86020;0;5;"2023-05-22";"2023-09-13";400892
"0370112220011";"37011";"AB";"1389";6;2976;0;2;"2023-02-02";;419161
"0370502200040";"37050";"BE";"750";3;2408;0;5;"2023-02-08";"2024-02-01";3962
"03705422N0023";"37054";"ZI";"108";8;1638;0;5;"2023-01-25";"2023-06-05";3984
"03706022A0007";"37060";"ZK";"2584";6;1210;0;2;"2023-01-24";;10000
"0370722320022";"37072";"AM";"210";4;2583;11725;2;"2023-10-23";;59511
"03712222J0049";"37122";"AH";"2026";8;1260;0;5;"2023-02-27";"2023-10-12";11563
"03712223J0025";"37122";"AM";"609";6;3175;0;2;"2023-07-31";;8980
"03715223N0007";"37152";"AS";"66";8;2153;1630;5;"2023-11-09";"2024-04-18";49935
"0371672250017";"37167";"ZK";"42";8;1396;1655;2;"2023-01-26";;22331
"0372142200030";"37214";"AH";"8";4;14000;0;5;"2023-04-19";"2024-11-25";39742
"0372142300026";"37214";"AH";"230";3;3782;0;5;"2023-12-21";"2024-11-05";6634
"0372262340011";"37226";"ZY";"130";3;1015;1985;2;"2023-06-19";;5372
"0372502240059";"37250";"YS";"38";8;4229;0;2;"2023-04-14";;18600
"03725422H0040";"37254";"0A";"1229";8;4278;17104;2;"2023-03-03";;66044
"03726122T0156";"37261";"AB";"14";3;3576;19237;5;"2023-02-10";"2023-03-20";383762
"0380132310003";"38013";"AO";"298";6;5847;0;5;"2023-08-03";"2023-11-15";10350
"0380622320003";"38062";;;6;1790;0;2;"2023-09-25";;4734
"0380682300008";"38068";"B";"2109";6;8992;0;5;"2023-10-16";"2024-09-25";14007
"0380852310009";"38085";"0B";"770";8;1173;0;5;"2023-06-22";"2024-10-16";3201
"0380872310007";"38087";"AE";"1369";6;1274;1868;5;"2023-10-13";"2024-04-15";6917
"0380952320017";"38095";"0C";"1310";8;2269;0;2;"2023-11-08";;10000
"0381092310007";"38109";"0D";"408";8;1230;0;5;"2023-06-15";"2024-09-24";14385
"0381402210034";"38140";"AV";"403";4;3600;0;5;"2023-02-28";"2023-10-27";8555
"0381402310017";"38140";"AZ";"139";6;1462;110071;2;"2023-08-22";;160576
"0381512210023";"38151";"AC";"72";3;12101;0;2;"2023-03-14";;28943
"0381512310019";"38151";"AN";"178";8;2222;1002;2;"2023-11-09";;8515
"0381512310022";"38151";"AZ";"91";8;1238;1365;5;"2023-12-22";"2024-10-09";7412
"0381582300002";"38158";"AK";"142";8;3840;0;5;"2023-04-28";"2024-05-28";4688
"0381842300006";"38184";"B";"1318";4;1354;0;2;"2023-12-21";;6823
"03818522U1096";"38185";;;8;3066;3780;2;"2023-05-16";;9918
"0381892200026";"38189";"AH";"40";3;1440;0;2;"2023-06-20";;5847
"0381892300003";"38189";"AH";"408";8;4742;18531;2;"2023-06-08";;42725
"0381892300006";"38189";"AC";"127";6;2333;10209;5;"2023-05-23";"2024-01-05";24444
"0381932210025";"38193";"DT";"276";3;1457;0;2;"2023-04-07";;2696
"0381972210014";"38197";"A";"204";8;9039;0;2;"2023-01-05";;0
"0382292210010";"38229";"AZ";"134";3;2930;0;2;"2023-03-14";;2104
"0382292310013";"38229";"AP";"130";4;4492;4507;5;"2023-12-21";"2024-07-01";6081
"0382292310017";"38229";"AZ";"143";3;1132;172;2;"2023-10-11";;1239
"0382492310015";"38249";"AL";"67";3;5790;600;2;"2023-10-20";;3710
"0382692320005";"38269";"AB";"361";6;5722;0;2;"2023-05-22";;10659
"0382952310007";"38295";"0E";"506";6;1131;2803;2;"2023-11-30";;24273
"0382982310033";"38298";"BB";"58";6;5340;0;2;"2023-10-03";;157965
"0383142310024";"38314";"AT";"335";6;2116;0;2;"2023-12-21";;1137
"0383172210011";"38317";"AP";"93";8;1277;2753;2;"2023-02-21";;7320
"0383172310002";"38317";;;6;2286;0;5;"2023-08-09";"2023-11-28";4322
"0383182210039";"38318";"AI";"768";6;2810;0;2;"2023-04-17";;12
"0383352310004";"38335";"AI";"132";8;1312;1060;5;"2023-10-19";"2024-06-07";7047
"0383362310003";"38336";"AW";"478";8;1494;2079;5;"2023-08-07";"2024-02-12";10025
"0383412210004";"38341";"B";"1259";4;1174;3242;5;"2023-01-18";"2025-11-24";4247
"0383742310008";"38374";"0H";"1507";6;1233;0;2;"2023-06-21";;5089
"0383742310027";"38374";"0H";"1534";6;1043;1043;2;"2023-10-04";;3000
"0383782310001";"38378";"AK";"286";8;6358;9900;2;"2023-04-27";;273079
"0383822310004";"38382";"BN";"12";4;2409;0;2;"2023-08-08";;4821
"0383832220012";"38383";"C";"1637";4;2749;0;5;"2023-01-19";"2024-06-01";13695
"0383842310008";"38384";"ZE";"226";6;3372;0;2;"2023-11-30";;33991
"0384252220002";"38425";"A";"599";6;1232;0;2;"2023-03-28";;534985
"0384492210017";"38449";"CH";"296";8;1038;42468;5;"2023-02-13";"2024-06-01";90054
"0384492310015";"38449";"CD";"112";8;5060;82588;2;"2023-11-14";;387490
"0384592310001";"38459";"AI";"205";6;1913;0;2;"2023-05-17";;10075
"0384742210007";"38474";"AP";"176";3;4670;0;2;"2023-02-01";;6914
"0385152310006";"38515";"0F";"76";6;2540;15149;5;"2023-06-30";"2023-08-30";70410
"0385302210017";"38530";"A";"868";6;1646;0;5;"2023-03-13";"2023-11-20";3099
"0385302310002";"38530";"A";"937";6;7860;0;2;"2023-05-09";;19075
"0385382310008";"38538";"AN";"243";8;3195;0;5;"2023-07-07";"2024-09-30";7119
"0385382310009";"38538";"AA";"87";8;7790;25670;5;"2023-07-24";"2024-09-24";72923
"0385452310010";"38545";"BL";"288";8;1188;0;2;"2023-09-22";;6384
"0385592320008";"38559";"AV";"67";8;2000;0;2;"2023-07-03";;19073
"0385632211049";"38563";"BD";"164";3;3628;0;2;"2023-04-24";;5859
"0385632311008";"38563";"AP";"885";4;2100;0;5;"2023-07-31";"2024-07-24";11040
"0385632311016";"38563";"AP";"872";6;4938;0;2;"2023-09-25";;15804
"0385632311028";"38563";"AE";"1107";4;3090;287;2;"2023-11-27";;5819
"03910123D0014";"39101";"ZD";"485";8;1819;1133;2;"2023-10-02";;67865
"03915023D0003";"39150";"ZP";"140";4;1743;8384;5;"2023-11-24";"2024-10-01";160559
"03932723P0006";"39327";"AB";"79";8;1379;557;2;"2023-12-19";;7978
"03933923H0011";"39339";"B";"506";6;2455;4107;2;"2023-11-27";;38083
"03941123P0003";"39411";"AD";"390";3;1209;1128;2;"2023-09-25";;4435
"03943422C0024";"39434";"AM";"805";4;1296;0;2;"2023-05-24";;26213
"03943423C0003";"39434";"ZH";"290";8;1342;0;2;"2023-07-27";;10757
"03954623A0004";"39546";"ZH";"190";6;1938;6445;5;"2023-09-21";"2024-05-28";28760
"03956723P0001";"39567";"AB";"113";8;2114;0;5;"2023-09-02";"2023-10-16";18470
"04000123A0004";"40001";"AC";"20";8;1368;0;2;"2023-05-03";;8577
"04003622D0014";"40036";"AR";"258";4;5629;0;5;"2023-01-10";"2025-12-08";7524
"04003622D0017";"40036";"AR";"147";4;1942;960;2;"2023-02-28";;4386
"04003622D0018";"40036";"AS";"496";4;1702;0;2;"2023-02-24";;19129
"04003622D0019";"40036";"AS";"395";4;1102;0;5;"2023-02-23";"2023-02-23";6230
"04003622D0020";"40036";"AS";"395";4;1157;0;5;"2023-01-10";"2023-07-19";2365
"04003622D0039";"40036";"AS";"342";3;8417;0;2;"2023-08-29";;14368
"04003623D0025";"40036";"AR";"121";4;1674;1400;2;"2023-11-20";;4549
"04007523X0033";"40075";"BC";"33";8;34012;0;5;"2023-11-20";"2024-10-01";97783
"0400942300008";"40094";"D";"294";8;1142;0;5;"2023-07-04";"2024-02-28";11957
"0400942300011";"40094";"L";"265";4;1592;0;5;"2023-08-02";"2024-02-01";3700
"0401202200007";"40120";"ZH";"211";8;1077;0;2;"2023-01-12";;7980
"0401202200014";"40120";"ZH";"180";8;2519;3460;2;"2023-01-20";;27477
"04013323D0007";"40133";"0A";"1877";8;1475;0;2;"2023-11-06";;24078
"04016823D0019";"40168";"AZ";"36";8;1360;0;2;"2023-06-19";;142365
"0401792200015";"40179";"AK";"181";4;1433;0;5;"2023-10-02";"2025-03-31";4998
"04021023C0007";"40210";"0G";"501";3;1849;976;2;"2023-09-19";;4533
"0402462200008";"40246";"U";"1321";6;2394;3357;2;"2023-01-17";;22050
"0402562300002";"40256";"B";"174";8;1824;10293;5;"2023-05-16";"2024-03-04";56159
"04026122D0042";"40261";"AH";"52";4;1034;0;5;"2023-01-17";"2023-07-05";9786
"04026122D0052";"40261";"AH";"49P";8;12471;0;2;"2023-05-17";;27967
"04026123D0013";"40261";"AH";"59";6;1078;0;2;"2023-06-21";;4390
"04026123D0051";"40261";"AP";"133";4;2707;0;5;"2023-11-13";"2025-03-28";0
"04027322D0022";"40273";"BY";"36";6;1290;0;2;"2023-01-02";;2974
"04030422D0106";"40304";"AR";"22";3;1249;0;2;"2023-05-03";;1710
"04030423D0053";"40304";"AP";"33";4;1168;530;2;"2023-10-27";;0
"04031222D0024";"40312";"AD";"1299";4;2371;1640;5;"2023-05-31";"2025-12-02";5383
"04031322T0024";"40313";"AD";"36";4;1142;0;5;"2023-01-16";"2023-06-01";6906
"04104023A0005";"41040";"ZB";"73";6;1747;12712;2;"2023-11-30";;96149
"04104722A0021";"41047";"C";"2181";8;2600;0;2;"2023-05-05";;10000
"04104723A0004";"41047";"A";"1005";6;3073;13025;5;"2023-06-16";"2023-09-18";0
"04104723A0007";"41047";"A";"1187";6;1098;0;2;"2023-06-15";;8000
"04104723A0014";"41047";"A";"1196";8;2626;0;2;"2023-08-25";;11529
"04104922U0010";"41049";"A";"488";6;3113;12548;2;"2023-02-20";;447081
"04113622E0022";"41136";"YW";"5";8;7877;0;2;"2023-02-02";;143084
"04115423P0006";"41154";"ZS";"33";6;22193;10331;2;"2023-10-25";;78525
"04116422U0021";"41164";"AX";"55";8;1155;2129;5;"2023-05-10";"2024-01-29";13635
"04119422R0049";"41194";"BZ";"626";8;7347;0;2;"2023-09-25";;25347
"04119422R0084";"41194";"BX";"328";8;1967;0;5;"2023-03-17";"2023-09-04";60644
"04119423R0046";"41194";"BH";"91";3;1074;2453;5;"2023-09-28";"2024-07-01";6390
"04119822U0016";"41198";"AL";"322";8;1039;951;2;"2023-05-02";;1854
"04121222A0009";"41212";"AM";"82";4;1345;4515;5;"2023-02-08";"2024-02-23";15398
"04122022D0033";"41220";"AB";"32";6;1263;0;2;"2023-06-13";;0
"04126922V0067";"41269";"CL";"29";6;17069;0;5;"2023-04-11";"2024-02-12";132995
"04126923V0007";"41269";"CI";"112";8;3745;0;5;"2023-07-20";"2024-06-15";4785
"04127623A0014";"41276";"AN";"31";8;1643;3210;2;"2023-05-26";;0
"04128022M0012";"41280";"AD";"76";8;64219;0;2;"2023-09-25";;155156
"04200523A0016";"42005";"AL";"270";3;2995;0;2;"2023-07-26";;5183
"04200523A0024";"42005";"AK";"293";6;4135;0;5;"2023-07-13";"2023-09-08";0
"04202222M0014";"42022";"AT";"133";6;3857;0;2;"2023-01-27";;27727
"04202222M0029";"42022";"AS";"155";8;16275;3203;2;"2023-05-11";;54969
"04202223M0004";"42022";"AT";"15";6;1678;0;2;"2023-07-26";;3725
"04204322A0010";"42043";"B";"530";6;1272;12069;2;"2023-02-28";;34591
"0420442310016";"42044";"AY";"221";4;6333;0;2;"2023-11-24";;0
"04205223C0005";"42052";"AI";"100";6;2455;3350;5;"2023-09-25";"2024-01-03";10667
"04205223C0006";"42052";"AI";"129";6;1742;0;5;"2023-09-25";"2024-01-03";3034
"04209723A0020";"42097";"CC";"24";6;6731;0;5;"2023-09-18";"2024-01-02";51724
"04212322S0015";"42123";"H";"627";6;1153;0;2;"2023-02-02";;2947
"04216623R0003";"42166";"AC";"101";6;1993;0;2;"2023-11-20";;11825
"04217723C0007";"42177";"C";"1339";6;2460;3216;5;"2023-10-12";"2024-04-16";11860
"04218222V0028";"42182";"A";"2154";4;1292;0;5;"2023-02-09";"2023-10-11";4095
"04218723R0005";"42187";"AK";"33";3;3218;972;5;"2023-05-09";"2024-03-11";1473
"04218723R0028";"42187";"BM";"650";6;2811;0;2;"2023-07-25";;12562
"04218723R0056";"42187";"BO";"108";6;1944;5484;5;"2023-12-26";"2024-05-21";18961
"04218922L0028";"42189";"BH";"93";6;1983;0;5;"2023-02-02";"2023-05-15";2928
"04218923L0012";"42189";"BH";"50";8;1195;940;2;"2023-12-05";;4482
"04221122M0025";"42211";"AO";"132";6;2745;0;5;"2023-05-30";"2023-11-27";9530
"0422182200161";"42218";"CP";"108";8;4508;16971;2;"2023-01-30";;7578
"0422182300035";"42218";"DK";"209";6;2642;1007;5;"2023-04-06";"2023-09-14";42507
"0422182300053";"42218";"CY";"6";3;1485;0;2;"2023-11-22";;1359
"0422182300068";"42218";"DO";"32";8;1591;2422;5;"2023-07-06";"2023-10-09";29656
"0422182300100";"42218";"HN";"262";6;3122;0;2;"2023-08-24";;4496
"0422182300120";"42218";"CT";"4";3;2984;603;2;"2023-11-16";;3089
"04221922M0008";"42219";"B";"1325";8;1030;0;2;"2023-02-28";;16810
"04223323R0002";"42233";"A";"1923";6;1031;6005;2;"2023-06-09";;55213
"04224223S0014";"42242";"AV";"84";8;1174;451;5;"2023-07-20";"2024-09-01";3771
"04224823R0007";"42248";"AE";"440";8;1224;0;2;"2023-11-08";;3725
"04226722C0013";"42267";"AN";"131";4;2262;605;5;"2023-05-11";"2026-01-27";18560
"04226722C0014";"42267";"AN";"131";4;1472;2867;2;"2023-04-13";;16873
"04226723C0008";"42267";"B";"1367";8;1032;3950;2;"2023-11-30";;19188
"0422752200018";"42275";"AE";"176";4;1626;0;2;"2023-07-06";;4321
"0422752300011";"42275";"AO";"81";3;7200;0;5;"2023-12-12";"2024-07-15";6336
"04228423R0019";"42284";"AB";"52";8;3798;0;2;"2023-09-14";;18257
"04229923M0008";"42299";"AV";"165";3;2030;2700;5;"2023-07-17";"2023-09-25";14559
"04230523S0006";"42305";"AR";"80";8;4598;0;2;"2023-05-25";;10024
"04302022Y0035";"43020";"AK";"1280";4;1445;0;5;"2023-01-27";"2023-06-20";2395
"04304122P0017";"43041";"AC";"2";4;2380;0;5;"2023-04-13";"2023-12-06";6510
"04305423B0004";"43054";"A";"200";4;1341;0;2;"2023-09-16";;10280
"04306223P0001";"43062";"AC";"344";6;1250;4647;2;"2023-03-15";;18000
"04313722Y0071";"43137";"BN";"387";8;1504;3396;5;"2023-01-06";"2023-11-15";20104
"04313723Y0015";"43137";"BN";"10";6;1066;2408;2;"2023-08-25";;11848
"04313723Y0018";"43137";"BM";"505";8;1134;1539;2;"2023-07-19";;0
"04318523B0001";"43185";"AK";"773";4;1570;1056;2;"2023-04-13";;8772
"04319023P0024";"43190";"CC";"98";6;1123;0;5;"2023-08-30";"2024-04-22";4911
"04326823Y0056";"43268";"K";"1477";6;1758;0;2;"2023-10-23";;8441
"04400323W1003";"44003";"ZE";"143";8;2252;2611;5;"2023-05-17";"2023-08-28";20015
"04400323W1011";"44003";"ZC";"29";4;2590;1617;5;"2023-08-23";"2024-07-22";8563
"04400323W1016";"44003";"ZE";"109";3;1840;29915;5;"2023-05-17";"2023-09-25";192236
"04400323W1029";"44003";"0H";"188";3;3230;30018;5;"2023-09-20";"2024-05-05";192236
"04400523D1039";"44005";"L";"2948";6;2827;0;2;"2023-08-01";;8702
"04400623T0013";"44006";"AB";"720";4;1038;0;5;"2023-08-08";"2025-01-27";689
"04401223D1013";"44012";"AL";"1001";3;1315;0;5;"2023-10-05";"2024-04-10";2565
"04402623Z1021";"44026";"BV";"403";3;2439;0;5;"2023-04-18";"2023-09-29";4795
"04402623Z1039";"44026";"BV";"301";3;2743;0;5;"2023-10-04";"2024-09-15";5332
"04402623Z1062";"44026";"BA";"19";6;1068;2464;2;"2023-09-25";;17203
"04402922A1129";"44029";"ZS";"275";8;1192;0;2;"2023-04-17";;490
"04403522Z1032";"44035";"BB";"56";3;15203;0;5;"2023-01-12";"2023-02-23";103382
"04403623C1001";"44036";"B";"663";6;1367;390;2;"2023-02-28";;5410
"04403623C1010";"44036";"AY";"69";4;3557;1074;5;"2023-05-31";"2025-06-01";6427
"04404123A0005";"44041";"BS";"173";8;1024;0;2;"2023-05-11";;2999
"04404123A0018";"44041";"BS";"101";4;6899;0;2;"2023-11-24";;24054
"04404123A0027";"44041";"BS";"12";8;2280;1971;2;"2023-10-17";;7952
"04404323A1006";"44043";"ZL";"51";8;1882;2292;5;"2023-08-08";"2024-09-16";52962
"04404723Z1048";"44047";"AN";"499";6;2971;8527;5;"2023-08-29";"2023-11-27";23992
"04406622E0087";"44066";"BT";"69";8;2332;0;5;"2023-02-15";"2023-08-24";8134
"04406623E0023";"44066";"BT";"39";8;1399;0;5;"2023-06-06";"2023-06-27";5863
"04406623E0043";"44066";"ZB";"218";6;3307;0;2;"2023-08-02";;14957
"04406923T0070";"44069";"YP";"324";6;2394;0;2;"2023-08-17";;9254
"04408723B1017";"44087";"0C";"2889";4;4766;0;5;"2023-09-12";"2024-01-29";6756
"04408723B1031";"44087";"AX";"33";6;1307;15;2;"2023-10-17";;6184
"04408723B1059";"44087";"0E";"4482";8;2535;0;5;"2023-12-21";"2024-10-20";4394
"04408923E1016";"44089";"AL";"45";8;1661;1189;5;"2023-10-20";"2025-01-01";6780
"04410222A1021";"44102";"AE";"51P";8;31022;0;5;"2023-01-23";"2023-04-03";79281
"04410223A0016";"44102";"AE";"76";6;2239;0;5;"2023-06-29";"2023-09-18";6885
"04410322T0049";"44103";"AI";"307";6;2822;0;2;"2023-03-30";;10434
"04410323T0013";"44103";"AX";"102";6;5641;66424;5;"2023-09-22";"2023-10-01";219162
"04410323T0025";"44103";"BC";"13";6;3339;0;2;"2023-07-27";;280201
"04410922A0257";"44109";"HP";"70";4;4208;2827;2;"2023-01-24";;2275
"04410923A0006";"44109";"IY";"87";6;6631;0;5;"2023-06-06";"2023-06-29";55469
"04410923A0117";"44109";"HZ";"14";3;4478;1704;2;"2023-11-16";;2528
"04410923A0234";"44109";"RV";"262";3;4146;0;2;"2023-09-28";;82495
"04410923A0237";"44109";"RV";"262";3;13471;0;2;"2023-09-28";;82495
"04410923A0296";"44109";"HW";"51";3;1007;360;2;"2023-12-29";;291
"04410923A0002";"44109";"RV";"262";3;53324;23909;2;"2023-09-20";;82495
"04411422Z0071";"44114";"BY";"264";6;3559;0;5;"2023-05-11";"2024-01-29";10000
"04411423Z0017";"44114";"BY";"256";6;2104;0;5;"2023-06-14";"2023-12-04";10303
"04413822N0016";"44138";"ZV";"218";8;7445;0;2;"2023-04-25";;30000
"04416222Z1054";"44162";"BI";"146";3;6102;0;2;"2023-04-25";;3189
"04416222Z1122";"44162";"BW";"951";3;15800;3741;5;"2023-07-04";"2024-07-15";9655
"04416223Z1033";"44162";"DW";"61";8;9620;0;2;"2023-10-18";;31882
"04416223Z1058";"44162";"BH";"397";6;1222;4419;5;"2023-12-19";"2024-04-01";19089
"04416422D1047";"44164";"A";"1106";8;1188;0;2;"2023-05-16";;3772
"04416923A0021";"44169";"YH";"120";4;2937;0;5;"2023-07-26";"2025-11-17";17267
"04418423T0134";"44184";"HM";"948";4;1357;1357;5;"2023-12-07";"2024-06-27";4655
"04418423T0138";"44184";"HM";"932";3;1334;0;5;"2023-11-28";"2025-05-02";88738
"04418423T0144";"44184";"HO";"1281";3;1811;3156;2;"2023-11-23";;19706
"04418723E1067";"44187";"AL";"80";6;3743;0;2;"2023-10-23";;9842
"04419422Z1044";"44194";"BM";"196";8;2705;0;2;"2023-03-17";;2258
"0441982300015";"44198";"AV";"260";4;3777;0;5;"2023-09-26";"2024-11-18";8210
"0442042201026";"44204";"BB";"297";4;1634;10645;5;"2023-03-29";"2024-01-29";34066
"04421223A0006";"44212";"AK";"432";8;1839;1671;5;"2023-04-13";"2023-05-04";14413
"04421223A0049";"44212";"ZR";"526";4;15889;0;5;"2023-12-28";"2025-09-01";138674
"04421223A0070";"44212";"AK";"190";6;1375;1557;5;"2023-12-30";"2024-03-05";9637
"04421523Y1009";"44215";"AR";"445";8;2474;1098;5;"2023-03-10";"2023-07-17";6423
"04421722E0070";"44217";"YW";"135";4;1616;1678;2;"2023-04-19";;12217
"04502423Y0010";"45024";"ZC";"398";6;10612;0;5;"2023-11-24";"2024-07-31";104764
"04502822Y0041";"45028";"ZE";"244";8;48074;0;2;"2023-12-13";;195159
"0450342200024";"45034";"A";"1762";8;5137;19848;5;"2023-07-13";"2023-10-23";56299
"0450342200028";"45034";"A";"1526";6;4844;0;5;"2023-03-13";"2023-04-03";14902
"0450342300012";"45034";"A";"1624";8;3839;7959;5;"2023-10-10";"2024-03-04";42616
"04506223Y0009";"45062";"ZC";"17";4;1379;2550;2;"2023-09-15";;34683
"04506423B0005";"45064";"D";"556";6;4000;3324;2;"2023-10-24";;20440
"04506922N0015";"45069";"ZD";"268";8;4000;0;5;"2023-06-08";"2023-07-03";121655
"0450752200050";"45075";"AT";"1";4;1696;600;2;"2023-05-23";;5129
"04514222J0019";"45142";"ZN";"232";8;23985;24713;2;"2023-06-14";;153663
"04514523A0006";"45145";"YE";"72";8;114721;0;2;"2023-12-22";;167103
"04515419Y0009";"45154";"R";"122";8;63978;0;2;"2023-12-11";;0
"04515522Z0044";"45155";"AE";"2";6;1875;54595;2;"2023-02-21";;389854
"04515523Z0019";"45155";"A";"364";6;1512;0;5;"2023-09-07";"2024-03-18";49474
"0451692300022";"45169";"YK";"308";6;3347;6048;2;"2023-07-28";;28518
"0451972300010";"45197";"B";"1653";6;5271;0;2;"2023-10-09";;22411
"04519723D0001";"45197";"C";"58";8;6451;0;5;"2023-06-05";"2023-10-09";22774
"04520322Y0046";"45203";"ZP";"199";8;15850;119443;2;"2023-03-10";;369164
"0452322200081";"45232";"BE";"1552";3;8259;0;5;"2023-03-15";"2025-11-18";20034
"0452322300042";"45232";"AP";"795";4;1619;0;2;"2023-10-19";;21527
"04524722A0018";"45247";"YL";"19";6;24120;62534;5;"2023-02-27";"2023-03-06";204837
"04524722A0020";"45247";"YL";"306";3;1152;0;5;"2023-02-13";"2024-07-01";3142
"04524723A0009";"45247";"YL";"19";8;4230;86654;2;"2023-09-08";;261533
"04525322N0005";"45253";"AC";"1";8;1501;0;2;"2023-03-08";;103049
"0452722300008";"45272";"AV";"41";4;2872;500;2;"2023-11-06";;9813
"04527312J0029";"45273";"AC";"140";4;1021;1091;2;"2023-05-10";;23462
"0452842200034";"45284";"BS";"534";6;1031;0;2;"2023-05-09";;2898
"0452842200037";"45284";"AL";"358";6;17155;0;5;"2023-08-02";"2025-12-03";45295
"0452842300021";"45284";"BP";"263";8;1110;0;5;"2023-11-09";"2025-09-01";4488
"04529722S0003";"45297";"ZC";"152";4;1315;15125;2;"2023-02-17";;71435
"0452982200022";"45298";"AH";"393";8;1124;0;5;"2023-08-03";"2023-12-27";3360
"0453022300033";"45302";"ZD";"286";8;1815;0;2;"2023-09-07";;4386
"0453022300046";"45302";"AE";"359";8;2029;0;2;"2023-10-11";;3320
"04531523S0008";"45315";"AS";"102";3;2103;94386;2;"2023-12-04";;431758
"04533823A0023";"45338";"YL";"19";8;4230;86654;2;"2023-09-08";;261533
"04602923S0005";"46029";"AA";"2";6;1553;0;2;"2023-12-12";;1553
"0460422290041";"46042";"BN";"217";4;1115;1166;5;"2023-03-31";"2024-12-31";6236
"0460422390038";"46042";"BS";"112";4;1934;320;5;"2023-09-10";"2024-04-30";5254
"04613822C0006";"46138";"A";"1453";4;1194;1426;5;"2023-02-16";"2024-05-30";17766
"0462242390005";"46224";"AH";"48";4;1160;243;2;"2023-07-02";;2665
"04627323S0001";"46273";"AC";"229";6;1711;1710;2;"2023-02-17";;4490
"04700721J0007";"47007";"AH";"325";6;1368;0;2;"2023-07-28";;1826603
"04703123A0001";"47031";"BN";"170";4;1046;500;2;"2023-05-05";;61674
"04703222A0039";"47032";"AT";"41";8;1195;0;5;"2023-01-23";"2025-06-16";5526
"04705423T0001";"47054";"AL";"38";8;1230;0;2;"2023-02-27";;86140
"04707823K0009";"47078";"ZC";"85";8;21079;0;2;"2023-10-13";;42889
"04708521G0005";"47085";"AI";"278";6;1438;0;2;"2023-06-02";;1713376
"04708623J0010";"47086";"ZS";"217";4;1088;0;2;"2023-07-21";;0
"04709123A0029";"47091";"AA";"87";4;1094;0;2;"2023-09-05";;3833
"04711123K0003";"47111";"ZD";"150";8;1920;2265;2;"2023-10-19";;8806
"04720122A0027";"47201";"B";"5955";4;2078;0;2;"2023-03-24";;12797
"04721023K0012";"47210";"E";"1070";6;16320;17341;5;"2023-12-15";"2024-02-19";171585
"04723823A0002";"47238";"ZE";"527";3;1827;0;5;"2023-07-24";"2025-01-10";74799
"04723823A0005";"47238";"ZE";"511";8;12629;2971;5;"2023-06-02";"2023-06-26";44709
"04723823A0039";"47238";"ZD";"150";6;4898;0;2;"2023-12-21";;20450
"04728522F0012";"47285";"ZC";"71";8;3102;0;5;"2023-06-05";"2024-06-03";39145
"04728522F0016";"47285";"ZD";"59";8;1973;5309;5;"2023-04-10";"2023-08-24";19848
"04728523F0006";"47285";;;8;2620;3293;2;"2023-08-22";;74250
"04728523F0008";"47285";"ZC";"255";6;6156;0;2;"2023-10-31";;15590
"04728922A0003";"47289";"ZA";"33";8;1722;0;2;"2023-03-06";;24817
"04732323M0011";"47323";"DO";"146";8;2324;0;2;"2023-05-25";;38895
"04732323M0024";"47323";"BR";"126";8;1368;0;5;"2023-05-31";"2023-06-21";21261
"04732323M0025";"47323";"DN";"306";8;1005;1483;2;"2023-05-05";;8187
"04732323M0059";"47323";"DO";"351";6;1760;38221;2;"2023-11-14";;97581
"04801023A0001";"48010";"F";"743";6;11587;0;2;"2023-02-20";;0
"04809223C0004";"48092";"0A";"2657";6;2396;0;5;"2023-12-20";"2026-01-09";6680
"04809522M0052";"48095";"AL";"157";4;1057;0;2;"2023-02-23";;4080
"04809523M0021";"48095";"AH";"750";3;1751;0;2;"2023-09-27";;11747
"04900223M0019";"49002";"ZH";"245";6;1626;0;5;"2023-09-19";"2024-03-20";16374
"04900223M0021";"49002";"ZH";"177";6;1339;2806;5;"2023-10-27";"2025-07-30";22389
"04900223M0022";"49002";"ZH";"287";8;69454;0;2;"2023-11-28";;155861
"04900722Z0252";"49007";"ES";"42";6;24632;1546;5;"2023-05-05";"2024-04-30";44632
"04900722Z0262";"49007";"BO";"131";3;12450;0;2;"2023-09-18";;7015
"04900723Z0166";"49007";"CI";"830";3;4833;0;2;"2023-12-21";;4520
"04902023A0022";"49020";"AO";"114";8;1189;2555;2;"2023-11-23";;27134
"04902223A0002";"49022";"ZB";"79";6;2951;0;2;"2023-09-15";;55265
"04906922H0159";"49069";"ZE";"376";4;1420;0;5;"2023-02-09";"2023-11-30";2698
"04909222H0163";"49092";"ZY";"31";3;2070;1156;5;"2023-03-07";"2023-09-25";102122
"04909222H0165";"49092";"ZY";"100";4;2727;0;5;"2023-02-14";"2023-02-20";15000
"04909923C0026";"49099";"BI";"438";6;1040;61727;2;"2023-05-17";;57621
"04909923C0098";"49099";"BE";"105";3;1601;0;5;"2023-09-27";"2023-10-02";88570
"04912523D0013";"49125";"ZO";"677";6;1803;3073;5;"2023-06-30";"2024-06-06";22057
"04912523D0031";"49125";"ZB";"77";8;1349;860;2;"2023-10-20";;5080
"04912723A0008";"49127";"YD";"126";8;31303;0;2;"2023-12-11";;58724
"04915522N0015";"49155";"0B";"1632";4;1200;0;2;"2023-06-21";;19453
"04919223C0004";"49192";"AH";;6;1057;22973;2;"2023-07-19";;140930
"04921123C0001";"49211";"D";"1023";8;1004;0;2;"2023-05-16";;12000
"04921523D0006";"49215";"BM";"1128";6;1282;20299;5;"2023-10-06";"2026-01-12";137545
"04924423H0092";"49244";"H";"1461";3;1295;2124;5;"2023-08-02";"2024-09-23";33761
"04924623C0006";"49246";"BM";"142";8;2400;0;2;"2023-06-28";;6143
"04924623C0034";"49246";"AT";;8;6721;0;5;"2023-10-23";"2024-11-25";24832
"04926023C0007";"49260";"AE";"74";6;1620;24364;2;"2023-07-04";;66439
"04926723A0019";"49267";"AB";"971";6;3105;0;2;"2023-10-06";;6914
"04926723A0020";"49267";"AB";"971";6;5798;0;2;"2023-10-06";;12576
"04926723A0021";"49267";"AB";"971";6;2204;0;2;"2023-10-06";;4672
"04926723A0022";"49267";"AB";"813";6;1847;0;2;"2023-10-06";;3960
"04926723A0024";"49267";"AB";"971";6;1033;0;2;"2023-10-06";;2154
"04928323A0004";"49283";"AE";"70";8;1009;0;2;"2023-09-14";;2058
"04929423A0020";"49294";"AB";"472";6;2807;0;2;"2023-08-22";;8982
"04929823A0013";"49298";"A";"1485";6;10264;7994;5;"2023-07-21";"2023-09-11";90496
"04929823A0014";"49298";"ZC";"542";6;8971;0;2;"2023-07-21";;20589
"04929823A0031";"49298";"ZB";"16";4;2120;2100;2;"2023-09-01";;24556
"04933123N0080";"49331";"AB";"346";3;1730;0;5;"2023-11-03";"2024-04-11";5083
"04934322C0011";"49343";"AW";"269";6;14435;0;5;"2023-04-05";"2023-06-07";11777
"04935323T0003";"49353";"AN";"173";8;3495;8718;5;"2023-04-18";"2025-10-27";39709
"04935323T0028";"49353";"BH";"275";8;1096;0;5;"2023-08-29";"2024-11-25";5366
"0500412200110";"50041";"AB";"103";6;4117;82999;2;"2023-02-17";;507687
"0500412300017";"50041";"AB";"5";3;1308;0;2;"2023-10-04";;0
"0500412300055";"50041";"AK";"236";6;1191;259756;2;"2023-10-06";;689904
"05009922Q0051";"50099";"ZE";"150";8;1087;0;2;"2023-04-24";;62064
"05016823J0008";"50168";"AC";"85";8;1481;840;5;"2023-06-09";"2024-09-01";40446
"05027423J0005";"50274";"ZR";"49";8;1964;2588;2;"2023-06-15";;55600
"05043623J0005";"50436";"ZR";"106";8;1559;2741;5;"2023-09-13";"2023-09-22";10493
"0504692300002";"50469";"A";"353";8;2125;0;2;"2023-05-16";;33554
"05053222J0041";"50532";"ZC";"388";4;1242;0;5;"2023-02-10";"2023-08-21";5227
"05059723J0010";"50597";"ZO";"172";4;1005;0;5;"2023-09-26";"2024-07-08";226646
"05105522K0025";"51055";"AR";"146";8;3122;0;5;"2023-04-25";"2023-10-16";2805
"05109923R0002";"51099";;;8;21106;0;2;"2023-04-06";;0
"05110523K0001";"51105";"ZO";"76";8;1249;0;2;"2023-03-23";;2901
"05110523K0005";"51105";"ZO";"71";8;1202;0;2;"2023-05-16";;3000
"05123023L0005";"51230";"AE";"196";6;1437;4058;5;"2023-05-04";"2024-05-22";9182
"05139123K0005";"51391";"ZE";"343";3;1090;0;5;"2023-11-14";"2024-11-18";2602
"05143123S0004";"51431";"ZB";"109";6;1095;0;2;"2023-08-30";;3592
"05145322R0006";"51453";"Y";"846";8;31840;0;5;"2023-01-04";"2024-01-22";77240
"05145323R0004";"51453";"ZM";"16";8;18827;0;2;"2023-12-18";;219061
"05145422K0159";"51454";"IY";"100";6;1986;0;5;"2023-01-26";"2024-02-02";141577
"05145422K0271";"51454";"AC";"244";8;6006;16215;2;"2023-05-22";;36857
"05145423K0053";"51454";"DE";"27";4;2174;5100;5;"2023-11-09";"2024-10-14";58346
"05145423K0136";"51454";"HM";"33";6;2071;33754;2;"2023-10-23";;124482
"05145423K0144";"51454";"KP";"1";3;1926;0;2;"2023-12-14";;10034
"05145423K0151";"51454";"EM";"13";6;6827;12188;5;"2023-10-23";"2024-01-01";52470
"05147423K0004";"51474";"AC";"31";8;6164;13962;2;"2023-10-17";;61820
"05147423K0008";"51474";"AC";"312";4;1841;0;2;"2023-09-18";;10108
"05147423K0012";"51474";"AC";"325";8;1237;0;5;"2023-12-28";"2025-04-15";3790
"05150423R0003";"51504";"ZR";"10";8;33400;0;5;"2023-12-15";"2024-04-15";286454
"05150623R0006";"51506";"ZB";"272";8;1129;0;2;"2023-09-22";;4793
"05150723E0004";"51507";"AV";"616";4;1913;1248;5;"2023-09-14";"2024-07-03";14002
"05157623S0003";"51576";"AD";"499";6;1013;57362;2;"2023-06-23";;74527
"05161723R0002";"51617";"ZE";"235";8;4684;4700;5;"2023-07-24";"2023-08-28";21499
"05161723R0006";"51617";"ZE";"398";8;6423;7287;2;"2023-12-12";;33957
"05206022L0005";"52060";"AE";"316";4;1644;0;5;"2023-03-22";"2024-03-26";7335
"05206022L0006";"52060";"C";"1478";6;2648;0;2;"2023-04-20";;55690
"05233222L0008";"52332";"ZC";"42";8;1062;1115;5;"2023-05-10";"2024-12-09";53086
"05301623M1013";"53016";"AR";"193";8;1430;0;5;"2023-12-13";"2024-01-09";18579
"05301723B1003";"53017";"D";"682";8;3000;22167;5;"2023-10-09";"2023-11-13";107560
"05305423K1025";"53054";"AD";"77";6;1105;2296;5;"2023-09-01";"2023-11-13";0
"05306223B1034";"53062";"A";"1968";3;1389;1146;5;"2023-09-27";"2024-03-25";12014
"05306223B1055";"53062";"AB";"24";6;2090;12401;5;"2023-11-20";"2024-08-26";39922
"05307322B1002";"53073";"ZN";"34";6;22139;39058;2;"2023-12-28";;93523
"05308423B1002";"53084";"F";"553";6;1043;62273;5;"2023-07-05";"2023-07-10";178341
"05309123M0005";"53091";"S";"33";8;1498;0;2;"2023-11-28";;62332
"05309623M0006";"53096";"BL";"436";8;1483;0;2;"2023-11-09";;6544
"05310723M0001";"53107";"ZL";"165";6;11072;0;5;"2023-05-04";"2023-11-06";59073
"05313022K1117";"53130";"AP";"562";6;4633;0;2;"2023-03-21";;8193
"05313022K1122";"53130";"AV";"16";3;1778;1010;5;"2023-05-15";"2024-03-25";7054
"05313023K1039";"53130";"AV";"640";3;3987;0;5;"2023-07-12";"2024-05-13";2429
"05313023K1040";"53130";"CT";"20";8;2456;0;5;"2023-07-28";"2024-01-08";17852
"05314022K1007";"53140";"ZM";"119P";8;37724;0;5;"2023-02-06";"2024-04-29";90882
"05314023K1018";"53140";"ZN";"70";8;2613;9093;2;"2023-08-24";;30661
"05314023K1023";"53140";"ZL";"62";6;2102;11082;5;"2023-10-09";"2025-02-03";0
"05318223K1004";"53182";"AI";"6";6;2646;9784;5;"2023-09-26";"2025-10-27";11814
"05326722M1017";"53267";"YD";"116";6;3647;6026;2;"2023-03-02";;30452
"05327123M1002";"53271";"E";"425";8;1400;52000;5;"2023-07-19";"2023-10-12";198411
"05327123M1005";"53271";"E";"793";6;3494;49330;5;"2023-09-26";"2023-10-16";198411
"05409122N0002";"54091";"ZR";"49";8;6143;0;2;"2023-01-16";;55879
"0540992300010";"54099";"ZA";"431";4;1247;0;2;"2023-09-21";;34809
"05411523N0006";"54115";"AH";"51";8;1373;442;5;"2023-11-03";"2024-11-09";29444
"05415923L0011";"54159";;;4;1271;0;5;"2023-05-03";"2023-09-08";0
"0541972300001";"54197";"AL";"246";8;3517;0;2;"2023-03-03";;44533
"0542572300001";"54257";"AM";"128";4;4621;396;5;"2023-08-09";"2025-09-15";9116
"0542742300007";"54274";"AC";"214";3;1504;0;5;"2023-03-26";"2025-03-03";1999
"0543002300002";"54300";"AK";"135";6;1120;2415;5;"2023-10-02";"2023-10-12";18928
"05430323L0003";"54303";"0C";"744";8;1694;0;2;"2023-08-04";;11020
"05430423N0006";"54304";"AP";"13";3;4225;0;2;"2023-09-29";;2808
"0543212200010";"54321";"AB";"210";6;9068;0;2;"2023-11-08";;129
"0543282200017";"54328";"AL";"217";6;1199;0;5;"2023-03-15";"2025-08-01";29393
"0543282300001";"54328";"AL";"246";8;1843;0;2;"2023-03-03";;44533
"0543282300009";"54328";"AL";"270";8;1016;0;5;"2023-09-05";"2023-11-13";4336
"0543822200016";"54382";"AM";"230";4;2164;0;5;"2023-02-01";"2024-10-30";6460
"0543822300005";"54382";"AC";"522";4;1224;1908;2;"2023-08-31";;4555
"0543952300034";"54395";"AV";"204";3;5296;0;5;"2023-10-11";"2024-11-18";1834
"05446223L0001";"54462";"AX";"278";3;1574;0;5;"2023-03-03";"2023-06-16";12149
"0544982300002";"54498";"AT";"55";4;3062;3132;5;"2023-06-29";"2025-01-13";10263
"0544982300006";"54498";"AT";"172";8;1023;1337;2;"2023-11-06";;1357
"0545252300006";"54525";"X";"632";8;1005;0;5;"2023-11-08";"2024-03-04";1640
"05452823T0016";"54528";"AX";"650";6;1353;0;2;"2023-07-26";;29056
"0545422300002";"54542";"ZD";"48";3;4206;110;5;"2023-08-07";"2024-08-20";6091
"0545472300007";"54547";"AS";"212";8;2499;5000;5;"2023-12-01";"2025-04-22";10869
"05455723T0005";"54557";"AK";"137";8;9949;0;5;"2023-09-04";"2024-12-31";16647
"05501323B0005";"55013";"YE";"36";4;1850;1084;2;"2023-11-07";;0
"05511723A0001";"55117";"D";"481";6;1305;8030;5;"2023-04-21";"2023-05-01";9900
"0551222200013";"55122";"AE";"715";4;1202;0;2;"2023-02-08";;0
"05512522F0008";"55125";"AA";"65";6;1731;0;5;"2023-02-21";"2023-02-23";0
"05514522C0002";"55145";"ZB";"56";6;3980;11344;5;"2023-01-26";"2023-03-07";60550
"0552882300001";"55288";"ZI";"197";8;1891;0;2;"2023-11-27";;0
"0552912300007";"55291";"AP";"81";4;1563;1222;2;"2023-12-08";;10381
"05535123C0004";"55351";"AH";"25";4;1531;1065;5;"2023-09-08";"2024-10-21";15394
"0554762300001";"55476";"AM";"8";8;1488;2670;2;"2023-10-25";;5280
"0555452300022";"55545";"CK";"18";6;1224;9000;2;"2023-09-25";;41300
"05600723P0008";"56007";"AW";"747";6;2237;4950;2;"2023-04-19";;9573
"05601023B0040";"56010";"YA";"208";6;1383;17184;5;"2023-12-11";"2024-02-19";52043
"05601323T0022";"56013";"F";"1788";6;1345;0;2;"2023-07-24";;6523
"05601523Y0003";"56015";"ZO";"56";6;2298;14732;5;"2023-07-12";"2024-10-01";66700
"05602023K0031";"56020";"ZE";"240";8;2500;2014;2;"2023-11-27";;10714
"05602323T0022";"56023";"ZW";"429";8;1004;0;5;"2023-06-26";"2023-07-13";1785
"05603323K0021";"56033";"ZT";"335";6;3836;0;5;"2023-10-27";"2024-10-14";49718
"05603623L0004";"56036";"YA";"410";8;2345;1084;5;"2023-03-01";"2023-07-17";2895
"05603623L0016";"56036";"ZS";"224";3;8439;0;2;"2023-09-12";;23183
"05604223Y0010";"56042";"ZO";"49";8;1769;1529;2;"2023-08-01";;15000
"05605723M0018";"56057";"G";"646";4;1398;0;5;"2023-09-07";"2024-01-29";5440
"05606123K0036";"56061";"ZE";"327";6;2524;0;2;"2023-12-07";;12550
"05606523K0002";"56065";"ZD";"121";6;3124;2432;5;"2023-07-07";"2023-10-30";9938
"05606723Y0012";"56067";"YW";"114";8;1337;0;2;"2023-08-04";;16104
"05609122K0026";"56091";"AB";"1047";4;2492;0;2;"2023-03-17";;14148
"05609823L0024";"56098";"BD";"15";8;1114;0;5;"2023-07-20";"2025-02-28";99107
"05609823L0027";"56098";"AT";"355";6;5495;0;5;"2023-10-09";"2023-12-04";9189
"05609823L0051";"56098";"BD";"25";6;6494;0;5;"2023-12-15";"2024-05-23";14240
"05612022Y0043";"56120";"ZL";"140";8;1594;3640;5;"2023-03-08";"2023-07-05";15828
"05612123L0025";"56121";"CP";"259";3;2600;747;2;"2023-10-04";;813
"05612123L0030";"56121";"DW";"422";6;2933;0;5;"2023-08-21";"2024-03-26";118692
"05612623Y0007";"56126";"ZR";"107";6;6847;4703;5;"2023-07-07";"2023-09-04";40646
"05612723K0025";"56127";"ZP";"405";8;3601;705;2;"2023-09-25";;20445
"05613723Y0007";"56137";"ZT";"71";8;1306;0;2;"2023-06-01";;16812
"05614022G0020";"56140";"XK";"484";4;2451;1828;2;"2023-06-26";;20000
"05615123X0011";"56151";"ZL";"43";6;19587;0;5;"2023-10-06";"2024-10-23";0
"05615223Q0023";"56152";"ZH";"409";4;1429;4635;5;"2023-08-15";"2024-06-03";13067
"05615922K0010";"56159";"ZB";"88";6;2057;0;5;"2023-10-05";"2025-05-01";272638
"05616223L0003";"56162";"HB";"72";8;1216;2365;5;"2023-04-25";"2023-04-26";8928
"05616422Y0033";"56164";"AM";"22";3;1829;35;2;"2023-03-10";;3093
"05616522K0131";"56165";"ZK";"502";4;2878;350;2;"2023-02-17";;8407
"05616722Y0017";"56167";"C";"877";4;3350;0;2;"2023-05-22";;137
"05617423G0023";"56174";"ZI";"145";6;1202;0;2;"2023-10-24";;4038
"05618423Y0058";"56184";"AC";"170";3;1265;0;5;"2023-12-13";"2025-07-15";922
"05618522L0029";"56185";"CC";"22";4;4370;0;5;"2023-06-12";"2024-03-06";43253
"05620622Y0085";"56206";"BT";"477";6;1174;0;2;"2023-03-10";;24841
"05621323X0008";"56213";"ZT";"3";6;14500;0;5;"2023-10-06";"2024-09-23";31040
"05623023K0009";"56230";"E";"589";6;2402;695;2;"2023-11-26";;76206
"05623323T0005";"56233";"AC";"225";8;1625;851;5;"2023-03-13";"2023-04-26";6965
"05623323T0020";"56233";"AC";"64";8;2347;2500;2;"2023-08-01";;21239
"05625123Y0024";"56251";"AB";"5";4;4373;0;5;"2023-09-22";"2024-03-25";28441
"05625123Y0029";"56251";"AC";"2";8;2015;4418;2;"2023-10-24";;10877
"05625123Y0030";"56251";"AC";"5";4;2986;0;2;"2023-10-19";;9170
"05626022Y0155";"56260";"BK";"135";6;5515;0;5;"2023-04-11";"2024-07-25";32887
"05626023Y0074";"56260";"BC";"526";3;1235;0;2;"2023-10-19";;10652
"05711923V0006";"57119";"06";"171";8;1251;0;2;"2023-05-17";;6758
"0571552200016";"57155";"31";"250";8;2420;0;5;"2023-04-11";"2025-08-05";5013
"05718823B0002";"57188";"04";"363";6;2132;2438;2;"2023-08-25";;26349
"05719323M0006";"57193";"03";"379";6;2876;8677;5;"2023-11-13";"2023-11-13";14815
"05720623V0022";"57206";"23";"206";8;1086;0;5;"2023-06-19";"2024-06-20";2621
"05722123V0027";"57221";"04";"411";4;2877;0;5;"2023-09-07";"2024-06-17";4576
"05722722V0041";"57227";"30";"197";8;1956;567;2;"2023-05-16";;2536
"05722723V0028";"57227";"24";"90";4;2390;1800;5;"2023-12-07";"2024-07-22";21440
"05726222S0005";"57262";"10";"318";6;2095;4805;5;"2023-01-03";"2023-04-03";17955
"05728321N0006";"57283";"16";"460";8;37179;0;2;"2023-01-23";;63946
"05728923S0004";"57289";"52";"399";8;7501;0;5;"2023-05-16";"2023-07-03";22232
"05728923S0008";"57289";"16";"76";8;2400;43552;2;"2023-12-21";;95461
"05731622S0013";"57316";"12";"348";8;6707;0;5;"2023-07-06";"2023-08-16";0
"05732323H0008";"57323";"72";"2-4";4;2573;0;5;"2023-11-08";"2024-04-03";10023
"05734322E0004";"57343";"09";"321";6;25165;15516;2;"2023-06-23";;256186
"05735023C0003";"57350";"08";"396";3;2690;0;2;"2023-09-18";;14206
"05737022E0015";"57370";"56";"562";4;1117;0;5;"2023-03-29";"2024-02-01";0
"05739023B0007";"57390";"C";"1868";4;1528;2510;2;"2023-12-22";;13867
"05744723Y0004";"57447";"49";"1043";8;1192;1224;2;"2023-06-28";;3574
"05744723Y0006";"57447";"49";"770";8;2599;585;5;"2023-03-28";"2023-09-04";9702
"05746322X0140";"57463";"23";"134";4;1331;0;2;"2023-03-17";;1093
"05746322X0158";"57463";"SB";"316";3;2720;3507;2;"2023-08-09";;3166
"05746322X0161";"57463";"SB";"5";3;6036;7565;5;"2023-08-09";"2024-11-18";2931
"05748523V0001";"57485";"33";"249";4;1684;0;5;"2023-07-05";"2024-01-15";16930
"05751122M0011";"57511";"D";"996";3;1321;0;2;"2023-01-05";;4036
"05751123M0007";"57511";"D";"998";6;2425;0;2;"2023-10-26";;6324
"05753520B0014";"57535";"05";"209";8;1264;0;2;"2023-11-27";;4056
"05755022S0014";"57550";"27";"92";8;1453;0;2;"2023-03-23";;26137
"05755023S0009";"57550";"24";"47";6;4499;3397;5;"2023-10-24";"2023-12-01";21984
"05760622S0038";"57606";"43";"71";6;1940;2605;2;"2023-01-03";;20340
"05760623S0013";"57606";"16";"82";6;2748;0;5;"2023-09-07";"2023-09-11";212039
"05760623S0030";"57606";"17";"97";8;3147;0;5;"2023-11-30";"2024-02-01";0
"05762023P0008";"57620";"34";"309";8;1952;0;2;"2023-12-07";;6039
"05763123S0026";"57631";"14";"171";8;1450;1794;5;"2023-10-06";"2024-01-15";9099
"05766321M0004";"57663";"13";"23";8;49369;0;2;"2023-01-23";;0
"05767223E0074";"57672";"56";"112";8;1121;550;5;"2023-08-21";"2024-10-14";4558
"05768323V0018";"57683";"B";"5866";3;1329;1338;5;"2023-12-22";"2025-02-01";19943
"05775223S0003";"57752";"08";"375";6;2520;5630;5;"2023-03-23";"2023-05-09";75520
"05775223S0004";"57752";"08";"568";6;1710;0;5;"2023-05-05";"2023-10-23";15274
"05775722E0021";"57757";;;3;1056;0;2;"2023-03-02";;0
"05775723E0001";"57757";"21";"66";4;1746;0;5;"2023-07-17";"2024-08-27";6321
"05805123N0007";"58051";"A";"99";8;1010;958;5;"2023-09-15";"2024-10-01";0
"05805923N0003";"58059";"AE";"265";8;8140;2420;2;"2023-05-30";;27293
"05807923A0001";"58079";"CH";"18";4;4688;7095;2;"2023-09-07";;37295
"05808323A0003";"58083";"AH";"40";4;1767;3462;2;"2023-07-07";;8971
"05809522H0014";"58095";"CL";"58 59";4;1600;485;2;"2023-04-17";;8242
"05830322N0024";"58303";"ZI";"407";4;1006;0;2;"2023-07-27";;23579
"05900923O0010";"59009";"PN";"80";3;2657;0;5;"2023-07-10";"2025-03-01";12954
"05900923O0063";"59009";"PZ";"2";3;1073;0;5;"2023-11-29";"2025-01-06";5151
"05901323L0002";"59013";"A";"2052";4;1292;1697;2;"2023-09-25";;13708
"05903323K0012";"59033";"AM";"506";4;1192;0;2;"2023-12-04";;6984
"0590342300013";"59034";"ZH";"426";8;2190;0;5;"2023-10-24";"2024-09-27";4988
"05903622Z0008";"59036";"AE";"264";4;5160;0;2;"2023-01-26";;15729
"05905122M0010";"59051";"A";"5282";4;6992;0;2;"2023-04-12";;30000
"05907423O0006";"59074";"AA";"105";6;1037;7229;5;"2023-12-19";"2024-04-29";30310
"05909422A0016";"59094";"AA";"3";6;139563;0;5;"2023-05-10";"2023-05-11";750662
"05912023O0002";"59120";"ZH";"294";8;1036;1547;2;"2023-07-20";;8622
"05912222O0081";"59122";"BT";"446";4;1460;7595;2;"2023-06-02";;21400
"0591312300009";"59131";"AD";"52";6;1445;766;2;"2023-05-02";;9403
"0591312300019";"59131";"AC";"529";4;1591;0;5;"2023-12-04";"2025-06-03";4319
"05913623O0006";"59136";"AN";"188";4;1007;4501;5;"2023-10-18";"2024-02-19";19317
"05913923O0018";"59139";"BH";"227";8;4674;4380;5;"2023-09-15";"2024-02-05";42601
"05917222C0015";"59172";"AE";"537";6;14566;0;5;"2023-02-21";"2023-04-03";58651
"0591782300010";"59178";"BO";"278";6;4463;17741;5;"2023-06-21";"2023-09-04";71289
"0591832200077";"59183";"AH";"313";3;2560;0;2;"2023-03-23";;3232
"0591832300074";"59183";"AR";"192";6;18067;76032;5;"2023-12-15";"2024-01-01";112360
"05918323A0056";"59183";"AH";"358";6;5330;0;2;"2023-11-16";;9121
"05920223C0002";"59202";;;6;4929;0;5;"2023-10-23";"2025-10-15";27360
"05922122A0007";"59221";"AB";"360";6;4286;0;2;"2023-01-05";;8931
"05922522K0020";"59225";"AX";"118";8;1842;0;2;"2023-02-07";;176699
"05922523K0014";"59225";"AX";"118";8;1842;0;2;"2023-12-27";;176699
"05923922O0021";"59239";"A";"2662";8;1981;10866;5;"2023-01-13";"2024-05-17";29217
"0592662300010";"59266";"A";"1741";6;1504;7792;2;"2023-09-22";;1295
"0592662300016";"59266";"A";"118";8;1255;2141;2;"2023-11-08";;15179
"0592712200018";"59271";"BI";"39";4;3613;0;2;"2023-08-01";;11972
"0592712300012";"59271";"AI";"366";6;4942;0;2;"2023-07-06";;20158
"0592712300015";"59271";"AI";"367";6;5784;0;2;"2023-10-17";;21595
"0592712300017";"59271";"AK";"16";6;9545;263800;2;"2023-10-18";;938735
"05927322O0022";"59273";"AA";"11";6;1074;0;5;"2023-05-24";"2024-03-01";0
"05929522O0032";"59295";"CM";"20";8;3566;0;5;"2023-04-06";"2025-09-01";10446
"05929922V0030";"59299";"AK";"4";8;2960;1668;2;"2023-06-16";;8743
"05931723C0008";"59317";;;8;4675;0;5;"2023-10-25";"2024-07-10";214416
"05932222O0010";"59322";"ZC";"230";6;1990;0;2;"2023-03-16";;18070
"05932423O0019";"59324";"AB";"294";8;2980;0;2;"2023-10-20";;0
"05932922O0025";"59329";"ZE";"134";8;3207;0;5;"2023-06-28";"2024-01-10";6565
"05932923O0003";"59329";"AL";"147";4;2740;0;2;"2023-12-22";;10015
"05934323L0009";"59343";"AP";"89";3;2281;0;2;"2023-08-04";;5169
"05934323L0013";"59343";"ZC";"336";3;4500;0;2;"2023-09-15";;14998
"05934323L0020";"59343";"AM";"225";6;2134;3672;5;"2023-11-16";"2024-12-02";15768
"05934822C0008";"59348";"A";"1525";8;1360;1929;5;"2023-05-03";"2024-02-19";12132
"05935022O0195";"59350";"BP";"389";3;2571;2959;5;"2023-03-08";"2023-07-26";548
"05935022O0201";"59350";"TW";"1";3;36512;0;2;"2023-03-23";;0
"05935922A0015";"59359";"BA";"78";8;19350;0;5;"2023-04-26";"2024-09-02";352380
"05936822O0021";"59368";"AN";"852";8;2927;0;5;"2023-02-14";"2023-06-21";8766
"05936822O0022";"59368";"AV";"167";3;6143;4898;2;"2023-04-14";;1667
"05936823O0003";"59368";"AB";"582";4;1554;0;5;"2023-10-06";"2025-02-25";1523
"05936823O0004";"59368";"AB";"582";4;2057;0;5;"2023-09-26";"2025-02-25";1456
"05937822O0078";"59378";"BR";"981";3;3643;1932;5;"2023-04-19";"2024-12-01";3076
"05937822O0084";"59378";"AT";"389";3;3948;2869;2;"2023-05-05";;5117
"05937823O0056";"59378";"BL";"97";6;2842;74600;5;"2023-11-24";"2024-04-02";137746
"05938622S0023";"59386";"A";"4784";3;4230;21;5;"2023-07-27";"2024-04-17";2282
"05938823B0002";"59388";"A";"1061";8;1622;8941;5;"2023-07-27";"2024-09-01";19994
"05940022J0058";"59400";"E";"2123";4;1706;0;5;"2023-11-14";"2024-03-04";8145
"05941022O0014";"59410";"AE";"10";6;1910;72690;2;"2023-03-30";;7222
"05941023O0013";"59410";"AE";"1";6;2842;74600;2;"2023-11-24";;75179
"05942623B0018";"59426";"BC";"3";6;1563;5040;5;"2023-12-14";"2024-04-18";14816
"05943723L0005";"59437";"A";"632";6;1350;1620;5;"2023-10-23";"2023-11-01";20000
"05944722A0024";"59447";"ZD";"545";6;2242;0;5;"2023-01-04";"2023-07-04";0
"0594562200015";"59456";"C";"3396";8;2645;0;2;"2023-02-23";;8729
"05946620B0001";"59466";"AA";"3";4;1193;20;5;"2023-08-31";"2024-10-10";4751
"05947523A0006";"59475";"A";"1366";8;12108;6104;5;"2023-12-06";"2024-01-08";25000
"05947823A0003";"59478";"A";"729";4;1231;0;2;"2023-05-26";;4473
"05951523A0002";"59515";"A";"941";8;5484;10600;2;"2023-08-25";;30240
"05951523A0004";"59515";"A";"1791";8;9302;42189;5;"2023-10-05";"2024-06-24";276672
"05951523A0005";"59515";"A";"1366";8;12108;6104;5;"2023-11-23";"2024-01-08";25000
"05952323L0016";"59523";"ZK";"384";3;1073;0;2;"2023-12-07";;4816
"0595272200021";"59527";"BE";"14";4;1217;0;5;"2023-05-09";"2023-05-17";12105
"05955023C0004";"59550";"B";"2197";8;1022;0;5;"2023-10-09";"2023-10-27";0
"05956022S0031";"59560";"C";"2159";8;2484;0;2;"2023-02-16";;4531
"05956023S0010";"59560";"AB";"6";6;3554;0;5;"2023-12-21";"2025-03-20";34657
"05956023S0011";"59560";"AB";"6";6;1839;0;5;"2023-12-21";"2025-03-20";34657
"0595742300016";"59574";"B";"2370";8;2903;4035;2;"2023-12-22";;40731
"05958523C0003";"59585";"AE";"16";6;2948;2137;2;"2023-09-05";;7054
"05958523C0005";"59585";"AE";"11";3;2765;0;2;"2023-11-28";;6873
"0595882200016";"59588";"AB";"2";4;10417;0;2;"2023-09-04";;20387
"0595882300009";"59588";"ZA";"87";8;8225;15166;2;"2023-08-29";;82979
"05958922C0010";"59589";"A";"3518";4;1094;0;2;"2023-02-02";;3366
"05958923C0001";"59589";"A";"3508";8;1642;0;5;"2023-03-21";"2023-11-13";4328
"05959922T0064";"59599";"AY";"801";8;1998;223;2;"2023-04-20";;3286
"05959923T0019";"59599";"AY";"106";8;6277;12273;2;"2023-06-28";;49637
"05959923T0058";"59599";"AZ";"71";6;18813;2261;2;"2023-10-26";;106620
"05960623O0018";"59606";"AR";"853";4;2607;2198;5;"2023-12-22";"2024-07-26";0
"05964622O0040";"59646";"BD";"154";3;5317;989;2;"2023-04-20";;8578
"05964623O0007";"59646";"AD";"101";3;6895;2537;5;"2023-07-19";"2025-01-06";14008
"0596502200064";"59650";;;6;5384;0;2;"2023-05-25";;10960
"06001023T0003";"60010";"AA";"21";8;9338;0;5;"2023-06-23";"2024-05-16";17510
"06005723T0014";"60057";"ZD";"202";6;6643;0;5;"2023-07-07";"2024-07-01";17298
"06005723T0042";"60057";"BE";"242";3;1197;1710;5;"2023-10-04";"2024-06-03";17609
"06008223T0001";"60082";"ZN";"62";3;1764;10699;2;"2023-06-08";;59616
"06010323T0012";"60103";"AD";"8";8;3653;0;5;"2023-12-22";"2025-01-01";10000
"06010423T0009";"60104";"AJ";"43";4;1025;0;2;"2023-09-26";;12021
"06010623T0004";"60106";"ZC";"390";4;4068;0;2;"2023-10-09";;10782
"06015922T0038";"60159";"AI";"65";3;3374;0;5;"2023-03-21";"2025-12-01";5518
"06021223T0003";"60212";"Y";"756";6;2758;0;5;"2023-12-11";"2024-06-12";8789
"06036923T0003";"60369";"ZN";"79";8;18745;0;2;"2023-08-04";;39813
"06040222T0020";"60402";"ZD";"642";6;2620;10535;5;"2023-06-06";"2024-05-30";30198
"06044623T0003";"60446";"ZO";"8";3;1485;1390;5;"2023-06-29";"2025-06-09";183201
"06045022T0009";"60450";"X";"352";8;2231;0;5;"2023-03-09";"2024-06-19";0
"06046923T0001";"60469";;;8;1445;0;5;"2023-04-17";"2025-01-07";0
"06048522T0003";"60485";"AD";"60";8;2347;0;2;"2023-01-16";;140940
"06048823T0001";"60488";"ZB";"379";8;1184;1174;2;"2023-09-26";;0
"06050022T0023";"60500";"Z";"381";8;9563;16145;5;"2023-02-22";"2023-07-10";90482
"06054223T0002";"60542";"ZD";"6";8;1098;743;2;"2023-10-17";;171706
"06058922T0005";"60589";"AE";"447";6;5983;0;5;"2023-03-14";"2023-09-18";0
"06058922T0006";"60589";"AP";"315";8;4595;1300;5;"2023-05-11";"2024-03-01";0
"06061923T0008";"60619";"Z";"354";8;1326;1905;5;"2023-12-21";"2024-04-11";0
"06063622T0012";"60636";"ZB";"362";4;2269;0;2;"2023-08-28";;40475
"06064322T0007";"60643";"ZW";"67";6;1946;2600;5;"2023-05-30";"2024-05-15";20000
"06066523T0006";"60665";"ZB";"152";8;1198;0;5;"2023-10-19";"2023-10-19";4500
"06066722T0009";"60667";"AO";"166";8;2055;0;5;"2023-03-13";"2023-03-13";9232
"06107723A0001";"61077";"AK";"239";8;18861;0;2;"2023-10-19";;45696
"06112223B0001";"61122";"ZH";"119";6;3368;4227;5;"2023-08-22";"2023-11-09";0
"06116823F0005";"61168";"ZI";"88";4;1371;18721;2;"2023-12-01";;49962
"06147422V0027";"61474";"C";"549";8;3480;14474;2;"2023-01-10";;0
"0620352200016";"62035";"AD";"376";8;1860;2200;2;"2023-01-18";;13395
"0620412200028";"62041";"AD";"108";3;5100;0;2;"2023-02-27";;2143
"0620422200009";"62042";"ZB";"330";8;5179;0;5;"2023-03-09";"2023-08-28";7589
"0620592200002";"62059";"ZA";"75";4;3661;0;2;"2023-02-10";;23121
"0620732200016";"62073";"ZH";"198";8;1723;0;5;"2023-03-10";"2023-08-28";12411
"0621192300020";"62119";"AP";"643";4;4847;0;2;"2023-12-15";;13947
"0621192300026";"62119";"AX";"1030";4;5106;4857;5;"2023-12-07";"2025-05-07";17414
"0621262300007";"62126";"AZ";"17";4;2273;0;2;"2023-06-07";;9280
"0621262300012";"62126";"BC";"777";4;2250;1481;2;"2023-10-11";;15882
"0621322200009";"62132";"AT";"140";6;21921;9151;2;"2023-03-28";;74802
"0621322200016";"62132";"AT";"149";6;5301;0;2;"2023-01-24";;20735
"0621732300003";"62173";"ZD";"313";8;9844;0;2;"2023-06-05";;17452
"0621782200016";"62178";"ZA";"521";4;1046;0;5;"2023-04-13";"2023-06-25";4403
"0621862200029";"62186";"ZC";"154";8;8266;0;2;"2023-02-13";;25807
"0621862300028";"62186";"ZC";"128";8;2473;0;2;"2023-12-05";;16118
"0621932300001";"62193";"BT";"185";6;2156;8002;2;"2023-04-27";;67039
"0621932300007";"62193";"BY";"442";4;1694;0;2;"2023-05-12";;50503
"0621932300043";"62193";"CN";"156";8;10872;0;5;"2023-09-25";"2024-01-23";83671
"0621932300062";"62193";"AB";"563";4;1094;0;2;"2023-09-28";;3551
"0622152200042";"62215";"ZM";"430";6;6195;0;5;"2023-02-15";"2023-06-05";25304
"0622152200054";"62215";"AZ";"1425";8;1002;0;2;"2023-05-03";;2710
"0622152300017";"62215";"ZL";"197";4;1884;3635;5;"2023-11-29";"2024-07-08";28383
"0622242300003";"62224";"A";"220";8;1060;0;2;"2023-05-16";;12355
"0622392200006";"62239";"AK";"255";8;1398;0;5;"2023-02-28";"2023-09-29";5202
"0622742300001";"62274";"ZA";"636";8;134314;134314;2;"2023-12-28";;0
"0622762200005";"62276";"AD";"691";6;99981;87715;2;"2023-07-12";;343705
"0623292200004";"62329";"A";"1159";6;1192;0;2;"2023-03-13";;30276
"0623642300002";"62364";"C";"582";8;1625;5546;2;"2023-06-30";;19937
"0624002200008";"62400";"AB";"179";6;21491;0;2;"2023-02-14";;0
"0624132200023";"62413";"AR";"621";8;8722;0;5;"2023-06-02";"2025-03-11";53626
"0624362200004";"62436";"ZA";"93";4;2033;0;2;"2023-08-02";;26665
"0624792300001";"62479";"AD";"28";8;1291;18660;5;"2023-07-27";"2023-07-27";150635
"0624802300004";"62480";"AH";"559";8;1717;1385;5;"2023-05-24";"2023-11-17";9936
"06250422L0006";"62504";"ZD";"191";8;2064;0;2;"2023-01-20";;7955
"0625102300031";"62510";"BV";"81";3;2686;0;5;"2023-09-18";"2024-01-25";10995
"0625102300038";"62510";"ZC";"128";8;1196;2473;2;"2023-12-05";;16118
"0625482200018";"62548";"CI";"462";6;11544;0;2;"2023-01-05";;26884
"0625482300007";"62548";"CI";"203";6;11575;0;5;"2023-07-26";"2025-12-10";85120
"0625482300012";"62548";"CI";"188P";8;17164;0;2;"2023-10-20";;43776
"0625482300013";"62548";"CI";"12P";8;3640;3412;2;"2023-10-18";;19635
"0625872200066";"62587";"AC";"358";8;1361;770;5;"2023-03-15";"2023-09-12";7944
"0626172300003";"62617";"AC";"405";4;1571;1914;5;"2023-07-20";"2023-10-16";13344
"0626172300013";"62617";"AO";"687";4;2145;0;5;"2023-12-07";"2024-06-04";4444
"0626722300002";"62672";"AC";"140";8;3583;2866;2;"2023-05-26";;12836
"0627242300003";"62724";"AI";"339";8;1525;0;2;"2023-07-18";;6113
"0627242300006";"62724";"ZA";"220";8;1326;6370;5;"2023-10-24";"2024-02-19";44351
"0627272200005";"62727";"AI";"1";6;1214;0;2;"2023-02-13";;47203
"0627532300011";"62753";"AR";"47";4;2649;1277;2;"2023-09-04";;16086
"0627582300010";"62758";;;8;5163;0;5;"2023-06-08";"2023-11-20";0
"0627582300020";"62758";"AO";"167";8;2229;0;5;"2023-08-31";"2024-01-01";7758
"0628102300001";"62810";"ZO";"599";8;1007;0;5;"2023-06-06";"2024-12-16";2446
"0628492300001";"62849";"ZA";"91";3;1088;0;2;"2023-03-22";;7329
"0628492300007";"62849";"ZA";"87";8;7659;0;5;"2023-09-29";"2024-06-10";15392
"06300323A0022";"63003";"H";"936";6;1979;2771;2;"2023-10-26";;11875
"06301422G0071";"63014";"BM";"40";3;3116;0;2;"2023-03-13";;4651
"06301423G0035";"63014";"BW";"37";3;1145;2000;5;"2023-11-14";"2024-10-17";4144
"06304023G0003";"63040";"ZE";"421";6;1226;0;2;"2023-05-02";;11661
"06306023S0004";"63060";"A";"881";8;1582;705;2;"2023-08-22";;8630
"06306322G0061";"63063";"AB";"90";8;1485;9472;2;"2023-01-11";;21610
"06306323G0012";"63063";"BB";"20";6;6041;0;5;"2023-06-19";"2024-03-01";994385
"06306323G0018";"63063";"F";"1299";6;5891;0;5;"2023-07-13";"2023-09-21";10216
"06308923R0009";"63089";"YB";"10";6;1226;8132;5;"2023-11-27";"2024-02-01";48004
"06310223T0002";"63102";"AA";"55";6;1510;0;5;"2023-09-12";"2023-11-27";6382
"06311322G0053";"63113";"LS";;4;2917;1149;5;"2023-02-09";"2024-06-09";9448
"06311322G0124";"63113";"CI";"10";3;19739;0;5;"2023-03-13";"2024-01-01";17970
"06311322G0209";"63113";"BP";"55";4;2292;0;5;"2023-03-14";"2024-09-03";29048
"06311322G0241";"63113";"CI";"23";4;2211;0;5;"2023-05-12";"2025-02-03";102068
"06311322G0258";"63113";"AY";"229";8;2060;9804;5;"2023-05-05";"2023-07-24";35510
"06311323G0001";"63113";"CH";"139";6;6196;29756;5;"2023-04-03";"2025-01-13";49653
"06311323G0092";"63113";"AS";"156";3;1539;0;5;"2023-10-27";"2024-01-08";173390
"06311323G0133";"63113";"DL";"363";3;2042;0;2;"2023-10-25";;3261
"06311323G0134";"63113";"DL";"812";3;11476;0;5;"2023-10-25";"2024-07-29";8909
"06311623C0004";"63116";"YB";"157";8;31602;0;2;"2023-09-25";;183471
"06312422G0045";"63124";"CR";"89";8;1498;3494;2;"2023-01-11";;10169
"06312423G0009";"63124";"CB";"85";8;1234;0;5;"2023-06-19";"2024-09-02";5058
"06313123L0006";"63131";"ZL";"188";6;1794;0;2;"2023-06-22";;67765
"06313823T0002";"63138";"0A";"1228";6;1015;0;5;"2023-10-14";"2024-01-22";79168
"06313923A0007";"63139";"ZB";"68";6;2990;0;5;"2023-11-02";"2024-07-22";25820
"06316422G0036";"63164";"AB";"890";6;1649;200;2;"2023-01-23";;54478
"06316422G0037";"63164";"BS";"216";8;1044;0;5;"2023-02-09";"2023-09-25";6095
"06319323G0001";"63193";"AH";"417";8;2389;2455;2;"2023-03-07";;29268
"06319323G0007";"63193";"AI";"368";8;1395;0;5;"2023-06-23";"2024-03-19";3766
"06319522L0055";"63195";"0B";"1847";6;2530;0;2;"2023-03-17";;9248
"06328422G0060";"63284";"BH";"184";8;1603;0;2;"2023-03-22";;0
"06329122T0011";"63291";"AL";"60";6;1543;0;5;"2023-02-02";"2024-03-03";4414
"0632952200024";"63295";"ZA";"12";4;2207;1230;5;"2023-04-17";"2023-06-12";11567
"06330022R0111";"63300";"ZW";"200";8;3768;670;2;"2023-02-23";;40007
"06330222G0003";"63302";"ZR";"3";8;3709;0;2;"2023-02-09";;56523
"06330222G0014";"63302";"BC";"89";6;1518;5478;5;"2023-06-13";"2023-10-26";35841
"06330222G0015";"63302";"BD";"35";8;7118;0;2;"2023-07-07";;44340
"06336223R0004";"63362";"YP";"32";6;1500;1973;5;"2023-06-05";"2023-07-01";10470
"06336223R0008";"63362";"YP";"26";6;1158;12242;5;"2023-12-18";"2024-03-11";118788
"06343022T0049";"63430";"YL";"325";4;2459;0;2;"2023-06-07";;15437
"06343023T0026";"63430";"YL";"387";6;1582;0;5;"2023-12-07";"2025-12-01";3903
"06347023R0012";"63470";"ZN";"351";8;1284;0;2;"2023-09-08";;3634
"06402423B0030";"64024";"AV";"35";8;1650;0;2;"2023-03-08";;6910
"06402423B0140";"64024";"CY";"61";3;1601;0;2;"2023-12-29";;2000
"06406122X1020";"64061";"AE";"489";8;3334;0;5;"2023-04-20";"2023-06-05";27697
"06406322P0013";"64063";"0B";"461";8;1200;0;5;"2023-02-01";"2024-06-03";5300
"06410222B0124";"64102";"CP";"338";3;2052;0;5;"2023-03-29";"2026-01-26";2000
"06410223B0053";"64102";"AS";"911";3;6274;450;2;"2023-12-11";;18668
"06410922N0016";"64109";"ZB";"75";4;1535;5175;2;"2023-05-30";;18506
"06412223B0031";"64122";"AM";"183";3;7872;1437;2;"2023-12-07";;9363
"06413223P0014";"64132";"AB";"295";4;2919;0;2;"2023-11-21";;18462
"06423323P0010";"64233";"ZH";"67";8;1025;0;2;"2023-12-12";;7589
"06433522P0040";"64335";"AN";"247";4;2565;0;5;"2023-03-28";"2023-06-01";23445
"06433523P0005";"64335";"AO";"681";4;1673;5866;5;"2023-05-25";"2024-01-28";20967
"06433523P0049";"64335";"AO";"373";8;1230;0;2;"2023-12-26";;0
"06434822P0041";"64348";"AB";"168";8;1993;1703;2;"2023-02-23";;15517
"06434823P0010";"64348";"AB";"115";8;1384;544;5;"2023-05-19";"2023-06-05";3036
"06438523P0002";"64385";"ZA";"72";6;1429;0;2;"2023-07-06";;3184
"06438622N0010";"64386";"ZB";"65";4;1535;5175;2;"2023-05-30";;10249
"06439622X1012";"64396";"AC";"371";6;12887;0;2;"2023-03-22";;0
"06439922P0031";"64399";"AK";"22";3;1092;0;2;"2023-02-17";;5022
"06440523P0005";"64405";"AR";"139";4;1406;0;2;"2023-06-28";;5225
"06440722B0041";"64407";"AP";"408";8;1123;776;2;"2023-03-08";;15765
"06441922P0008";"64419";"ZB";"76";8;8986;8166;2;"2023-01-10";;0
"06451123P0026";"64511";"AK";"404";4;1213;0;5;"2023-12-21";"2024-10-15";3000
"06451923P0014";"64519";"AT";"62";6;1650;8604;2;"2023-07-21";;19839
"06452622P0007";"64526";"AC";"103";8;8986;8166;2;"2023-01-10";;26776
"0650022300001";"65002";"0E";"768";8;2909;0;5;"2023-04-19";"2023-06-13";9950
"0651062300002";"65106";"A";"1037";4;2082;0;2;"2023-08-30";;6850
"0651832200005";"65183";"WI";"39";8;2096;0;2;"2023-02-02";;75880
"0651952300004";"65195";"A";"77";8;1113;0;2;"2023-06-24";;7043
"0652572300008";"65257";"0A";"1262";8;1791;0;2;"2023-12-28";;10000
"0652582200023";"65258";"G";"1366";6;2654;0;5;"2023-09-13";"2024-06-03";8384
"0652862300029";"65286";"BP";"193";6;1665;1426;5;"2023-12-19";"2024-07-15";11048
"0653042200013";"65304";"D";"700";8;3273;11204;2;"2023-03-23";;66051
"06546022H0016";"65460";"BI";"9";4;2353;6615;2;"2023-03-22";;19762
"06600823A0014";"66008";"BL";"311";3;1746;0;5;"2023-08-30";"2024-01-06";8800
"06602423B0002";"66024";"AA";"103P";3;1420;0;2;"2023-06-23";;1400
"06602423B0004";"66024";"AA";"103P";3;2027;0;2;"2023-06-23";;1707
"06602423B0005";"66024";"AA";"103P";3;1288;0;2;"2023-06-23";;960
"06602423B0006";"66024";"AA";"103P";3;1288;0;2;"2023-06-23";;0
"06602423B0007";"66024";"AA";"103P";3;1245;0;2;"2023-06-23";;0
"06603722F0045";"66037";"BR";"235";4;2777;0;5;"2023-06-15";"2025-03-10";3821
"06603723F0060";"66037";"AE";"272";6;2179;0;5;"2023-10-04";"2024-02-12";5249
"06606722H0003";"66067";"A";"1979";4;2106;0;5;"2023-01-17";"2024-09-01";1789
"06610823C0013";"66108";"BK";"65";4;2626;1712;2;"2023-12-05";;0
"06611421A002M";"66114";"AO";"25";8;1178;3060;2;"2023-09-25";;23269
"06613622P0203";"66136";"HZ";"1041";4;1568;0;5;"2023-04-21";"2024-03-04";9699
"06613622P0274";"66136";"EW";"86";4;18883;0;2;"2023-11-28";;25675
"06613622P0280";"66136";"IL";"348P";6;1639;0;5;"2023-04-17";"2025-03-26";9965
"06613623P0063";"66136";"IK";"1218";3;1200;13378;5;"2023-07-04";"2023-09-04";28029
"06613623P0081";"66136";"HZ";"1105";8;9000;220;2;"2023-07-04";;31271
"06613623P0185";"66136";"CW";"259";8;1163;0;5;"2023-10-24";"2024-02-12";6556
"06613623P0203";"66136";"CT";"596";6;7350;0;2;"2023-11-02";;22405
"06616422E0027";"66164";"A";"2906";4;2759;1632;5;"2023-02-24";"2025-07-07";12352
"06616423E0021";"66164";"BN";"7";8;1182;2637;2;"2023-10-24";;14176
"06617222F0011";"66172";;;3;1974;987;2;"2023-01-23";;3812
"06621023K0061";"66210";"A";"180";4;2547;0;2;"2023-11-07";;9495
"06621323P0001";"66213";"AZ";"27";6;2048;0;2;"2023-03-07";;0
"06703322R0007";"67033";"17";"645";6;3019;0;5;"2023-04-27";"2023-09-11";9331
"06703323R0001";"67033";"17";"668";3;10679;0;5;"2023-07-28";"2024-06-15";23870
"06703323R0005";"67033";"17";"541";6;5162;0;2;"2023-05-22";;10585
"06704323V0011";"67043";"29";"292";8;6460;965;5;"2023-08-24";"2024-10-01";11684
"06704622R0038";"67046";"19";"86";8;1246;0;5;"2023-01-17";"2024-11-18";14101
"06706723R0003";"67067";"93";"1";4;24316;0;2;"2023-05-04";;71922
"06706723R0024";"67067";"93";"772";3;1144;0;5;"2023-10-17";"2024-07-29";2419
"06708423R0005";"67084";"37";"247";8;5342;5767;5;"2023-09-01";"2024-02-20";49579
"06710623R0004";"67106";"21";"42";6;1015;52554;5;"2023-04-28";"2024-09-30";593055
"06710623R0012";"67106";"26";"36";8;4745;0;5;"2023-06-14";"2024-04-02";185849
"06710822R0010";"67108";"12";"299";8;10874;0;5;"2023-03-29";"2024-10-11";25860
"06710823R0002";"67108";"13";"274";8;28657;0;5;"2023-06-08";"2023-12-06";62131
"06711122R0005";"67111";"05";"102";4;2326;4885;2;"2023-02-21";;43865
"06711522R0010";"67115";"43";"302";6;12381;19783;5;"2023-07-03";"2023-08-14";48333
"06711523R0005";"67115";"43";"302";3;6794;0;5;"2023-06-28";"2023-10-18";50939
"06713122V0044";"67131";"40";"161";4;1760;19;2;"2023-06-16";;3574
"06715223V0001";"67152";"25";"429";8;3307;0;2;"2023-04-06";;13623
"06715223V0017";"67152";"42";"106";8;3800;0;5;"2023-10-05";"2024-01-24";6625
"0671802300012";"67180";"CO";"242";8;1522;5761;2;"2023-04-26";;11975
"0671802300046";"67180";"IM";"54";3;1092;0;5;"2023-08-24";"2024-10-04";1407
"0671802300053";"67180";"DE";"104";4;1583;1464;2;"2023-10-19";;9015
"06719423R0001";"67194";"44";"25";8;5830;0;2;"2023-04-27";;39812
"06719423R0013";"67194";"41";"151";6;2375;3145;5;"2023-09-11";"2023-10-15";14137
"06720523R0016";"67205";"18";"1";8;25616;0;5;"2023-10-16";"2024-02-19";95062
"06721222V0024";"67212";"31";"311";3;7510;0;5;"2023-03-22";"2024-01-02";22092
"06721623R0020";"67216";"19";"521";6;3521;0;5;"2023-11-17";"2024-05-27";6468
"06726123R0006";"67261";"08";"123";6;1740;4517;2;"2023-11-29";;256963
"06727523R0003";"67275";"AB";"165";4;1050;0;2;"2023-12-11";;3392
"06728222R0014";"67282";"29";"1406";6;17417;0;2;"2023-05-15";;29173
"06728223R0014";"67282";"28";"465";6;5900;0;5;"2023-12-15";"2024-08-01";69848
"06729123R0002";"67291";"12";"185";4;1876;0;5;"2023-06-26";"2023-11-13";5237
"06729123R0003";"67291";"01";"192";6;2129;0;5;"2023-04-17";"2023-04-24";210429
"06730123R0007";"67301";"31";"655";4;4023;0;5;"2023-07-25";"2024-11-26";7228
"06730223R0002";"67302";"11";"237";6;6448;0;5;"2023-07-06";"2023-09-11";16881
"06730523R0001";"67305";"29";"101";4;3103;10712;5;"2023-05-09";"2023-06-14";130092
"06732022R0007";"67320";"02";"15";4;2271;655;2;"2023-10-23";;10295
"06734822M0039";"67348";"BV";"717";3;2300;0;5;"2023-03-16";"2023-11-28";4278
"06738923V0001";"67389";"07";"332";8;4642;22893;5;"2023-05-05";"2023-07-10";60999
"06738923V0009";"67389";"06";"552";8;6462;32823;2;"2023-10-31";;127084
"06743322R0005";"67433";"03";"486";4;3239;0;5;"2023-02-01";"2023-06-05";8249
"06743723R0017";"67437";"11";"237";6;6448;0;5;"2023-07-06";"2023-09-11";23290
"06743723R0033";"67437";"09";"105";4;1520;1542;5;"2023-10-03";"2025-01-20";9798
"06746222M0036";"67462";"37";"544";6;5662;19783;5;"2023-07-11";"2023-08-14";135451
"06748222V0128";"67482";"48";;4;14208;869;5;"2023-11-21";"2024-03-01";2936
"06748222V0183";"67482";"HV";"263";3;4791;2794;2;"2023-03-27";;5268
"06748222V0303";"67482";"HW";"261";3;11394;0;2;"2023-07-04";;9849
"06748223V0025";"67482";"ET";"399";8;2829;4147;2;"2023-05-15";;37906
"06748823R0002";"67488";"A";"1559";4;2358;0;5;"2023-10-12";"2024-01-02";16397
"06749323R0002";"67493";"2";"15";4;2271;655;2;"2023-10-23";;10295
"06750422R0015";"67504";"07";"686";6;3422;0;5;"2023-03-17";"2023-05-02";11782
"06750622V0030";"67506";"24";"202";8;20052;0;5;"2023-03-15";"2025-11-04";44363
"06752023R0012";"67520";"58";"887";4;1254;0;5;"2023-09-26";"2024-09-09";3016
"06752923R0010";"67529";"86";"155";4;1520;0;5;"2023-12-14";"2024-06-17";7077
"06753423R0002";"67534";"33";"104";4;1888;0;5;"2023-05-15";"2023-11-27";9760
"06753423R0004";"67534";"33";"101";8;1547;0;5;"2023-09-25";"2024-07-19";3500
"06753923R0005";"67539";"19";"483";6;1568;0;2;"2023-07-27";;9104
"06753923R0010";"67539";"02";"106";4;1849;0;5;"2023-07-18";"2023-10-09";97698
"06806022F0026";"68060";"26";"48";8;1336;0;5;"2023-02-24";"2023-07-31";0
"0680632300035";"68063";"54";"140";4;1969;1590;5;"2023-09-06";"2023-09-20";16289
"0680632300042";"68063";"61";"281";3;5699;938;5;"2023-09-05";"2024-01-22";6127
"06806622R0096";"68066";"WX";"48";3;2870;538;2;"2023-02-10";;2013
"06806622R0111";"68066";"LK";"297";4;1281;0;2;"2023-03-23";;6727
"06806623R0010";"68066";"LK";"230";4;2867;11325;2;"2023-06-26";;23035
"06808222B0090";"68082";"48";"241";4;1930;0;2;"2023-03-30";;6416
"06808223B0017";"68082";;;6;3725;24488;2;"2023-06-01";;67266
"06811823D0023";"68118";"29";"351";4;2245;2162;5;"2023-12-05";"2024-02-19";9458
"06813523F0006";"68135";"26";"206";8;2000;3078;2;"2023-07-24";;118943
"06814523R0012";"68145";"26";"218";4;2570;0;2;"2023-08-24";;5392
"06814923F0010";"68149";"12";"531";6;2380;5374;5;"2023-09-18";"2023-09-18";12883
"06822422S0059";"68224";"KT";"91";3;2922;0;2;"2023-02-07";;14161
"06822423S0028";"68224";"HZ";"604";3;1492;1363;2;"2023-06-30";;10122
"06822622R0019";"68226";"14";"409";4;1213;0;2;"2023-09-11";;10324
"06829523R0008";"68295";"BB";"96";8;4348;0;2;"2023-07-03";;5906
"06829723F0016";"68297";"AY";"29";4;1097;155;5;"2023-08-03";"2023-11-29";260
"06830022D0017";"68300";"32";"141";8;2254;10290;5;"2023-02-09";"2023-02-27";22926
"06830022D0033";"68300";"12";"512";6;1550;0;5;"2023-05-05";"2023-09-18";5163
"06834923F0008";"68349";"10";"138";8;8308;0;5;"2023-12-04";"2024-05-20";40995
"06836523R0002";"68365";"03";"336";4;1330;0;2;"2023-05-17";;3151
"06836523R0006";"68365";"3";"394";3;1407;0;2;"2023-12-04";;3012
"06837423R0003";"68374";"17";"417";6;2220;1406;5;"2023-04-25";"2023-07-10";10443
"06837423R0007";"68374";"30";"269";6;1663;2583;2;"2023-09-06";;11619
"06837522N0061";"68375";"26";"260";6;1226;0;2;"2023-03-23";;3645
"06837523N0018";"68375";"26";"261";8;2370;0;2;"2023-08-17";;3954
"06837622J0039";"68376";"58";"432";8;1219;763;5;"2023-01-30";"2023-06-01";5605
"06837923A0004";"68379";"0Z";"334";8;1504;731;2;"2023-03-30";;4708
"0690062200007";"69006";"AP";"163";4;1052;1881;5;"2023-01-19";"2023-07-03";7136
"0690062300003";"69006";"AP";"132";6;1832;3548;2;"2023-05-22";;8910
"0690132300013";"69013";"AD";"192";6;2120;0;2;"2023-09-19";;19125
"0690192300024";"69019";"AN";"82";6;1558;0;2;"2023-11-06";;4811
"0690192300038";"69019";"AN";"270";6;1355;0;2;"2023-11-30";;4682
"0690282300011";"69028";"AT";"252";6;1799;0;2;"2023-06-13";;3269
"0690292300030";"69029";"C";"1570";4;17267;0;5;"2023-12-04";"2024-12-01";36132
"0690402300005";"69040";"BC";"81";3;3239;0;2;"2023-08-08";;3284
"0690432300017";"69043";"AS";"340";8;1187;4180;5;"2023-06-22";"2023-09-29";10810
"0690552300010";"69055";"ZB";"142";8;1436;3013;2;"2023-09-12";;8896
"0690692300003";"69069";"AK";"203";8;4759;1809;2;"2023-05-04";;3000
"0690702300012";"69070";"A";"420";8;1090;1290;2;"2023-12-08";;7068
"0690722200023";"69072";"BZ";"62";8;1147;5038;5;"2023-03-13";"2023-07-10";35364
"0690722200048";"69072";"AO";"396";3;1591;0;5;"2023-02-14";"2023-04-06";759
"0690722300009";"69072";"BC";"37";3;3496;1100;2;"2023-10-23";;2630
"0690912200041";"69091";"AX";"120";4;8174;368;2;"2023-07-20";;33514
"0690962300019";"69096";"AB";"149";4;1048;1366;2;"2023-11-16";;3324
"0693862300007";"69123";"BH";"85";3;5234;0;5;"2023-07-25";"2025-01-06";7945
"0693862300024";"69123";"AZ";"75";3;1210;14903;5;"2023-07-10";"2024-05-23";2289
"0693872200277";"69123";"BN";"81";3;1991;3960;5;"2023-06-07";"2023-07-03";2000
"0693872300023";"69123";"CD";"151";3;2153;2529;2;"2023-12-04";;2018
"0693892200348";"69123";"BV";"120";3;4346;0;5;"2023-03-29";"2025-01-24";1510
"0691412200019";"69141";"AE";"135";6;1628;0;2;"2023-01-18";;3265
"0691412300001";"69141";"AE";"316";3;1088;1216;2;"2023-05-15";;4904
"0691452300002";"69145";"0C";"680";8;1564;0;2;"2023-05-23";;10620
"0691522300003";"69152";"AK";"276";8;5800;3187;5;"2023-07-13";"2024-07-01";13653
"0691562300005";"69156";"AK";"118";4;2906;1040;2;"2023-12-06";;5748
"0691712300001";"69171";"0U";"2664";6;4845;0;5;"2023-08-11";"2024-01-08";13044
"0691992200030";"69199";"AM";"118";8;6107;11517;5;"2023-02-23";"2023-05-02";30000
"0691992300005";"69199";"AM";"133";6;1200;1729;2;"2023-08-04";;339075
"0691992300006";"69199";"AM";"88";6;2650;0;2;"2023-08-09";;166539
"0692032300001";"69203";"B";"983";6;2813;0;2;"2023-09-15";;11221
"0692042300026";"69204";"BA";"77";3;13490;1080;2;"2023-11-30";;10395
"0692082200004";"69208";"0A";"1401";6;2850;4215;2;"2023-03-03";;59198
"0692192200011";"69219";"ZB";"75";6;1557;0;2;"2023-01-17";;16588
"0692192200018";"69219";"0A";"427";6;12121;0;2;"2023-03-25";;34812
"0692312200010";"69231";"AB";"820";3;2932;1377;5;"2023-05-23";"2024-04-02";98999
"0692342300016";"69234";"A";"709";6;1541;2568;5;"2023-11-22";"2024-09-02";23492
"0692482300007";"69248";"AN";"40";3;3896;0;5;"2023-07-18";"2024-01-08";27923
"0692502300015";"69250";"AM";"83";3;5103;0;5;"2023-09-07";"2024-06-10";6528
"0692592200056";"69259";"CS";"41";3;1042;3564;5;"2023-03-07";"2024-02-12";28818
"0692592200067";"69259";"AY";"1";8;3322;34088;5;"2023-04-14";"2024-09-02";116986
"0692592200080";"69259";"AI";"142";8;21371;0;5;"2023-06-22";"2025-03-31";10497
"0692592300007";"69259";"AK";"73";3;4540;0;5;"2023-07-07";"2024-11-30";3293
"0692592300027";"69259";"AR";"1";6;3355;431080;5;"2023-12-21";"2024-01-08";652840
"0692592300041";"69259";"AV";"80";3;1717;0;5;"2023-10-20";"2024-09-06";1850
"0692642300007";"69264";"BD";"364";6;3148;0;2;"2023-05-15";;82330
"0692662100028";"69266";"CH";"77";4;13500;6628;2;"2023-06-19";;8968
"0692662200080";"69266";"BI";"59";3;19745;0;5;"2023-12-20";"2024-11-27";7843
"0692662200088";"69266";"CH";"81";6;1220;0;2;"2023-11-13";;19255
"0692662200089";"69266";"CH";"81";6;5200;0;2;"2023-07-21";;19255
"0692662200090";"69266";"CH";"81";6;1781;2629;2;"2023-07-21";;19255
"0692662200091";"69266";"CH";"81";6;1950;200;2;"2023-07-21";;19255
"0692662200092";"69266";"CH";"81";6;8600;0;2;"2023-07-21";;19255
"0692662200098";"69266";"BH";"96";3;2107;1535;5;"2023-04-04";"2023-09-25";1442
"0692662300036";"69266";"AN";"16";6;5938;3782;2;"2023-10-04";;14078
"0692662300049";"69266";"AM";"26";8;3789;0;2;"2023-12-18";;14849
"0692702300004";"69270";"0A";"1677";8;4269;3280;5;"2023-04-12";"2023-07-21";12693
"0692722300016";"69272";"AN";"206";8;4519;1161;5;"2023-11-29";"2024-02-06";26399
"0692732300018";"69273";"AT";"54";8;1965;173;2;"2023-12-01";;23907
"0692752300009";"69275";"AY";"452";4;6436;0;5;"2023-11-15";"2025-04-30";3781
"0692752300010";"69275";"CK";"225";3;1545;0;2;"2023-08-31";;2281
"0692752300029";"69275";"CK";"214";8;2082;820;2;"2023-09-22";;4202
"0692752300037";"69275";"AY";"454";6;7661;27;2;"2023-09-29";;12538
"0692762300013";"69276";"BM";"129";6;1875;810;5;"2023-12-11";"2024-07-15";2196
"0692772200036";"69277";"ZO";"6";3;25031;0;5;"2023-02-24";"2023-04-24";35948
"0692772200037";"69277";"ZO";"1";8;11099;0;2;"2023-01-19";;25151
"0692772300014";"69277";"ZO";"112";6;2807;0;5;"2023-06-15";"2024-02-28";11210
"0692772300036";"69277";"ZO";"110";8;4813;0;2;"2023-11-09";;6633
"0692772300043";"69277";"ZO";"96";3;4547;0;5;"2023-09-05";"2024-10-01";5547
"0692772300047";"69277";;;8;3067;0;5;"2023-11-06";"2024-03-11";0
"0692772300054";"69277";"ZO";"102";8;2559;0;2;"2023-11-08";;5241
"0692792300010";"69279";"AY";"11";6;1328;0;5;"2023-06-12";"2024-12-16";2908
"0692822300045";"69282";"CA";"57";8;1790;0;5;"2023-12-15";"2025-02-12";6014
"0692832200037";"69283";"AN";"126";8;2202;7840;5;"2023-02-20";"2023-09-14";36489
"0692832200041";"69283";"AA";"101";8;1115;1051;2;"2023-04-03";;4442
"0692832300005";"69283";"AO";"87";8;1234;360;2;"2023-06-26";;5565
"0692862200052";"69286";"BE";"135";8;1710;3185;5;"2023-05-04";"2025-12-05";19338
"0692862300013";"69286";"BZ";"81";8;13101;0;5;"2023-11-27";"2025-07-15";40499
"0692882200022";"69288";"AW";"106";4;2060;95;5;"2023-02-07";"2024-08-19";0
"0692882300009";"69288";"AE";"18";8;3323;60;2;"2023-10-09";;6739
"0692892300018";"69289";"AC";"73";6;2713;3889;5;"2023-09-26";"2023-11-02";62256
"0692892300024";"69289";"AD";"214";3;1116;0;5;"2023-11-23";"2024-03-22";6205
"0692902000023";"69290";"DE";"93";4;1677;1380;5;"2023-02-08";"2024-03-01";18412
"0692902200060";"69290";"AT";"73";6;1183;2060;2;"2023-01-17";;5597
"0692902200082";"69290";"DY";"256";8;18500;5000;5;"2023-03-24";"2023-03-24";36395
"0692902300040";"69290";"CR";"160";6;1292;957;2;"2023-08-10";;5370
"0692982200008";"69298";"AB";"56";6;3949;0;5;"2023-03-24";"2023-10-16";3133
"0692982200010";"69298";"AB";"57";8;1665;0;5;"2023-01-23";"2023-10-16";0
"0692982200011";"69298";"AB";"56";6;3026;0;5;"2023-01-23";"2023-10-16";2637
"0692982300010";"69298";"AB";"56";4;2827;0;2;"2023-10-13";;2478
"0692982300011";"69298";"AB";"58";4;1510;0;5;"2023-10-13";"2025-09-01";1671
"0692992200019";"69299";"0E";"1022";8;22497;413;2;"2023-03-09";;52863
"0692992300003";"69299";"E";"1005";6;21160;0;5;"2023-06-07";"2023-09-20";0
"0692992300013";"69299";"ZS";"190";4;1741;0;2;"2023-10-06";;13310
"07029622C0005";"70296";"A";"484";8;2684;9834;5;"2023-01-02";"2024-03-01";948530
"07029623C0002";"70296";"ZA";"86";8;1916;12518;2;"2023-10-02";;94853
"07031122E0025";"70311";"BC";"39";3;1195;0;2;"2023-03-09";;7595
"07033423O0001";"70334";"ZA";"120";6;9987;22497;2;"2023-03-14";;135805
"07038823C0004";"70388";"BE";"13";8;3037;6850;2;"2023-12-27";;37136
"07042123C0007";"70421";"BE";"110";6;1370;2846;2;"2023-10-25";;10604
"07046723E0002";"70467";"ZI";"89";8;3348;0;2;"2023-08-22";;6149
"07050023C0001";"70500";"ZK";"51";4;1103;0;5;"2023-03-24";"2023-06-08";13597
"07104722P0013";"71047";"AK";"36";4;4301;5003;5;"2023-01-26";"2024-03-11";23665
"07105623E0021";"71056";"0C";"137";6;5656;15313;2;"2023-09-01";;124858
"07109023S0011";"71090";"E";"285";8;4362;0;2;"2023-10-10";;16793
"07111822E0030";"71118";"AL";"311";8;1141;0;2;"2023-06-05";;10231
"07113322P0010";"71133";"AI";"208";4;1520;0;2;"2023-03-17";;5089
"07118223E0002";"71182";"AH";"163";8;1386;1550;2;"2023-04-13";;7035
"07120423E0003";"71204";"AH";"73";6;8231;0;2;"2023-09-22";;21433
"07121222M0008";"71212";"BK";"103";8;1527;0;5;"2023-05-05";"2023-07-20";9045
"07127022J0085";"71270";"DS";"107";8;1618;320;2;"2023-01-13";;2963
"07127022J0086";"71270";"DS";"104";8;2105;0;5;"2023-01-13";"2025-06-16";3011
"07127023J0054";"71270";"BV";"2";6;5563;0;5;"2023-12-22";"2024-05-27";93854
"07127023J0058";"71270";"ZC";"718";3;2961;3116;2;"2023-11-20";;11583
"07130623M0008";"71306";"AH";"428";4;1157;4722;5;"2023-08-11";"2024-05-15";31624
"07131023M0014";"71310";"AO";"42";6;1812;0;2;"2023-10-23";;9496
"07134223P0021";"71342";"AB";"412";4;1640;1545;5;"2023-10-30";"2024-04-29";6027
"07144422E0014";"71444";"ZB";"413";6;1074;0;5;"2023-01-05";"2024-01-09";2674
"07151223E0001";"71512";"ZN";"324";4;3944;0;2;"2023-04-03";;29773
"07158523E0011";"71585";"AI";"103";6;8600;0;5;"2023-09-21";"2024-03-04";26867
"07200323Z0010";"72003";"ZI";"12";8;18696;24959;5;"2023-09-13";"2024-11-18";97913
"07200323Z0011";"72003";"BL";"115";3;1178;0;5;"2023-08-22";"2024-02-05";40492
"07208023Z0021";"72080";"ZH";"159";8;3491;0;5;"2023-10-25";"2024-04-08";27613
"07216722Z0003";"72167";"ZH";"131";8;43257;0;2;"2023-12-20";;0
"07218122Z0163";"72181";"KT";"42";3;1909;0;2;"2023-02-10";;224317
"07218123Z0096";"72181";"MX";"322";3;4564;0;5;"2023-09-20";"2024-01-15";13762
"07218123Z0175";"72181";"PV";"10";6;1010;9687;5;"2023-12-20";"2024-07-23";47093
"07223123Z0012";"72231";"0H";"1222";3;2948;1336;2;"2023-11-08";;4853
"07223123Z0025";"72231";"ZL";"85";8;2680;349;2;"2023-07-20";;5564
"07224123Z0001";"72241";"AM";"265";6;1330;796;2;"2023-05-11";;11858
"07232823Z0013";"72328";"AS";"156";8;2845;0;5;"2023-10-04";"2024-02-07";14065
"07236022Z0008";"72360";"AK";"48";8;34567;0;2;"2023-07-11";;79652
"07238122Z0007";"72381";"ZH";"142";8;17551;19928;2;"2023-02-20";;132151
"07300823C1009";"73008";"AH";"397";3;1120;0;2;"2023-07-31";;31909
"07301023C1002";"73010";"0C";"2945";6;1370;0;2;"2023-05-25";;3000
"07301123D1020";"73011";"AS";"45";8;1094;7595;2;"2023-09-14";;30481
"07301822G1012";"73018";"AI";"162";8;1332;0;2;"2023-01-12";;1115
"07301822G1014";"73018";"AI";"114";8;2429;0;2;"2023-03-28";;2742
"07301823G1005";"73018";"AE";"51";6;1700;0;2;"2023-10-13";;9638
"07303022G1015";"73030";"AK";"156";8;1217;675;2;"2023-01-02";;4540
"07306422G1010";"73064";"D";"54";4;2597;752;2;"2023-03-27";;990
"07306523G1007";"73065";"HC";"120";6;1816;1559;2;"2023-06-16";;7060
"07310023N1014";"73100";"C";"1616";4;1325;0;2;"2023-12-21";;3615
"07310622G1003";"73106";"C";"2570";6;1647;0;2;"2023-02-16";;3936
"07312423D1004";"73124";"0C";"2388";3;2345;0;5;"2023-06-21";"2025-05-15";30951
"07312822C1034";"73128";"AN";"173";6;3360;3350;2;"2023-05-23";;6733
"07312823C1011";"73128";"AN";"211";3;6991;448;5;"2023-12-04";"2024-06-24";3336
"07312823C1014";"73128";"AH";"397";3;1120;0;2;"2023-07-18";;4182
"07315523C1007";"73155";"0A";"4603";6;3915;0;2;"2023-08-16";;13504
"07315723R1007";"73157";"C";"1373";6;3661;0;5;"2023-12-11";"2025-02-17";27817
"07321322G1036";"73213";"O";"380";4;1252;0;5;"2023-02-23";"2023-06-06";4052
"07321322G1043";"73213";"F";"101";3;3408;307;2;"2023-09-04";;2600
"07321323G1036";"73213";"0O";"545";8;1276;0;2;"2023-12-15";;2029
"07322623N1014";"73226";"A";"2072";6;2007;0;2;"2023-09-26";;4776
"07324023G1004";"73240";"A";"557";6;1615;0;2;"2023-08-22";;4463
"07324023G1005";"73240";"A";"2063";6;1371;0;5;"2023-08-22";"2025-02-03";4155
"07324023G1006";"73240";"0A";"199";8;3067;0;2;"2023-12-07";;16682
"07324023G1008";"73240";"0A";"2066";3;1097;4679;2;"2023-12-01";;11715
"07324823R1018";"73248";"AY";"23";3;2322;0;2;"2023-12-21";;3340
"07325022R1002";"73250";"0C";"3060";8;1050;0;2;"2023-05-19";;7388
"07327023G1004";"73270";"ZV";"199";3;1670;0;5;"2023-08-09";"2024-01-08";2966
"07332923C1004";"73329";"AH";"110";4;8723;0;2;"2023-10-31";;14075
"07400223X0004";"74002";"0A";"1070";8;6349;0;5;"2023-06-22";"2024-03-08";21097
"07400623A0011";"74006";"0B";"166";8;8906;3040;2;"2023-10-30";;24210
"0740102200155";"74010";"AC";"211";8;1265;585;5;"2023-02-26";"2023-04-01";6027
"0740102200162";"74010";"BP";"18";3;4272;0;5;"2023-02-22";"2023-08-21";3046
"0740102300062";"74010";"BS";"60";3;1010;782;2;"2023-08-18";;2004
"0740102300091";"74010";"DR";"57";3;10130;41601;5;"2023-08-30";"2024-04-23";90347
"07401922X0022";"74019";"AH";"1580";8;1749;1420;2;"2023-03-22";;3183
"07404323B0022";"74043";"H";"827";6;2209;0;2;"2023-11-30";;4027
"07406723A0020";"74067";"AH";"60";3;3113;0;2;"2023-10-18";;5056
"07406823X0002";"74068";"ZB";"293";3;3024;0;2;"2023-10-18";;3566
"07408122A0027";"74081";"0B";"4802";6;1029;3281;5;"2023-01-23";"2023-09-20";5569
"07408122A0041";"74081";"0A";"1109";4;1900;0;2;"2023-01-16";;16460
"07409622X0021";"74096";"0B";"3158";4;1580;0;2;"2023-04-04";;2655
"07410522B0029";"74105";"B";"2965";4;5461;3555;2;"2023-09-13";;17421
"07416323B0009";"74163";"A";"3758";8;2484;0;5;"2023-12-05";"2025-11-27";3581
"07416923C0016";"74169";"0A";"9499";6;1046;0;2;"2023-11-30";;2496
"07418623X0002";"74186";"B";"919";8;4722;1644;5;"2023-09-15";"2024-05-13";0
"07420623B0004";"74206";"AS";"39";6;2712;1827;5;"2023-12-12";"2024-10-03";10484
"07421022B0018";"74210";"B";"3852";4;2397;0;2;"2023-02-04";;6907
"07421823A0016";"74218";"AB";"963";6;42650;75;5;"2023-04-14";"2023-08-21";316675
"07421823A0038";"74218";"AB";"963";6;2249;42917;2;"2023-08-28";;263957
"07422522A0035";"74225";"BD";"61";3;1686;0;5;"2023-02-23";"2024-02-23";0
"07422523A0019";"74225";"AR";"303";4;2386;6356;2;"2023-10-13";;8558
"07422923H0006";"74229";"C";"4100";8;1950;0;2;"2023-06-12";;4872
"07427222X0027";"74272";"AO";"72";4;1874;0;5;"2023-04-04";"2023-09-04";14349
"07428223A0019";"74282";"AY";"128";6;4370;0;2;"2023-09-07";;16217
"07510122V0012";"75056";"AO";"110";4;1242;12889;2;"2023-01-31";;1927
"07510122V0026";"75056";"AZ";"104";3;1579;17803;2;"2023-02-14";;4400
"07510222V0003";"75056";"AB";"38";3;1337;5125;2;"2023-02-07";;2737
"07510223V0020";"75056";"AE";"49";3;1597;9341;5;"2023-12-28";"2025-01-20";3153
"07510223V0023";"75056";"AK";"109";3;1929;4058;2;"2023-12-29";;1523
"07510523V0001";"75056";"AS";"45";3;1836;0;5;"2023-10-15";"2024-12-10";343
"07510723V0008";"75056";"CM";"31";3;2015;10808;2;"2023-07-05";;2346
"07510822V0030";"75056";"CK";"60";3;2595;22584;5;"2023-03-17";"2023-11-21";4754
"07510822V0069";"75056";"BH";"64";3;2499;15462;2;"2023-06-14";;3157
"07510822V0077";"75056";"BG";"16";8;8400;596;5;"2023-10-20";"2024-08-01";3662
"07510823V0001";"75056";"BC";"15";3;1539;46751;5;"2023-07-07";"2024-07-01";16717
"07510823V0007";"75056";"BT";"17";3;1898;18810;2;"2023-07-26";;4002
"07510823V0027";"75056";"AQ";"46";4;2514;12711;2;"2023-12-14";;1928
"07510922V0023";"75056";"AO";"37";3;6236;25300;5;"2023-01-25";"2023-11-02";5616
"07510922V0040";"75056";"AW";"91";3;5761;28873;2;"2023-06-21";;6595
"07511022V0017";"75056";"AV";"82";3;2489;17397;5;"2023-09-15";"2023-10-16";4038
"07511222V0030";"75056";"EK";"21";3;6650;25217;5;"2023-06-23";"2024-07-29";7171
"07511223V0042";"75056";"EK";"11";3;1136;8123;2;"2023-12-13";;3444
"07511322V0034";"75056";"AE";"12";3;3070;45284;5;"2023-06-15";"2023-11-02";7689
"07511322V0036";"75056";"AD";"24";3;6608;23227;5;"2023-02-26";"2023-11-28";3703
"07511322V0078";"75056";"CQ";"58";3;1836;7950;5;"2023-10-29";"2024-02-05";1190
"07511323V0015";"75056";"BE";"47";8;9528;11737;5;"2023-09-07";"2024-07-01";5745
"07511423V0006";"75056";"DL";"13";3;1065;7202;5;"2023-08-03";"2025-07-30";2439
"07511519V0065";"75056";"CQ";"1";3;2767;12827;2;"2023-06-08";;21531
"07511622V0040";"75056";"AA";"5";4;1905;0;5;"2023-03-17";"2023-06-27";20230
"07511623V0003";"75056";"CE";"39";3;2421;36729;2;"2023-07-28";;19004
"07511721V0040";"75056";"BM";"37";3;2716;12935;5;"2023-05-12";"2023-09-18";3151
"07511722V0044";"75056";"AN";"98";3;2713;6400;5;"2023-09-15";"2024-12-05";1690
"07511722V0081";"75056";"CD";"4";3;1763;1257;5;"2023-09-15";"2025-10-06";2832
"07511822V0051";"75056";"AJ";"61";4;10278;16100;5;"2023-07-13";"2025-12-01";3008
"07511921V0041";"75056";"DA";"12";3;31528;0;2;"2023-02-20";;5331
"07603523B0007";"76035";"AE";"229";6;1502;4007;2;"2023-07-20";;8116
"0762172300014";"76217";"BW";"72";4;1799;3145;5;"2023-05-31";"2024-01-08";8012
"0762172300023";"76217";;;3;2379;0;5;"2023-08-09";"2024-11-16";0
"0762172300026";"76217";"AS";"148";8;1253;0;2;"2023-08-11";;4204
"07624423B0005";"76244";"ZK";"67";6;3806;0;2;"2023-12-27";;5598
"07627323M0001";"76273";"ZA";"7";8;2369;0;2;"2023-04-07";;8018
"07630523H0010";"76305";"DN";"10";6;1057;1789;2;"2023-09-22";;16041
"07631922O0096";"76319";"AM";"439";8;20220;0;2;"2023-04-14";;51623
"07631923O0108";"76319";"AB";"321";8;6684;0;2;"2023-11-06";;45434
"07632222G0020";"76322";"BC";"50";6;5574;0;2;"2023-01-02";;46107
"07632223G0023";"76322";"BC";"50";6;1191;11538;2;"2023-09-11";;46107
"07635122H0108";"76351";"DE";"114";4;3117;0;2;"2023-12-06";;10098
"07635122H0198";"76351";;;4;1101;0;5;"2023-05-05";"2023-09-11";10530
"07635123H0046";"76351";"NR";"218";8;12558;140;5;"2023-07-24";"2024-02-27";70986
"07637722M0040";"76377";"AD";"112";3;1605;0;5;"2023-06-15";"2024-04-15";3884
"07641423D0008";"76414";"ZA";"177";3;1436;0;2;"2023-08-28";;5164
"07641423D0009";"76414";"ZA";"167";8;1283;0;2;"2023-08-29";;2997
"07642922O0022";"76429";"AH";"12";3;1165;1679;5;"2023-01-31";"2024-02-29";7663
"0764512300042";"76451";"BD";"610";3;3933;3137;5;"2023-11-20";"2024-06-10";18834
"07648422O0038";"76484";"AC";"348";8;2384;0;5;"2023-04-11";"2023-10-17";0
"07648423O0020";"76484";"AC";"342";4;1083;0;2;"2023-05-30";;4241
"07648923C0007";"76489";"AB";"12";6;1707;0;5;"2023-12-08";"2023-12-18";9595
"07649523C0006";"76495";"AX";"1167";4;1126;0;5;"2023-07-21";"2023-10-09";0
"07649723O0007";"76497";"AM";"161";8;34584;0;2;"2023-11-08";;0
"07649822R0029";"76498";"BC";"549";3;6807;594;5;"2023-01-19";"2024-06-01";4994
"07649822R0044";"76498";"AX";"662";8;1658;0;5;"2023-07-11";"2024-01-03";2834
"07649823R0001";"76498";"AX";"669";8;1528;0;5;"2023-07-12";"2023-08-01";0
"07654523D0015";"76545";"AE";"53";6;1125;1950;2;"2023-11-29";;7154
"07656122M0032";"76561";"AM";"323";8;2207;0;5;"2023-06-09";"2023-10-20";9986
"07656123M0013";"76561";"AC";"202";8;2720;4510;5;"2023-09-22";"2023-12-12";11947
"07656223D0001";"76562";"A";"596";6;1425;2678;2;"2023-02-22";;9000
"07657522O0054";"76575";"BN";"407";8;3049;0;5;"2023-04-14";"2024-09-23";14288
"07657523O0033";"76575";"BO";"74";8;5697;0;5;"2023-10-16";"2025-01-06";16000
"07657523O0040";"76575";"BO";"153";3;1012;0;5;"2023-12-20";"2024-09-12";4895
"07657523O0043";"76575";"BM";"399";8;1130;0;2;"2023-11-24";;10951
"07659223L0003";"76592";"D";"879";8;5959;5941;5;"2023-06-28";"2024-03-01";58972
"07659223L0005";"76592";"D";"634";6;1033;653;2;"2023-07-07";;35000
"0766002200019";"76600";"ZE";"154";4;1447;1234;5;"2023-02-01";"2023-08-28";16320
"0766002300003";"76600";"ZE";"37";6;3153;0;5;"2023-05-26";"2024-05-13";9000
"0766102300009";"76610";"AB";"610";3;2500;0;5;"2023-11-27";"2025-03-04";19600
"07661722M0010";"76617";"ZA";"23";3;6172;0;2;"2023-04-14";;21129
"07661722M0016";"76617";"ZA";"69";3;2248;0;5;"2023-04-24";"2024-09-03";4372
"07674323C0003";"76743";"D";"595";6;1855;21371;5;"2023-06-22";"2024-01-15";0
"0767582300014";"76758";"AD";"245";3;1134;0;5;"2023-11-23";"2025-09-01";1827
"0767582300035";"76758";"AR";"35";4;3821;0;2;"2023-12-07";;5113
"0770142100012";"77014";"B";"10";4;1570;3514;2;"2023-01-06";;17784
"0770182300001";"77018";"B";"649";4;8056;0;2;"2023-05-15";;4800
"0770832300016";"77083";"AM";"402";3;16409;0;2;"2023-09-26";;8549
"0770852300004";"77085";"YA";"535";8;2915;0;2;"2023-06-14";;0
"0771082300001";"77108";"AZ";"157";4;1343;0;5;"2023-10-04";"2024-07-08";9341
"0771112200032";"77111";"AL";"241";3;7570;0;2;"2023-01-19";;54069
"0771222200010";"77122";"AI";"258";4;1747;3320;2;"2023-04-12";;9403
"0771322300001";"77132";"E";"910";8;1547;0;2;"2023-07-17";;3659
"0771322300003";"77132";"E";"910P";6;5554;0;5;"2023-04-04";"2023-09-11";11701
"0771322300005";"77132";"AB";"141";3;1851;0;5;"2023-06-22";"2023-07-17";0
"0771392300012";"77139";"B";"3832";6;5395;0;5;"2023-10-17";"2024-05-06";8685
"0771462200008";"77146";"AM";"4P";8;3689;0;2;"2023-04-12";;6977
"0771462300003";"77146";"AM";"44";6;3784;0;2;"2023-08-17";;6956
"0771462300004";"77146";"AM";"43P";6;1869;0;5;"2023-07-07";"2024-01-26";4374
"0771462300006";"77146";"AM";"60";6;3567;0;5;"2023-09-14";"2024-01-15";7236
"0771462300009";"77146";"AM";"54";8;6585;0;2;"2023-09-08";;16628
"0771522300014";"77152";"AY";"409";8;7302;613;2;"2023-09-21";;5869
"0771562200029";"77156";"AB";"53";8;17064;18509;2;"2023-03-28";;124492
"0771722200004";"77172";"YC";"38";4;3150;0;2;"2023-06-30";;0
"0771722300001";"77172";"YC";"136";4;2500;0;2;"2023-10-27";;0
"0771812300003";"77181";"ZA";"281";8;1480;32329;2;"2023-06-22";;77738
"0771832300001";"77183";"AY";"495";8;1612;662;5;"2023-07-06";"2024-03-11";3912
"0772512200008";"77251";"A";"1732";6;1751;0;5;"2023-01-02";"2023-04-24";0
"0772512200013";"77251";"ZD";"26";8;1219;4651;5;"2023-03-21";"2023-03-22";18877
"0772512300004";"77251";"ZE";"138";6;1601;0;5;"2023-10-16";"2024-02-19";4068
"0772512300007";"77251";"AU";"4";3;9357;0;2;"2023-10-16";;7827
"0772512300015";"77251";"ZD";"40";8;1003;3346;2;"2023-12-14";;8222
"0772582300002";"77258";"AG";"244";4;2124;0;2;"2023-06-21";;0
"0772682300009";"77268";"ZB";"1197P";3;1711;0;5;"2023-09-17";"2024-04-26";3732
"0772762300005";"77276";"ZA";"569";8;2022;0;5;"2023-07-04";"2024-01-08";9397
"0772792300008";"77279";"ZN";"345";8;46241;37117;2;"2023-11-06";;210000
"0772962200019";"77296";"A";"1982";6;1751;0;5;"2023-01-07";"2023-04-24";2832
"0772962200023";"77296";"AE";"7";6;11743;0;5;"2023-02-20";"2023-09-18";25000
"0773162300005";"77316";"ZB";"529";4;2508;0;2;"2023-10-15";;5000
"0773272300001";"77327";"ZE";"10";6;4170;0;2;"2023-05-22";;250030
"0773332200016";"77333";"AP";"328";8;2809;5285;5;"2023-01-03";"2023-04-17";13737
"0773632300005";"77363";"ZE";"68";6;1300;8850;2;"2023-09-21";;349586
"0773792200018";"77379";"XD";"80";8;1249;80;2;"2023-03-14";;17343
"0774102200009";"77410";"ZI";"253";6;2760;0;2;"2023-01-11";;7205
"0774102300003";"77410";"ZL";"242";6;1263;0;5;"2023-10-11";"2024-03-05";2096
"0774202300009";"77420";;;4;2951;0;2;"2023-10-04";;0
"0774372300001";"77437";"ZM";"100";6;3647;6537;2;"2023-05-15";;8195
"0774492200009";"77449";"YB";"146";8;17316;17316;2;"2023-03-17";;34632
"0774492300003";"77449";"YB";"130";6;2473;0;5;"2023-05-31";"2023-09-01";5857
"0774492300009";"77449";"AC";"142";3;1831;5309;2;"2023-08-29";;1760
"0774682200016";"77468";"AK";"88";8;3113;3113;5;"2023-01-17";"2023-06-12";5241
"0774682300004";"77468";"AK";"41";8;1758;2928;2;"2023-06-08";;7750
"0774772200009";"77477";"ZD";"132";6;4503;0;5;"2023-09-02";"2023-10-02";0
"0774822300002";"77482";"YB";"10";4;3325;200;5;"2023-08-04";"2024-04-08";2567
"0774922300005";"77492";"X";"382";8;7705;0;5;"2023-12-26";"2024-04-01";70000
"0775132300006";"77513";"A";"926";6;2006;0;2;"2023-09-05";;5000
"0775142300005";"77514";"B";"1192";6;5180;0;2;"2023-06-28";;10885
"0775342200007";"77534";"ZD";"196";4;2360;0;2;"2023-02-28";;5713
"0775342200010";"77534";"ZD";"183";4;5705;0;2;"2023-04-27";;15000
"07800522A0006";"78005";"A";"119";6;2821;9020;5;"2023-03-13";"2023-08-01";803781
"07800523A0008";"78005";"C";"1850";4;1510;0;5;"2023-12-08";"2025-09-15";2791
"07800923C0004";"78009";"ZH";"32";8;9352;0;2;"2023-07-10";;2084
"07807322B1008";"78073";"BI";"140";4;2982;1232;2;"2023-02-21";;14461
"07808723C0006";"78087";"ZB";"472";4;1852;0;5;"2023-10-12";"2025-07-01";6730
"07811823Y0007";"78118";;;6;3970;0;2;"2023-08-28";;44108
"07813322G0012";"78133";"A";"929";6;1548;0;5;"2023-04-19";"2023-09-18";5827
"07813323G0011";"78133";"A";"38";4;4826;0;5;"2023-12-05";"2024-07-08";12886
"07814622G1066";"78146";"AT";"931";3;1413;380;2;"2023-02-03";;928
"07814623G1026";"78146";"AE";"23";6;1055;81404;5;"2023-09-18";"2023-12-18";118366
"07815822Z0015";"78158";"AS";"37";3;1195;27801;2;"2023-02-07";;67465
"07816822E0004";"78168";"AN";"70";4;2743;3310;2;"2023-02-01";;10918
"0781722300025";"78172";"AD";"911";6;1600;5514;2;"2023-09-18";;12234
"07819223M0008";"78192";"D";"29";8;2070;156;2;"2023-07-20";;2522
"0782382300004";"78238";"D";"616";6;5589;0;2;"2023-11-23";;42191
"07823823Y0005";"78238";"D";"616";6;6880;0;2;"2023-11-23";;42191
"07825523F0038";"78255";"D";"789";8;4378;0;2;"2023-11-10";;8527
"07833523L0026";"78335";"BK";"131";8;1428;0;2;"2023-12-04";;489669
"07842323E0003";"78423";"AL";"190";8;4304;7167;5;"2023-04-11";"2025-03-21";9009
"07844023Y0022";"78440";"BD";"891";8;1581;2200;5;"2023-07-04";"2024-10-21";0
"07844023Y0031";"78440";"BD";"914";6;3266;545;5;"2023-08-31";"2024-01-02";5460
"07846623Y0020";"78466";"AI";"11";8;6988;1350;5;"2023-10-18";"2024-11-12";4072
"07849022E0021";"78490";"BL";"1";6;17622;0;5;"2023-08-07";"2023-10-12";42190
"07849023E0024";"78490";"BV";"24";6;4030;0;5;"2023-11-27";"2024-06-28";12253
"07851723R1038";"78517";"AH";"84";4;2008;0;5;"2023-11-23";"2025-03-10";1111
"0785312300015";"78531";"K";"1385";3;1510;0;2;"2023-09-28";;4648
"07855122Z0074";"78551";"AW";"44";6;17684;22305;5;"2023-10-24";"2023-10-30";69667
"07855123Z0021";"78551";"AS";"2590";3;11968;9827;2;"2023-12-01";;9862
"07858623G1028";"78586";"AB";"199";8;1050;3573;2;"2023-09-11";;6004
"07864023V1004";"78640";"AK";"220";6;1160;0;2;"2023-11-07";;12145
"07864622V0066";"78646";"CB";"13";3;7300;6857;2;"2023-03-09";;17000
"07864623V0033";"78646";"CD";"15";3;14711;0;2;"2023-12-19";;33516
"07904923E0022";"79049";"AS";"276";6;2950;3689;5;"2023-06-13";"2024-04-01";16995
"07907923E0034";"79079";"B";"781";6;9782;0;2;"2023-10-19";;195292
"07908122X0045";"79081";"BK";"36";4;1169;424;5;"2023-03-16";"2023-10-05";7874
"07908123X0041";"79081";"BM";"463";3;4850;877;5;"2023-10-26";"2024-04-01";4099801
"07917423S0013";"79174";"AO";"35";6;1365;953;5;"2023-10-13";"2024-08-01";31429
"07919123X0040";"79191";"IE";"70";8;1261;0;2;"2023-05-15";;2578
"07919123X0086";"79191";"IN";"1";6;2080;34382;2;"2023-07-05";;100425
"07924923X0003";"79249";"ZI";"249";8;1840;1265;2;"2023-09-11";;6734
"07925922K0011";"79259";"BK";"49";6;1398;1418;5;"2023-01-02";"2023-06-26";8441
"07928122X0015";"79281";"AE";"35";8;2295;3917;5;"2023-02-15";"2023-03-01";3006
"07929823X0003";"79298";"YK";"64";8;20131;0;5;"2023-05-16";"2023-11-06";45227
"07932923K0015";"79329";"ZI";"66";6;8862;0;5;"2023-12-04";"2024-02-13";36003
"07934922S0002";"79349";"ZE";"16";6;12000;0;2;"2023-01-23";;83340
"07935123X0004";"79351";"G";"1119";8;1618;0;2;"2023-02-21";;30075
"08000223S0001";"80002";"ZP";"81";8;18917;0;2;"2023-07-03";;38672
"08012623M0003";"80126";"AN";"28";6;2250;0;2;"2023-06-19";;14037
"08013122A0009";"80131";"ZC";"70";8;15341;0;5;"2023-01-01";"2023-11-13";30172
"08014622M0005";"80146";"ZB";"97";6;2372;0;2;"2023-03-27";;96337
"08018622S0008";"80186";"ZI";"104";6;2481;7537;2;"2023-01-05";;35865
"08022723P0005";"80227";"ZM";"16";6;4389;0;2;"2023-08-11";;58310
"08022723P0007";"80227";"ZM";"11";8;14098;0;2;"2023-12-13";;127495
"08024022S0003";"80240";"AE";"3";3;1891;962;5;"2023-05-15";"2023-10-16";18652
"08025322P0016";"80253";"AH";"228";8;7272;12366;2;"2023-03-09";;88731
"08026123M0008";"80261";"ZB";"31";8;9968;0;2;"2023-12-28";;26034
"08028823S0001";"80288";"ZO";"118";8;3595;0;5;"2023-07-03";"2024-12-02";11000
"08037923M0002";"80379";"ZD";"132";6;1008;7790;5;"2023-07-28";"2024-01-05";23621
"08037923M0004";"80379";"ZD";"276";3;1240;0;2;"2023-10-19";;4819
"08037923M0007";"80379";"ZD";"251";8;1159;0;2;"2023-12-08";;2222
"08048922A0016";"80489";;;8;1156;0;2;"2023-01-17";;11502
"08048923A0009";"80489";;;8;2037;0;2;"2023-12-22";;0
"08058522S0008";"80585";"ZC";"38";8;1926;1046;5;"2023-03-24";"2024-01-03";9449
"08062022F0013";"80620";"ZB";"125";6;42202;0;5;"2023-05-23";"2024-02-05";129210
"08062023F0005";"80620";"BE";"305";4;3387;4544;2;"2023-12-20";;14842
"08063923M0003";"80639";"ZS";"83";4;3166;0;5;"2023-08-21";"2024-01-29";25000
"08065823S0001";"80658";"ZB";"26";8;1800;0;2;"2023-04-20";;0
"08071823P0001";"80718";"ZP";"54";4;3139;0;5;"2023-07-31";"2025-01-13";5034
"08071823P0002";"80718";"ZO";"91";8;1016;0;5;"2023-05-12";"2023-10-02";3076
"08072423M0010";"80724";"ZI";"44";6;5723;0;5;"2023-10-28";"2025-06-01";30835
"08075423P0003";"80754";"ZO";"13";6;4389;0;2;"2023-08-11";;106513
"08075423P0006";"80754";"ZM";"11";8;23129;0;2;"2023-12-14";;127495
"08079823P0009";"80798";"ZL";"214";8;3181;0;5;"2023-08-09";"2023-11-27";21540
"08100422X0195";"81004";"CX";"363";4;2900;0;2;"2023-06-19";;4334
"08100423X0069";"81004";"BZ";"60";4;1009;9421;5;"2023-09-01";"2023-10-17";29691
"08100423X0135";"81004";"AE";"60";3;1052;10430;5;"2023-10-23";"2023-11-03";54014
"08102123B0003";"81021";"AN";"153";6;1563;3961;2;"2023-05-12";;0
"08102123B0011";"81021";"AD";"140";8;1121;765;5;"2023-08-10";"2024-03-04";0
"08103323B0009";"81033";"B";"1488";6;1425;2341;2;"2023-07-13";;53699
"08105223A0011";"81052";"AA";"5";4;1440;0;5;"2023-12-08";"2024-03-11";11077
"08106522B1034";"81065";"IH";"15";4;4046;8160;5;"2023-05-09";"2025-06-16";37657
"08106522B1118";"81065";"DO";"147";4;3715;0;2;"2023-06-13";;19295
"08106522B1148";"81065";"KC";"6";3;10255;12728;5;"2023-04-04";"2023-06-12";101654
"08106523B1021";"81065";"BZ";"4";4;1472;0;5;"2023-06-02";"2025-01-13";2813
"08106523B1033";"81065";"DX";"663";8;1023;0;5;"2023-06-13";"2023-06-19";4067
"08109923T0047";"81099";"NL";"155";4;1304;0;5;"2023-08-11";"2025-01-06";4461
"08110523T0019";"81105";"B";"1175";6;1858;2875;5;"2023-10-05";"2024-02-13";44821
"08112023B0016";"81120";"A";"732";6;4456;0;5;"2023-10-05";"2024-03-18";0
"08113123T0011";"81131";"ZK";"126";6;1588;0;5;"2023-08-30";"2024-02-07";15833
"08122223A0007";"81222";"C";"1188";6;1012;0;2;"2023-06-01";;46315
"08124923A0008";"81249";"B";"1748";8;1003;1000;2;"2023-09-08";;10801
"08127123A0013";"81271";"B";"3502";8;1934;0;2;"2023-05-15";;6051
"08127123A0030";"81271";"ZE";"156";8;5979;0;2;"2023-09-08";;19618
"08127123A0035";"81271";"ZA";"335";8;1599;0;2;"2023-09-28";;14578
"08128423A1021";"81284";"AE";"60";3;1052;10430;5;"2023-10-23";"2024-10-04";25553
"08203322C0077";"82033";"DM";"129";8;1523;0;2;"2023-03-23";;9616
"08203323C0032";"82033";"AH";"52";4;1120;0;2;"2023-11-09";;3831
"08204423T0004";"82044";"A";"175";4;1241;0;5;"2023-06-06";"2023-12-29";17958
"08204822S0021";"82048";"OOC";"437";4;3195;445;5;"2023-01-11";"2023-05-30";8701
"08204823S0012";"82048";"0A";"837";8;3244;0;2;"2023-08-02";;7985
"08207522S0044";"82075";"AM";"35";8;1083;0;2;"2023-01-26";;65437
"08207922S0017";"82079";"AD";"132";4;1499;2084;5;"2023-03-24";"2025-04-25";2864
"08207923S0001";"82079";"AM";"174";4;1258;0;2;"2023-06-16";;10638
"08212122M0302";"82121";"AR";"159";3;2397;0;5;"2023-07-03";"2024-07-22";2994
"08212123M0182";"82121";"BC";"272";3;3779;0;5;"2023-11-30";"2023-12-01";7219
"08212123M0203";"82121";"HR";"442";4;1998;2515;5;"2023-12-13";"2025-06-23";6152
"08212323S0011";"82123";"0A";"1710";8;2410;0;2;"2023-10-11";;10800
"08212323S0013";"82123";"0A";"1966";8;18799;0;2;"2023-12-01";;0
"08212423T0043";"82124";"B";"1172";8;1038;0;5;"2023-11-21";"2024-12-18";28397
"08215022T0007";"82150";"ZD";"121";6;1037;1550;5;"2023-02-06";"2023-03-01";17289
"08218623DR011";"82186";"AM";"491";8;1495;6385;5;"2023-11-03";"2024-07-16";23466
"08302322O0046";"83023";"AN";"529";4;1128;0;2;"2023-01-12";;5890
"08305423O0013";"83054";"AY";"125";4;1995;0;5;"2023-12-27";"2024-07-10";3979
"08305423O0018";"83054";"AX";"46";8;4975;4210;2;"2023-10-11";;13195
"0830572300024";"83057";"G";"315";4;1714;402;5;"2023-11-06";"2024-05-27";0
"0830622310015";"83062";"AT";"696";3;1253;0;2;"2023-07-13";;2345
"0830692200208";"83069";"AM";"144";4;1472;0;5;"2023-02-13";"2023-12-20";2204
"0830692200222";"83069";"CI";"168";3;1395;0;2;"2023-03-10";;1587
"08307323L0016";"83073";"G";"5127";3;1101;0;2;"2023-12-27";;1653
"08308123D0027";"83081";"G";"100";8;4279;0;2;"2023-09-13";;9585
"08309022OC049";"83090";"BD";"4";8;3022;0;2;"2023-01-11";;5627
"08309923O0034";"83099";"AZ";"220";4;5258;0;2;"2023-08-17";;28498
"08309923O0046";"83099";"AZ";"229";8;1398;0;5;"2023-12-11";"2025-11-20";2870
"08310023T0001";"83100";"E";"1614";4;1225;0;5;"2023-06-29";"2025-06-02";25526
"0831012200060";"83101";"AK";"281";4;1366;4593;5;"2023-01-18";"2023-11-02";251372
"08310423A0012";"83104";"BN";"386";4;1533;1486;2;"2023-10-31";;7801
"08310722S0249";"83107";"AO";"10";4;7000;0;5;"2023-05-26";"2025-02-03";9567
"0831152300037";"83115";"E";"1463";3;1114;0;2;"2023-05-10";;1887
"08311622O0133";"83116";"BH";"1207";4;1558;0;5;"2023-04-03";"2024-03-21";14207
"08312622C0042";"83126";"AB";"1254";4;1386;3728;5;"2023-07-03";"2024-01-08";22962
"0831272300004";"83127";"I";"1113";4;2286;0;2;"2023-07-11";;6000
"0831272300007";"83127";"I";"436";6;2259;0;5;"2023-10-13";"2025-06-02";12084
"08313823D0013";"83138";"F";"1229";8;1748;500;2;"2023-06-24";;4823
"08313823D0024";"83138";"F";"870";8;3128;0;2;"2023-10-23";;5772
"08400323A0031";"84003";"AE";"442";8;1244;0;2;"2023-07-17";;3697
"0840072200113";"84007";"00";"419";3;3279;0;5;"2023-01-23";"2024-10-03";6569
"0840072300014";"84007";"CR";"1335";3;6498;6465;2;"2023-08-09";;3088
"0840072300041";"84007";"CO";"354";3;3550;0;2;"2023-09-30";;4651
"0840072300051";"84007";"CH";"566";3;1425;2900;2;"2023-11-08";;8400
"08401922G0070";"84019";"AC";"51";4;1096;164;5;"2023-01-13";"2024-12-13";5090
"08403122C0174";"84031";"BK";"949";6;2189;2184;5;"2023-02-14";"2024-03-01";10991
"08403123C0015";"84031";"BK";"1107";3;1477;0;2;"2023-08-01";;968
"08403522E0080";"84035";"AP";"198";4;3475;4500;5;"2023-06-27";"2024-10-28";28898
"08403523E0010";"84035";;;6;3240;0;5;"2023-06-13";"2023-09-13";0
"08404322S0052";"84043";"AM";"2";4;8987;3560;2;"2023-06-19";;17400
"08407123S0006";"84071";"0A";"2021";8;1753;1160;5;"2023-11-30";"2025-09-08";14176
"08407222C0075";"84072";"CC";"235";8;2077;0;2;"2023-02-17";;4005
"08407223C0027";"84072";"CC";"327";8;1200;0;2;"2023-11-09";;3340
"08407223C0035";"84072";"CC";"300";4;1709;0;2;"2023-12-06";;11343
"08408922H0048";"84089";"BE";"62";4;4330;0;5;"2023-06-01";"2025-12-01";12158
"08408922H0090";"84089";"CI";"130";4;2034;1533;5;"2023-08-03";"2024-01-08";79426
"08409223B0033";"84092";"BP";"233";4;1850;0;2;"2023-10-24";;24532
"08411622N0012";"84116";"0D";"1168";8;1285;0;2;"2023-03-30";;3736
"08411823S0008";"84118";"AR";"375";8;1030;0;5;"2023-06-27";"2024-01-01";2715
"08412922A0061";"84129";"CE";"45";8;2328;1727;5;"2023-06-28";"2025-04-14";13949
"08412922A0076";"84129";"CS";"244";3;3338;0;2;"2023-09-14";;4966
"08412922A0077";"84129";"CS";"280";3;2416;0;2;"2023-09-15";;7215
"08413222S0032";"84132";"BT";"274";8;2340;3850;2;"2023-02-02";;12433
"08413322S0018";"84133";"0H";"1076";8;4792;8370;5;"2023-01-25";"2024-01-08";39310
"08413322S0022";"84133";"0G";"1766";8;1026;586;2;"2023-01-23";;9305
"08414122S0053";"84141";"BH";"119";8;5076;2960;5;"2023-02-21";"2024-06-30";13024
"08500323V0028";"85003";"ZY";"292";8;2186;2634;2;"2023-12-06";;5925
"08500323V0029";"85003";"ZK";"501";6;2497;0;5;"2023-08-30";"2023-09-18";16015
"08500523F0004";"85005";;;8;13812;0;5;"2023-05-12";"2023-08-14";62102
"08500523F0017";"85005";"ZL";"137";6;5050;9906;5;"2023-11-07";"2024-02-29";42404
"08501723H0004";"85017";"ZL";"163";6;2877;26898;2;"2023-06-16";;189758
"08503423C0013";"85034";"XR";"127";8;1364;1226;2;"2023-09-18";;18532
"08504523C0001";"85045";"AH";"140";6;1822;6661;2;"2023-03-16";;10000
"08504722C0124";"85047";"DN";"119";3;4943;0;2;"2023-03-09";;10043
"08504722C0193";"85047";"BK";"103";6;1956;4565;2;"2023-05-09";;20535
"08504723C0120";"85047";"BM";"13";4;2043;5950;2;"2023-09-20";;20397
"08504723C0121";"85047";"BM";"13";4;6234;5950;2;"2023-09-21";;20397
"08505123C0050";"85051";"XE";"152";6;1475;1444;2;"2023-12-14";;13606
"08506422U0034";"85064";"ZT";"1";6;1450;3171;2;"2023-01-19";;37010
"08506523U0010";"85065";"ZE";"314";4;20180;0;5;"2023-10-13";"2023-10-20";79278
"08507022C0049";"85070";"AM";"127";6;3092;7154;2;"2023-01-31";;30784
"08507022C0051";"85070";"AL";"72";6;2340;33061;5;"2023-02-08";"2023-04-10";94983
"08507823F0002";"85078";"ZD";"183";4;1220;0;2;"2023-07-21";;3534
"08508123Y0028";"85081";"ZB";"227";8;1454;1789;2;"2023-12-20";;7832
"08508422U0096";"85084";"ZB";"26";6;1430;16280;2;"2023-02-01";;48022
"08508423U0090";"85084";"ZD";"56";6;3307;10027;2;"2023-11-10";;55380
"08508923Y0023";"85089";"YB";"84";6;6504;0;2;"2023-12-22";;16619
"08509222F0104";"85092";"ZT";"221";6;1866;4320;2;"2023-06-05";;25205
"08509322Y0010";"85093";"D";"382";8;1704;31152;2;"2023-05-02";;303979
"08509622C0104";"85096";"YS";"54P";4;1044;0;2;"2023-04-11";;30419
"08509622C0122";"85096";"YR";"133";8;1713;0;2;"2023-06-16";;2500
"08510923H0081";"85109";"YT";"300";4;1571;0;5;"2023-11-30";"2024-06-20";53615
"08514622H0167";"85146";"ZN";"101";6;1044;9510;5;"2023-01-16";"2026-01-05";23173
"08514622H0218";"85146";"AO";"78";8;2291;1694;2;"2023-05-16";;4375
"08514623H0076";"85146";"AX";"21";6;9052;14856;5;"2023-10-12";"2023-10-16";32171
"08514623H0085";"85146";"ZH";"72";6;7448;0;5;"2023-08-30";"2023-11-17";29430
"08514623H0125";"85146";"ZI";"330";6;2091;0;2;"2023-10-03";;4221
"08515123H0041";"85151";"AS";"3";6;1914;20567;2;"2023-10-30";;117092
"08515823F0011";"85158";"XD";"63";8;2310;1925;2;"2023-09-13";;15722
"08516022Y0038";"85160";"ZA";"58";8;5102;0;2;"2023-03-10";;60982
"08519023H0014";"85190";"ZE";"135";8;13173;0;5;"2023-10-20";"2024-05-21";43927
"08519122Y0110";"85191";"IP";"57";8;2782;0;5;"2023-01-05";"2023-10-31";7904
"08519122Y0127";"85191";"AS";"332";3;1497;0;5;"2023-01-17";"2023-04-12";2108
"08519122Y0136";"85191";"AC";"64";3;4437;0;5;"2023-03-24";"2023-05-24";3451
"08519122Y0225";"85191";"EM";"54";4;5936;39238;5;"2023-07-12";"2023-10-30";108452
"08519123Y0005";"85191";"IP";"12";8;5189;412;2;"2023-07-10";;22247
"08519123Y0048";"85191";"EM";"108";4;6090;8355;5;"2023-10-27";"2025-05-26";31905
"08519123Y0077";"85191";"DE";"398";3;1533;479;5;"2023-10-24";"2024-02-12";1450
"08519123Y0082";"85191";"YW";"238";8;1529;0;2;"2023-09-21";;19844
"08519123Y0118";"85191";"YW";"75";8;2283;2099;2;"2023-11-28";;18425
"08519223C0005";"85192";"ZB";"1938";6;2212;19151;2;"2023-12-19";;64727
"08519422P0195";"85194";"AP";"97";3;2976;0;5;"2023-06-27";"2024-10-01";300
"08522322F0047";"85223";"YW";"245";8;31754;0;5;"2023-03-02";"2024-07-15";142602
"08522323F0026";"85223";"YW";"178";6;4998;8555;5;"2023-10-18";"2023-10-25";65316
"08522323F0033";"85223";"YW";"144";6;1503;4016;2;"2023-09-06";;15568
"08523323F0011";"85233";"ZT";"232";6;2150;0;5;"2023-11-16";"2024-03-01";204357
"08525923H0008";"85259";"A";"1958";8;1131;1131;5;"2023-09-08";"2023-09-20";10347
"08526823C0017";"85268";"B";"2472";8;1654;0;5;"2023-12-22";"2024-03-01";6048
"08528622F0013";"85286";"ZI";"392";8;1680;326;5;"2023-02-03";"2024-10-01";5994
"08528823S0022";"85288";"AZ";"48";4;1935;470;5;"2023-07-11";"2024-02-02";0
"08528923F0014";"85289";"B";"2393";6;4400;0;5;"2023-10-25";"2023-10-30";8998
"08529423S0072";"85294";"ZA";"331";4;5272;1609;2;"2023-09-25";;25417
"08530123H0012";"85301";"ZO";"255";6;1531;1064;2;"2023-07-20";;4982
"08604623H1003";"86046";"AB";"91";8;6276;0;2;"2023-11-02";;108532
"08606223X0007";"86062";"ZP";"1023";4;1387;2469;2;"2023-09-26";;7671
"08606623H1002";"86066";"AX";"475";6;3002;2124;2;"2023-05-02";;21293
"08606623H1057";"86066";"EN";"413";8;1575;816;2;"2023-10-04";;3921
"08607022X0042";"86070";"BC";"249";4;2254;4250;2;"2023-04-28";;30885
"08607623N0015";"86076";"YE";"202";6;5721;0;2;"2023-12-18";;49550
"08612022S0007";"86120";"0H";"428";8;1036;0;2;"2023-03-09";;4545
"08616522S0024";"86165";"0C";"1361";6;1723;4300;5;"2023-04-11";"2023-05-05";14023
"08616523S0011";"86165";"0C";"1364";6;1081;1941;2;"2023-08-16";;7838
"08619422X0119";"86194";"ZL";"368";8;65275;0;2;"2023-09-29";;174241
"08619422X0195";"86194";"HO";"833";3;1419;0;2;"2023-04-07";;3942
"08619422X0235";"86194";"HO";"927";6;3574;0;2;"2023-06-05";;8227
"08619423X0010";"86194";"HO";"927";6;2986;0;2;"2023-06-16";;3253
"08619423X0011";"86194";"HO";"927";6;2313;0;2;"2023-06-19";;2437
"08619423X0012";"86194";"HO";"927";6;1274;0;2;"2023-06-19";;1178
"08619423X0023";"86194";"AE";"1026";6;2813;0;5;"2023-06-14";"2023-06-20";96401
"08619423X0032";"86194";"KT";"40";8;9297;0;2;"2023-07-27";;17394
"08619423X0114";"86194";"AE";"725";6;1496;5780;5;"2023-11-02";"2024-02-12";19409
"08628522S0011";"86285";"AC";"49";6;1229;2221;2;"2023-01-10";;74953
"08708522C0157";"87085";"LN";"262";3;3800;0;5;"2023-01-03";"2023-03-27";7118
"08708522C0246";"87085";"LI";"60";8;1308;0;2;"2023-04-12";;7045
"08708522C0255";"87085";"LL";"84";6;1285;0;2;"2023-05-17";;4127
"08708522C0257";"87085";"HO";"168";6;1940;12243;5;"2023-03-06";"2024-01-06";1342
"08708522C0267";"87085";"CP";"37PP";3;2431;0;2;"2023-05-02";;9290
"08708523C0098";"87085";"NK";"278";3;3547;0;2;"2023-09-14";;41305
"08708523C0106";"87085";"SM";"47";4;1059;0;2;"2023-11-03";;4172
"08708523C0141";"87085";"MH";"60";6;2430;0;5;"2023-11-23";"2024-09-02";7570
"08711922M0005";"87119";"ZD";"30";4;1741;0;2;"2023-02-28";;20135
"08711923M0004";"87119";"ZD";"143";8;1392;0;2;"2023-05-16";;29052
"08713123H0003";"87131";"AA";"84";6;2474;25425;2;"2023-10-17";;86862
"08714623M0005";"87146";"F";"1020";8;1020;0;2;"2023-09-23";;15951
"08715423H0038";"87154";"CX";"300";6;4685;27461;2;"2023-11-06";;96782
"08716122J6269";"87161";"B";"1570";4;2065;1869;5;"2023-05-09";"2025-04-28";0
"08720122D7103";"87201";"ZO";"524";4;1300;0;5;"2023-03-10";"2024-03-01";3967
"08802623A0003";"88026";"ZB";;4;1591;0;2;"2023-08-16";;0
"08811522H0011";"88115";"B";"158";4;1445;0;2;"2023-03-13";;4676
"08812323D0002";"88123";"B";"446";6;11860;0;2;"2023-05-12";;191584
"08816523H0016";"88165";"B";"3588";6;2370;14200;5;"2023-12-18";"2023-12-26";405753
"08820923E0007";"88209";"BC";"300";4;5446;0;2;"2023-08-03";;15561
"08820923E0008";"88209";"BE";"430";4;2542;0;2;"2023-08-03";;13147
"08834923H0003";"88349";"E";"169";4;1913;2037;5;"2023-05-09";"2024-11-04";16008
"08842923P0011";"88429";"AN";"16";3;2118;646;2;"2023-08-17";;74339
"08846523E0029";"88465";"AL";"1196";4;1865;0;2;"2023-11-16";;4317
"08846722D0007";"88467";"A";"1664";8;1084;2216;2;"2023-04-28";;5893
"08851323A0002";"88513";"AB";"195";8;1052;1900;5;"2023-04-18";"2024-01-15";3446
"08853023A0008";"88530";"BD";"101";8;1200;489;2;"2023-05-03";;4523
"08901322B0010";"89013";;;8;25578;0;2;"2023-07-03";;61782
"08901322B0012";"89013";"BL";"147";8;37951;0;2;"2023-07-03";;79722
"08901323B0002";"89013";"BE";"625";3;1142;0;2;"2023-08-25";;56449
"08901323B0003";"89013";"BE";"609";8;12324;0;2;"2023-08-25";;29895
"08901323B0004";"89013";"BH";"328";8;9733;0;2;"2023-08-25";;46747
"08901323B0014";"89013";"BH";"326";8;4743;0;2;"2023-11-18";;10695
"08910022T0011";"89100";"ZP";"52";4;1650;1195;2;"2023-03-14";;7304
"08916023Z0004";"89160";"ZA";"90";6;3019;0;2;"2023-10-15";;17600
"08920623D0002";"89206";"BI";"706";8;1148;619;5;"2023-05-26";"2023-12-06";17494
"08923523U0005";"89235";"ZB";"119";8;76678;474;2;"2023-12-12";;161306
"08923623Z0003";"89236";"0U";"271";6;1570;7804;2;"2023-09-22";;59973
"08926323M0006";"89263";"AR";"155";6;1781;15099;5;"2023-06-05";"2024-04-15";26804
"08934823T0006";"89348";"ZC";"677";6;1600;861;5;"2023-09-14";"2023-10-24";14687
"08934823T0009";"89348";"ZC";"689";8;12642;20810;5;"2023-11-23";"2024-03-04";108644
"08938722S0036";"89387";"YA";"8";8;48957;0;2;"2023-11-10";;109558
"08938723S0020";"89387";"ZL";"459";6;1743;0;2;"2023-10-09";;10863
"08938723S0025";"89387";"ZL";"550";3;1078;0;2;"2023-11-21";;21179
"08946022T0013";"89460";"0Y";"1135";8;41167;0;2;"2023-05-30";;99240
"08946023T0001";"89460";"0Y";"1129";8;1660;0;2;"2023-04-21";;9345
"09001222A0007";"90012";"ZD";"2";4;1017;0;5;"2023-05-26";"2024-03-04";25759
"09001222A0009";"90012";"ZD";"350";4;1113;0;5;"2023-05-23";"2023-09-04";17616
"09004722A0002";"90047";"CA";"20";8;74510;0;2;"2023-04-13";;184883
"09004722A0004";"90047";"CB";"54";8;1319;9520;5;"2023-01-24";"2023-01-25";29958
"09004723A0004";"90047";"CB";"54";6;4650;11780;5;"2023-10-06";"2024-01-09";29958
"09007222A0010";"90072";"ZA";"113";6;2029;3804;5;"2023-02-07";"2023-03-06";15036
"0910162300006";"91016";"AE";"21";6;3446;0;2;"2023-09-13";;8080
"0910212210020";"91021";;;8;3132;0;5;"2023-06-01";"2024-09-01";0
"0910212310009";"91021";"AB";"234";8;2343;0;5;"2023-07-13";"2024-05-27";4899
"0911292210013";"91129";"AE";"734";6;1467;9327;2;"2023-06-05";;47116
"0912002210022";"91200";"F";"238";4;5265;0;2;"2023-09-15";;30097
"0912002310011";"91200";"YB";"15";6;5997;0;2;"2023-09-20";;20728
"0912282200031";"91228";"BD";"12";6;21003;0;2;"2023-05-03";;13609
"0912432210014";"91243";"D";"203";3;1068;1323;2;"2023-03-06";;17122
"0912722340013";"91272";"CR";"116";3;1589;2365;2;"2023-08-31";;8032
"0912722340016";"91272";"ZQ";"192";3;15274;0;5;"2023-12-12";"2024-10-07";6265
"0912862220023";"91286";"AT";"8";8;1100;2200;5;"2023-03-08";"2024-03-08";6216
"0912862320004";"91286";"AT";"46";8;11356;47826;5;"2023-12-04";"2023-12-12";75026
"0913302310003";"91330";"B";"90";6;2655;151138;5;"2023-06-01";"2023-10-30";811159
"0913452210019";"91345";"AB";"77";8;6301;2244;5;"2023-05-24";"2023-12-18";14328
"0913632310017";"91363";"B";"66";8;13502;98497;5;"2023-08-28";"2024-01-16";1289151
"0913632310019";"91363";"B";"66";8;6863;111999;5;"2023-09-26";"2024-01-16";1289151
"0913772110034";"91377";"BO";"110";3;27639;0;2;"2023-02-08";;12237
"0913772310014";"91377";"BH";"158";3;7973;71256;2;"2023-09-01";;18396
"0913772310002";"91377";"BD";"11";6;22000;0;2;"2023-07-30";;27375
"0914252210024";"91425";"AK";"36";3;10788;0;2;"2023-01-06";;9807
"0914582210012";"91458";;;3;1416;81435;2;"2023-01-11";;718526
"0914612210018";"91461";"AC";"12";4;3444;0;5;"2023-01-18";"2025-01-15";15868
"0914612310004";"91461";"AC";"119";6;8083;0;5;"2023-06-05";"2024-10-28";22283
"0915212210025";"91521";"AX";"22";4;2660;0;5;"2023-03-21";"2024-07-15";6970
"0915382310002";"91538";"OC";"157";4;2333;330;2;"2023-09-26";;310
"0915382340001";"91538";"B";"49";3;3562;0;2;"2023-11-14";;3882
"0915492210062";"91549";"BH";"145";4;1471;1376;2;"2023-01-02";;2140
"0915522310006";"91552";"BA";"57";8;11980;16331;2;"2023-08-30";;57386
"0915732310002";"91573";"ZC";"475";8;1483;0;2;"2023-06-30";;0
"0916592300004";"91659";"AB";"144";6;1200;0;5;"2023-07-11";"2023-12-04";16545
"0916612340006";"91661";"AP";"55";6;5100;0;2;"2023-06-23";;9750
"0916672310013";"91667";"AK";"396";4;1219;384;5;"2023-09-04";"2024-10-14";3622
"0916792310002";"91679";"E";"804";6;1192;463;2;"2023-08-22";;11423
"0916892300005";"91689";"Z";"323";6;3740;7222;2;"2023-07-25";;23075
"0916922340004";"91692";"BR";"33";6;1619;0;2;"2023-10-28";;3708
"0920122200051";"92012";"AN";"67";3;1636;2727;5;"2023-02-08";"2024-03-21";1243
"0920122200059";"92012";"BQ";"148";3;1346;13130;5;"2023-07-19";"2024-03-01";2556
"0920252300061";"92025";"BY";"129";4;5303;5379;2;"2023-11-22";;8625
"09202622D0038";"92026";"A";"600";3;4371;12294;5;"2023-06-02";"2025-10-27";6253
"09202623D0013";"92026";"V";"148";3;9389;12811;5;"2023-12-29";"2025-06-02";0
"09203623E0016";"92036";"H";"21";6;19958;30675;5;"2023-10-18";"2025-05-26";29633
"09203623E0017";"92036";"F";"34";6;3604;7;5;"2023-08-09";"2025-02-17";18360
"09204422D0015";"92044";"M";"171";3;1723;5893;2;"2023-06-16";;1464
"09204422D0022";"92044";"X";"94";3;10285;27315;5;"2023-08-31";"2023-12-13";5338
"09204822C0038";"92048";"AS";"119";3;37942;0;5;"2023-05-15";"2023-11-10";29478
"0920602300013";"92060";"Y";"5";3;14126;101823;5;"2023-07-17";"2024-03-04";79964
"0920632300071";"92063";"AK";"606";4;5156;0;5;"2023-12-06";"2024-03-01";9095
"09207822E0012";"92078";"0B";"128";6;12191;0;2;"2023-03-17";;40435
"09300122A0054";"93001";"M";"25";3;3783;176;5;"2023-03-09";"2024-01-15";1844
"09300122A0077";"93001";"R";"36";3;6909;2319;2;"2023-08-01";;2258
"09300123A0009";"93001";"P";"157";6;7515;0;5;"2023-07-13";"2024-10-14";35770
"09300523C0110";"93005";"DL";"93";4;1340;1383;5;"2023-10-27";"2023-11-27";3660
"09300622B0030";"93006";"V";"359";6;8712;12086;5;"2023-03-14";"2024-06-01";5024
"09300822A0054";"93008";"I";"155";6;114872;16652;5;"2023-03-15";"2024-04-29";17668
"09300822A0057";"93008";"P";"114";6;8000;1770;5;"2023-02-10";"2023-10-16";9048
"09301023B0044";"93010";"BG";"104";6;21033;0;5;"2023-11-23";"2024-04-22";0
"09304822B0160";"93048";"BG";"102";3;1950;399;2;"2023-03-10";;1157
"09304822B0204";"93048";"BE";"359";3;8650;4959;5;"2023-05-05";"2023-12-15";3989
"09304823B0010";"93048";"R";"227";8;4755;3165;2;"2023-06-05";;3789
"09305122C0117";"93051";"CL";"108";8;2948;6032;5;"2023-04-13";"2024-05-15";8523
"09305922A0075";"93059";"Y";"100";6;1749;0;2;"2023-06-27";;5601
"0930612300003";"93061";"B";"140";6;1263;1073;5;"2023-11-02";"2024-12-16";0
"09306622A0035";"93066";"BY";"213";3;22972;0;2;"2023-03-21";;6655
"09306623A0006";"93066";"CT";"23";3;1152;6265;2;"2023-07-18";;106001
"09307022A0058";"93070";"Z";"111";4;1188;2106;5;"2023-07-31";"2025-06-30";32
"09307023A0004";"93070";"P";"10";3;14165;21531;2;"2023-12-22";;19807
"09307223A0007";"93072";"K";"296";6;1705;6895;2;"2023-08-31";;14611
"09307323C0028";"93073";"BH";"23";8;7586;21731;5;"2023-09-14";"2023-09-25";53525
"09307323C0031";"93073";"B";"1006";8;9032;0;5;"2023-11-09";"2024-03-20";17084
"09307823C0004";"93078";"AO";"13";3;2701;3056;5;"2023-07-07";"2024-04-08";4954
"09400322W1038";"94003";"A";"10";3;6898;0;5;"2023-02-22";"2023-06-12";143853
"0940112201023";"94011";"A";"98";6;4731;2234;2;"2023-01-17";;29881
"0940112301006";"94011";"D";"49";3;5953;8850;5;"2023-06-09";"2023-09-01";13198
"09401923N1005";"94019";"AR";"50";6;11743;0;2;"2023-08-24";;8512
"09402123W1008";"94021";"AE";"49";8;2620;848663;5;"2023-10-04";"2024-06-03";0
"09402221C1041";"94022";"AC";"31";3;13476;0;2;"2023-06-15";;4524
"0940412201065";"94041";"H";"46";6;15027;11828;2;"2023-04-13";;11184
"09404223N0005";"94042";"R";"29";3;1788;128;2;"2023-08-07";;1444
"09404422C0050";"94044";;;6;5195;0;2;"2023-04-07";;10570
"09404423C0018";"94044";"D";"30";3;6370;6362;5;"2023-10-20";"2025-01-29";0
"09404623C1013";"94046";"AR";"17";3;2214;712;5;"2023-06-19";"2024-01-05";0
"0940522200047";"94052";"G";"140";4;5776;0;2;"2023-09-12";;9623
"09405623N0007";"94056";;;4;1311;2964;2;"2023-07-05";;4040
"09406022N1010";"94060";"AT";"25";6;19451;0;5;"2023-08-08";"2024-11-12";44430
"09407122C0032";"94071";"AZ";"398";6;3271;2798;5;"2023-01-19";"2023-05-09";5000
"09407122C0069";"94071";"AZ";"569";3;16905;0;2;"2023-06-13";;11000
"09407423C1009";"94074";"A";"966";3;3859;0;5;"2023-09-20";"2024-01-03";3615
"09407423C1010";"94074";"AI";"337";3;4485;0;2;"2023-08-23";;3320
"09407423C1013";"94074";"A";"855";4;2051;0;5;"2023-10-26";"2024-07-15";26067
"09407423C1015";"94074";"A";"865";3;3875;0;2;"2023-12-07";;5030
"09407722W0046";"94077";"AX";"184";8;1005;41172;5;"2023-01-09";"2023-03-27";132953
"0940812200060";"94081";"AB";"308";8;2027;10224;5;"2023-08-27";"2024-04-03";23776
"0940812200069";"94081";"CD";"435";6;9606;0;2;"2023-04-24";;4762
"0940812300033";"94081";"DK";"12";6;6176;128087;2;"2023-08-07";;222995
"09501822O0072";"95018";"BH";"59";6;27258;8871;5;"2023-03-24";"2024-09-30";8915
"09501823O0075";"95018";"BH";"24";6;19103;17160;5;"2023-12-11";"2024-09-02";16662
"09501823O0087";"95018";"BY";"163";6;4760;7095;5;"2023-09-22";"2024-01-22";10104
"09501823O0135";"95018";"BK";"178";4;2955;6895;2;"2023-06-12";;9362
"09502623B0005";"95026";"AC";"397";8;1469;4494;5;"2023-11-24";"2024-11-21";9974
"09505823H0010";"95058";"ZC";"169";4;2005;0;2;"2023-11-22";;5030
"09512723U0005";"95127";"EI";"2";4;1175;0;2;"2023-07-06";;8739
"09512723U0012";"95127";"AX";"23";3;6638;13353;5;"2023-12-20";"2025-12-15";5336
"09519723C0028";"95197";"AI";"478";6;1640;0;5;"2023-11-29";"2023-12-19";3123
"09521822U0013";"95218";"AY";"11";8;115337;148;5;"2023-07-03";"2025-04-22";0
"0952412200009";"95241";"ZI";"210";6;1207;0;2;"2023-06-30";;0
"09525623B0005";"95256";"B";"1101";6;2155;0;5;"2023-12-08";"2024-10-21";9281
"09527723G0011";"95277";"AL";"1";8;25350;15300;5;"2023-10-06";"2024-05-06";35092
"0952802300005";"95280";"ZD";"416";8;1018;201;2;"2023-06-30";;4902
"0952882280030";"95288";"AE";"581";3;1225;0;2;"2023-08-18";;44615
"0952882280033";"95288";"AE";"581";3;1863;0;2;"2023-08-29";;44615
"0952882380016";"95288";"AE";"627";8;4050;0;2;"2023-11-15";;5948
"0952882380018";"95288";"AE";"630";4;2242;0;2;"2023-11-07";;2776
"0952882380019";"95288";"AE";"632";8;4400;0;2;"2023-11-08";;8145
"0953512300006";"95351";"ZA";;8;8469;0;5;"2023-07-27";"2024-08-01";17995
"09537022B0015";"95370";"ZD";"286";6;7943;0;5;"2023-04-11";"2024-04-08";16256
"09542422S0026";"95424";"AL";"71";4;1872;17820;5;"2023-02-16";"2025-01-09";35689
"09547623U0023";"95476";"AX";"1";6;11102;0;2;"2023-10-10";;26014
"09548722H0028";"95487";"AC";"134";8;3795;0;2;"2023-03-14";;26436
"09548722P0028";"95487";"AC";"286";8;3795;0;5;"2023-03-14";"2024-09-23";7257
"0955002200042";"95500";"BS";"1";6;1471;24896;5;"2023-05-04";"2023-05-30";0
"0955092200011";"95509";"ZE";"22P";6;9912;0;2;"2023-03-01";;22358
"0955092300004";"95509";"ZE";"22";8;12701;0;2;"2023-04-21";;0
"0955092300005";"95509";"ZA";;8;8469;0;2;"2023-07-27";;17995
"0955272300008";"95527";"C";"1225";6;5866;3680;2;"2023-09-25";;20075
"0955272300010";"95527";"C";"1290";6;18788;0;5;"2023-12-01";"2025-11-14";45441
"09553923O0037";"95539";"0A";"628";4;1502;622;5;"2023-11-16";"2024-05-13";3782
"09557222U0048";"95572";"AK";"8";6;1609;2783;2;"2023-01-31";;8107
"09557223U0014";"95572";"AB";"1";8;1749;18475;5;"2023-09-23";"2024-01-04";51213
"0955802200014";"95580";"OA";"2";8;36853;0;2;"2023-02-20";;89549
"0955802200015";"95580";"OA";"2";8;11046;0;2;"2023-02-20";;0
"0955802300003";"95580";"C";"181";4;1820;3606;5;"2023-08-04";"2023-10-09";14755
"0956072300002";"95607";"BP";"113";8;5006;2945;5;"2023-06-13";"2024-04-15";6008
"0956412300003";"95641";"A";"548";4;1430;0;2;"2023-09-07";;0
"09565222C0029";"95652";"C";"1583";8;2540;0;2;"2023-02-07";;5272
"09565822B0007";"95658";"ZA";"58";8;2652;2241;2;"2023-03-31";;20262
"9711012231169";"97101";"AC";"474";3;2652;0;5;"2023-05-12";"2024-01-15";827
"9711012231182";"97101";"AD";"854";3;1162;0;2;"2023-04-24";;2411
"9711012331024";"97101";"CY";"75";4;3133;1650;2;"2023-12-08";;11460
"9711042210028";"97104";"AB";"363";3;3891;1968;2;"2023-07-24";;8870
"9711072310041";"97107";"AT";"1356";4;9620;0;5;"2023-12-15";"2025-01-20";46113
"9711202232033";"97120";"AC";"34";6;1902;0;2;"2023-01-09";;951
"97112523SF096";"97125";"BM";"356";3;1102;0;5;"2023-11-03";"2024-03-18";0
"9711342310011";"97134";"AH";"105";6;1218;0;2;"2023-11-09";;5190
"97220723BR014";"97207";"AB";"361";8;5265;3276;2;"2023-08-17";;22983
"97220922BR138";"97209";"W";"400";4;8559;0;2;"2023-04-03";;62986
"97220922BR158";"97209";"AM";"950";8;2870;0;5;"2023-03-02";"2024-12-01";9879
"97220923BR022";"97209";"T";"1495";3;1377;1373;2;"2023-12-11";;3675
"97221322BR166";"97213";"S";"2157";6;3192;0;5;"2023-03-09";"2023-06-01";6287
"97221322BR247";"97213";"L";"14";8;1144;0;2;"2023-03-21";;0
"97221322BR250";"97213";"M";"294";8;5706;1192;5;"2023-05-02";"2025-12-01";8467
"97221323BR004";"97213";"S";"1488";4;1307;0;5;"2023-08-08";"2023-11-27";44482
"97221323BR023";"97213";"AT";"284";8;1056;1686;2;"2023-08-01";;4222
"97222223BR023";"97222";"AR";"450";3;1017;0;5;"2023-10-09";"2024-06-24";4219
"97222423BR027";"97224";"S";"1577";4;1462;0;5;"2023-11-13";"2024-04-17";6764
"97223022BR075";"97230";"X";"85";8;1463;0;2;"2023-03-28";;0
"9733022310041";"97302";"RL";"20";8;2300;0;2;"2023-09-22";;4201
"9733022310059";"97302";"BT";"856";8;1779;0;5;"2023-09-22";"2024-10-09";5587
"9733042210051";"97304";"F";"273";8;2016;563;2;"2023-02-15";;627955
"9733042310017";"97304";"BV";"29";3;1880;1550;2;"2023-05-13";;277401
"9733062320025";"97306";"F";"558";6;5500;0;2;"2023-10-25";;20025
"9733092210106";"97309";"AS";"237";4;7680;0;2;"2023-06-07";;33525
"9733112220082";"97311";"AI";"226";8;9990;0;2;"2023-03-10";;33054
"9733112320017";"97311";"AI";"167";3;1293;0;2;"2023-11-02";;5316
"97440223A0032";"97402";"AD";"1129";8;1086;0;5;"2023-12-15";"2024-04-18";961
"97440722A0044";"97407";"BC";"351";3;5695;0;2;"2023-03-01";;4686
"97440722A0071";"97407";"AT";"47";8;5583;0;5;"2023-01-24";"2023-07-03";13726
"97440722A0083";"97407";"AT";"20";8;4476;2102;5;"2023-02-07";"2024-01-17";15761
"97440722A0135";"97407";"BI";"124";3;4553;0;5;"2023-05-02";"2024-06-30";2395
"97440723A0017";"97407";"BI";"435";4;1160;0;5;"2023-12-12";"2025-04-04";5109
"97440723A0043";"97407";"AZ";"134";3;1160;0;2;"2023-09-08";;2242
"97440723A0050";"97407";"AV";"57";8;1783;151;2;"2023-12-28";;2428
"97440922A0153";"97409";"AO";"600";4;4407;0;5;"2023-01-05";"2025-06-16";2778
"97441022A0150";"97410";"AB";"1168";8;2816;0;5;"2023-02-22";"2023-10-02";9295
"97441022A0212";"97410";"AK";"792";3;1887;0;5;"2023-04-14";"2024-04-15";3000
"97441023A0149";"97410";"BD";"829";8;2427;0;5;"2023-09-28";"2024-07-08";8626
"97441122A0315";"97411";"AH";"43";3;3612;1385;5;"2023-07-17";"2024-05-14";1895
"97441423A0112";"97414";"DH";"322";8;1981;918;2;"2023-10-31";;3058
"97441522A0493";"97415";"BH";"266";3;4173;0;5;"2023-03-15";"2024-03-30";11306
"97441522A0757";"97415";"AB";"369";8;3281;0;2;"2023-10-27";;8266
"97441622A0376";"97416";"CS";"1259";3;1107;0;5;"2023-01-26";"2024-01-22";43905
"97441622A0380";"97416";"CS";"1259";8;2222;0;5;"2023-04-06";"2024-08-19";3418
"97441622A0386";"97416";"CS";"1374";8;1064;0;2;"2023-02-02";;1970
"97441622A0398";"97416";"CS";"1259";6;3570;0;2;"2023-06-26";;15204
"97441622A0405";"97416";"CS";"1359";8;2192;0;5;"2023-03-24";"2023-11-22";3974
"97441622A0427";"97416";"CR";"1157";3;1305;0;5;"2023-04-06";"2024-07-01";2400
"97441622A0479";"97416";"CS";"1248";8;4270;0;5;"2023-04-27";"2024-05-27";0
"97441622A0540";"97416";"CR";"1159";6;6034;0;2;"2023-07-03";;10531
"97441623A0047";"97416";"CO";"992";6;2118;0;5;"2023-10-12";"2025-05-12";4000
"97441623A0165";"97416";"CS";"1597";8;1411;0;5;"2023-07-26";"2024-07-01";4636
"97441623A0305";"97416";"CR";"1242";6;1766;0;2;"2023-10-24";;4177
"97441623A0363";"97416";"DL";"301";3;1769;0;5;"2023-11-24";"2024-10-30";2224
"97441623A0418";"97416";"CR";"1132";6;1279;0;5;"2023-12-04";"2024-06-21";9408
"97441623E0286";"97416";"DW";"350";4;1588;307;2;"2023-08-10";;1836
"97441822A0029";"97418";"BD";"397";3;1217;0;2;"2023-03-01";;1383
"97441822A0237";"97418";"AX";"120";6;3504;0;5;"2023-02-13";"2023-02-14";9738
"9766072200038";"97607";"AP";"40";8;1002;4117;2;"2023-02-02";;43945
"97661123A0032";"97611";"AE";"26";3;1844;0;2;"2023-07-11";;3992
"97661123A0096";"97611";"AY";"4";3;1754;388;2;"2023-09-14";;5232
"9766142300011";"97614";"AS";"176";8;1209;0;2;"2023-10-21";;0
"9766172300016";"97617";"AW";"560";4;1500;0;2;"2023-10-03";;16335
"9766172300033";"97617";"AS";"320";3;1746;13334;2;"2023-10-30";;79034
