"NUM_DAU";"COMM";"SEC_CADASTRE1";"NUM_CADASTRE1";"DESTINATION_PRINCIPALE";"SURF_LOC_CREEE";"SURF_LOC_AVANT";"ETAT_DAU";"DATE_REELLE_AUTORISATION";"DATE_REELLE_DOC";"SUPERFICIE_TERRAIN"
"00100425A1021";"01004";"BO";"670";8;1822;1822;2;"2025-10-31";;442533
"00104325A0014";"01043";"AM";"865";8;1447;2446;2;"2025-07-16";;8215
"00104724A0007";"01047";"AB";"52";3;1051;0;2;"2025-02-25";;4797
"00104724A0014";"01047";"AA";"34";6;1091;7735;2;"2025-05-14";;19253
"00105325A0016";"01053";"AH";"7";6;1860;43441;2;"2025-05-20";;25140
"00105325A0034";"01053";"CR";"165";4;2158;0;2;"2025-09-18";;72354
"00106325H0006";"01063";"ZB";"740";8;1260;2515;2;"2025-07-08";;11203
"00107125B0002";"01071";"AN";"104";8;1159;0;2;"2025-04-30";;90921
"00108924A0012";"01089";"ZR";"456";6;1726;2224;2;"2025-04-15";;7489
"00117324J0027";"01173";"AN";"39";8;1795;747;2;"2025-06-24";;5000
"00118325V0005";"01183";"0C";"1782";6;1048;765;2;"2025-09-29";;3000
"00119925A0006";"01199";"0B";"2492";8;1627;0;2;"2025-06-04";;0
"00123125D0022";"01231";"UX";"1836";6;1080;8755;2;"2025-12-19";;16984
"00124924A0040";"01249";"AI";"578";8;1855;1673;2;"2025-01-08";;41133
"00124925A0007";"01249";"AP";"42";6;3481;5870;2;"2025-05-20";;15449
"00124925A0015";"01249";"AO";"124";6;3884;7903;2;"2025-06-03";;20195
"00125425B0004";"01254";"AZ";"34";8;3396;9478;2;"2025-08-29";;15092
"00130124B0034";"01301";"AE";"7";4;1271;0;2;"2025-08-01";;7820
"00131325J0016";"01313";"AS";"9";6;5128;441;2;"2025-11-01";;59511
"00133325V0021";"01333";"AE";"90";8;1565;1042;2;"2025-10-02";;5780
"00134425A0009";"01344";"AD";"34";6;1860;43441;2;"2025-04-08";;90268
"00134825V0018";"01348";"ZV";"250";6;2142;3899;2;"2025-08-26";;21543
"00135425A0016";"01354";"AD";"139";8;1250;0;2;"2025-07-04";;32425
"00135425J0026";"01354";"BK";"33";8;1784;672;2;"2025-09-23";;4691
"00138324V0015";"01383";"AB";"45";8;1194;0;2;"2025-06-24";;2874
"00145124A0054";"01451";"BB";"235";3;1862;0;2;"2025-03-04";;5341
"00145125A0011";"01451";"0E";"1563";8;1512;0;2;"2025-06-06";;3001
"00145125A0035";"01451";"BN";"214";8;1610;3312;2;"2025-12-08";;14965
"00145724D0021";"01457";"0B";"721";6;1044;0;2;"2025-03-17";;2756
"00145725D0006";"01457";"0C";"41";8;1812;9537;2;"2025-07-04";;24392
"00204624SE004";"02046";"ZI";"112";8;8307;0;2;"2025-01-27";;39163
"00204625SE003";"02046";"ZI";"192";6;4842;0;5;"2025-07-31";"2025-11-17";60106
"0020942500003";"02094";"0A";"1387";8;1447;0;2;"2025-10-14";;41119
"0020942500004";"02094";"AA";"59";8;1357;1034;2;"2025-12-19";;3453
"00211025P0003";"02110";"C";"1083";6;5053;1320;2;"2025-05-28";;106383
"0021682500004";"02168";"ZM";"111";6;1800;16980;2;"2025-09-16";;70284
"00217324J0034";"02173";"AO";"229";6;2979;1757;2;"2025-01-15";;12052
"00221224J0003";"02212";"ZE";"57";8;1565;0;5;"2025-03-31";"2025-06-13";27860
"00222624AS004";"02226";"A";"459";6;22323;0;2;"2025-07-01";;393298
"00230324W0005";"02303";"ZA";"105";4;1735;1843;5;"2025-03-27";"2025-09-08";9433
"00232824M0001";"02328";"AH";"190";8;1396;0;2;"2025-02-19";;2612
"00236125TS005";"02361";"ZB";"532";4;3128;0;2;"2025-10-31";;18278
"00238724VO038";"02387";"ZH";"462";6;1395;0;2;"2025-04-10";;3858
"00240824A0024";"02408";"BL";"146";4;1350;3003;2;"2025-04-30";;22326
"00251424Z0004";"02514";"ZA";"13";6;3594;32859;2;"2025-03-16";;54140
"00269124W0052";"02691";"ZR";"206";3;1174;0;5;"2025-01-20";"2025-05-12";3684
"00269124W0053";"02691";"ZR";"269";6;9857;0;2;"2025-01-22";;30996
"00269124W0054";"02691";"ZH";"548";4;1735;1843;5;"2025-03-25";"2025-09-08";6959
"0026912500008";"02691";"DK";"196";3;3226;3244;5;"2025-04-22";"2025-08-04";5590
"0026912500030";"02691";"ZH";"47";4;8132;0;5;"2025-09-26";"2026-01-06";19477
"0026912500053";"02691";"ZR";"198";8;1662;0;2;"2025-09-15";;4660
"00271924J0005";"02719";"ZE";"3";8;1619;1712;2;"2025-02-10";;15544
"0027222500004";"02722";"AM";"181";4;4040;3663;2;"2025-04-22";;944
"0027222500013";"02722";"CK";"142";8;1331;3344;2;"2025-11-17";;0
"00273824J0035";"02738";"AH";"155";8;42694;0;2;"2025-08-19";;127406
"0027382500013";"02738";"AH";"110";6;5865;0;2;"2025-11-12";;41960
"00275624VO027";"02756";"YD";"79";6;2883;0;2;"2025-06-19";;12578
"00280525AS001";"02805";"ZD";"300";8;2430;3298;2;"2025-03-20";;2673
"00282024J0009";"02820";"ZE";"300";4;9756;0;2;"2025-07-15";;20308
"0030132500019";"03013";"ZB";"18";8;3832;0;2;"2025-09-19";;27017
"00302325A0010";"03023";"A";"555";4;4213;13595;5;"2025-09-10";"2025-10-30";56896
"00308624M0004";"03086";"AA";"5";8;3749;1415;2;"2025-04-16";;19494
"00309324A0008";"03093";"A";"1032";8;16501;0;5;"2025-03-05";"2025-06-10";151863
"00309524A0029";"03095";"AB";"146";4;1212;0;2;"2025-03-14";;5536
"00310024M0010";"03100";"ZB";"81";4;1236;0;2;"2025-06-06";;21333
"00310124A0045";"03101";"AI";"283";6;2243;0;2;"2025-03-14";;41161
"00310724A0007";"03107";"ZI";"195";8;1595;0;2;"2025-01-21";;8731
"00310824A0004";"03108";"AM";"77";6;3116;6578;2;"2025-07-25";;1665159
"00311824A0019";"03118";"XN";"69";6;16141;0;5;"2025-01-08";"2025-03-04";62329
"0031182500013";"03118";"XN";"69";6;3859;32443;2;"2025-11-03";;118729
"0031592500002";"03159";"ZE";"41";6;1908;0;2;"2025-05-06";;107832
"00318524A0026";"03185";"AS";"198";4;1454;1339;2;"2025-01-23";;6055
"00319325M0002";"03193";"AD";"117";4;1400;0;2;"2025-07-17";;4468
"0032002500001";"03200";"AH";"75";8;1246;0;2;"2025-05-21";;6836
"00323925M0002";"03239";"A";"410";8;2250;0;2;"2025-08-12";;13058
"00326224A0007";"03262";"YN";"42";6;9250;0;2;"2025-07-03";;351113
"00329724M0004";"03297";"0AN";"157";4;1471;0;2;"2025-09-25";;0
"00404524S0016";"04045";"0B";"571";4;1063;0;2;"2025-04-15";;5124
"0040702500024";"04070";"AZ";"1207";4;1429;0;2;"2025-10-20";;10005
"00411124S0014";"04111";"0D";"1110";8;1176;1679;2;"2025-06-18";;8737
"0041492500003";"04149";"AA";"92";6;2954;3639;2;"2025-06-06";;35465
"0041492500008";"04149";"AA";"179";4;1200;0;2;"2025-10-22";;7208
"0041492500010";"04149";"AA";"216";8;3747;8871;2;"2025-12-16";;6025
"00420924C0029";"04209";"AD";"89";4;1398;237;5;"2025-01-13";"2025-06-02";5162
"00420924C0045";"04209";"AD";"112";6;1096;5496;5;"2025-04-11";"2025-07-09";52678
"0051032500005";"05103";"A";"1741";8;1200;0;2;"2025-09-05";;3546
"0051242500006";"05124";"AK";"524";8;1904;4200;2;"2025-08-14";;21592
"00516224H0009";"05162";"A";"891";4;1333;0;2;"2025-03-04";;3730
"0051702500006";"05170";"D";"826";8;1159;0;5;"2025-05-13";"2025-10-06";9656
"00602524R0013";"06025";"0C";"100";6;7973;0;2;"2025-05-20";;7879
"0060292400127";"06029";"AD";"162";6;2598;0;2;"2025-07-18";;16018
"00604225P0004";"06042";"0F";"1815";8;1027;2644;2;"2025-12-18";;30603
"0060482500021";"06048";"BY";"10";8;4278;114;2;"2025-12-12";;7984
"00606425R0015";"06064";"0D";"430";3;1583;0;2;"2025-11-09";;3000
"00606425R0020";"06064";"0D";"2690";8;1830;0;2;"2025-12-03";;12595
"00606924E0109";"06069";"DE";"89";6;2785;0;2;"2025-01-15";;6444
"0060692500014";"06069";"DX";"148";3;3562;118;2;"2025-09-04";;5264
"0060692500022";"06069";"DE";"75";6;1181;0;2;"2025-08-01";;2266
"0060692500035";"06069";"DE";"846";6;5453;7282;2;"2025-07-28";;20711
"0060692500061";"06069";"EI";"128";6;1445;9700;2;"2025-12-22";;38674
"00607924D0052";"06079";"BM";"148";3;2053;1463;2;"2025-06-18";;4157
"00608824S0041";"06088";"BH";"79";8;8256;0;2;"2025-03-26";;30961
"0060882500113";"06088";"BH";"72";4;1774;0;2;"2025-08-06";;2295
"0060882500127";"06088";"BX";"159";8;5642;0;2;"2025-08-07";;0
"0060882500139";"06088";"OK";"311";3;6200;3000;2;"2025-12-23";;0
"00701024A0033";"07010";"AV";"257";6;1822;803;2;"2025-02-03";;5476
"0070102500024";"07010";"BM";"572";8;3400;356;2;"2025-07-23";;52452
"0070422500014";"07042";"AR";"118";8;1216;0;2;"2025-12-16";;8750
"0070662500024";"07066";"ZI";"299";4;1205;0;2;"2025-11-13";;5966
"0071812500004";"07181";"AD";"187";6;1444;4391;2;"2025-09-05";;17014
"00726424C0015";"07264";"AI";"370";6;1710;0;5;"2025-01-31";"2025-10-13";4263
"00726725B0002";"07267";"F";"1122";4;1546;0;2;"2025-06-05";;3500
"00729624D0017";"07296";"0A";"320";4;1288;610;2;"2025-02-13";;4285
"0073082500013";"07308";"B";"3061";3;1056;0;2;"2025-10-13";;3398
"00730924A0009";"07309";"AN";"367";8;1013;0;2;"2025-01-16";;4223
"00731624A0011";"07316";"ZE";"505";6;1297;0;2;"2025-03-17";;8293
"00731625A0002";"07316";"ZE";"399";6;1366;6095;2;"2025-05-20";;23210
"00734825G0008";"07348";"E";"160";4;1285;8182;2;"2025-10-06";;23048
"0073492500017";"07349";"AD";"127";6;1680;5805;5;"2025-12-03";"2025-12-12";19920
"0081052500041";"08105";;;8;1244;0;2;"2025-12-17";;8982
"00814224E0004";"08142";"AA";"178";8;5416;8653;2;"2025-01-21";;21747
"0081802500006";"08180";"AI";"27";4;1893;1192;2;"2025-01-06";;18000
"0083622500011";"08362";"ZI";"334";8;10432;23192;5;"2025-06-24";"2025-09-01";120278
"0084092500003";"08409";"BH";"116";4;1428;2065;5;"2025-07-01";"2026-01-05";8142
"0091572500003";"09157";"0B";"560";6;7189;7188;5;"2025-07-16";"2025-10-27";22302
"00922524K0060";"09225";"YB";"188";8;4186;0;2;"2025-03-05";;19373
"00922524K0061";"09225";"YB";"191";4;1524;0;2;"2025-03-07";;6519
"0092252500014";"09225";"AI";"170";4;1656;0;2;"2025-10-09";;8300
"0092252500026";"09225";"YB";"196";6;3039;0;2;"2025-10-21";;10071
"00928224A0020";"09282";"AI";"248";4;2282;2794;2;"2025-06-17";;15673
"00933224A0007";"09332";"ZL";"321";4;16071;0;2;"2025-01-24";;14170
"01003324D0013";"10033";"C";"694P";8;1167;0;2;"2025-02-01";;7077
"01003425D0001";"10034";"AM";"280";4;1424;1926;2;"2025-09-10";;6959
"0100672400012";"10067";"ZB";"10";8;9996;0;5;"2025-06-24";"2025-09-29";92945
"0100812500013";"10081";"AR";"129";8;3051;3220;2;"2025-10-17";;18115
"01011524C0009";"10115";"ZO";"135";4;1098;0;2;"2025-03-04";;0
"0101912400008";"10191";"ZM";"463";3;2015;0;5;"2025-03-13";"2025-06-17";7349
"01026824D0014";"10268";"F";"86";6;1760;9851;5;"2025-01-07";"2025-02-03";49505
"0103442400007";"10344";"ZI";"17";8;8475;0;5;"2025-06-24";"2025-09-29";88657
"0103492400022";"10349";"ZW";"163";8;1493;19626;2;"2025-03-21";;112966
"01038025C0001";"10380";"ZK";"26";6;14471;0;2;"2025-08-27";;0
"0110032500002";"11003";"0A";"276";8;1663;0;2;"2025-08-05";;0
"0110492500008";"11049";"AP";"109";8;2091;0;5;"2025-09-30";"2026-01-12";12548
"0110762400028";"11076";"ZB";"303";4;1265;0;2;"2025-01-15";;3742
"0110762400044";"11076";"AZ";"26";4;1397;0;2;"2025-04-11";;8000
"0110772510005";"11077";"B";"1368";8;1055;0;2;"2025-10-10";;144531
"0112542430027";"11254";"F";"936";8;3138;2983;5;"2025-03-14";"2025-05-19";14831
"0112622400213";"11262";"DM";"63";6;2036;0;2;"2025-06-22";;6265
"0112622400235";"11262";"AP";"38";3;1400;678;2;"2025-08-18";;841
"0112622500119";"11262";"CE";"33";3;3732;0;2;"2025-10-29";;5581
"0112662500014";"11266";;;6;1049;0;2;"2025-12-12";;2611
"0112842500010";"11284";"OU";"1028";6;2256;4561;2;"2025-09-11";;30204
"01128824D0004";"11288";"BE";"34";6;4118;2242;2;"2025-04-14";;35790
"0113612500005";"11361";"WK";"54";8;1918;0;2;"2025-07-04";;4928
"0114292500004";"11429";"AB";"277";8;1506;0;2;"2025-04-01";;2014
"0114292500005";"11429";"AS";"14";8;1506;0;5;"2025-05-15";"2025-11-01";9539
"0114302400021";"11430";"AN";"22";8;1004;0;2;"2025-04-03";;1636
"0114342500005";"11434";"AB";"3";8;1040;0;2;"2025-11-04";;3482
"0120632500010";"12063";"ZB";"211";8;2958;0;2;"2025-11-26";;42695
"0120932500002";"12093";"0C";"665";8;1091;2109;5;"2025-04-17";"2025-09-01";4516
"0121202500003";"12120";"ZD";"186";3;1496;0;5;"2025-07-17";"2025-11-24";4472
"0121362510005";"12136";"0I";"118";6;3100;7095;2;"2025-07-31";;17305
"0121372500002";"12137";"D";"1079";4;1349;0;2;"2025-09-01";;6753
"0121372500003";"12137";"D";"1087";8;1645;0;2;"2025-10-14";;7473
"01214524M1071";"12145";"YN";"11";8;2709;754;2;"2025-04-04";;8806
"0121452500045";"12145";"ZV";"157";6;10123;0;2;"2025-11-28";;32021
"0121762500012";"12176";"BD";"604";3;1736;0;2;"2025-07-18";;3406
"0121762500018";"12176";"AZ";"140";8;1507;0;2;"2025-06-30";;4156
"0121762500029";"12176";"BE";"573";4;2992;0;2;"2025-10-10";;958
"0121762500031";"12176";"BX";"351";3;1805;0;2;"2025-11-05";;1673
"0121762500032";"12176";"BX";"351";3;1543;0;2;"2025-10-29";;1665
"0121762500036";"12176";;;3;1525;0;2;"2025-11-13";;1672
"0121952500001";"12195";"ZS";"49";6;1914;12453;5;"2025-04-08";"2025-06-02";61985
"0122022500014";"12202";"BH";"222";8;3678;5778;5;"2025-06-05";"2025-09-01";47414
"0122052510002";"12205";"ZB";"75";6;7381;21680;2;"2025-08-26";;64771
"0122462500003";"12246";"ZA";"135";6;1144;0;5;"2025-06-05";"2025-09-01";8915
"01225424A0014";"12254";"BZ";"134";6;3454;0;2;"2025-03-21";;8426
"0122632510006";"12263";"0D";"299";8;1600;0;2;"2025-06-26";;6681
"01227724U1002";"12277";"C";"884";8;1295;820;2;"2025-03-04";;0
"01227724U1004";"12277";"E";"1181";8;1028;0;2;"2025-02-06";;0
"01230724G0006";"12307";"0H";"476";4;1780;0;2;"2025-04-22";;6000
"01300124J0146";"13001";"KR";"92";8;2494;1713;2;"2025-02-25";;17320
"01300124J0292";"13001";"KA";"120";3;5644;950;2;"2025-05-19";;5007
"01300124J0323";"13001";"IZ";"216";4;1880;974;2;"2025-06-25";;1892
"01300124J0328";"13001";"KP";"20";6;6887;0;2;"2025-05-27";;21360
"0130012500025";"13001";"IZ";"6";6;6722;5230;2;"2025-07-08";;14823
"0130012500073";"13001";"IA";"317";3;2899;2819;5;"2025-10-17";"2026-01-31";5208
"0130012500163";"13001";"KB";"71";3;1831;1807;2;"2025-12-03";;5400
"0130012500214";"13001";"KB";"235";3;9138;500;2;"2025-12-12";;5857
"01300424R0127";"13004";"KV";"143";3;4325;0;2;"2025-01-07";;29749
"01300425R0021";"13004";"CP";"238";3;1309;0;2;"2025-05-27";;5589
"0130052400088";"13005";"CV";"388";4;1444;0;2;"2025-03-19";;2739
"0130052500076";"13005";"DS";"82";8;1056;3090;2;"2025-12-11";;13229
"01301424F0033";"13014";"AS";"10";8;31245;0;2;"2025-01-07";;78310
"0130142500009";"13014";"CX";"459";8;1784;0;2;"2025-08-01";;7623
"01302624H0032";"13026";"BV";"210";6;2605;6715;2;"2025-04-30";;29528
"0130262500023";"13026";"BV";"59";8;1117;1360;2;"2025-12-05";;4712
"0130272400063";"13027";"BL";"100";6;2135;180;2;"2025-03-24";;9014
"01303325H0011";"13033";"B";"2";8;24184;0;2;"2025-10-10";;48859
"01303724F0040";"13037";"AI";"181";4;2667;0;5;"2025-09-12";"2026-01-19";8100
"0130372500002";"13037";"AZ";"198";3;6383;0;2;"2025-09-26";;8850
"01303924G0044";"13039";"AA";"10";6;1022;12820;2;"2025-01-20";;510000
"01303924G0050";"13039";"AI";"107";8;3747;0;2;"2025-03-31";;16393
"01304024L0020";"13040";"AE";"86";3;2039;0;2;"2025-02-14";;5483
"01304124K0058";"13041";"BT";"51";4;7178;0;5;"2025-07-09";"2025-12-01";27032
"01304125K0013";"13041";"CK";"133";6;3090;0;2;"2025-08-06";;8832
"01304125K0028";"13041";"CM";"283";8;1244;0;2;"2025-11-17";;2413
"01304125K0033";"13041";"CE";"59";8;3155;0;2;"2025-12-09";;12765
"01304324F0014";"13043";"BI";"140";6;1882;0;2;"2025-01-08";;8401
"01304724G0037";"13047";"A";"1326";6;1261;17834;2;"2025-03-25";;134260
"0130472500030";"13047";"K";"1618";4;1804;0;2;"2025-10-16";;2500
"0130492400025";"13049";"C";"1256";8;9977;0;2;"2025-03-10";;19617
"0130492500003";"13049";"C";"1785";6;6212;365;2;"2025-07-17";;6877
"01305025M0006";"13050";"CO";"1113";6;2252;0;2;"2025-05-23";;7795
"0130512500011";"13051";"AT";"107";8;1912;2816;2;"2025-05-26";;16657
"01305324P0037";"13053";"G";"935";3;1341;955;2;"2025-06-26";;1015
"0130542400071";"13054";"BS";"144";6;10980;0;2;"2025-09-19";;31466
"0130542500003";"13054";"AB";"1";6;3081;208299;2;"2025-04-08";;385808
"0130542500014";"13054";"Z";"277";6;5159;0;5;"2025-09-25";"2025-12-15";12997
"0130542500017";"13054";"BW";"15";8;25338;13616;2;"2025-09-09";;67597
"0130542500022";"13054";"Z";"258";8;3967;0;2;"2025-12-09";;12192
"0130542500036";"13054";"BS";"136";8;4748;46289;2;"2025-10-16";;103142
"0132062400759";"13055";"B";"118";4;2428;2339;2;"2025-07-25";;972
"0132112400466";"13055";"A";"137";8;6361;650;5;"2025-06-27";"2025-12-15";5921
"0132112500035";"13055";"I";"495";8;7395;789;2;"2025-12-07";;3711
"0132112500492";"13055";"K";"265";4;1670;27004;2;"2025-12-22";;35726
"0132132500612";"13055";"K";"86";8;1857;835;2;"2025-11-11";;3092
"0132142400829";"13055";"L";"63";3;35000;9294;2;"2025-09-21";;16565
"0132142500185";"13055";"B";"12";8;1799;490;2;"2025-07-01";;5881
"0132152400443";"13055";"K";"71";3;12149;0;2;"2025-03-05";;3876
"0132152400468";"13055";"E";"44";8;14902;878;2;"2025-02-08";;104448
"0132152500060";"13055";"I";"49";3;3521;0;5;"2025-07-16";"2025-11-06";1502
"0132162400702";"13055";"M";"4";8;4347;0;2;"2025-02-25";;412655
"01306324G0022";"13063";"AE";"79";3;1330;0;2;"2025-02-05";;7190
"01306324G0029";"13063";"AE";"40";8;4506;10604;2;"2025-06-25";;31720
"0130632500006";"13063";"AM";"121";4;1264;0;2;"2025-04-30";;3952
"01307124C0077";"13071";"AM";"709";4;1849;1821;2;"2025-03-21";;9464
"01307224L0019";"13072";"AW";"20";8;15758;0;2;"2025-05-06";;40175
"01307224L0021";"13072";"AW";"174";4;1155;1758;2;"2025-03-24";;4660
"0130772400022";"13077";"AS";"22";8;1962;0;2;"2025-03-04";;4009
"0130772400044";"13077";"AE";"145";6;1596;0;2;"2025-08-14";;43333
"0130782400013";"13078";"B";"1033";8;16446;0;2;"2025-11-06";;47350
"0130842500014";"13084";"AA";"177";6;2136;0;2;"2025-07-07";;4770
"0130842500015";"13084";"AA";"179";6;1292;0;2;"2025-07-07";;2825
"01308624R0051";"13086";"BO";"132";4;1004;248;5;"2025-04-29";"2025-09-01";2328
"01308724L0026";"13087";"AX";"351";8;4141;0;5;"2025-01-28";"2025-06-30";0
"0130922400021";"13092";"AO";"142";8;1274;621;2;"2025-03-29";;5310
"01309324M0017";"13093";"AD";"76";6;1710;0;2;"2025-03-27";;4507
"01310024P0100";"13100";"CV";"637";3;1465;0;5;"2025-06-11";"2026-01-13";2496
"01310225F0001";"13102";"AV";"24";4;2794;0;5;"2025-02-17";"2025-07-22";9979
"01310321E0005";"13103";"AX";"426";4;1492;4050;5;"2025-02-10";"2025-12-19";11458
"01310324E0065";"13103";"CW";"549";8;3458;0;2;"2025-04-04";;6715
"01310325E0016";"13103";"CV";"269";4;1070;0;2;"2025-11-26";;2306
"0131052400030";"13105";"BW";"231";8;1575;0;5;"2025-02-18";"2025-12-01";5000
"0131072500011";"13107";"AI";"249";4;2648;1965;2;"2025-10-30";;24939
"01311724F0047";"13117";"BI";"122";8;6787;0;2;"2025-02-26";;22558
"01311724F0053";"13117";"AT";"592";8;2991;2991;2;"2025-01-31";;5826
"01311724F0058";"13117";"AS";"347";8;2833;6773;2;"2025-04-10";;31561
"01311724F0083";"13117";"AB";"193";8;2702;0;5;"2025-05-27";"2025-12-08";6363
"0131172500027";"13117";"BX";"13";4;4786;61525;2;"2025-11-13";;238438
"01409224P0009";"14092";"AN";"1";8;2390;0;5;"2025-01-21";"2025-04-14";20286
"01409824P0043";"14098";"ZX";"16";8;2865;6433;2;"2025-05-28";;57073
"01410124P0047";"14101";"A";"422";3;2266;0;2;"2025-04-02";;2122
"0141012500006";"14101";"ZE";"192";8;2370;2230;2;"2025-06-11";;14250
"01411824P0082";"14118";"LE";"9";3;5275;0;2;"2025-02-10";;16863
"01411824P0142";"14118";"LH";"34";3;12127;0;2;"2025-07-25";;30316
"0141192500022";"14119";"AI";"6";4;1407;3456;2;"2025-11-04";;6663
"01413724P0008";"14137";"BA";"131";4;1502;532;5;"2025-01-10";"2025-05-23";7848
"01413724P0011";"14137";"BB";"102";8;2958;656;5;"2025-02-12";"2025-09-22";7681
"0141672500002";"14167";"BH";"163";6;1718;0;2;"2025-09-10";;8973
"0141672500004";"14167";"BH";"163";6;1050;0;2;"2025-08-25";;10917
"0141672500006";"14167";"BH";"361";8;1208;0;5;"2025-07-18";"2025-09-22";2055
"0141672500009";"14167";"BI";"92";3;1372;14763;2;"2025-11-12";;41792
"01419124R0044";"14191";"ZC";"387";4;6051;0;2;"2025-05-12";;39562
"0141932500002";"14193";"A";"601";8;23411;13161;2;"2025-11-07";;84926
"0142142500001";"14214";"ZA";"90";4;3173;3326;5;"2025-10-06";"2026-01-12";182278
"01430224P0005";"14302";"A";"10";4;1317;921;2;"2025-02-05";;322476
"0143032500005";"14303";"C";"493";8;1904;826;2;"2025-06-24";;12207
"0143032500011";"14303";"A";"530";8;1899;23524;2;"2025-10-31";;184630
"01431924P0009";"14319";"AA";"26";8;8527;50731;5;"2025-02-21";"2025-09-22";43802
"0143262500009";"14326";"D";"1000";8;1471;0;2;"2025-10-09";;37016
"0143272500001";"14327";"CC";"2";6;2060;7980;5;"2025-04-10";"2025-04-22";11026
"01433324P0029";"14333";"CD";"1";4;9496;0;5;"2025-06-03";"2025-11-24";36989
"01433324P0033";"14333";"CC";"101";8;1876;0;5;"2025-03-18";"2025-07-28";58729
"0143332500008";"14333";"CN";"105";4;1585;0;5;"2025-05-26";"2025-09-02";1881
"0143332500014";"14333";"CD";"100";8;8928;4878;2;"2025-06-20";;81882
"0143422500006";"14342";"AH";"120";8;1145;2824;2;"2025-07-07";;11865
"01440824P0010";"14408";"ZA";"104";6;2012;4197;2;"2025-03-19";;58576
"01443724P0026";"14437";"CD";"113";8;4405;0;5;"2025-01-17";"2025-03-31";26457
"01443724P0029";"14437";"BP";"60";8;8527;50731;5;"2025-02-11";"2025-09-22";60804
"0144562500004";"14456";"ZB";"238";8;2564;0;2;"2025-06-28";;6000
"0144882500021";"14488";"AR";"119";8;1010;1632;2;"2025-09-23";;6081
"0145152500007";"14515";"AM";"133";8;1866;6897;2;"2025-08-22";;20592
"01453824P0012";"14538";"AD";"102";3;1444;0;2;"2025-06-19";;7420
"0145382500005";"14538";"Z";"341";8;2904;0;2;"2025-07-22";;10374
"0145562500001";"14556";"ZB";"43";4;1008;0;2;"2025-05-19";;2578
"0145562500005";"14556";"ZB";"44";4;1358;0;2;"2025-06-06";;2746
"0145562500006";"14556";"ZB";"51";6;1648;0;2;"2025-11-19";;6977
"0145562500041";"14556";"ZB";"54";3;1842;0;2;"2025-12-30";;4990
"0145662500007";"14566";"AP";"440";3;1406;0;2;"2025-12-02";;1597
"01458624P0002";"14586";"ZA";"50";8;1448;13;2;"2025-02-10";;17378
"0146542500006";"14654";"AD";"121";6;1032;0;2;"2025-06-04";;37166
"0146782500004";"14678";"AB";"190";6;1805;1992;2;"2025-07-17";;8092
"0147282500003";"14728";"ZA";"139";8;1196;0;2;"2025-07-28";;9486
"0147382500014";"14738";"ZT";"629";8;4667;0;2;"2025-09-15";;19416
"01476225R0037";"14762";"AW";"32";4;2964;3409;2;"2025-09-11";;13492
"0150142500021";"15014";"CP";"175";8;2704;180;2;"2025-07-10";;5940
"0150142500027";"15014";"CH";"183";3;1551;0;5;"2025-10-15";"2025-10-27";17818
"0150552500002";"15055";"ZS";"17";8;1200;0;2;"2025-05-22";;2301
"0151572500001";"15157";"ZI";"17";8;1494;0;5;"2025-03-27";"2026-01-05";29161
"01516424S0008";"15164";"ZN";"160";4;1424;0;2;"2025-02-13";;5847
"01518824S0007";"15188";"X";"172";8;2118;0;2;"2025-02-06";;2991
"0152022500007";"15202";"ZW";"145";8;9929;0;5;"2025-10-01";"2025-11-17";36123
"0152622500003";"15262";"ZH";"24";4;4312;3200;2;"2025-06-24";;13620
"01606624W0004";"16066";"YP";"26";6;3481;0;2;"2025-01-10";;26441
"01607825C0002";"16078";"CB";"467";4;2378;0;2;"2025-07-21";;32981
"0160892500002";"16089";"AO";"160";4;1100;0;2;"2025-04-29";;21826
"0160892500018";"16089";"AP";"1089";4;4604;0;2;"2025-12-09";;12655
"0160972500007";"16097";"E";"558";6;2700;50160;5;"2025-07-08";"2025-11-24";217131
"0160972500010";"16097";"H";"1615";8;6108;0;5;"2025-09-05";"2025-11-10";15204
"01611325C0001";"16113";"AP";"21";8;12628;0;2;"2025-12-31";;114115
"0161342500002";"16134";"0B";"1208";8;3300;22306;2;"2025-05-07";;66610
"01614324C0013";"16143";"0F";"660";4;1396;0;2;"2025-04-06";;8670
"01615425C0021";"16154";"AE";"269";4;1339;825;2;"2025-11-10";;8599
"01616624C0015";"16166";"BB";"31";8;6288;0;5;"2025-02-17";"2025-03-17";12868
"0161922500009";"16192";"0A";"1424";8;1440;1534;2;"2025-07-04";;10845
"0162042500002";"16204";"C";"84";8;1132;3092;5;"2025-06-30";"2025-09-22";52925
"0162172500002";"16217";"ZD";"261";6;1650;1520;5;"2025-04-30";"2025-07-09";7556
"0162172500003";"16217";"AO";"108";6;2995;42799;5;"2025-06-03";"2025-09-01";39026
"01623225C0007";"16232";"AD";"5";6;1006;0;2;"2025-08-20";;69181
"01629125C0017";"16291";"AL";"499";8;3605;0;2;"2025-10-21";;20414
"01629224N0013";"16292";"BE";"18";8;4100;139627;5;"2025-02-03";"2025-03-03";373550
"0162922500001";"16292";"BD";"30";8;29521;0;2;"2025-08-20";;96550
"01637425C0014";"16374";"AN";"717";6;3366;0;5;"2025-07-24";"2025-09-15";9633
"01700324A0036";"17003";"W";"458";8;3216;0;5;"2025-04-18";"2025-05-26";32027
"0170032500012";"17003";"W";"435";6;7369;26900;2;"2025-09-29";;122091
"0170032500030";"17003";"W";"158";8;13233;67840;2;"2025-12-23";;509702
"0170242500014";"17024";"AD";"58";4;1860;1080;2;"2025-08-18";;6137
"0170282500005";"17028";"AD";"4";6;1351;137588;5;"2025-04-01";"2025-04-14";239794
"0170282500041";"17028";"AD";"4";6;1743;140336;2;"2025-12-04";;239794
"0170772500006";"17077";"BO";"318";4;1205;0;2;"2025-09-23";;24657
"0171462500003";"17146";"AI";"156";4;2789;6298;2;"2025-05-09";;32314
"0171852500029";"17185";"D";"1285";4;2361;1525;2;"2025-09-25";;5393
"01719224H0011";"17192";"AM";"477";6;1290;2605;2;"2025-01-13";;108607
"0171962500004";"17196";"ZM";"61";8;1590;4854;2;"2025-12-08";;34420
"0172002400035";"17200";"ZC";"668";3;3742;1436;2;"2025-05-12";;4264
"0172502500004";"17250";"ZK";"68";6;7934;7000;2;"2025-11-07";;16901
"0172742500013";"17274";"AP";"548";8;1031;1163;2;"2025-08-18";;4304
"0172742500020";"17274";"AP";"555";8;1274;588;5;"2025-11-07";"2026-01-07";4794
"01728324H0018";"17283";"ZC";"321";8;1357;4400;2;"2025-01-28";;11075
"0172832500006";"17283";"AD";"703";8;4320;0;5;"2025-06-04";"2025-06-23";25680
"0172912500010";"17291";"ZH";"796";4;2939;31450;2;"2025-12-26";;806
"0172992500010";"17299";"BH";"503";8;5973;5964;2;"2025-07-07";;15109
"0172992500019";"17299";"BD";"317";8;4000;0;2;"2025-07-30";;8403
"0172992500030";"17299";"AC";"151";6;2542;7634;2;"2025-10-26";;23261
"0173002400185";"17300";"AZ";"472";8;1639;0;2;"2025-02-10";;5196
"0173002500052";"17300";"HN";"205";6;3900;2700;2;"2025-08-29";;55
"0173002500118";"17300";"HA";"102";8;3980;8945;5;"2025-11-03";"2025-11-04";186026
"0173062500034";"17306";"CI";"255";4;4178;859;2;"2025-09-15";;13714
"0173312500006";"17331";"ZD";"67";6;7934;7000;2;"2025-11-07";;21389
"01733624P0022";"17336";"ZH";"185";3;1251;0;2;"2025-02-14";;7803
"0173392500005";"17339";"ZB";"65";6;1781;0;2;"2025-07-24";;249105
"0173402500008";"17340";"ZC";"43";6;1590;120;2;"2025-10-18";;72680
"0173472500006";"17347";"ZO";"32";8;5085;0;5;"2025-08-13";"2025-10-22";21640
"0173472500008";"17347";"AT";"24";8;20356;13875;2;"2025-10-17";;55606
"0173472500009";"17347";"ZR";"139";4;4488;0;2;"2025-10-24";;10794
"0173472500015";"17347";"ZR";"148";4;2206;0;2;"2025-12-23";;6467
"01739624C0027";"17396";"ZS";"292";6;2495;0;2;"2025-03-11";;10139
"0174072400059";"17407";"ZH";"288";6;2646;0;5;"2025-03-04";"2025-04-28";9815
"0174072400062";"17407";"ZH";"205";6;1034;1150;2;"2025-04-17";;6295
"0174072500045";"17407";"ZH";"226";6;3541;0;2;"2025-12-17";;9430
"01740924N0035";"17409";"ZK";"197";8;2040;0;5;"2025-02-18";"2025-05-05";5626
"0174152500012";"17415";"BP";"144";4;1683;22093;2;"2025-08-28";;95816
"0174152500020";"17415";"BI";"636";4;1799;4350;2;"2025-07-16";;30739
"0174182500001";"17418";"ZE";"82";6;6446;3602;5;"2025-04-07";"2025-06-11";136041
"0174292500011";"17429";"D";"661";8;3076;1000;2;"2025-12-08";;17025
"01743424A0085";"17434";"AS";"598";8;1344;3340;2;"2025-02-26";;13889
"0174342500027";"17434";"AS";"264";6;1659;5780;5;"2025-08-05";"2025-12-05";12981
"0174472500007";"17447";"X";"383";4;1465;0;5;"2025-08-19";"2025-11-18";4630
"01745225N0038";"17452";"E";"571";6;2260;4623;2;"2025-12-29";;19557
"01748424R0015";"17484";"ZA";"235";8;1264;0;2;"2025-01-31";;3070
"0180032500004";"18003";"ZK";"467";6;2391;0;2;"2025-11-12";;9000
"01803324B0140";"18033";"YE";"36";4;1176;0;5;"2025-03-18";"2025-08-25";4561
"0180332500030";"18033";"AO";"158";8;7621;0;2;"2025-06-26";;22758
"0180332500054";"18033";"CO";"172";8;1500;874;2;"2025-06-23";;6372
"0180332500074";"18033";"BN";"199";4;4182;0;2;"2025-09-29";;185601
"01819724M0031";"18197";"BV";"272";6;2447;0;2;"2025-01-27";;32575
"0182052500008";"18205";"DK";"174";4;2416;0;5;"2025-07-21";"2025-10-13";19754
"0182052500019";"18205";"CK";"1";6;1952;151997;2;"2025-07-28";;173435
"0182072500016";"18207";;;8;8662;6593;2;"2025-08-05";;66740
"0182072500034";"18207";"BL";"96";8;1568;905;2;"2025-12-09";;5586
"01821324B0018";"18213";"BD";"127";4;1563;0;5;"2025-01-16";"2025-05-05";30000
"01821324B0020";"18213";"BD";"57";8;9382;0;2;"2025-03-18";;21357
"0182252430009";"18225";"C";"51";8;1517;0;2;"2025-03-20";;66825
"01825524B0007";"18255";"A";"46";6;5590;63300;2;"2025-01-03";;1612961
"0182552500006";"18255";"ZB";"56";8;12036;12457;2;"2025-10-09";;103979
"01827924V0016";"18279";"AI";"263";8;5281;0;5;"2025-04-10";"2025-10-15";43956
"0182792500010";"18279";"BY";"870";6;1227;0;2;"2025-07-31";;6231
"01827925V0004";"18279";"AL";"427";6;1281;1442;2;"2025-04-09";;13005
"0190072500007";"19007";"AT";"1";6;4005;22857;5;"2025-07-16";"2025-08-25";28467
"01901124C0007";"19011";"AE";"264";4;1695;0;5;"2025-01-29";"2025-05-05";4144
"01903124A0128";"19031";"EP";"566";6;3383;0;2;"2025-03-01";;13113
"01903124A0129";"19031";"BT";"258";3;1240;0;2;"2025-03-24";;2465
"01907324V0019";"19073";"AS";"50";4;2582;0;5;"2025-02-21";"2025-09-01";29554
"01907324V0020";"19073";"AY";"109";4;1006;0;2;"2025-02-07";;32894
"0190762500002";"19076";"AP";"26";4;5546;0;2;"2025-11-12";;57940
"0190812500004";"19081";"AA";"70";8;2278;15844;2;"2025-12-08";;39813
"0191232500014";"19123";"BE";"50";4;1918;0;2;"2025-09-04";;2738
"0191292500004";"19129";"ZK";"58";4;2986;1732;2;"2025-09-12";;25658
"01914824U0012";"19148";"BE";"137";4;1624;2580;2;"2025-02-03";;0
"01918025I0006";"19180";"AH";"178";8;4289;0;2;"2025-11-25";;6498
"0192362500002";"19236";"AH";"43";8;2278;15844;2;"2025-12-08";;1888
"0192522500006";"19252";"AW";"116";8;1934;0;2;"2025-09-09";;5795
"0192522500007";"19252";"AW";"127";4;3996;0;2;"2025-07-24";;32705
"01927224T0029";"19272";"BT";"518";4;1809;0;2;"2025-03-06";;5585
"0192742500019";"19274";"CV";"56";6;1200;0;2;"2025-11-19";;28165
"0210032500006";"21003";"AH";"724";4;1180;0;2;"2025-11-12";;1869
"0210212500004";"21021";"AC";"149";8;1499;0;5;"2025-06-18";"2025-10-13";54716
"0210212500011";"21021";"AC";"149";4;2876;0;2;"2025-12-18";;54716
"02102324B0002";"21023";"ZH";"47";4;1382;0;2;"2025-01-24";;32965
"02102724D0008";"21027";"AB";"399";4;1026;0;2;"2025-05-09";;3667
"02105424B0069";"21054";"EK";"337";4;2454;0;2;"2025-03-20";;17064
"02105424B0072";"21054";"EA";"291";8;7064;0;2;"2025-12-17";;71548
"0210542500022";"21054";"EA";"350";6;1929;0;2;"2025-08-21";;6000
"0210542500029";"21054";"AV";"14";6;3351;144;2;"2025-08-20";;18328
"0210542500076";"21054";"EA";"339";8;1017;0;2;"2025-12-03";;3300
"02110624R0003";"21106";"AB";"199";8;1200;920;2;"2025-03-18";;5498
"0211662500007";"21166";"AO";"17";4;3620;9707;2;"2025-12-15";;25297
"02117124R0014";"21171";"AC";"105";8;1628;879;2;"2025-04-09";;15557
"02117124R0019";"21171";"AI";"42";8;2904;0;2;"2025-05-05";;6695
"02117124R0024";"21171";"AL";"117";8;1223;0;2;"2025-04-15";;2244
"0211712500012";"21171";"ZC";"589";4;3180;0;2;"2025-09-16";;279
"0211862500002";"21186";"C";"508";6;6005;11132;2;"2025-05-13";;53228
"02119424B0012";"21194";"AD";"205";8;24260;8300;2;"2025-02-18";;63033
"02123124R0120";"21231";"AK";"100";6;18542;0;2;"2025-03-21";;7932
"0212312500041";"21231";"AZ";"16";4;1162;0;2;"2025-07-02";;3200
"0213552500014";"21355";"BY";"291";6;3873;0;2;"2025-12-03";;10000
"0213552500018";"21355";"BB";"128";6;2006;0;2;"2025-12-05";;64718
"0214252500006";"21425";"AX";"163";6;3294;495;2;"2025-12-29";;15514
"02147324R0008";"21473";"ZR";"126";8;1119;0;5;"2025-01-14";"2025-04-28";10911
"02152525B0003";"21525";"AE";"83";8;1515;0;2;"2025-11-03";;0
"02154024R0008";"21540";"ZM";"268";3;2734;0;5;"2025-04-03";"2025-09-01";16700
"02154024R0009";"21540";"ZM";"263";3;3124;0;2;"2025-06-12";;4486
"02155824B0005";"21558";"AB";"72";6;4473;10672;2;"2025-01-23";;35436
"02159925E0003";"21599";"ZS";"158";8;2356;0;2;"2025-06-14";;20000
"0216032500004";"21603";"AP";"690";3;1065;0;2;"2025-09-12";;7196
"0216032500022";"21603";"AP";"649";4;1485;0;2;"2025-12-22";;6191
"0216062500014";"21606";"ZI";"149";4;1362;0;2;"2025-11-13";;7165
"0220792500007";"22079";"YK";"85";6;1267;1800;2;"2025-08-05";;6032
"0220932500109";"22093";"BC";"36";4;2414;0;2;"2025-10-29";;3117
"0220932500111";"22093";"BK";"187";6;1090;0;2;"2025-11-17";;6291
"02211324C0083";"22113";"BB";"201";3;7886;4352;5;"2025-03-19";"2025-11-12";34853
"02213624J0068";"22136";"WH";"39";6;2791;3283;2;"2025-02-21";;26540
"0221362500001";"22136";"WR";"163";6;1815;0;2;"2025-04-09";;12454
"0221362500008";"22136";"AS";"356";4;1344;1596;5;"2025-07-09";"2025-10-10";9648
"0221362500033";"22136";"XP";"202";8;2395;4096;5;"2025-06-26";"2025-07-11";23661
"0221362500049";"22136";"AB";"823";4;1410;1164;2;"2025-12-17";;5837
"02215824J0028";"22158";"ZN";"160";6;1173;1955;5;"2025-05-02";"2025-07-29";9509
"02216125P0004";"22161";"C";"840";4;1065;0;2;"2025-07-24";;5009
"02217125Q0028";"22171";"ZC";"176";6;2952;0;2;"2025-09-18";;6440
"02218225D0025";"22182";"YH";"32";6;2157;14092;2;"2025-09-25";;110391
"0221852500024";"22185";"ZY";"310";4;2900;0;2;"2025-09-22";;17784
"02219724C0021";"22197";"ZC";"224";8;1379;0;5;"2025-04-14";"2025-10-24";5529
"0221972500017";"22197";"H";"374";3;1174;0;2;"2025-12-01";;8859
"02220424P0007";"22204";"B";"512";4;3329;0;2;"2025-01-24";;37109
"02221025P0038";"22210";"ZD";"442";4;1205;440;2;"2025-12-29";;3517
"02221525Q0054";"22215";"AC";"88";4;2500;2515;2;"2025-12-12";;7966
"02222525P0018";"22225";"AM";"97";6;5634;0;2;"2025-11-28";;14012
"0222592500019";"22259";"C";"1519";4;3234;0;2;"2025-11-14";;5367
"02227824V0064";"22278";"CX";"526";3;5668;0;2;"2025-02-20";;8359
"02227824V0095";"22278";"CM";"2";3;1448;850;5;"2025-05-07";"2025-11-03";1732
"02227825V0019";"22278";"CM";"273";4;6560;0;5;"2025-08-11";"2025-11-17";51376
"0223002500008";"22300";"ZB";"116";6;1323;5877;2;"2025-12-12";;24561
"0223392500018";"22339";"AA";"54";4;1166;1133;2;"2025-11-24";;4882
"02236025Q0017";"22360";"A";"5084";6;1971;0;2;"2025-11-21";;3403
"02236025Q0030";"22360";"D";"205";6;1041;0;2;"2025-12-04";;3372
"02237225Q0004";"22372";"ZB";"204";6;1790;2877;2;"2025-06-11";;86636
"02301325D0003";"23013";"B";"43";8;1920;406;2;"2025-10-01";;6269
"02309625G0001";"23096";"AP";"142";4;2384;19504;2;"2025-05-13";;47046
"02321925S0005";"23219";"ZY";"97";6;1081;0;5;"2025-07-25";"2025-11-13";8000
"0240282500007";"24028";"B";"610";6;1764;0;2;"2025-06-10";;4554
"02403724D0072";"24037";"BV";"188";4;1918;0;2;"2025-04-16";;7930
"0240372500004";"24037";"BE";"163";6;1467;4615;5;"2025-06-26";"2025-09-22";276896
"0240372500005";"24037";"BE";"166";6;2368;0;5;"2025-05-05";"2025-06-02";231505
"02405724D0003";"24057";"B";"623";8;9084;3705;5;"2025-02-20";"2025-02-24";122980
"0240642500016";"24064";"D";"467";8;1628;0;2;"2025-06-25";;42049
"0241452500019";"24145";"AV";"32";4;2931;7823;2;"2025-09-04";;26962
"0241672500002";"24167";"ZE";"149";8;1152;0;5;"2025-03-18";"2025-05-26";28505
"0241712500001";"24171";"B";"900";4;1020;430;2;"2025-03-17";;2911
"0241942500004";"24194";"B";"382";4;2022;0;5;"2025-10-15";"2025-12-08";13840
"0242232500018";"24223";"BC";"93";4;1217;0;2;"2025-11-07";;9188
"02424724D0002";"24247";"ZD";"86";6;1834;0;2;"2025-02-21";;121527
"0242562500001";"24256";"AL";"861";4;3707;0;2;"2025-08-29";;80601
"0242742500001";"24274";"B";"1588";8;1528;1922;2;"2025-07-07";;6856
"0242892400012";"24289";"AB";"85";8;1937;285;2;"2025-04-17";;66049
"0242912500003";"24291";"BN";"159";4;3788;0;2;"2025-07-02";;13046
"0242942500030";"24294";"BM";"21";8;1101;0;2;"2025-10-03";;2734
"0243212500001";"24321";"AI";"31";8;1388;2021;2;"2025-04-14";;28729
"02432224D0039";"24322";"BC";"473";3;2767;0;2;"2025-05-14";;2501
"0243402500018";"24340";"ZP";"111";8;2001;0;2;"2025-12-02";;20270
"0243722500007";"24372";"AM";"760";8;1417;0;5;"2025-06-03";"2025-09-29";11281
"0244052500002";"24405";"A";"517";8;3027;0;2;"2025-06-20";;29613
"02443624D0009";"24436";"ZT";"97";8;2604;0;2;"2025-03-18";;25136
"0245472500030";"24547";"BZ";"14";6;1525;0;2;"2025-11-17";;5245
"0245572500030";"24557";"AR";"105";4;1747;0;2;"2025-12-22";;3327
"0250502500010";"25050";"AE";"40";8;2263;1267;2;"2025-10-14";;9338
"02505624B0160";"25056";"MY";"303";3;3927;0;2;"2025-04-18";;5441
"02505624B0168";"25056";"LR";"382";3;2897;0;5;"2025-03-28";"2025-11-17";2921
"02505624B0181";"25056";"LW";"16";8;2083;10213;2;"2025-07-11";;31459
"02505625B0024";"25056";"BH";"497";3;3008;0;2;"2025-08-19";;4728
"02505625B0047";"25056";"LY";"222";3;1463;1563;2;"2025-10-17";;7573
"02510025P0008";"25100";"ZI";"143";8;1122;0;2;"2025-11-18";;4136
"02512024N0008";"25120";"A";"629";6;1067;4349;2;"2025-04-08";;21350
"02513324C0012";"25133";"AO";"29";3;1239;0;5;"2025-03-04";"2025-06-27";2512
"02514725C0006";"25147";"ZM";"74";8;1236;0;2;"2025-11-18";;3648
"02522824A0006";"25228";"AM";"41";8;1742;2463;2;"2025-02-25";;27508
"02525824C0007";"25258";"BE";"32";8;3160;4395;2;"2025-03-20";;15359
"02538124C0006";"25381";"AI";"81";6;2861;5735;5;"2025-01-06";"2025-03-03";16158
"02538824A0024";"25388";"BI";"294";4;4167;0;2;"2025-01-03";;18553
"02545424C0008";"25454";"AK";"198";8;2352;0;2;"2025-06-05";;7725
"02545424C0015";"25454";"AK";"106";4;4627;0;5;"2025-05-23";"2025-07-01";35486
"0254622500014";"25462";"BM";"344";6;4272;0;2;"2025-04-22";;12226
"0254622500028";"25462";"AX";"18";6;2672;3711;5;"2025-09-05";"2025-10-06";33531
"0254622500049";"25462";"BM";"280";8;6296;6630;2;"2025-12-08";;24916
"0254792500002";"25479";"ZK";"62";6;1350;1596;2;"2025-07-21";;8000
"0255782500028";"25578";"AP";"413";6;1054;0;2;"2025-11-17";;2503
"0260042400020";"26004";"YB";"12";6;40710;0;2;"2025-04-14";;262966
"0260042500020";"26004";"YC";"1039";8;5320;13140;2;"2025-12-18";;52773
"0260102500005";"26010";"YT";"117";6;2822;14927;2;"2025-07-21";;48470
"0260112500013";"26011";"AH";"650";6;3180;0;2;"2025-07-24";;12222
"0260112500017";"26011";"AC";"1112";4;1297;2024;2;"2025-12-11";;9279
"0260372500006";"26037";"ZS";"168";8;1681;7807;2;"2025-06-09";;5135
"0260412500013";"26041";"ZB";"106";8;13188;0;2;"2025-10-06";;32516
"02605724V0029";"26057";"ZV";"133";6;1435;0;2;"2025-06-13";;236530
"02605724V0031";"26057";"ZB";"501";6;2971;8470;5;"2025-04-04";"2025-04-17";19669
"02605824V0036";"26058";"D";"3037";6;4459;0;2;"2025-02-25";;28113
"0260842400036";"26084";"ZN";"442";6;4352;1015;2;"2025-03-14";;24109
"02609524M0010";"26095";"ZA";"34";6;2226;2776;5;"2025-02-12";"2025-02-14";15854
"0260962400010";"26096";"ZS";"121";6;1061;0;5;"2025-03-24";"2025-11-14";2543
"0261602500001";"26160";"A";"1216";6;2734;37432;5;"2025-05-14";"2025-06-02";214878
"0261652500019";"26165";"YD";"481";4;1001;0;2;"2025-10-03";;3864
"02616924M0028";"26169";"AL";"242";8;12856;3211;2;"2025-06-13";;29100
"02619124M0011";"26191";"ZL";"310";8;1334;0;2;"2025-04-15";;16820
"0262062500010";"26206";"YL";"132";8;1838;4310;2;"2025-11-17";;20890
"0262182400010";"26218";"AE";"1281";8;1080;1345;5;"2025-01-23";"2025-06-10";4508
"02623524P0063";"26235";"0X";"459";6;4734;0;2;"2025-03-12";;11326
"0262352500034";"26235";"0R";"314";6;2764;175000;2;"2025-10-08";;490202
"02625024T0011";"26250";"ZB";"405";8;6405;0;2;"2025-04-16";;11604
"02625224V0037";"26252";"AE";"5";4;1074;1068;2;"2025-06-02";;28598
"0262522500013";"26252";"AE";"56";8;1097;0;5;"2025-09-15";"2025-11-17";2324
"0262812400105";"26281";"DN";"288";6;2388;0;5;"2025-03-10";"2025-06-27";77128
"0262812400108";"26281";"DN";"194";6;1438;37622;5;"2025-02-18";"2025-05-14";302665
"02630721V0033";"26307";"AD";"443";4;1753;0;2;"2025-01-30";;9447
"0263132500016";"26313";"AC";"219";8;1767;0;2;"2025-11-17";;5351
"0263232500008";"26323";"ZM";"410";8;1810;0;2;"2025-07-22";;10746
"0263252500007";"26325";"H";"1178";4;2526;3199;2;"2025-07-15";;26345
"0263252500028";"26325";"H";"1821";6;2443;0;2;"2025-12-16";;21502
"0263332500007";"26333";"AL";"266";3;1492;3504;2;"2025-09-25";;11141
"0263372500008";"26337";"ZM";"437";6;1292;1287;2;"2025-07-22";;6914
"0263622400080";"26362";"BC";"146";6;22062;0;5;"2025-05-28";"2026-01-15";19000
"0263622500028";"26362";"AZ";"113";8;1172;2814;2;"2025-09-10";;14351
"0263622500038";"26362";"ZD";"109";6;1858;13746;2;"2025-05-21";;21579
"0263622500075";"26362";"EL";"22";6;5120;0;2;"2025-10-08";;25036
"02700824A0010";"27008";"C";"1447";6;4763;158731;2;"2025-02-24";;944733
"0271122500004";"27112";"XH";"22";8;2210;12941;2;"2025-03-28";;51536
"0271652500009";"27165";"AH";"29";8;2629;1009;5;"2025-09-16";"2025-12-22";15173
"0271652500010";"27165";"AK";"186";4;1070;0;2;"2025-10-13";;3973
"02733224A0019";"27332";"ZD";"149";6;4819;0;5;"2025-03-18";"2025-09-29";15637
"02742824N0011";"27428";"AS";"100";8;2485;0;2;"2025-01-31";;26409
"0274782500003";"27478";"XC";"78";8;1039;0;2;"2025-09-03";;2074
"02750224I0010";"27502";"C";"364";8;4002;0;2;"2025-04-01";;40000
"0275172500008";"27517";"ZD";"293";8;1373;2353;2;"2025-10-15";;9937
"02751725A0002";"27517";"ZD";"526";6;5134;0;5;"2025-06-06";"2025-10-06";24368
"02756925B0001";"27569";"YB";"36";8;356974;0;2;"2025-07-15";;356974
"0276652500003";"27665";"ZH";"259";4;1060;142;2;"2025-08-26";;3890
"0276762500008";"27676";"G";"1310";4;1636;0;2;"2025-11-13";;5586
"0276812400040";"27681";"B";"215";6;8012;0;2;"2025-03-16";;130851
"0276812500029";"27681";"AY";"538";8;2422;3934;2;"2025-11-10";;5312
"02768424F0012";"27684";"ZD";"112";8;2483;1644;5;"2025-03-12";"2025-04-28";9052
"0276932500008";"27693";"ZD";"387";8;1671;0;2;"2025-06-20";;3584
"0276972500003";"27697";"O";;4;1300;2000;2;"2025-12-08";;32000
"02770125H0020";"27701";"BD";"33";4;1407;1214;2;"2025-09-29";;6554
"0280212500005";"28021";"ZL";"249";4;1200;0;2;"2025-06-27";;9999
"0280242400010";"28024";"ZA";"546";8;1842;0;2;"2025-01-30";;10307
"0280642500014";"28064";"ZL";"66";6;2145;0;2;"2025-10-15";;6131
"0280752500002";"28075";"ZM";"12";6;30687;0;2;"2025-10-23";;18750
"0280852500012";"28085";"ZO";"162";6;17713;0;5;"2025-05-28";"2025-06-02";0
"0280852500030";"28085";"CE";"512";3;2399;105726;2;"2025-08-05";;208451
"0280982400009";"28098";"ZN";"198";8;4001;0;5;"2025-04-11";"2025-09-08";0
"0280982500005";"28098";"ZN";"112";8;2065;0;5;"2025-09-04";"2025-09-09";6592
"0281102500001";"28110";"AL";"105";8;1025;0;2;"2025-05-15";;0
"0281342400062";"28134";"BV";"941";6;5315;0;2;"2025-02-06";;5355
"0281342500026";"28134";"CE";"685";6;1050;2049;5;"2025-06-26";"2025-11-26";7932
"0281352500001";"28135";"ZC";"125";8;5462;11055;2;"2025-06-04";;45816
"0282292400018";"28229";"AO";"116";4;1342;0;2;"2025-04-01";;0
"0282292500005";"28229";"ZV";"230";4;1170;0;5;"2025-08-07";"2025-08-29";0
"0283472400004";"28347";"ZI";"151";8;12291;0;2;"2025-03-28";;33053
"0283512400005";"28351";"ZA";"3";6;1385;0;2;"2025-03-20";;0
"0283802500005";"28380";"ZH";"109";8;2486;0;2;"2025-06-06";;0
"0284042400020";"28404";;;6;1155;0;2;"2025-01-31";;0
"0290192400200";"29019";"IO";"15";3;2058;1262;2;"2025-06-20";;1271
"0290192500068";"29019";"HZ";"260";6;3191;0;2;"2025-09-01";;7000
"0290192500080";"29019";"HZ";"255";3;1850;0;5;"2025-07-11";"2025-12-03";4018
"0290202400030";"29020";"YH";"367";4;1800;511;2;"2025-07-23";;11842
"0290202500017";"29020";"YI";"302";4;2522;1300;2;"2025-08-04";;33856
"0290202500027";"29020";"YI";"1";6;1395;0;2;"2025-10-30";;5244
"0290262500015";"29026";"ZE";"492";6;1797;0;2;"2025-10-20";;7404
"0290262500016";"29026";"ZE";"471";6;5567;4785;2;"2025-11-24";;28047
"0290292500006";"29029";"ZL";"222";6;1880;2361;2;"2025-12-22";;10265
"0290372500031";"29037";"BH";"33";6;1836;1708;2;"2025-09-22";;5486
"0290382500004";"29038";"0A";"1427";6;6474;3050;2;"2025-04-10";;50512
"0290512400017";"29051";"BH";"9";3;8430;0;2;"2025-07-01";;11658
"0290512500027";"29051";"BL";"3";6;4348;26677;2;"2025-12-29";;109830
"0290512500042";"29051";"OA";"2844";6;4742;0;2;"2025-11-20";;35707
"0290612400021";"29061";"AY";"133";8;1266;3129;5;"2025-04-01";"2025-06-10";10806
"0290612400024";"29061";"AY";"17";4;2825;952;2;"2025-06-20";;5199
"0290752400087";"29075";"H";"2345";8;1417;0;5;"2025-01-23";"2025-05-14";3913
"0290752500043";"29075";"BP";"15";4;1685;981;2;"2025-10-23";;20000
"0290972400015";"29097";"AK";"64";3;1148;1060;2;"2025-03-17";;16261
"0291032500006";"29103";"B";"254";4;1810;18963;5;"2025-06-14";"2025-08-25";123537
"0291032500028";"29103";"BD";"177";3;5531;0;5;"2025-09-11";"2026-01-07";17218
"0291052400058";"29105";"ZB";"1148";6;2035;0;2;"2025-06-06";;15459
"0291052500034";"29105";"ZC";"301";6;2429;784;2;"2025-09-30";;6186
"0291302400032";"29130";"AK";"5";6;3756;2404;2;"2025-03-19";;8934
"0291302500029";"29130";"AK";"6";4;1991;1225;2;"2025-12-19";;9296
"0291512500005";"29151";"BP";"689";6;2255;0;2;"2025-08-07";;9462
"0291602400039";"29160";"YE";"409";8;1171;2242;2;"2025-01-23";;7757
"0291612500007";"29161";"AM";"165";8;1917;0;2;"2025-09-02";;4215
"0291812500021";"29181";"ZR";"401";4;2107;0;2;"2025-10-31";;4000
"0291812500023";"29181";"ZR";"369";4;2414;0;2;"2025-12-10";;5014
"0291992400020";"29199";"H";"1881";4;3696;7700;5;"2025-06-12";"2026-01-05";19311
"0292152400041";"29215";"ZN";"78";8;3066;9757;2;"2025-02-21";;85450
"0292322400140";"29232";"EI";"134";3;1075;1284;2;"2025-04-07";;5987
"0292322500008";"29232";"HR";"54";3;3340;410;2;"2025-02-11";;4524
"0292322500010";"29232";"HK";"24";4;2963;1340;2;"2025-07-21";;16486
"0292322500057";"29232";"DI";"476";6;3762;11864;2;"2025-07-29";;37950
"0292322500070";"29232";"OI";"1989";8;2307;0;2;"2025-07-04";;15002
"0292322500092";"29232";"EX";"26";6;1457;0;2;"2025-11-06";;3750
"0292342400024";"29234";"ZP";"124";8;1211;0;2;"2025-04-18";;18708
"0292412500001";"29241";"AI";"32";4;1998;0;2;"2025-08-04";;20604
"0292412500010";"29241";"AA";"7";4;1423;814;2;"2025-12-12";;5066
"0292542400016";"29254";"C";"1448";4;1167;0;5;"2025-02-06";"2025-05-15";0
"0292592500044";"29259";"AP";"1";4;1181;7012;2;"2025-12-09";;25517
"0292792500001";"29279";"F";"1048";6;1394;0;2;"2025-05-26";;4362
"0292932400052";"29293";"AB";"254";4;1033;0;2;"2025-06-02";;149
"0292932500038";"29293";"ZD";"344";6;3176;0;2;"2025-12-19";;100200
"02A0042500024";"2A004";"A";"1016";4;1304;0;2;"2025-06-26";;2500
"02A2712500009";"2A271";"C";"2240";8;1011;0;2;"2025-04-23";;3741
"02A34824D0020";"2A348";"B";"233";8;1214;342;2;"2025-07-08";;16437
"02B04225N0024";"2B042";;;4;4260;0;2;"2025-09-23";;0
"02B0502500019";"2B050";"0E";"358";4;1231;0;5;"2025-06-04";"2025-09-18";3152
"02B14825N0020";"2B148";"AL";"6";8;1168;2856;2;"2025-09-10";;80699
"02B29825N0023";"2B298";"AC";"77";6;1119;0;2;"2025-12-16";;1246
"0300032500024";"30003";"AM";"289";8;1743;0;2;"2025-10-21";;5985
"03000625V0015";"30006";"BB";"8";6;3324;43132;2;"2025-11-20";;481851
"0300072400132";"30007";"AN";"11";8;2267;0;2;"2025-03-11";;7957
"0300072500031";"30007";"BD";"478";6;2128;14035;5;"2025-09-18";"2025-10-06";52460
"0300072500060";"30007";"BH";"554";4;5199;0;2;"2025-12-11";;13028
"03001825N0002";"30018";"ZC";"94";4;1269;0;2;"2025-12-11";;2632
"0300472500011";"30047";"AA";"347";3;1196;0;2;"2025-10-23";;3955
"0300732500001";"30073";"C";"1870";4;1094;2057;2;"2025-08-12";;6546
"03008124R0010";"30081";"B";"341";3;3504;0;5;"2025-03-13";"2025-06-04";5883
"03008424R0003";"30084";"A";"2048";3;3504;0;5;"2025-03-13";"2025-06-04";8546
"0301032500002";"30103";"AC";"497";6;1272;0;2;"2025-08-05";;9487
"0301322500001";"30132";"AR";"128";8;2241;0;2;"2025-05-02";;10851
"0301352500014";"30135";"BC";"270";4;1037;0;2;"2025-08-22";;20673
"0301412500031";"30141";"BM";"258";4;1639;421;2;"2025-12-23";;11236
"03018924P0186";"30189";"HC";"700";4;1790;0;2;"2025-05-20";;2248
"0301892500031";"30189";"ES";"271";3;1540;0;5;"2025-07-31";"2026-01-28";1975
"0301892500130";"30189";"CS";"431";8;1041;4770;2;"2025-10-08";;17820
"0302212500008";"30221";"AS";"569";8;1594;0;2;"2025-10-03";;6334
"03023325N0004";"30233";"A";"607";6;1321;0;5;"2025-08-26";"2025-12-27";40642
"03025824T0023";"30258";"B0";"1080";6;21014;0;2;"2025-02-04";;60200
"03025825T0034";"30258";"B";"1059";8;3650;0;2;"2025-10-27";;8500
"03027824R0014";"30278";"C";"2395";4;1315;1257;2;"2025-01-07";;6753
"0302782500003";"30278";"C";"2597";4;2735;0;2;"2025-07-04";;10012
"0302782500004";"30278";"C";"2608";8;1138;0;2;"2025-09-04";;2961
"0302782500011";"30278";"C";"2604";8;1260;0;2;"2025-08-11";;3325
"0302882500004";"30288";"AE";"53";4;1430;0;2;"2025-08-07";;4036
"03034124V0019";"30341";"AB";"119";8;1050;6543;2;"2025-01-13";;6988
"03034124V0049";"30341";"AA";"247";6;2917;4963;5;"2025-02-11";"2025-06-11";5346
"03034125V0015";"30341";"AC";"145";8;1704;0;2;"2025-10-14";;4264
"0303442500029";"30344";"AS";"62";8;1333;0;2;"2025-08-21";;5400
"0303482500003";"30348";"BA";"207";8;14890;0;2;"2025-09-18";;32369
"03103324G0055";"31033";"AD";"142";4;1423;1252;5;"2025-06-13";"2025-10-22";8646
"03104424C0045";"31044";"AH";"4";3;2648;0;5;"2025-05-12";"2026-01-06";3862
"0310442500009";"31044";"AH";"186";8;1229;0;5;"2025-04-14";"2025-10-15";2001
"0310442500014";"31044";"BI";"32";8;2005;1874;2;"2025-09-22";;13345
"0310442500016";"31044";"AA";"84";3;3060;0;2;"2025-08-04";;22476
"0310442500039";"31044";"AH";"187";3;2213;0;2;"2025-11-14";;2513
"03106924C0036";"31069";"BH";"76";3;23367;7527;5;"2025-01-20";"2025-05-07";30488
"03106924C0042";"31069";"BD";"23";3;11465;76970;5;"2025-01-06";"2025-01-12";116711
"03106924C0046";"31069";;;3;7888;93812;5;"2025-02-03";"2025-02-04";797900
"03106924C0053";"31069";"BX";"55";8;1090;9465;2;"2025-03-27";;31498
"03106924C0054";"31069";"CB";"124";6;1243;93812;5;"2025-04-17";"2025-05-20";19394
"03106925C0008";"31069";"BX";"55";3;1425;10555;2;"2025-05-20";;31498
"03106925C0009";"31069";"BN";"59";4;1726;767;2;"2025-07-17";;4337
"03106925C0016";"31069";"BH";"118";3;1701;16400;5;"2025-07-17";"2025-12-08";55694
"03106925C0024";"31069";"BD";"1";6;2756;0;5;"2025-09-08";"2025-09-22";511214
"03106925C0033";"31069";"CA";"322";4;2067;0;2;"2025-12-04";;14355
"0310912500011";"31091";"AL";"125";6;3494;0;5;"2025-10-06";"2026-01-26";19410
"03110724G0032";"31107";"0F";"1863";8;1655;0;2;"2025-01-13";;9366
"0311072500016";"31107";"0H";"1441";4;1631;0;2;"2025-08-01";;2493
"0311072500030";"31107";"0H";"1440";8;1631;0;2;"2025-09-09";;5352
"03111725B0023";"31117";"A";"261";4;1024;0;2;"2025-12-09";;2746
"03111824S0050";"31118";"A";"3382";4;1682;0;2;"2025-04-15";;51019
"03112224G0005";"31122";"0A";"504";8;1324;0;5;"2025-01-21";"2025-04-28";61629
"03114924C0061";"31149";"AB";"100";3;2365;1028408;2;"2025-04-16";;2378152
"0311502500018";"31150";"AD";"362";4;1222;646;2;"2025-12-19";;3650
"0311572500013";"31157";"AZ";"17";6;1836;0;5;"2025-06-17";"2025-07-07";511416
"0311612400007";"31161";"B";"240";8;1113;0;2;"2025-05-02";;2303
"0311692500017";"31169";"ZK";"356";4;3309;0;2;"2025-11-19";;5897
"03118424C0017";"31184";"ZK";"428";6;2226;0;2;"2025-03-13";;5705
"0311842500002";"31184";"ZK";"314";8;13125;1384;2;"2025-05-13";;45479
"03120224S0037";"31202";"F";"711";4;1507;2430;2;"2025-02-20";;9108
"03120324U0030";"31203";"AY";"352";3;1554;0;5;"2025-07-29";"2025-11-17";0
"0312032500013";"31203";"AY";"224";4;1700;1209;2;"2025-12-17";;5096
"0312242500005";"31224";"ZA";"16";4;1924;0;2;"2025-12-26";;10874
"0312322500030";"31232";"AM";"33";6;4362;3271;2;"2025-12-18";;35197
"03124824Z0016";"31248";"AB";"377";4;1121;0;2;"2025-01-07";;1932
"0312482500011";"31248";"AS";"130";8;2448;0;2;"2025-07-17";;141891
"0312822502005";"31282";"AO";"158";4;1714;0;2;"2025-08-20";;3237
"0312872500013";"31287";"C";"432";6;1476;1720;2;"2025-07-23";;12484
"0312872500015";"31287";;;6;2526;0;2;"2025-08-18";;0
"0312932500001";"31293";"AD";"16";8;9929;9493;2;"2025-07-22";;23000
"0313242500008";"31324";"AN";"41";6;1572;0;2;"2025-08-11";;184580
"0313242500015";"31324";"AD";"208";8;1624;0;2;"2025-09-08";;14914
"0313242500032";"31324";"AD";"210";8;1146;0;2;"2025-12-05";;3233
"0313522500001";"31352";"A";"678";8;1086;0;2;"2025-05-22";;10877
"03139024P0008";"31390";"C";"1462";4;1900;0;2;"2025-02-17";;8648
"03139524M0058";"31395";"O";"548";8;7188;0;2;"2025-01-07";;25930
"03139524M0063";"31395";"AK";"110";8;4016;0;2;"2025-04-17";;10000
"0313952500045";"31395";"AK";"111";8;1643;0;2;"2025-09-04";;5000
"0313992500043";"31399";"0A";"2105";6;1551;0;2;"2025-11-18";;12000
"03142424C0064";"31424";"BN";"89";4;1154;4591;2;"2025-02-12";;0
"0314462400022";"31446";"AM";"144";3;4680;0;2;"2025-04-08";;5911
"03146724C0016";"31467";"AB";"22";8;1131;1710;2;"2025-03-05";;5756
"0314672500006";"31467";"AC";"191";6;1774;0;2;"2025-06-25";;17591
"0314902400026";"31490";"AC";"168";8;1652;0;2;"2025-03-04";;24189
"03150724W0010";"31507";"0A";"1933";4;1129;0;5;"2025-02-27";"2025-03-18";4485
"03151624S0011";"31516";;;8;2552;0;2;"2025-04-11";;19004
"0315472500020";"31547";"AE";"83";8;1584;0;2;"2025-08-21";;5318
"0315472500033";"31547";"AE";"87";8;1758;0;2;"2025-10-16";;4236
"03155523C0647";"31555";"AC";"132";8;23656;0;5;"2025-01-27";"2025-03-17";14487
"03155524C0205";"31555";"AX";"11";3;6080;0;2;"2025-01-16";;2779
"03155524C0473";"31555";"AM";"111";6;2158;7097;5;"2025-03-24";"2025-04-01";10461
"03155524C0492";"31555";"AD";"239";4;3651;1546;5;"2025-03-07";"2025-12-16";2910
"03155524C0513";"31555";"BO";"11";8;7269;0;2;"2025-05-26";;21312
"03155524C0562";"31555";"BZ";"1";8;14225;83247;2;"2025-04-07";;197809
"03155524C0585";"31555";"CE";"22";6;2351;604;5;"2025-01-07";"2025-04-17";8014
"03155524C0600";"31555";"AP";"177";4;2057;3569;2;"2025-09-16";;8908
"03155524C0648";"31555";"AB";"53";6;5699;0;2;"2025-03-23";;289029
"03155524C0655";"31555";"AN";"140";3;2712;0;2;"2025-12-23";;1055
"0315552500041";"31555";"AX";"49";3;3060;1015;5;"2025-07-21";"2026-01-12";14111
"0315552500065";"31555";"BL";"415";3;1370;0;5;"2025-07-28";"2025-12-10";11055
"0315552500190";"31555";"AB";"94";3;2382;526585;2;"2025-07-10";;457763
"0315552500280";"31555";"AE";"159";8;3100;0;2;"2025-08-18";;5969
"0315552500334";"31555";"BC";"20";6;19106;28207;2;"2025-10-27";;75588
"0315552500343";"31555";"AX";"56";8;1581;5902;2;"2025-11-26";;6335
"0315552500403";"31555";"AB";"100";6;1320;526586;2;"2025-12-23";;972087
"0315552500411";"31555";"AX";"213";8;1910;0;2;"2025-11-24";;6715
"0315552500465";"31555";"AB";"100";3;1872;526586;2;"2025-10-21";;2591016
"0315552500472";"31555";"CB";"57";8;2490;1552;2;"2025-12-01";;49391
"0315552500496";"31555";"AN";"153";8;3895;6000;2;"2025-11-24";;14861
"03155724C0064";"31557";"AA";"1953";8;4923;11252;2;"2025-01-29";;35032
"0315572500016";"31557";"AA";"2145";8;2822;730;2;"2025-05-15";;6698
"03156124C0017";"31561";"BN";"46";4;2415;0;5;"2025-03-19";"2025-11-24";4124
"0315822500011";"31582";"B";"398";4;4411;0;2;"2025-12-09";;18014
"0315852500005";"31585";"B";"2098";8;1038;3590;2;"2025-06-03";;28758
"03158725S0008";"31587";"AA";"40";3;4172;1752;2;"2025-10-03";;19738
"03201324A0077";"32013";"ZD";"152";8;10158;0;2;"2025-04-16";;44069
"0320132500021";"32013";"ZD";"75";4;2011;0;2;"2025-12-23";;10632
"0320272500005";"32027";"AH";"137";8;2338;0;5;"2025-08-18";"2026-01-12";11674
"03213225L0001";"32132";"AI";"680";8;1043;0;2;"2025-05-05";;1915
"03213225L0005";"32132";"AL";"227";4;1201;0;2;"2025-10-02";;23307
"0321472501003";"32147";"C";"1099";6;1038;0;5;"2025-05-26";"2026-02-09";2631
"0321472501006";"32147";"C";"1131";4;1037;0;2;"2025-09-11";;11001
"0321602500046";"32160";"CO";"681";3;1713;0;2;"2025-08-27";;6521
"0322332500004";"32233";"C";"1207";8;1275;0;2;"2025-05-20";;15481
"0322522500003";"32252";"C";"968";8;1314;0;2;"2025-07-29";;4729
"0322542500001";"32254";"AN";"93";4;2371;0;2;"2025-08-11";;7935
"03229624A0016";"32296";"AK";"116";8;2797;0;2;"2025-03-12";;12356
"03229624A0017";"32296";"AL";"102";4;1406;0;2;"2025-04-11";;20530
"03229624A0018";"32296";"AL";"2";8;6366;0;2;"2025-01-27";;10478
"0324102500013";"32410";"AR";"102";6;3712;3712;2;"2025-09-19";;11218
"03242624A0005";"32426";"AH";"96";8;1640;0;2;"2025-02-12";;5509
"0324262500003";"32426";"AH";"69";8;1217;1460;2;"2025-06-11";;6663
"0324332501003";"32433";"AH";"139";8;1013;0;2;"2025-09-29";;2300
"03246224A0014";"32462";"AB";"37";8;1460;1176;2;"2025-07-24";;6807
"03300525K0008";"33005";"BV";"67";8;1411;2884;5;"2025-05-22";"2025-08-18";8046
"0330142500007";"33014";"A";"1886";8;2052;0;2;"2025-10-13";;6286
"0330192500045";"33019";"CK";"45";4;2475;0;2;"2025-10-09";;6271
"0330322500012";"33032";"AM";"599";6;1189;0;5;"2025-08-12";"2025-10-06";2881
"03303924Z0054";"33039";"BM";"75";4;3164;72120;2;"2025-04-03";;172777
"03304224K0087";"33042";"A";"1192";8;1028;3202;5;"2025-04-08";"2025-08-08";11295
"03304924X0045";"33049";"0E";"1105";4;1242;0;2;"2025-01-15";;21847
"03305124K0046";"33051";"AC";"419";4;2375;0;2;"2025-06-30";;14602
"0330512500040";"33051";"BO";"344";4;2172;0;2;"2025-09-18";;4729
"03305624Z0072";"33056";"CB";"22";8;2597;0;2;"2025-05-13";;5107
"0330562500032";"33056";"CA";"107";8;14650;10877;5;"2025-09-02";"2025-09-15";45648
"0330562500039";"33056";"AV";"73";8;1413;2021;5;"2025-10-14";"2026-01-12";8613
"03306324Z0342";"33063";"SV";"16";8;35185;0;2;"2025-02-05";;140366
"03306324Z0525";"33063";"TK";"24";6;2869;0;5;"2025-04-09";"2025-12-08";94234
"0330632500091";"33063";"TK";"24";6;14045;0;2;"2025-08-28";;29687
"0330632500136";"33063";"TV";"6";3;1926;30636;2;"2025-12-17";;109010
"0330632500148";"33063";"SW";"29";3;7010;0;2;"2025-11-20";;79437
"0330632500149";"33063";"BZ";"144";3;12113;0;2;"2025-11-20";;0
"03306924Z0077";"33069";"AV";"319";4;1571;1411;2;"2025-05-26";;3885
"0330692500034";"33069";"AR";"122";8;4370;0;2;"2025-07-04";;40448
"03307324J0021";"33073";"YI";"11";3;6038;0;2;"2025-03-17";;669076
"0330752500011";"33075";"AI";"100";8;8989;47794;2;"2025-07-10";;130436
"03309025Z0002";"33090";"B";"335P";6;2355;6052;5;"2025-04-29";"2025-10-12";26306
"03309524P0010";"33095";"A";"689";6;1563;0;5;"2025-01-20";"2025-06-23";160450
"03309524P0048";"33095";"A";"918";6;1563;0;2;"2025-01-10";;895
"0330972500007";"33097";"DC";"61";8;1586;0;2;"2025-05-16";;10233
"03312225V1027";"33122";"EK";"381";8;1033;243;2;"2025-06-04";;2473
"03312225V1037";"33122";"AY";"93";8;5581;11797;2;"2025-07-01";;47488
"03316724Z0032";"33167";"AV";"62";8;1106;390;2;"2025-02-15";;1000
"0331672500017";"33167";"AT";"20";6;1071;1352;2;"2025-11-06";;11155
"03320024Z0043";"33200";"BA";"56";8;4154;0;2;"2025-01-02";;13452
"03320024Z0053";"33200";"AV";"133";3;4484;0;2;"2025-07-11";;3506
"0332002500012";"33200";"AX";"333";6;3990;0;2;"2025-06-13";;9348
"0332002500015";"33200";"AT";"91";8;2519;1986;2;"2025-09-08";;5037
"0332002500022";"33200";"AX";"335";6;4045;0;2;"2025-08-21";;12315
"0332072500013";"33207";"BC";"1";8;1500;0;2;"2025-04-14";;4207
"03322724P0037";"33227";"AL";"611";3;2918;0;2;"2025-01-13";;8358
"0332402500019";"33240";"AD";"168";4;1725;0;2;"2025-09-12";;4226
"03324925X0011";"33249";"AT";"220";8;5550;130;2;"2025-12-04";;0
"0332792500003";"33279";"A";"1210";8;1516;0;2;"2025-06-25";;4879
"03328124Z0131";"33281";"AB";"102";8;4154;0;2;"2025-01-02";;3099
"03328124Z0184";"33281";"AC";"682";3;1741;0;5;"2025-04-28";"2025-12-15";2590
"0332812500056";"33281";"AL";"402";3;1126;12784;2;"2025-10-10";;30000
"0332812500113";"33281";"ER";"135";8;1391;3261;2;"2025-11-26";;14704
"0332812500149";"33281";"ET";"192";3;3082;0;5;"2025-11-03";"2025-12-01";4833705
"03328425K0052";"33284";"A";"3324";6;3494;0;2;"2025-07-28";;11550
"03331824Z0060";"33318";"HN";"43";3;3439;0;2;"2025-01-24";;2216
"03331824Z0170";"33318";"EI";"626";4;2483;700;2;"2025-07-31";;5230
"0333182500671";"33318";"HD";"7";6;1434;9677;2;"2025-12-19";;44191
"0333182500790";"33318";"HC";"11";8;1359;10700;2;"2025-10-27";;19943
"03334124J0018";"33341";"ZN";"22";8;1137;1557;5;"2025-02-03";"2025-11-17";9445
"0333502500003";"33350";"ZB";"143";6;4237;5034;2;"2025-04-30";;24080
"03336224F0008";"33362";"ZM";"15";6;3915;7714;2;"2025-03-24";;27350
"0333632500005";"33363";"AN";"16";8;1365;6067;2;"2025-09-15";;0
"0333662500028";"33366";"A";"2703";6;1430;0;2;"2025-11-04";;6129
"03337524F0001";"33375";"AI";"241";4;1287;1955;5;"2025-01-08";"2025-12-01";25105
"0334152500006";"33415";"C";"164";8;1503;0;2;"2025-03-31";;8550
"03342224Z0051";"33422";"AS";"362";6;1980;665;2;"2025-05-15";;54885
"03343324X0046";"33433";"0G";"1776";8;2605;4175;5;"2025-02-04";"2025-12-11";25588
"03344924Z0057";"33449";"DB";"8";6;3283;0;2;"2025-01-21";;44994
"0334492500045";"33449";"IZ";"53";8;2094;0;5;"2025-08-11";"2025-11-24";2686
"03347825F0006";"33478";"D";"167";8;4593;27600;5;"2025-05-30";"2025-10-09";82309
"0334942500019";"33494";"0B";"330";6;1460;33960;5;"2025-09-22";"2025-11-03";207621
"03352924K0264";"33529";"GZ";"112";3;1160;22854;2;"2025-01-28";;47389
"0335292500041";"33529";"FN";"107";8;5320;2739;2;"2025-06-17";;10736
"0335292500042";"33529";"FN";"109";8;1319;0;2;"2025-06-17";;6745
"0335292500083";"33529";"GZ";"260";4;19674;1602;5;"2025-09-30";"2025-10-01";39076
"0335532500002";"33553";"0B";"748";8;2881;937;2;"2025-06-18";;8283
"03400324K0143";"34003";"LW";"27";8;3973;0;2;"2025-01-22";;8586
"03400324K0146";"34003";"IO";"13";8;1153;155;2;"2025-01-13";;5900
"03400824B0008";"34008";"C";"2205";8;2800;0;2;"2025-04-22";;13160
"03403124K0035";"34031";"BV";"195";3;1295;0;2;"2025-03-18";;2148
"03403224T0090";"34032";"CM";"419";4;1704;0;2;"2025-03-27";;66391
"03403224T0119";"34032";;;8;1667;0;2;"2025-01-16";;8396
"03403224T0193";"34032";"AX";"152";8;5651;0;5;"2025-04-03";"2025-09-04";39480
"03403224T0195";"34032";"AX";"152";8;8983;0;5;"2025-03-20";"2025-06-30";39758
"03403224T0216";"34032";"HP";"282";8;1221;0;2;"2025-03-06";;6000
"03403224T0219";"34032";"HP";"282";8;4447;0;2;"2025-04-10";;15000
"03403225T0061";"34032";"IT";"29";6;6298;42302;5;"2025-07-10";"2025-07-21";97103
"03403225T0101";"34032";"CM";"407";6;1250;12201;2;"2025-10-02";;51509
"03403225T0108";"34032";"DK";"99";4;4448;0;2;"2025-12-11";;6030
"03403225T0113";"34032";"IO";"35";8;2341;0;2;"2025-11-13";;4192
"03403225T0123";"34032";"DR";"10";6;5797;0;2;"2025-11-06";;0
"03403624C0016";"34036";"AC";"19";6;4805;0;2;"2025-02-14";;12379
"03405725M0016";"34057";"AN";"91";8;3699;0;5;"2025-08-01";"2025-11-17";12098
"03405725M0017";"34057";"AN";"91";8;7059;0;5;"2025-08-01";"2025-12-17";12098
"03405824M0031";"34058";"BE";"82";6;1744;2786;2;"2025-02-06";;4855
"0340582500013";"34058";"B";"2271";8;1910;8321;2;"2025-10-24";;24512
"0340692500015";"34069";"E";"2539";4;1450;0;5;"2025-09-26";"2026-01-05";3054
"03407724M0009";"34077";"BW";"169";3;1154;468;5;"2025-03-10";"2026-01-12";5848
"03407924C0058";"34079";"BR";"111";4;2116;11201;2;"2025-05-06";;27459
"0340792500023";"34079";"BV";"179";8;4082;0;2;"2025-08-19";;7455
"03409024M0018";"34090";"BK";"230";3;3238;0;2;"2025-06-27";;6346
"0341082500003";"34108";"DV";"29";8;2694;754;5;"2025-04-10";"2025-04-14";13476
"0341082500046";"34108";"DH";"84";3;1194;70;2;"2025-11-17";;2499
"03411624M0038";"34116";"AC";"33";3;2351;350;2;"2025-06-19";;1750
"03411624M0039";"34116";"AA";"16";3;4940;0;2;"2025-07-03";;6630
"0341352500028";"34135";"A";"1239";6;1428;0;2;"2025-11-17";;2326
"0341542400105";"34154";"EA";"105";8;2973;0;5;"2025-04-16";"2025-09-17";6222
"0341542500008";"34154";"EB";"33";3;6300;0;2;"2025-11-13";;883579
"0341542500009";"34154";;;8;23296;0;2;"2025-10-03";;0
"0341552500003";"34155";"B";"477";8;2723;0;2;"2025-05-07";;5462
"0341612500017";"34161";"C";"1914";8;1970;0;2;"2025-09-17";;19603
"03417224M0162";"34172";"SM";"47";3;25571;0;2;"2025-07-25";;39045
"03417224M0236";"34172";"SE";"28";4;4080;0;2;"2025-03-05";;15455
"03417224M0239";"34172";"SE";"31";3;12458;0;2;"2025-03-05";;10692
"03417224M0241";"34172";"AL";"80";3;3100;11453;2;"2025-06-26";;50582
"03417224M0293";"34172";"LR";"70";4;1559;0;2;"2025-06-30";;1564
"0341722500185";"34172";"LS";"14";3;10193;0;2;"2025-12-17";;16005
"0341942500012";"34194";"AI";"663";8;1048;1369;5;"2025-10-07";"2025-10-20";5236
"03419824M0032";"34198";"AE";"55";3;6326;0;2;"2025-04-19";;5398
"0342472500003";"34247";"CC";"42";3;3540;2200;2;"2025-09-17";;6688
"0342702500015";"34270";"BA";"10";3;1245;752;2;"2025-07-02";;3386
"0342892500002";"34289";"B";"1687";6;1026;0;5;"2025-05-09";"2025-05-12";4166
"0342982500012";"34298";"AP";"391";8;1803;0;2;"2025-07-07";;4347
"03430124V0030";"34301";"AC";"263";3;3255;3500;2;"2025-01-13";;3941
"03430124V0039";"34301";"AD";"337";3;2458;0;2;"2025-02-14";;8307
"03430124V0049";"34301";"AE";"18";6;1928;12899;2;"2025-01-15";;26477
"03430124V0053";"34301";"AC";"364";6;16641;0;2;"2025-04-08";;41733
"0343012500039";"34301";"AE";"18";3;1003;14827;2;"2025-10-13";;26477
"0343012500068";"34301";"AD";"376";8;4890;0;2;"2025-11-05";;10239
"0343202500010";"34320";"AX";"110";8;2469;0;2;"2025-07-21";;9191
"0343292500004";"34329";"AE";"170";4;4232;998;2;"2025-04-18";;10982
"03433224K0023";"34332";"BR";"287";4;1421;1119;5;"2025-01-09";"2025-12-01";8302
"03433324V0023";"34333";"BN";"3";4;1400;0;2;"2025-06-30";;2709
"0343442500004";"34344";"AD";"104";4;4486;1353;2;"2025-08-12";;9663
"03500124M0040";"35001";"ZC";"244";3;1448;0;2;"2025-03-17";;1614
"03500125M0004";"35001";"ZC";"219";6;1250;0;5;"2025-06-24";"2025-08-25";2190
"03500625V0015";"35006";"BM";"44";6;3460;0;2;"2025-08-18";;10934
"0350232500008";"35023";"ZH";"83";6;1587;2622;5;"2025-05-27";"2025-09-22";12626
"0350232500009";"35023";"ZE";"348";4;2008;0;2;"2025-07-29";;2030
"03502425M0002";"35024";"E";"1839";3;11302;0;2;"2025-04-16";;10000
"03503224M0023";"35032";"ZE";"255";8;7987;2590;2;"2025-07-24";;34295
"03503724B0067";"35037";"YK";"278";6;4683;0;2;"2025-02-04";;25921
"03503724B0069";"35037";"ZE";"261";4;2423;0;2;"2025-02-07";;5514
"0350372500005";"35037";"ZE";"183";8;24523;4227;2;"2025-11-06";;57256
"0350472400026";"35047";"BO";"230";6;7829;150;2;"2025-01-06";;17235
"0350472400041";"35047";"BO";"154";6;2005;0;2;"2025-04-28";;8348
"0350472500026";"35047";"BO";"160";6;6288;0;2;"2025-10-15";;56669
"0350472500027";"35047";"BO";"160";6;4784;0;2;"2025-10-15";;56637
"0350472500028";"35047";"BO";"160";6;6417;0;2;"2025-10-15";;56637
"0350472500029";"35047";"BO";"160";6;6199;0;2;"2025-10-15";;56637
"0350492500048";"35049";"C";"1427";4;1073;0;2;"2025-09-30";;4513
"03505124A0046";"35051";"AX";"312";8;3846;0;2;"2025-02-05";;4900
"03505124A0074";"35051";"BB";"225";3;5958;0;5;"2025-06-20";"2025-12-23";9075
"03505124A0075";"35051";"BB";"166";3;8336;454;5;"2025-05-13";"2025-12-15";17001
"03505124A0082";"35051";"BB";"225";3;2726;0;2;"2025-06-30";;8322
"0350512500005";"35051";"AY";"336";8;2986;0;2;"2025-06-16";;8542
"0350512500014";"35051";"YC";"262";3;2859;0;2;"2025-07-31";;2060
"0350512500025";"35051";"YC";"223";3;13767;0;2;"2025-12-01";;9794
"03505524M0016";"35055";"AS";"218";3;4435;0;2;"2025-02-10";;7019
"03506624M0024";"35066";"AB";"70";6;17667;0;2;"2025-04-15";;75765
"0350662500009";"35066";"AE";"3";6;5640;8026;5;"2025-10-21";"2026-01-07";31123
"0350662500011";"35066";"AB";"58";6;3484;18999;2;"2025-11-14";;67184
"03506625M0003";"35066";"AB";"58";6;18999;0;2;"2025-04-25";;67184
"03507025E0001";"35070";"AD";"188";6;1701;5903;5;"2025-04-07";"2025-04-07";44748
"03508824M0022";"35088";"YB";"588";3;1941;0;2;"2025-06-11";;5006
"03510924V0038";"35109";"YD";"159";8;6116;0;5;"2025-01-24";"2025-06-16";21900
"03510925V0008";"35109";"YB";"133";8;1413;11057;2;"2025-05-23";;63721
"03510925V0010";"35109";"YK";"50";6;1372;0;5;"2025-05-27";"2025-07-30";22546
"03510925V0014";"35109";"YE";"127";8;4747;9675;2;"2025-05-12";;71521
"03510925V0015";"35109";"ZL";"330";6;26548;0;5;"2025-03-18";"2025-03-21";195378
"0351152500046";"35115";"AM";"77";6;1280;36443;2;"2025-09-17";;114024
"0351172500010";"35117";"ZH";"171";8;26719;0;2;"2025-09-10";;65303
"03512425W0019";"35124";"YV";"187";4;4450;0;2;"2025-11-19";;3349
"03513624S0030";"35136";"YV";"76";4;2870;1296;5;"2025-03-13";"2025-06-17";7140
"0351522500023";"35152";"AX";"98";8;1203;0;2;"2025-10-28";;5461
"0351622400011";"35162";"AH";"479";6;2448;0;2;"2025-03-07";;14777
"03517625W0031";"35176";"YK";"420";8;25115;0;2;"2025-11-25";;0
"03517724U0046";"35177";"AL";"289";3;1533;0;2;"2025-03-20";;14808
"0352082500007";"35208";"ZB";"302";8;1053;0;2;"2025-10-27";;1531
"03521925F1032";"35219";"ZN";"486";4;1802;1877;2;"2025-11-21";;4802
"03522125W0007";"35221";"ZS";"206";4;1478;0;2;"2025-05-21";;1953
"0352242500012";"35224";"ZB";"192";8;2569;1829;2;"2025-05-09";;48856
"03522824S0039";"35228";"ZA";"423";4;8517;0;2;"2025-05-12";;33324
"0352382410244";"35238";"EO";"36";4;1602;3376;5;"2025-08-13";"2025-11-24";6000
"0352382410264";"35238";"DL";"606";3;1264;0;2;"2025-06-25";;4476
"0352382410266";"35238";"IY";"562";4;4391;0;5;"2025-07-04";"2025-12-29";9075
"0352382410268";"35238";"EL";"5";6;1206;806;2;"2025-07-04";;2501
"0352382410277";"35238";"BR";"783";3;4289;0;2;"2025-09-18";;909
"0352382500049";"35238";"EK";"7";8;1959;2308;2;"2025-06-18";;3804
"0352382500055";"35238";"EL";"18";6;9423;0;5;"2025-08-22";"2025-12-08";14475
"0352392500004";"35239";"ZR";"294";6;2782;55933;2;"2025-05-06";;200039
"03524024M0027";"35240";"ze";"577";8;6001;0;2;"2025-06-12";;12067
"0352412500008";"35241";"AB";"60";4;4158;0;2;"2025-06-10";;7433
"03524625B0009";"35246";"K";"698";8;1101;0;2;"2025-11-03";;4361
"0352532300027";"35253";;;3;3170;0;5;"2025-03-14";"2025-10-15";0
"0352532500013";"35253";"ZE";"163";4;9178;0;2;"2025-08-07";;9216
"03527524M0020";"35275";"B";"766";6;1334;0;2;"2025-03-28";;7500
"0352752500008";"35275";"AC";"830";8;1689;0;2;"2025-09-26";;2978
"03528124M0016";"35281";"AK";"667";4;5590;0;2;"2025-05-02";;17805
"03528124M0018";"35281";"AK";"149";3;3844;0;2;"2025-04-04";;6689
"03528124M0019";"35281";"AK";"147";3;4974;0;2;"2025-04-14";;8595
"0352812500007";"35281";"AW";"268P";3;3250;0;2;"2025-12-10";;714
"03528824A0185";"35288";"CS";;8;1477;1004;2;"2025-03-07";;39432
"03528824A0187";"35288";"AR";"100";4;4029;0;5;"2025-02-24";"2025-04-04";5327
"03528824A0213";"35288";"CW";"241";4;3090;0;2;"2025-09-16";;8610
"0352882500018";"35288";"CS";"30";6;2993;4834;2;"2025-05-20";;10852
"0352882500118";"35288";"DN";"100";3;1650;0;2;"2025-10-28";;7963
"0353242400002";"35324";"ZB";"104";8;6137;0;2;"2025-06-10";;20000
"0353242400005";"35324";"ZA";"32";8;9644;0;2;"2025-01-25";;29278
"0353342500006";"35334";"BD";"51";3;4480;4508;2;"2025-09-15";;15535
"03533725B0005";"35337";"ZB";"171";4;3154;0;2;"2025-08-16";;2388
"03533725B0027";"35337";"D";"665";6;2105;4249;5;"2025-10-16";"2026-01-13";11784
"03533825V0003";"35338";"ZH";"64";8;1272;1283;2;"2025-10-21";;38597
"0353522500026";"35352";"AK";"199";6;2206;4968;2;"2025-09-26";;15854
"03536025V0041";"35360";"CL";"57";8;2055;2915;2;"2025-05-22";;19412
"03536324M0006";"35363";"AO";"303";6;1704;0;2;"2025-02-17";;8472
"03608825H0006";"36088";"AR";"52";8;24258;0;2;"2025-06-30";;132955
"0361132500003";"36113";"ZO";"230";8;1219;0;2;"2025-11-07";;3023
"03612824N0004";"36128";;;8;83757;0;2;"2025-07-11";;1982721
"0361282500013";"36128";"AA";"30";6;18060;33620;2;"2025-11-27";;114014
"03620224N0020";"36202";"BM";;4;2515;0;2;"2025-04-14";;11872
"03620224N0024";"36202";"ZX";"192";6;6400;0;2;"2025-02-25";;21803
"0362022500024";"36202";"ZX";"191";6;1422;0;2;"2025-08-27";;15168
"0362022500031";"36202";"ZX";"92";6;2470;901;2;"2025-11-28";;7000
"03702724D0025";"37027";"YV";"52";8;75357;0;2;"2025-10-24";;173124
"03704924H0005";"37049";"ZD";"40";8;1780;0;2;"2025-03-10";;6530
"0370502400025";"37050";"BE";"608";3;1916;0;2;"2025-06-26";;3965
"0370602500005";"37060";"ZK";"330";8;1116;0;2;"2025-07-02";;1713
"0371042440005";"37104";"ZP";"1";8;61810;0;2;"2025-05-02";;156497
"03710924F0046";"37109";"ZP";"599";3;3228;0;2;"2025-02-07";;24273
"03712224J0022";"37122";"AM";"609";8;3915;0;2;"2025-02-07";;15119
"03715624C0049";"37156";"ZX";"200";8;3804;0;5;"2025-04-02";"2025-07-18";7401
"0371672450003";"37167";"ZL";"13";6;23788;0;2;"2025-04-10";;92864
"0371762500002";"37176";"ZP";"164";8;7796;16593;2;"2025-03-07";;235140
"0371782320003";"37178";"A";"138";6;1047;0;2;"2025-01-07";;1983064
"03717925N0013";"37179";"ZA";"45";8;9059;24401;2;"2025-12-05";;124112
"03717925N0014";"37179";"ZL";"374";8;7885;2007;2;"2025-12-19";;15014
"0372142400043";"37214";"AM";"564";3;2135;0;2;"2025-07-15";;3372
"0372142500020";"37214";"AS";"307";4;2203;0;2;"2025-10-30";;1025
"0372332500021";"37233";"AR";"225";8;2202;0;2;"2025-09-05";;12674
"0372332500025";"37233";"AT";"14";6;1446;3680;2;"2025-12-22";;21094
"0372502500005";"37250";"YI";"38";4;11693;0;2;"2025-09-22";;28152
"0372502500018";"37250";"YS";"126";3;3036;0;2;"2025-11-25";;5315
"03726124T0084";"37261";"CR";"67";3;3267;0;2;"2025-03-10";;3228
"03726125T0048";"37261";"BE";"134";3;4601;1041;2;"2025-10-30";;14993
"03726125T0091";"37261";"AY";"653";3;2319;0;2;"2025-12-19";;1184
"0380012410031";"38001";"AD";"705";6;1446;1111;2;"2025-02-11";;3805
"0380132410020";"38013";"AO";"314";6;1132;0;5;"2025-02-07";"2025-06-16";2450
"03805325B1014";"38053";;;4;3374;0;2;"2025-09-11";;1671
"03805325B1023";"38053";;;8;1018;1018;2;"2025-12-15";;0
"0380642510023";"38064";"AI";"371";8;1890;0;2;"2025-12-15";;5479
"0380682400006";"38068";"B";"1308";6;1081;281;2;"2025-01-20";;46259
"0380692410021";"38069";"AB";"1001";4;3602;1380;5;"2025-01-06";"2025-06-01";24920
"0380712420004";"38071";"AH";"165";8;1362;0;5;"2025-01-23";"2025-07-10";3562
"0380722510021";"38072";"F";"819";8;1253;0;2;"2025-09-25";;3347
"0380852410016";"38085";"AM";"723";6;12325;0;2;"2025-01-23";;22042
"0380852410018";"38085";"AM";"731";6;1473;0;2;"2025-02-06";;4264
"0380872510006";"38087";"AM";"61";4;1200;17885;5;"2025-09-22";"2026-01-19";58578
"0381512410013";"38151";"AN";"178";8;2043;1002;2;"2025-02-10";;8515
"0381512410025";"38151";"AX";"150";3;3233;714;2;"2025-06-02";;3288
"0381512510007";"38151";"AX";"164";3;3768;963;2;"2025-08-11";;2161
"0381822520003";"38182";"ZA";"14";6;1548;0;5;"2025-10-21";"2026-01-05";2000
"0381822520004";"38182";"ZA";"12";6;3300;0;2;"2025-07-21";;22990
"03818524U1084";"38185";"IM";"300";3;2744;10243;2;"2025-10-07";;14706
"03818525U1002";"38185";"IV";"9";3;1140;0;2;"2025-04-03";;1027
"0381892500004";"38189";"AC";"339";8;1352;16660;5;"2025-06-16";"2026-01-05";50311
"0381892500018";"38189";"ZA";"114";8;5213;0;2;"2025-12-09";;14363
"0382192410002";"38219";"ZB";"114";6;1807;0;5;"2025-01-24";"2025-04-22";3107
"0382292410038";"38229";"AZ";"104";3;2916;0;2;"2025-05-15";;3709
"0382812510002";"38281";"AD";"94";6;1711;3080;2;"2025-05-21";;10146
"0382902410006";"38290";"ZI";"29";8;2070;0;2;"2025-01-06";;23498
"0382982510009";"38298";"BB";"58";6;1384;8078;2;"2025-09-15";;157965
"0383142410026";"38314";"AP";"302";4;1016;750;2;"2025-01-06";;28129
"0383142510006";"38314";"AT";"426";8;1074;0;2;"2025-10-06";;2141
"0383142510016";"38314";"AP";"302";4;2390;750;2;"2025-12-22";;29340
"0383152500003";"38315";"B";"626";4;9742;0;2;"2025-09-02";;10134
"0383152500007";"38315";"A";"794";4;2869;1614;2;"2025-12-08";;9497
"0383172410009";"38317";;;6;1604;0;2;"2025-04-11";;5748
"0383172410013";"38317";"AN";"145";6;1813;0;5;"2025-05-06";"2025-07-25";7731
"0383172510007";"38317";"AN";"124";6;1510;0;2;"2025-12-08";;4588
"0383182510014";"38318";"AI";"974";6;15940;0;2;"2025-12-22";;33751
"0383372410012";"38337";"AH";"240";4;1424;331;5;"2025-05-22";"2025-06-24";6708
"0383412510011";"38341";"B";"2179";4;2672;2454;2;"2025-10-01";;3903
"0383772510018";"38377";"AC";"268";4;2810;0;2;"2025-10-17";;3072
"0383842500003";"38384";"ZH";"551";6;1235;0;5;"2025-03-28";"2025-05-19";2921
"0383842500016";"38384";"ZH";"205";6;2853;0;5;"2025-09-30";"2026-01-05";11706
"0383842500021";"38384";"ZH";"568";6;1067;0;2;"2025-12-16";;15491
"0384162500019";"38416";"ZA";"298";6;2597;0;2;"2025-10-06";;6493
"0384162510005";"38416";"AK";"420";8;1125;90;5;"2025-05-02";"2025-09-29";4263
"0384252510002";"38425";"AC";"626";4;1268;376;5;"2025-06-27";"2025-11-17";2244
"0384252510024";"38425";"A";"599";3;4107;0;2;"2025-11-26";;534985
"0384492510003";"38449";"CK";"33";8;1718;27013;5;"2025-05-23";"2025-09-19";54755
"0384492510008";"38449";"CH";"200";8;16795;17765;5;"2025-07-10";"2025-07-15";52712
"0384542500002";"38454";"0C";"659";8;1022;1994;2;"2025-05-13";;18079
"0384682210013";"38468";"AS";"1292";6;11549;0;2;"2025-02-24";;43904
"0384682510008";"38468";"AP";"827";8;1474;4198;2;"2025-09-22";;14522
"0384682510011";"38468";"AP";"828";8;1282;0;2;"2025-12-02";;11397
"0384682510014";"38468";"AD";"468";6;10800;0;2;"2025-11-18";;137373
"0384742510005";"38474";"AP";"186";4;6192;0;2;"2025-11-28";;7967
"0384992520008";"38499";"AD";"414";6;2595;0;2;"2025-12-19";;18254
"0385112400015";"38511";"AD";"47";8;2168;0;2;"2025-04-10";;6628
"0385112420019";"38511";"AE";"265";8;1523;0;5;"2025-01-17";"2025-07-16";0
"0385302410007";"38530";"A";"937";3;4054;0;2;"2025-03-10";;19075
"0385302510006";"38530";"B";"2001";6;1430;0;2;"2025-05-27";;2843
"0385302510010";"38530";"A";"1013";6;17493;7139;2;"2025-10-23";;75675
"0385372410029";"38537";"AI";"2";6;9441;24576;2;"2025-05-27";;107705
"0385442410065";"38544";"AH";"943";8;1002;1773;2;"2025-06-12";;798
"0385472510003";"38547";"AR";"732";8;2762;0;2;"2025-06-30";;4000
"0385482410027";"38548";"AL";"65";4;1078;0;2;"2025-02-18";;3617
"0385572410014";"38557";"ZN";"110";8;8965;104447;2;"2025-01-21";;519708
"0385592320003";"38559";"AV";"9";4;6278;30;2;"2025-10-31";;21617
"0385592420018";"38559";"0E";"576";6;17400;0;2;"2025-01-07";;60117
"03856225U0004";"38562";"AK";"34";6;2007;33805;2;"2025-09-16";;146051
"0385652510005";"38565";"BE";"178";8;25681;3730;2;"2025-10-24";;43615
"0385652510008";"38565";"AC";"684";4;1094;0;2;"2025-11-13";;13574
"0385652510018";"38565";"BM";"598";6;2592;831;2;"2025-10-29";;5367
"0390162500004";"39016";"ZK";"262";8;1367;0;2;"2025-10-22";;7731
"03908324C0004";"39083";"ZA";"297";4;1496;0;5;"2025-01-28";"2025-09-22";9887
"0390972500001";"39097";"BE";"118";8;1497;1983;2;"2025-06-06";;50418
"0390972500005";"39097";"AR";"221";4;1481;1826;2;"2025-06-10";;5379
"0390972500024";"39097";"AP";"326";8;1021;434;2;"2025-10-31";;9046
"0391502500001";"39150";"ZD";"239";3;1656;0;5;"2025-02-21";"2025-02-21";30480
"0391502500006";"39150";"ZD";"239";8;1081;0;2;"2025-10-13";;36881
"0391992500002";"39199";"ZL";"458";8;1400;0;2;"2025-08-28";;21092
"0393002500011";"39300";"AV";"85";6;1750;4048;2;"2025-06-17";;9329
"0393652500002";"39365";"ZB";"198";4;1316;0;5;"2025-06-16";"2025-12-24";3048
"03936725J0010";"39367";"AX";"310";8;1250;0;2;"2025-12-04";;2994
"03945124D0002";"39451";"ZD";"246";8;1467;1467;5;"2025-01-06";"2025-06-23";8356
"03947524P0027";"39475";"AH";"31";6;1280;0;2;"2025-02-26";;7253
"0395332500001";"39533";"ZC";"35";4;1536;0;2;"2025-07-28";;23687
"0400042500003";"40004";"AB";"209";3;1066;0;2;"2025-11-10";;0
"0400362500036";"40036";"AR";"121";4;1435;1172;2;"2025-11-28";;4549
"0400362500037";"40036";"AB";"546";4;1182;160;2;"2025-09-23";;2000
"0400462500010";"40046";"BC";"20";4;1030;0;2;"2025-10-13";;633
"0400462500023";"40046";"CK";"1249";3;2630;700;2;"2025-11-19";;3950819
"0400882500024";"40088";"AW";"109";6;1348;0;2;"2025-10-14";;5460
"0400892500002";"40089";"E";"543";8;1988;1000;2;"2025-07-04";;16735
"0401022500005";"40102";"C";"1886";4;1082;1331;2;"2025-11-04";;14725
"0401192500004";"40119";"AT";"214";4;2673;0;5;"2025-05-02";"2025-08-27";0
"0401202500003";"40120";"ZH";"206";8;2220;845;2;"2025-07-10";;8400
"0401202500004";"40120";"ZH";"219";8;2825;1777;2;"2025-10-13";;20821
"0401202500005";"40120";"ZH";"242";8;1496;0;2;"2025-12-09";;85456
"0401562500004";"40156";"E";"1309";4;1204;483;2;"2025-12-18";;5292
"04015724X0037";"40157";"K";"568";8;1517;0;2;"2025-02-13";;3045
"0401582500003";"40158";"D";"448";8;2600;3900;5;"2025-04-18";"2025-07-18";29048
"0401682500028";"40168";"AB";"72";8;1122;0;2;"2025-09-17";;19791
"0401792400013";"40179";"AA";"93";8;9668;0;2;"2025-01-17";;22942
"0401842500018";"40184";"AP";"112";4;1566;1122;2;"2025-10-07";;0
"04019224B0056";"40192";"BK";"1275";4;1726;265;2;"2025-01-06";;0
"0402612500027";"40261";"AR";"97";6;2006;1513;2;"2025-09-24";;0
"04026624X0040";"40266";"AL";"272";4;1152;1526;2;"2025-04-04";;163938
"0402732500020";"40273";"L";"38";8;3087;0;2;"2025-11-19";;23339
"0402872400035";"40287";"AE";"125";4;2282;2173;2;"2025-01-28";;12842
"04031224D0055";"40312";"AN";"107";6;6510;17511;2;"2025-01-22";;67281
"0410182400079";"41018";"HD";"10";8;1642;9495;2;"2025-03-13";;52778
"0410252500004";"41025";"AK";"56";6;1823;0;5;"2025-08-22";"2025-09-04";8135
"04104724A0013";"41047";"C";"2312";3;1380;0;5;"2025-04-29";"2025-07-01";8528
"04104725A0014";"41047";"A";"1155";6;6020;6259;2;"2025-10-23";;41752
"04105925U0054";"41059";"BW";"136";8;2300;2540;5;"2025-11-21";"2026-01-15";36777
"04107525P0001";"41075";"ZI";"88";8;1176;0;2;"2025-04-22";;5512
"04110624K0014";"41106";"AP";"18";8;38565;0;2;"2025-05-22";;180450
"04110625K0012";"41106";"AO";"57";6;1828;3489;2;"2025-11-17";;12213
"04119825U0003";"41198";"A0";"190";4;1478;0;5;"2025-06-23";"2025-06-23";31054
"0411992500004";"41199";"ZD";"86";8;36688;0;2;"2025-08-06";;171474
"04121125U0016";"41211";"ZX";"84";6;3493;0;2;"2025-07-25";;21697
"04121224A0013";"41212";"AL";"11";4;2377;2330;5;"2025-06-05";"2025-07-27";11904
"0412262500007";"41226";"AE";"127";8;1231;8080;2;"2025-11-06";;28295
"04123224W0018";"41232";"AR";"558";4;1139;1520;5;"2025-06-19";"2025-09-29";9575
"04123925U0011";"41239";;;4;4562;0;2;"2025-11-26";;10026
"04124124W0006";"41241";"AP";"19";6;1242;42267;5;"2025-01-15";"2025-03-03";1954666
"04126924V0029";"41269";"CK";"66";8;1164;0;2;"2025-02-24";;3000
"0412692500017";"41269";"BE";"233";8;1304;0;2;"2025-09-29";;22633
"0412692500020";"41269";"BS";"298";6;8390;0;2;"2025-08-05";;43860
"04129525A0013";"41295";"ES";"61";8;1653;0;2;"2025-06-26";;4100
"04200524A0032";"42005";"AL";"311";8;7748;0;2;"2025-01-24";;0
"04200525A0001";"42005";"BH";"118";6;1388;0;2;"2025-04-03";;4059
"04200525A0009";"42005";"AL";"168";8;1556;0;2;"2025-06-12";;8012
"04200525A0022";"42005";"AD";"359";8;3345;1582;2;"2025-07-10";;10000
"04200525A0046";"42005";"AL";"310";6;1302;0;2;"2025-12-08";;6589
"04200525A0056";"42005";"AH";"365";6;5489;0;2;"2025-12-05";;14526
"04201124A0013";"42011";"AD";"128";6;1787;6450;2;"2025-02-17";;25521
"0420192500004";"42019";"AN";"178";6;1774;3113;5;"2025-06-26";"2025-10-06";6869
"04202124M0013";"42021";"E";"357";4;2079;0;2;"2025-02-21";;5650
"04202224M0014";"42022";"AR";"176";6;1499;0;2;"2025-04-04";;39114
"04202224M0015";"42022";"AR";"175";6;1054;0;5;"2025-04-04";"2025-10-10";20956
"0420442400012";"42044";"AZ";"79";6;1870;55;2;"2025-07-31";;8942
"0420442500004";"42044";"AB";"125";8;1095;5070;2;"2025-05-26";;15676
"0420442500014";"42044";"AY";"221";4;4004;0;2;"2025-11-21";;15070
"04209424A0035";"42094";"AD";"30";6;4335;21633;2;"2025-03-04";;0
"0420952400021";"42095";"AW";"124";4;2679;0;2;"2025-03-31";;5974
"04212724M0031";"42127";"AE";"180";6;8695;0;2;"2025-03-05";;25600
"04218324S0015";"42183";"AM";"405";6;1855;3570;2;"2025-04-16";;10055
"0421892500008";"42189";"AW";"176";4;1157;0;2;"2025-10-27";;2674
"0422072500013";"42207";"ZB";"200";6;1400;8853;5;"2025-05-15";"2025-09-02";27673
"04221424A0014";"42214";"B";"787";8;1250;0;2;"2025-03-06";;0
"0422182400196";"42218";"NT";"23";3;1803;17627;5;"2025-02-27";"2025-09-29";38700
"0422182400211";"42218";"CO";"132";3;3560;894;2;"2025-08-01";;2245
"0422182400213";"42218";"DN";"158";6;2439;2140;2;"2025-03-19";;10951
"0422182500120";"42218";"AM";"212";6;4388;0;2;"2025-09-25";;15402
"0422182500125";"42218";"HN";"269";6;1142;0;2;"2025-12-03";;4917
"0422252500013";"42225";"C";"1569";4;1414;0;2;"2025-09-29";;5037
"04225624M0029";"42256";"AP";"143";6;4821;0;2;"2025-04-28";;10773
"04225624M0033";"42256";"AP";"114";6;1054;0;5;"2025-04-01";"2025-10-13";11175
"0422562500005";"42256";"BA";"132";4;1444;7538;5;"2025-07-09";"2025-09-29";19229
"0422572500002";"42257";"B";"1138";6;1395;6355;2;"2025-07-29";;207747
"04227625R0002";"42276";"BD";"149";6;7594;0;2;"2025-09-02";;26450
"0422992500013";"42299";"AV";"152";4;2080;6210;2;"2025-08-05";;10252
"0423042500005";"42304";"BL";"283";4;6099;1596;5;"2025-07-09";"2025-10-13";7277
"04302524Y0017";"43025";"AC";"203";6;2423;0;2;"2025-01-13";;5055
"04304024B0017";"43040";"AT";"304";4;1434;0;5;"2025-02-04";"2025-05-12";6345
"04304224P0004";"43042";"B";"893";8;1004;0;2;"2025-02-12";;2345
"04304325P0001";"43043";"E";"59";4;1270;0;2;"2025-05-27";;5010
"04306225P0004";"43062";"AC";"388";6;2149;16950;5;"2025-08-27";"2025-11-18";73288
"04312025B0004";"43120";"ZE";"216";6;4020;0;2;"2025-12-09";;15300
"0431372500006";"43137";"CD";"565";4;1036;0;2;"2025-07-30";;4604
"04318525B0002";"43185";"AB";"1260";4;1065;594;2;"2025-03-31";;2737
"0432052500011";"43205";"AM";"33";8;3524;2764;5;"2025-05-20";"2025-09-08";6861
"04321625P0014";"43216";"AO";"219";6;1547;0;2;"2025-11-04";;7149
"04322324Y0014";"43223";"D";"834";8;3054;0;2;"2025-02-12";;20098
"04322325Y0009";"43223";"0D";"847";8;1383;0;2;"2025-08-19";;26068
"0432242500003";"43224";"AM";"27";8;1444;7743;2;"2025-06-12";;23557
"0432242500007";"43224";"AM";"456";6;1001;6276;5;"2025-07-29";"2025-08-04";18773
"04322825P0001";"43228";"A";"592";8;1242;0;2;"2025-05-22";;13622
"04323624Y0007";"43236";"B";"311";8;17325;0;2;"2025-12-19";;98500
"0432362500004";"43236";"B";"318";6;4243;0;2;"2025-12-23";;25185
"04323925B0003";"43239";"0I";"477";4;4167;0;2;"2025-05-21";;30150
"04400224A1023";"44002";"ZT";"186";4;1089;2137;5;"2025-01-24";"2025-05-26";2247
"04400325W1019";"44003";"AW";"5";6;6612;104101;2;"2025-08-01";;280838
"04400725F1010";"44007";"WC";"106";4;2166;0;2;"2025-09-11";;9010
"04400924Z1039";"44009";"AP";"1025";4;2551;2525;5;"2025-04-11";"2025-07-01";10058
"0440092500031";"44009";"AO";"574";8;1868;2596;2;"2025-10-23";;5741
"0440182500016";"44018";"ZA";"281";4;2231;1082;2;"2025-11-19";;11000
"04402024Y1059";"44020";"AY";"610";8;2007;1992;5;"2025-02-19";"2025-05-05";15573
"0440202500029";"44020";"CN";"279";3;6183;0;2;"2025-11-12";;6554
"0440212501031";"44021";"AI";"234";4;1177;1840;2;"2025-12-17";;9962
"04402524E1033";"44025";"AN";"4";6;38265;0;2;"2025-04-04";;198516
"04402624Z1046";"44026";"AS";"153";8;7052;18098;2;"2025-01-06";;66721
"0440262500035";"44026";"BV";"359";3;1100;0;2;"2025-11-26";;2516
"0440262500038";"44026";"CE";"31";8;1988;1916;2;"2025-09-16";;4035
"04402925A0006";"44029";"AD";"208";4;2067;12691;5;"2025-08-22";"2025-12-01";33061
"0440362500004";"44036";"CA";"144";4;2996;0;5;"2025-08-08";"2025-09-01";9900
"0440362500019";"44036";"AV";"480";4;1401;0;2;"2025-07-29";;3928
"04404124A0032";"44041";"BS";"109";3;1238;10540;2;"2025-02-24";;61688
"04404124A0064";"44041";"BS";"96";6;3739;0;2;"2025-03-21";;28500
"0440412500028";"44041";"AZ";"27";6;1847;3464;2;"2025-08-05";;11377
"0440412500034";"44041";"BS";"174";8;5041;0;2;"2025-12-05";;12851
"04404724Z0058";"44047";"AR";"95";6;4495;0;5;"2025-01-23";"2025-09-22";9960
"0440472500044";"44047";"AP";"468";8;3472;0;2;"2025-11-20";;6344
"04405124C1029";"44051";"XW";"165";8;3368;0;2;"2025-04-08";;32775
"0440512500003";"44051";"XX";"55";8;6153;8832;5;"2025-03-18";"2025-07-07";57573
"0440522500017";"44052";"YN";"537";6;3040;0;5;"2025-08-21";"2026-01-21";8313
"04406725F1011";"44067";"YW";"297";4;1696;0;2;"2025-06-13";;4979
"04406924T0126";"44069";"YP";"332";4;4098;36936;5;"2025-07-23";"2025-08-25";107447
"0440692500056";"44069";"YP";"323";3;1298;0;2;"2025-11-22";;12473
"0440712500010";"44071";"BP";"101";6;1420;0;2;"2025-04-23";;2189
"04407325E0005";"44073";"XN";"316";8;3319;0;5;"2025-04-22";"2025-10-07";9900
"0440742500003";"44074";"AH";"210";6;7368;127288;2;"2025-09-15";;184208
"0440812501032";"44081";"AD";"300";4;1681;5637;2;"2025-09-24";;12335
"04408225W1012";"44082";"AM";"165";4;1536;17450;5;"2025-08-12";"2026-01-05";22020
"0440872501055";"44087";"C";"2922";6;1080;2223;5;"2025-09-26";"2026-01-05";20982
"0440872501056";"44087";"E";"4316";4;1380;628;2;"2025-09-26";;2352
"04408924E1025";"44089";"ZM";"128";8;32575;0;5;"2025-02-27";"2025-06-27";54865
"04409024B1014";"44090";"ZB";"695";8;1321;0;5;"2025-01-23";"2025-07-07";6093
"04409024B1015";"44090";"ZC";"78";8;26431;0;2;"2025-03-03";;63300
"04409524C1012";"44095";"YA";"79";6;5238;4266;2;"2025-01-08";;11960
"04409625W1043";"44096";"ZX";"400";6;11878;0;2;"2025-12-11";;31032
"04409824F0074";"44098";"YO";"157";6;1115;630;2;"2025-01-28";;8441
"0440982500036";"44098";"YD";"117";4;2188;0;2;"2025-10-09";;10930
"0441022500013";"44102";"ZI";"170";4;2424;0;2;"2025-10-07";;12776
"0441022500016";"44102";"ZI";"152";8;3474;157;2;"2025-12-02";;9112
"04410324T0036";"44103";"ZX";"189";8;4816;19993;5;"2025-03-05";"2026-01-12";93329
"04410324T0039";"44103";"AX";"149";8;22106;0;2;"2025-02-25";;54126
"0441032500015";"44103";"BC";"10";6;12159;2110;2;"2025-10-15";;225463
"0441032500020";"44103";"AW";"10";6;1158;152623;2;"2025-08-06";;355194
"04410924A0348";"44109";"DX";"480";3;9352;0;2;"2025-03-18";;3038
"0441092500068";"44109";"IZ";"8";8;1380;35920;2;"2025-08-20";;491657
"0441092500082";"44109";"MT";"482";3;1618;0;5;"2025-07-08";"2025-12-09";595
"0441092500145";"44109";"RV";"29";8;21009;19556;2;"2025-10-23";;729
"04410924A0031";"44109";"RV";"29";8;24210;19556;2;"2025-03-28";;31483
"04411025E0015";"44110";"BC";;6;1336;1700;2;"2025-06-30";;15992
"04411424Z0058";"44114";"BY";"149";6;4661;10077;2;"2025-05-16";;59165
"04412825F1010";"44128";"YV";"98";8;1563;0;5;"2025-04-15";"2025-06-23";5639
"04412825F1045";"44128";"YV";"116";6;1193;0;2;"2025-11-07";;4750
"04412924F0110";"44129";"YA";"12";4;1440;880;2;"2025-04-08";;19665
"0441292500034";"44129";"XC";"387";8;1450;0;5;"2025-06-10";"2025-12-08";5589
"0441292500037";"44129";"ZS";"235";8;1016;0;2;"2025-06-20";;6638
"04413124D1222";"44131";"DZ";"402";8;2706;0;2;"2025-02-04";;5673
"04413825N0010";"44138";"ZV";"191";6;2168;0;2;"2025-10-01";;9980
"0441432500021";"44143";"AM";"39";8;1882;1400;2;"2025-07-03";;2950
"0441432500022";"44143";"AL";"140";3;9063;0;2;"2025-10-14";;0
"0441432500024";"44143";"BR";"73";8;1325;0;2;"2025-08-05";;4021
"0441432500035";"44143";"BR";;6;2447;0;2;"2025-06-24";;14458
"04415824E1067";"44158";"BI";"39";3;3982;2628;2;"2025-07-02";;25176
"04415825E1020";"44158";;;8;3658;121262;2;"2025-06-18";;416461
"04416224Z1091";"44162";"CB";"651";3;5156;0;2;"2025-07-01";;3053
"04416224Z1092";"44162";"BW";"1363";3;5156;0;2;"2025-07-01";;2556
"04416224Z1093";"44162";"BH";"429";8;26165;0;2;"2025-05-22";;11696
"0441622500010";"44162";"BW";"232";6;3291;1079;2;"2025-08-19";;6845
"0441622500012";"44162";"EB";"575";6;1416;494;2;"2025-07-15";;4170
"0441622500032";"44162";"DW";"15";3;1458;1060;2;"2025-10-07";;8960
"04418025W1044";"44180";"ZO";"136";6;4691;12349;2;"2025-10-22";;83071
"04418424T0150";"44184";"CH";"71";6;2522;6430;5;"2025-02-17";"2025-03-01";22639
"0441842500022";"44184";"CE";"189";3;3563;0;5;"2025-04-07";"2025-06-16";85882
"0441842500034";"44184";"HP";"1";6;2106;0;2;"2025-07-23";;7724
"0441842500037";"44184";"HO";"1260";8;10018;33310;2;"2025-06-03";;138720
"0441842500073";"44184";"XT";"1";3;3048;0;5;"2025-08-21";"2026-01-12";816
"0441862501025";"44186";"AC";"73";4;1632;0;2;"2025-07-31";;4285
"0441882500010";"44188";"AT";"192";4;3298;0;2;"2025-06-09";;4260
"04419024Y1058";"44190";"CX";"163";4;1095;7290;2;"2025-07-08";;5759
"04419424Z1029";"44194";"BM";"168";6;3444;0;5;"2025-02-05";"2025-10-01";5803
"0441942500013";"44194";"BL";"51";6;1048;188;2;"2025-12-19";;1774
"0441982400018";"44198";"AT";"9";6;34664;15453;2;"2025-09-03";;87014
"0441982500009";"44198";"BB";"246";6;3008;386;5;"2025-09-15";"2025-12-30";4057
"04420525E0019";"44205";"YL";"81";4;3042;0;2;"2025-10-02";;3263
"04420925E0066";"44209";"AD";"247";4;1883;0;2;"2025-11-17";;4910
"0442152500066";"44215";"BO";"485";4;3875;0;2;"2025-11-18";;8795
"04421624A1033";"44216";"A";"427";6;1058;6451;5;"2025-02-17";"2026-02-02";21847
"04421725E0006";"44217";"YX";"146";4;1261;0;5;"2025-04-11";"2025-07-15";2345
"04421725E0009";"44217";"YX";;6;1405;0;2;"2025-04-01";;4900
"04421725E0013";"44217";"YX";"279";6;1820;0;5;"2025-05-13";"2025-07-07";4449
"04421725E0015";"44217";"YW";"148";4;1400;2309;2;"2025-06-17";;14978
"0442232500030";"44223";"AE";"19";4;1520;2536;2;"2025-12-03";;19149
"04500424A0065";"45004";"AT";"483";8;76375;0;2;"2025-12-16";;176871
"0450042500013";"45004";"BT";"22";4;1991;0;5;"2025-05-15";"2025-08-26";6000
"04500824Y0007";"45008";"ZL";"111";8;7926;0;2;"2025-08-25";;89915
"04502425Y0005";"45024";"AV";"33";8;1163;1491;5;"2025-06-19";"2025-10-07";5389
"04505324B0021";"45053";"AW";"689";8;9013;14684;5;"2025-06-12";"2025-09-01";56861
"04510824Z0009";"45108";"B";"1295";8;1096;2500;2;"2025-01-07";;9638
"04511524H0017";"45115";"YE";"14";8;22861;1120;2;"2025-01-16";;105777
"04511524H0021";"45115";"ZR";"97";8;23876;0;2;"2025-07-10";;120084
"0451262500010";"45126";"AM";"18";6;1742;32479;2;"2025-09-15";;225654
"0451262500014";"45126";"AM";"36";6;1510;42479;2;"2025-12-16";;224248
"04513424Y0003";"45134";"ZT";"2";8;39044;0;2;"2025-02-03";;101166
"04513724N0005";"45137";"ZV";;8;29537;0;2;"2025-09-04";;139094
"04514224J0012";"45142";"ZN";"272";6;1731;0;2;"2025-03-10";;16569
"04514224J0013";"45142";"ZN";"272";6;3008;0;2;"2025-03-10";;16569
"04514224J0014";"45142";"ZN";"272";6;1962;0;2;"2025-03-10";;16569
"04514524A0019";"45145";"G";"790";8;2898;13371;5;"2025-02-14";"2025-03-15";62212
"0451452500008";"45145";"G";"790";6;1264;13371;2;"2025-08-27";;57623
"0451472500016";"45147";"AD";"1103";3;3803;0;2;"2025-12-23";;1476
"0451482500009";"45148";"B";"1693";6;1731;9192;2;"2025-11-25";;78009
"04515424Y0013";"45154";"R";"315";8;25716;14793;5;"2025-03-04";"2025-06-19";170385
"0451692500008";"45169";"YL";"216";4;2960;13356;2;"2025-07-31";;34433
"0451692500044";"45169";"YM";"149";8;1322;0;2;"2025-12-15";;3897
"0452472500008";"45247";"YL";"272";6;1571;86654;2;"2025-09-01";;242059
"0452722400016";"45272";"AT";"120";8;5718;0;5;"2025-02-05";"2025-07-03";6155
"0452722500009";"45272";"AV";"212";8;1100;0;2;"2025-10-14";;3669
"04527324J0019";"45273";"ZB";"102";6;1527;0;2;"2025-01-31";;138507
"0453022400051";"45302";"AM";"627";8;3132;0;2;"2025-02-28";;6061
"0453022400053";"45302";"AE";"311";8;1901;0;2;"2025-05-22";;3409
"0453082500010";"45308";"AH";"510";3;1640;0;2;"2025-12-04";;699258
"04531024N0006";"45310";"ZX";"66";8;1072;0;2;"2025-06-04";;7798
"0453382500019";"45338";"YL";"19";6;1571;86654;2;"2025-09-05";;242059
"04602125F0004";"46021";"0E";"750";6;1426;0;5;"2025-07-17";"2025-10-06";0
"0460282500004";"46028";"AE";"951";6;5291;0;2;"2025-09-23";;14383
"0460282500005";"46028";"AL";"330";8;1391;604;2;"2025-07-16";;9545
"0460292500001";"46029";"AS";"7";8;1799;1427;2;"2025-06-13";;9261
"0460632500006";"46063";"0B";"1022";8;1137;337;2;"2025-06-10";;27550
"0461092590002";"46109";"A";"2290";8;1175;614;2;"2025-05-23";;8444
"0461172500004";"46117";"AE";"120";6;1002;0;5;"2025-09-05";"2025-11-17";3079
"0462512500010";"46251";"AS";"782";8;1756;0;2;"2025-12-19";;4558
"0463092500005";"46309";"AH";"121";4;1130;0;2;"2025-07-10";;2165
"0470312500011";"47031";"BN";"20";4;4770;3260;2;"2025-06-23";;33745
"04705124A0018";"47051";"AH";"379";8;1358;0;2;"2025-01-15";;4032
"0470532500001";"47053";"D";"164";8;1722;550;2;"2025-04-01";;56895
"04705524B0005";"47055";"A";"772";8;1300;1200;2;"2025-02-13";;36742
"04707824K0009";"47078";"ZM";"636";6;4030;3962;2;"2025-01-06";;18530
"04707824K0010";"47078";"ZM";"535";4;1362;0;5;"2025-02-06";"2025-10-27";5244
"04707824K0014";"47078";"ZO";"231";6;6199;0;2;"2025-03-04";;18374
"04707825K0007";"47078";"ZB";"230";8;3542;0;2;"2025-11-25";;7516
"04709124A0030";"47091";"BE";"56";4;3750;0;5;"2025-01-29";"2025-03-14";10674
"04709525F0002";"47095";"D";"725";6;2414;2966;5;"2025-06-06";"2025-10-27";26851
"04710625C0017";"47106";"AD";"446";6;1055;0;2;"2025-09-29";;137045
"04715725F0010";"47157";"II";"335";8;1200;0;2;"2025-05-23";;13689
"04718524C0015";"47185";"BH";"44";4;1202;0;5;"2025-04-01";"2025-09-25";7162
"04718525C0008";"47185";"BH";"39";8;2785;0;2;"2025-09-24";;42809
"04720325C0004";"47203";"YA";"212";4;1592;469;2;"2025-10-20";;3839
"0472252500005";"47225";"AL";"119";8;3487;1800;5;"2025-05-20";"2025-07-07";22520
"0472252500007";"47225";"AL";"118";8;1988;0;2;"2025-07-17";;9480
"0472282500004";"47228";"D";"783";8;1139;0;2;"2025-06-02";;11318
"04723325F0010";"47233";;;8;7564;0;2;"2025-11-21";;18440
"0472382500016";"47238";"ZE";"519";8;3712;0;2;"2025-12-15";;24881
"0472522500012";"47252";"BM";"188";8;1074;1435;2;"2025-04-24";;7663
"04728025C0003";"47280";"BC";"35";8;3328;0;5;"2025-05-07";"2025-12-01";21172
"04728525F0001";"47285";"ZE";"362";8;5480;6108;5;"2025-05-12";"2025-08-27";33963
"04728525F0008";"47285";"ZC";"202";8;13220;0;5;"2025-09-08";"2026-01-12";49573
"04731025F0011";"47310";"AB";"532";8;3323;0;2;"2025-06-13";;8101
"04732424B0008";"47324";"D";"114";4;1312;2706;2;"2025-01-10";;28930
"04808725C0002";"48087";"C";"168";4;1178;0;2;"2025-06-10";;4900
"0480952500033";"48095";"AI";"139";8;6917;0;2;"2025-11-27";;29188
"04811925A0005";"48119";"A";"542";8;1064;0;2;"2025-08-12";;0
"04814725A0006";"48147";"A";"197";8;1580;0;2;"2025-07-28";;0
"04900724Z0087";"49007";"EV";"358";3;2530;0;2;"2025-05-07";;822
"04900725Z0074";"49007";"CK";"286";3;1295;0;2;"2025-06-10";;1540
"04900725Z0094";"49007";"BO";"271";3;3686;0;2;"2025-12-19";;1743
"04900725Z0120";"49007";"DV";"431";3;4848;0;2;"2025-12-19";;6040
"04900824N0013";"49008";"0G";"758";4;1225;0;2;"2025-03-12";;10714
"04901524C0066";"49015";"ZC";"108";6;9263;0;5;"2025-04-29";"2025-09-08";99372
"04901525C0028";"49015";"ZA";"60";6;6355;4252;2;"2025-11-06";;20137
"04902024A0026";"49020";"AW";"100";8;6072;4978;2;"2025-02-28";;20861
"04902324H0019";"49023";"B";"805";6;23414;22054;5;"2025-05-16";"2025-06-25";125801
"04905024A0092";"49050";"A";"1091";4;1050;0;5;"2025-04-16";"2025-06-16";2040
"04906924H0160";"49069";"ZE";"395";4;1366;0;2;"2025-04-08";;7275
"0490922500037";"49092";"ZT";"90";6;4762;0;2;"2025-07-01";;21979
"0490922500048";"49092";"ZT";"100";6;15340;0;5;"2025-10-16";"2025-10-20";36568
"0490922500067";"49092";"AS";"148";8;1323;0;2;"2025-10-02";;4439
"04909924C0141";"49099";"EI";"307";4;2416;0;5;"2025-02-05";"2025-09-15";6788
"04909924C0188";"49099";"HY";"437";8;3230;0;5;"2025-02-26";"2025-07-28";9862
"04909925C0014";"49099";"HW";"115";6;1179;143;5;"2025-04-09";"2025-11-17";8494
"04909925C0030";"49099";"BL";"612";4;1016;16879;2;"2025-05-27";;37455
"04909925C0087";"49099";"HW";"230";6;4834;13521;5;"2025-08-12";"2025-10-22";38048
"04909925C0096";"49099";"CS";"538";4;1426;0;5;"2025-09-10";"2026-01-19";6607
"04909925C0097";"49099";"HW";"161";6;1972;4909;2;"2025-11-27";;222351
"0491322500008";"49132";"C";"1558";4;1033;2152;2;"2025-10-18";;19272
"0491672500034";"49167";"BL";"138";3;2572;735;2;"2025-10-02";;3620
"0491762500004";"49176";"AC";"417";6;1300;0;2;"2025-05-20";;11651
"0491882500007";"49188";"D";"1945";8;2365;0;2;"2025-08-11";;4000
"04921424A0011";"49214";"AM";"143";4;2643;4275;2;"2025-02-17";;10360
"04921425A0001";"49214";"AL";"53";6;1037;0;2;"2025-05-21";;5436
"0492172500002";"49217";"0B";"871";8;1773;0;2;"2025-11-21";;10960
"04924025C0004";"49240";"D";"702";6;2071;0;5;"2025-09-18";"2025-11-07";5398
"04924424H0145";"49244";"D";"427";8;2245;3746;2;"2025-03-13";;15808
"04924625C0024";"49246";"AT";"841";4;1575;1964;2;"2025-10-08";;7810
"04924625C0028";"49246";"AP";"1242";4;15743;0;2;"2025-12-02";;30454
"04926725A0019";"49267";"AP";"336";6;2079;3480;2;"2025-11-20";;10375
"04926924C0008";"49269";"AL";"334";6;2376;0;2;"2025-03-06";;8788
"04928324A0010";"49283";"AE";"203";6;1138;14640;5;"2025-02-11";"2025-05-15";49267
"04930124H0121";"49301";"ZC";"228";6;4531;0;2;"2025-01-30";;15725
"0493012500006";"49301";"B";"2831";6;1105;0;2;"2025-04-16";;15525
"0493012500040";"49301";"B";"2824";6;1217;0;2;"2025-05-21";;4069
"04930725A0071";"49307";"ZK";"156";6;3265;1650;2;"2025-12-22";;62525
"04932324A0037";"49323";"ZA";"122";6;4710;13970;2;"2025-01-16";;37209
"04932325A0001";"49323";"ZM";"335";6;1272;1456;5;"2025-05-06";"2025-06-16";8219
"04932325A0009";"49323";"AC";"302";4;2037;3429;2;"2025-12-02";;284
"0493312500083";"49331";"0D";"280";4;2808;0;2;"2025-12-24";;6350
"04934724A0040";"49347";"AM";"128";4;1922;0;2;"2025-05-13";;7756
"04934724A0043";"49347";"ZS";"109";6;4032;2307;5;"2025-05-23";"2025-08-18";19144
"05001924J0004";"50019";"ZE";"81";8;1200;0;2;"2025-02-17";;16288
"0500312500007";"50031";"ZE";"238";4;1026;0;2;"2025-07-31";;2493
"0500412400066";"50041";"AK";"236";6;2457;0;2;"2025-01-04";;689904
"0500412400080";"50041";"AI";"32";3;1284;350;2;"2025-03-26";;3268
"0500412500022";"50041";"AK";"236";6;2457;0;2;"2025-06-12";;689904
"0500412500037";"50041";"AI";"28";3;1140;1160;5;"2025-09-22";"2025-12-03";2673
"05009924Q0041";"50099";"AK";"75";4;1807;1248;5;"2025-03-26";"2025-12-05";8569
"05009924Q0046";"50099";"ZD";"113";4;2223;0;5;"2025-03-27";"2025-06-02";6556
"0500992500010";"50099";"ZE";"151";8;1541;2280;2;"2025-06-19";;14916
"0501092500001";"50109";"AB";"18";6;1085;370;5;"2025-04-23";"2025-07-01";41390
"0501292500012";"50129";"BK";"21";3;1248;0;5;"2025-04-17";"2025-04-22";56030
"0501292500029";"50129";"BK";"19";6;6359;46717;5;"2025-07-10";"2025-09-01";312042
"0501292500069";"50129";"ZD";"210";8;4074;7000;2;"2025-11-28";;14930
"0501292500095";"50129";"BN";"34";6;3646;51826;2;"2025-11-19";;115044
"0501392500020";"50139";"ZT";"104";6;1528;4913;2;"2025-09-02";;13448
"0501472500015";"50147";"BI";"104";4;2804;0;5;"2025-10-22";"2026-01-12";13037
"0502192500008";"50219";"ZI";"305";6;1842;0;2;"2025-07-02";;3988
"0502942400012";"50294";"AD";"342";4;1022;0;5;"2025-02-19";"2025-09-15";3448
"0503592500001";"50359";"AN";"59";4;1407;4497;2;"2025-08-27";;22012
"0503912500014";"50391";"AE";"167";8;5000;0;2;"2025-07-25";;16969
"0504022400008";"50402";"AT";"121";4;1087;5954;2;"2025-01-30";;34734
"0504102500028";"50410";"ZA";"121";4;1324;0;2;"2025-10-20";;5300
"05050224W0022";"50502";"CW";"109";8;1249;4785;5;"2025-01-10";"2025-09-22";17697
"0505022500006";"50502";"CM";"177";8;1901;0;5;"2025-07-07";"2025-11-19";6164
"0505022500007";"50502";"DD";"45";3;1757;0;2;"2025-05-13";;5802
"0505022500028";"50502";"H";"1148";4;1620;0;2;"2025-12-19";;4293
"0505022500038";"50502";"CA";"129";4;1508;1120;2;"2025-12-19";;12573
"0505322500040";"50532";"ZH";"186";3;1103;0;2;"2025-12-10";;1820
"05056524J0032";"50565";"ZI";"235";8;3341;245;5;"2025-02-11";"2025-09-01";23594
"0505912500013";"50591";;;4;2260;5622;2;"2025-11-04";;35476
"0505922500001";"50592";"ZC";"126";8;1670;5564;2;"2025-08-26";;16390
"0506152400035";"50615";"ZE";"4";6;1907;1575;2;"2025-03-05";;50049
"0506392500004";"50639";"ZC";"260";8;3157;0;2;"2025-07-07";;14337
"0510542500001";"51054";"AE";"61";4;1994;0;2;"2025-08-18";;14519
"05105524K0025";"51055";"A";"31";6;14599;11329;2;"2025-09-10";;375472
"05105524K0032";"51055";"AN";"75";4;6852;0;2;"2025-07-29";;5276
"05105524K0034";"51055";"ZR";"2";3;1415;0;2;"2025-04-23";;42380
"05105524K0035";"51055";"ZS";"16";8;14920;4700;2;"2025-06-07";;69911
"0510552500005";"51055";"ZR";"2";8;1172;0;5;"2025-06-30";"2025-11-10";42380
"0510552500016";"51055";"AR";"151";8;1460;2998;2;"2025-09-13";;10514
"0510552500018";"51055";"ZR";"2";4;2015;0;2;"2025-10-09";;5654
"05105824K0006";"51058";"AM";"417";3;4013;0;2;"2025-01-02";;9996
"0511052500004";"51105";"ZW";"119";8;1510;0;2;"2025-06-04";;9735
"0511052500011";"51105";"ZW";"72";6;3000;0;2;"2025-11-24";;8233
"05117124K0006";"51171";"X";"124";6;1359;15035;2;"2025-01-02";;74938
"0511712500004";"51171";"AC";"156";4;2071;4;5;"2025-08-05";"2025-08-26";12154
"05121025S0001";"51210";"AK";"475";8;1781;300;2;"2025-07-28";;5361
"0512302500015";"51230";"I";"1374";6;4011;37828;2;"2025-09-16";;32860
"0512372500004";"51237";"ZS";"83";6;4668;0;2;"2025-07-24";;0
"05126224B0010";"51262";"AB";"111";4;1507;1117;5;"2025-03-25";"2025-06-30";6898
"05128525D0002";"51285";"C";"493";6;4651;10658;5;"2025-04-23";"2025-05-12";267973
"05128725S0001";"51287";"AB";"573";8;1354;0;2;"2025-06-09";;1586
"0513522500003";"51352";"AC";"144";8;1957;415;2;"2025-08-01";;10000
"05138024D0017";"51380";"ZN";"180";4;2020;0;2;"2025-02-28";;4685
"05140924A0004";"51409";"F";"630";6;1623;0;5;"2025-02-27";"2025-03-03";0
"05145424K0175";"51454";"ZN";"333";4;1999;0;5;"2025-05-13";"2025-11-10";27017
"0514542500037";"51454";"BM";"137";4;1105;1146;5;"2025-08-20";"2025-12-01";8728
"0514542500113";"51454";"ZN";"434";4;1158;0;2;"2025-12-03";;2846
"0514542500114";"51454";"ZN";"439";4;2014;0;2;"2025-12-03";;4861
"05147424K0009";"51474";"AD";"197";8;3083;0;5;"2025-02-06";"2025-09-11";10216
"0515362500001";"51536";"ZH";"31";4;4550;0;2;"2025-05-27";;11003
"05156924K0004";"51569";"ZH";"25";4;1225;0;5;"2025-05-23";"2025-12-01";41078
"0515692500007";"51569";;;4;1683;0;2;"2025-12-03";;0
"0515692500011";"51569";"ZH";"307";8;1092;0;2;"2025-12-05";;3429
"0515732500002";"51573";"AV";"490";4;1500;0;2;"2025-06-02";;3168
"0516122500004";"51612";"ZT";"81";8;2095;2284;2;"2025-10-27";;16015
"0520882500003";"52088";"AC";"5";4;1196;0;2;"2025-05-21";;6579
"05209324L0006";"52093";"AL";"725";8;1434;0;2;"2025-04-15";;21395
"0521212500011";"52121";"AT";"571";6;18183;23170;5;"2025-07-03";"2025-09-29";81059
"0522692500011";"52269";"BO";"108";4;1604;0;2;"2025-12-23";;7997
"0523322500008";"52332";"YK";"107";8;6938;13211;2;"2025-09-16";;119419
"0530082500005";"53008";"ZD";"122";8;2726;0;5;"2025-06-05";"2025-10-14";17852
"0530172501007";"53017";"D";"682";8;3000;25167;2;"2025-08-20";;107560
"0530342500002";"53034";"AA";"398";8;1243;0;2;"2025-05-15";;6500
"0530392500008";"53039";"C";"78";6;1156;2347;2;"2025-09-16";;14971
"05305424K1045";"53054";"YI";"474";6;5000;0;5;"2025-01-21";"2025-06-02";18191
"0530542500027";"53054";"AP";"2";6;4580;24964;5;"2025-10-08";"2025-10-20";267804
"0530542500034";"53054";"YI";"494";4;1797;1501;5;"2025-10-07";"2026-01-19";10743
"0530622501018";"53062";"AH";"105";3;1722;3040;2;"2025-05-13";;49992
"0530772501011";"53077";"E";"788";8;1406;0;5;"2025-08-01";"2025-09-29";3696
"0530842501011";"53084";"F";"906";8;1633;0;2;"2025-07-29";;4147
"05309124M0004";"53091";"I";"305";8;2618;0;5;"2025-01-16";"2025-03-06";32482
"05313024K1090";"53130";"DO";"199";4;1349;0;5;"2025-03-18";"2025-06-30";6279
"0531302500012";"53130";"DC";"113";3;8272;0;2;"2025-08-25";;6815
"0531302500055";"53130";"DO";"137";4;1065;0;2;"2025-11-18";;7899
"0531302500070";"53130";"AP";"633";4;2430;2950;2;"2025-11-04";;6418
"0531302500090";"53130";"AR";"221";8;1246;968;2;"2025-11-12";;4229
"0531402500001";"53140";"ZL";"51";8;1216;24984;2;"2025-03-21";;60185
"0531472400042";"53147";;;6;10966;27595;2;"2025-05-22";;322100
"0531472500013";"53147";"BX";"22";6;5625;24713;5;"2025-06-16";"2025-09-01";53259
"05315724K1012";"53157";"AO";"50";4;3564;2229;2;"2025-04-24";;30044
"0532162400010";"53216";"D";"748";8;1960;0;2;"2025-05-07";;20435
"0532202500003";"53220";"A";"570";6;1500;0;2;"2025-05-25";;14473
"0532432500010";"53243";"AD";"1";8;1120;0;2;"2025-12-17";;2983
"05324724K1018";"53247";"AC";"18";6;4078;0;5;"2025-01-24";"2025-05-26";283437
"0540512500004";"54051";"ZB";"154";6;1260;206158;2;"2025-08-12";;705795
"0540992400016";"54099";"ZH";"77";8;2154;0;2;"2025-07-11";;62802
"0541232500002";"54123";"A";"290";3;1460;0;5;"2025-05-22";"2025-09-01";18352
"05416324L0001";"54163";"ZD";"122";8;1672;1983;2;"2025-11-03";;0
"05423224T0005";"54232";"ZC";"65";8;20444;0;2;"2025-09-05";;57292
"0542572500002";"54257";"AC";"1246";3;1882;0;2;"2025-06-16";;6547
"0542572500008";"54257";"AS";"1";6;1384;3821;2;"2025-08-08";;12522
"05427324B0016";"54273";"AM";"679";4;1522;0;2;"2025-05-23";;5956
"05430225B0005";"54302";"ZB";"28";8;2001;0;2;"2025-03-26";;2234
"0543042000015";"54304";"AP";"140";3;12206;0;2;"2025-06-04";;19724
"0543042400020";"54304";"AP";"29";3;17535;0;2;"2025-08-19";;19650
"0543142400017";"54314";"ZB";"458";6;1450;0;2;"2025-04-29";;4230
"0543282400021";"54328";"AL";"149";8;3745;0;5;"2025-03-21";"2025-12-10";7000
"0543282500017";"54328";"AL";"242";8;1210;0;5;"2025-10-28";"2025-12-01";8800
"05432924L0017";"54329";"AI";"534";8;1247;0;5;"2025-01-21";"2025-08-11";0
"0543392400015";"54339";"AI";"753";4;2208;0;2;"2025-02-12";;183
"0543822400017";"54382";"AM";"231";4;1475;0;2;"2025-05-28";;0
"0543952500050";"54395";"BP";"1";3;4180;9350;2;"2025-11-03";;8530
"0545252400005";"54525";"X";"635";8;1012;0;2;"2025-01-16";;0
"0545262500012";"54526";"AI";"113";6;1471;115;2;"2025-09-15";;62990
"05452824T0028";"54528";"AH";"381";8;1424;0;2;"2025-02-26";;6000
"05452824T0033";"54528";"AH";"362";8;30379;0;2;"2025-06-24";;79228
"0545282500008";"54528";"AH";"113";8;36062;0;2;"2025-08-08";;108980
"0545472400022";"54547";"BH";"111";3;1620;1097;5;"2025-03-06";"2025-09-01";2666
"0545472500003";"54547";"BR";"44";8;1503;6890;2;"2025-05-09";;331561
"0545472500019";"54547";"AT";"160";4;2076;18251;2;"2025-12-08";;43682
"0545752500002";"54575";"AE";"118";8;1924;0;2;"2025-03-20";;11014
"0550872400001";"55087";"ZH";"83";3;2607;17615;5;"2025-01-20";"2025-06-17";0
"05527924D0007";"55279";"B";"580";4;1448;0;2;"2025-04-09";;23493
"0553022400002";"55302";"AA";"165";6;1835;0;2;"2025-05-14";;5046
"0553982500005";"55398";"ZI";"85";6;1389;2739;2;"2025-08-29";;10000
"0554672500002";"55467";"ZD";"30";8;1872;1397;2;"2025-08-27";;0
"0555452400032";"55545";"AA";"234";4;3472;0;2;"2025-04-10";;9305
"0555452500003";"55545";"AA";"175";6;1340;0;2;"2025-04-15";;0
"05600125F1008";"56001";"ZI";"261";4;3047;0;5;"2025-07-17";"2025-09-22";5238
"05600324Y0050";"56003";"ZM";"4";8;2284;0;2;"2025-02-10";;63785
"05600424Y0033";"56004";"C";"1340";6;3721;22245;5;"2025-04-22";"2025-06-04";80700
"0560042500038";"56004";"A";"988";4;1298;600;2;"2025-11-05";;6322
"0560102500044";"56010";"YA";"272";4;1624;371;2;"2025-10-09";;4006
"05601225K0007";"56012";"AD";"71";6;1338;2125;5;"2025-06-24";"2025-09-15";9039
"05601324T0026";"56013";"F";"1681";4;2365;0;5;"2025-01-23";"2025-06-03";8406
"0560232500043";"56023";"ZW";"30";8;1428;0;2;"2025-10-27";;5271
"05603624L0050";"56036";"ZS";"224";3;5179;0;2;"2025-01-30";;21001
"0560362500023";"56036";"YA";"873";4;1012;0;2;"2025-11-26";;2521
"0560362500034";"56036";"AE";"158";8;2831;0;2;"2025-12-23";;9943
"0560532500011";"56053";"AN";"141";6;5135;3023;2;"2025-07-16";;21231
"0560672500006";"56067";"ZS";"186";4;1005;722;5;"2025-09-09";"2025-09-18";18833
"0560672500034";"56067";"AK";"144";8;1380;0;2;"2025-10-07";;6338
"05607224X0005";"56072";"B";"76";6;4128;2812;2;"2025-08-22";;939069
"0560742500021";"56074";"ZS";"85";6;4215;13702;2;"2025-12-08";;73038
"0560902500021";"56090";;;4;1432;0;2;"2025-07-15";;0
"0560902500022";"56090";;;4;1444;0;2;"2025-07-15";;0
"0560902500023";"56090";;;4;1542;0;2;"2025-07-15";;0
"0560902500024";"56090";;;4;1542;0;2;"2025-07-15";;1580
"0560902500025";"56090";;;4;1555;0;2;"2025-07-15";;1620
"05609424N0028";"56094";"ZL";"118";6;1592;2390;5;"2025-01-27";"2025-07-04";14105
"05609424N0050";"56094";"ZL";"137";3;1635;330;2;"2025-03-25";;5000
"0560982500011";"56098";"A0";"34";3;1020;0;2;"2025-06-05";;865280
"0560982500046";"56098";"AL";"2";6;3479;0;2;"2025-12-11";;226819
"05610124L0050";"56101";"ZA";"22";6;4414;15596;5;"2025-05-27";"2025-06-11";150176
"0561092500008";"56109";"ZK";"102";6;3228;18367;2;"2025-06-05";;156005
"05612124L0072";"56121";"DW";"767";6;1385;1650;5;"2025-03-19";"2025-06-10";105233
"05612124L0073";"56121";"DW";"732";3;5665;0;5;"2025-07-27";"2026-01-19";4387
"0561212500025";"56121";"BP";"90";6;3903;0;2;"2025-08-12";;242148
"0561212500037";"56121";"DV";"114";4;4548;0;2;"2025-11-21";;6112
"05612424K0024";"56124";"AW";"189";3;2534;0;2;"2025-06-14";;5040
"05614024G0026";"56140";"XD";"224";8;5086;11453;5;"2025-01-29";"2025-05-19";59378
"05614624X0018";"56146";"ZW";"3";8;4100;2923;5;"2025-03-14";"2025-03-17";38462
"05615124X0025";"56151";"AE";"65";4;1624;0;2;"2025-04-01";;2579
"0561552500010";"56155";"YI";"158";4;2148;3857;5;"2025-05-06";"2025-09-22";292801
"0561582500011";"56158";"AL";"75";6;1771;17777;2;"2025-04-15";;53618
"05616224L0078";"56162";"DC";"197";4;3935;275;5;"2025-02-24";"2025-09-15";3397
"05616224L0092";"56162";"CW";"91";6;1794;505;5;"2025-01-21";"2025-11-12";8269
"05616224L0099";"56162";"HB";"135";4;2018;0;2;"2025-05-09";;5736
"05616524K0058";"56165";"ZO";"83";6;4400;0;2;"2025-09-09";;30120
"05616624L0033";"56166";"ZO";"102";8;1494;681;5;"2025-02-18";"2025-04-01";9212
"05617025M0003";"56170";"ZB";"181";8;1040;1110;2;"2025-02-26";;16742
"05617824X0058";"56178";"BP";"58";4;1406;0;5;"2025-03-10";"2025-07-09";6052
"0561782500004";"56178";"BM";"11";8;1451;665;2;"2025-04-25";;47231
"0561782500034";"56178";"BO";"54";8;1139;3351;2;"2025-08-20";;18441
"0561782500054";"56178";"AT";;4;1672;0;2;"2025-11-27";;9013
"0561852500016";"56185";"CC";"57";4;1690;0;2;"2025-11-07";;6136
"0561852500023";"56185";"CB";"92";3;1913;376;2;"2025-12-17";;10557
"0561892500010";"56189";"ZM";"187";8;2011;0;2;"2025-09-30";;5660
"0562042500002";"56204";"ZC";"179";8;4660;0;2;"2025-05-15";;5031
"05620624Y0051";"56206";"BT";"487";6;6167;0;5;"2025-02-25";"2025-03-17";17645
"05620624Y0057";"56206";"BT";"496";4;2260;0;5;"2025-05-05";"2025-11-10";6540
"0562132500006";"56213";"ZL";"94";8;1536;1570;2;"2025-05-19";;25369
"05625124Y0034";"56251";"AS";"26";4;2694;632;2;"2025-09-17";;18205
"0562512500008";"56251";"AC";"97";8;1308;1005;2;"2025-08-08";;9501
"0562512500012";"56251";"AK";"206";4;3226;0;5;"2025-06-18";"2025-09-22";4600
"0562512500022";"56251";"AB";"97";6;2683;0;5;"2025-07-10";"2025-07-15";17500
"05626024Y0129";"56260";"DE";"665";3;1259;15413;5;"2025-01-08";"2025-02-03";143960
"05626024Y0147";"56260";"CD";"359";3;1050;390;2;"2025-04-08";;1600
"05626024Y0160";"56260";"EL";"23";3;2517;0;2;"2025-05-13";;5635
"05626024Y0168";"56260";"BK";"294";3;4476;236;2;"2025-07-01";;4088
"0562602500036";"56260";"BK";"92";8;1010;295;2;"2025-06-25";;4485
"0562602500070";"56260";"DN";"432";8;1500;0;5;"2025-07-22";"2025-11-24";78854
"0562602500146";"56260";"DL";"184";3;2986;1450;2;"2025-12-22";;4183
"05626123Y0022";"56261";"ZA";"1";6;3283;1400;2;"2025-07-08";;200763
"05701924P0024";"57019";"04";"207";4;1374;0;2;"2025-04-17";;9950
"05703824N0017";"57038";"10";"159";3;1499;0;5;"2025-02-18";"2025-08-18";4293
"05703924Y0007";"57039";"12";"1";4;1792;0;2;"2025-02-03";;5029
"0570392500004";"57039";"14";"138";8;5565;0;2;"2025-09-04";;18104
"0571192500004";"57119";"08";"141";8;1269;0;2;"2025-08-04";;6477
"05713724M0003";"57137";"14";"64";6;3233;2077;5;"2025-01-10";"2025-03-21";73634
"05715524M0005";"57155";"29";"185";4;2106;2363;2;"2025-07-29";;12820
"05716024S0022";"57160";"15";"545";8;1375;0;2;"2025-07-15";;13733
"0571932500001";"57193";"03";"218";8;5456;28037;2;"2025-05-21";;72662
"0571932500002";"57193";"03";"464";6;2007;0;2;"2025-06-02";;5355
"05720624V0060";"57206";"23";"228";8;1654;0;2;"2025-02-04";;3720
"0572062500011";"57206";"22";"139";8;1920;34730;2;"2025-07-23";;84955
"0572062500042";"57206";"17";"356";8;1123;0;2;"2025-11-17";;2532
"05720924V0007";"57209";"05";"190";4;3324;5657;5;"2025-04-03";"2025-08-27";39676
"0572092500004";"57209";"14";"149";8;1039;0;2;"2025-09-15";;27458
"05722725V0029";"57227";"31";"373";4;1704;209;2;"2025-11-26";;4312
"05724224N0010";"57242";"04";"142";8;93165;0;5;"2025-04-24";"2025-08-04";199946
"0572422500005";"57242";"07";"239";8;1342;0;2;"2025-10-23";;3451
"05728924S0005";"57289";"16";"83";6;173084;0;2;"2025-01-24";;0
"0573032500002";"57303";"A";"1659";4;2367;1783;2;"2025-09-29";;10436
"05731624S0010";"57316";"08";"232";6;2584;0;2;"2025-01-03";;9256
"0573362500001";"57336";"23";"167";8;2587;0;2;"2025-04-10";;33769
"05734323E0001";"57343";"27";"3";6;32093;0;2;"2025-07-01";;107035
"05734324E0007";"57343";"27";"13";8;6800;0;2;"2025-05-28";;20055
"0573702500002";"57370";"56";"606";4;2117;0;2;"2025-09-15";;8153
"0573722500001";"57372";"07";"297";4;19290;0;2;"2025-11-19";;39615
"05741424V0009";"57414";"11";"136";8;2000;3730;2;"2025-02-18";;27938
"05743324M0022";"57433";"D";"2029";3;8473;0;2;"2025-05-28";;0
"0574472500203";"57447";"35";"351";8;1868;1868;2;"2025-11-18";;5792
"05746324X0070";"57463";"BP";"201";8;1266;865;5;"2025-01-08";"2025-01-15";5048
"05746324X0100";"57463";"EI";"66";6;8355;3450;2;"2025-03-25";;38892
"05746324X0110";"57463";"CI";"1051";6;4117;0;2;"2025-05-05";;6767
"0574632500001";"57463";"CI";"13";8;2544;0;2;"2025-05-19";;13639
"05747424N0013";"57474";"04";"308";8;1355;0;2;"2025-03-14";;39451
"0574822500003";"57482";"26";"553";8;2704;5724;2;"2025-09-15";;24218
"0574852500001";"57485";"33";"251";4;1654;2108;5;"2025-04-28";"2025-10-06";10946
"0575112500002";"57511";"D";"1131";8;1624;0;5;"2025-04-01";"2025-10-08";4546
"05752124V0014";"57521";"10";"108";6;2337;47562;2;"2025-02-07";;139187
"0575502500004";"57550";"29";"292";4;2491;0;2;"2025-07-11";;6853
"0575502500006";"57550";"27";"99";4;1588;0;2;"2025-10-01";;6124
"05755624S0007";"57556";"01";"2";4;1424;1241;5;"2025-01-15";"2025-06-11";9470
"05760624S0018";"57606";"47";"205";3;1205;15022;2;"2025-01-31";;195417
"0576062500003";"57606";"42";"101";6;1480;12885;2;"2025-06-06";;12907
"0576062500023";"57606";"47";"2104";6;1798;15330;2;"2025-10-27";;195417
"0576062500025";"57606";"43";"174";6;1020;0;2;"2025-10-30";;3771
"05760625S0001";"57606";"43";"178";6;4870;0;5;"2025-05-09";"2025-10-17";46222
"05762024P0018";"57620";"34";"295";6;12123;31228;5;"2025-05-20";"2025-05-21";116301
"0576202500002";"57620";"34";"295";6;2118;31228;5;"2025-05-20";"2025-05-21";126305
"0576202500012";"57620";"34";"295";8;4134;45469;2;"2025-10-02";;154705
"05763124S0042";"57631";"70";"318";4;1413;2134;2;"2025-07-29";;0
"05763124S0049";"57631";"13";"82";6;1671;16096;2;"2025-01-27";;30175
"0576312500021";"57631";"13";"62";6;1961;77455;5;"2025-09-24";"2026-01-05";197942
"05763825V0008";"57638";"S6";"760";6;4290;1540;2;"2025-12-09";;18829
"0576632500005";"57663";"02";"147";8;1856;0;5;"2025-07-29";"2026-01-12";11314
"05767224E0064";"57672";"BZ";"365";4;2576;0;2;"2025-05-14";;0
"05767224E0093";"57672";"BX";"34";8;8299;0;2;"2025-05-26";;16146
"05767224E0104";"57672";"CP";"4";4;3900;0;2;"2025-05-27";;18917
"05767224E0108";"57672";"27";"13";8;6800;0;2;"2025-06-10";;20055
"0576722500039";"57672";"BY";"247";4;2365;0;2;"2025-10-08";;5000
"0576772500001";"57677";"06";"172";8;49972;0;2;"2025-05-12";;136498
"05768323V0009";"57683";"B";"203";8;39484;0;2;"2025-07-04";;366122
"05805925N0007";"58059";"AD";"232";8;2520;0;2;"2025-10-08";;22825
"05809524H0015";"58095";"CL";"104";4;1202;2538;2;"2025-04-02";;19515
"05813225C0001";"58132";"ZH";"73";6;2384;0;2;"2025-04-16";;0
"05825525A0005";"58255";"0A";"400";8;1024;0;2;"2025-10-08";;78956
"05830324N0026";"58303";"ZI";"488";8;1385;0;2;"2025-03-06";;6421
"05830325N0006";"58303";"ZI";"491";6;1227;0;2;"2025-03-28";;4504
"05900224C0010";"59002";"AH";"265";4;1480;0;2;"2025-03-18";;210
"05900924O0074";"59009";"LT";"226";3;14645;27883;2;"2025-11-03";;53778
"0590092500025";"59009";"NK";"125";4;1745;81913;5;"2025-10-02";"2025-10-14";111316
"0590092500030";"59009";"LA";"395";3;8035;192;2;"2025-11-27";;124649
"0590092500035";"59009";"BH";"182";3;3710;4429;2;"2025-10-24";;20893
"05908624O0013";"59086";"ZA";"249";6;4341;0;2;"2025-03-13";;19762
"05909425O0006";"59094";"AA";"33";6;4452;0;2;"2025-06-25";;49039
"05909425O0012";"59094";"AB";"59";8;5069;0;2;"2025-12-02";;52080
"05911225O0005";"59112";"AB";"467";4;1545;0;2;"2025-06-02";;6014
"05912824C0004";"59128";"AD";"424";4;1999;4715;5;"2025-03-06";"2025-10-29";20912
"0591632400042";"59163";"AO";"401";4;1985;0;5;"2025-04-04";"2025-07-07";6866
"05916324O0033";"59163";"IW";"53";4;1096;32765;5;"2025-02-28";"2025-07-21";88406
"05917225C0013";"59172";"BH";"1767";4;1435;0;2;"2025-08-21";;3669
"05918325O0001";"59183";"AB";"151";6;1169;0;2;"2025-08-05";;715838
"05920624O0007";"59206";"AI";"87";6;109250;3606;2;"2025-06-27";;125247
"05922524K0016";"59225";"AV";"138";8;8309;0;2;"2025-02-27";;16281
"0592252500001";"59225";"BE";"41P2";4;2640;0;2;"2025-09-24";;8192
"0592252500003";"59225";"BE";"41P3";4;1776;0;2;"2025-09-24";;7846
"0592342300014";"59234";"B";"6834";6;1515;3215;2;"2025-06-24";;10310
"0592492500005";"59249";"AS";"278";6;2212;24107;2;"2025-07-09";;92955
"0592492500017";"59249";"A";"604";8;1121;0;2;"2025-12-18";;8125
"0592662500002";"59266";"A";"1726";8;1140;299;5;"2025-06-18";"2025-10-24";4015
"05926824J0013";"59268";"B";"2085";8;3024;0;2;"2025-03-24";;9975
"0592682500010";"59268";"A";"5858";6;1207;0;5;"2025-11-03";"2025-11-14";143006
"0592712400018";"59271";"AI";"122";6;8672;9625;2;"2025-03-11";;60774
"0592712400022";"59271";"AI";"376";8;1180;0;5;"2025-04-14";"2025-07-15";4547
"0592712400023";"59271";"AT";"126";3;2682;144605;2;"2025-04-18";;370536
"05927324O0040";"59273";"AE";"16";6;137233;0;2;"2025-10-21";;497960
"0592732500021";"59273";;;6;1663;22098;5;"2025-11-19";"2026-01-22";361947
"05927325O0014";"59273";;;6;2645;18038;2;"2025-08-22";;100694
"0592952500021";"59295";"CY";"27";8;4137;5511;2;"2025-10-20";;16511
"05930324S0016";"59303";"ZH";"133";8;1293;0;2;"2025-04-11";;2626
"05931324C0003";"59313";"ZB";"149";6;8076;0;2;"2025-01-20";;141824
"05931325C0001";"59313";"B";"869";4;1406;0;5;"2025-06-17";"2025-11-05";7500
"0593222500001";"59322";"ZC";"339";8;7348;0;2;"2025-05-06";;35267
"05932325Z0004";"59323";"ZA";"51";4;1804;0;2;"2025-12-17";;12530
"05932424O0024";"59324";"AE";"378";6;1332;79000;2;"2025-05-28";;63588
"0593262500001";"59326";"OB";"397";8;3306;24555;2;"2025-10-23";;67652
"0593292500005";"59329";"A";"1003";4;6162;0;5;"2025-07-15";"2025-11-24";17541
"0593292500012";"59329";"A";"1004";8;11840;0;2;"2025-12-23";;58027
"05933924V0011";"59339";"AK";"310";8;6167;21402;2;"2025-03-07";;60517
"05933924V0018";"59339";"AC";"195";8;16031;0;2;"2025-07-19";;54558
"05934324L0018";"59343";"AR";"264";4;3946;0;5;"2025-02-03";"2025-05-19";7039
"05934324L0031";"59343";"AR";"297";3;1286;0;2;"2025-02-25";;1825
"0593432500003";"59343";"ZC";"336";3;4169;0;2;"2025-05-21";;7499
"05935024O0118";"59350";"A";"929";4;1041;3780;5;"2025-01-23";"2025-02-03";4912
"05935024O0144";"59350";"LS";"182";8;3865;12475;2;"2025-01-23";;7969
"05935024O0170";"59350";"B";"6917";8;4001;0;2;"2025-01-24";;9919
"05935024O0174";"59350";"AK";"537";8;2155;0;5;"2025-01-10";"2025-03-24";5530
"05935024O0269";"59350";"A";"5575";4;10261;0;5;"2025-06-26";"2025-08-25";9772
"0593502500017";"59350";"AK";"537";4;2682;0;5;"2025-05-28";"2025-09-08";5540
"0593502500062";"59350";"AI";"382";3;6987;0;2;"2025-10-21";;5358
"0593502500075";"59350";"DK";"47";8;2349;3195;2;"2025-11-20";;4271
"0593502500101";"59350";"AL";"422";8;7287;36400;2;"2025-10-22";;140226
"05935725Z0005";"59357";"B";"2169";8;1500;0;2;"2025-11-07";;236299
"0593582500001";"59358";"B";"1576";8;2030;5337;2;"2025-10-06";;17450
"05935925O0007";"59359";"BA";"88";8;4087;5174;2;"2025-10-02";;30560
"0593602400025";"59360";"AN";"949";4;1420;1745;5;"2025-04-17";"2025-10-06";5494
"0593822500005";"59382";"AK";"398";8;1524;1220;2;"2025-10-14";;81202
"05938624S0013";"59386";"A";"5369";3;3143;0;2;"2025-11-21";;3166
"05938624S0014";"59386";"A";"5566";3;2358;0;2;"2025-06-06";;1723
"05938624S0015";"59386";"A";"5369";3;2294;0;2;"2025-10-23";;1405
"0593922400034";"59392";"J";"321";3;1097;0;2;"2025-05-22";;3239
"05939224O0026";"59392";"AT";"527";8;1035;0;2;"2025-02-17";;7836
"05940024J0028";"59400";"ZO";"167";3;1136;0;2;"2025-01-14";;7190
"0594002500005";"59400";"E";"2271";6;2258;0;5;"2025-05-21";"2025-09-02";7734
"0594002500019";"59400";"ZO";"163";4;1782;0;5;"2025-10-09";"2026-01-13";4300
"0594002500026";"59400";"ZO";"134";4;1003;0;2;"2025-11-06";;3750
"05942124O0028";"59421";"AB";"22";8;2785;0;5;"2025-06-10";"2026-01-26";5753
"0594212500016";"59421";"AN";"246";3;2033;2235;2;"2025-12-11";;24379
"05943124O0012";"59431";"AH";"118";3;1764;0;2;"2025-03-27";;1289
"0594562500002";"59456";"UE";"3435";8;1128;0;2;"2025-04-09";;17544
"0594592500001";"59459";"AC";"588";4;3301;0;5;"2025-03-27";"2025-09-15";12919
"0594592500010";"59459";"AR";"60";8;2010;0;2;"2025-10-07";;10852
"05945925A0009";"59459";"AR";"16";4;6510;0;2;"2025-12-16";;0
"0594622400015";"59462";"A";"1081";4;1407;0;2;"2025-04-02";;8445
"0594782500004";"59478";"A";"711";4;2897;0;5;"2025-09-16";"2025-09-18";10118
"05948125Z0002";"59481";"ZB";"50";6;1472;37366;5;"2025-04-30";"2025-05-26";202550
"05948624O0013";"59486";"A";"3498";4;2618;5786;5;"2025-06-11";"2025-09-01";12132
"05951125C0010";"59511";"A";"3681";8;3028;1800;2;"2025-10-04";;27780
"05951224O0066";"59512";"IW";"53";4;1096;32765;5;"2025-02-20";"2025-07-21";88386
"0595122500007";"59512";;;6;4137;0;5;"2025-08-01";"2025-12-29";19746
"0595172500002";"59517";"0B";"1069";3;2101;24383;5;"2025-11-25";"2025-12-08";69379
"0595232500013";"59523";"ZH";"431";8;2244;0;5;"2025-10-17";"2025-11-01";6391
"05952624E0035";"59526";"BT";"202";4;1470;955;2;"2025-03-19";;6992
"05952625E0002";"59526";"D";"69";6;1270;13036;2;"2025-04-09";;129777
"05952625E0015";"59526";"A";"1215";4;1632;0;2;"2025-06-16";;0
"0595362500003";"59536";"ZH";"158";4;1512;12933;2;"2025-12-06";;82202
"0595412500004";"59541";"zi";"133";6;7272;0;2;"2025-12-22";;91630
"05954624O0009";"59546";"A";"1056";3;1978;0;2;"2025-07-10";;42586
"05955024C0005";"59550";"B";"2255";8;2850;0;5;"2025-06-06";"2025-08-25";7461
"05955424C0001";"59554";"ZB";"282";8;2700;2421;5;"2025-01-03";"2025-06-13";12135
"05956018S0044";"59560";"AK";"175";3;3132;3132;2;"2025-12-04";;0
"05956024S0014";"59560";"XA";"166";6;2823;3048;5;"2025-01-31";"2025-02-13";12446
"0595662500001";"59566";"AI";"102";4;18147;0;2;"2025-09-16";;59155
"05956924O0054";"59569";"AX";"11";4;5077;0;2;"2025-04-03";;21763
"0595742200023";"59574";"ZH";"37";8;123537;0;2;"2025-04-10";;296036
"0595802500008";"59580";"ZW";"263";6;2552;0;5;"2025-07-23";"2025-12-16";9418
"0595802500011";"59580";"ZI";"207";6;1151;46576;2;"2025-10-07";;163109
"05958924C0005";"59589";"A";"3505";8;9345;0;2;"2025-03-19";;22050
"0595922500006";"59592";"AE";"22";4;1498;0;2;"2025-11-05";;2992
"0595922500007";"59592";"AE";"21";4;2515;0;2;"2025-11-05";;5379
"0595992500006";"59599";"AY";"801";8;2378;0;2;"2025-07-10";;3286
"0595992500012";"59599";"AY";"799";8;1350;3550;5;"2025-07-30";"2026-01-12";11071
"0595992500036";"59599";"EY";"64";3;1390;0;2;"2025-12-01";;4841
"05961925Z0004";"59619";"B";"996";8;1358;1024;2;"2025-10-30";;26753
"0596302500005";"59630";"A";"549";4;4193;0;5;"2025-10-30";"2026-01-05";28087
"05964324W0002";"59643";"ZA";"44";6;1622;32200;2;"2025-01-14";;149408
"0596462500001";"59646";"AP";"429";8;2149;0;5;"2025-03-26";"2025-07-07";4504
"0596462500015";"59646";"BE";"436";8;6907;5214;5;"2025-09-24";"2025-11-03";12545
"0596462500019";"59646";"BE";"468";8;1929;1760;5;"2025-10-15";"2026-01-16";4449
"0596462500026";"59646";"BH";"183";3;3710;4429;2;"2025-10-24";;5360
"0596502400038";"59650";"AM";"142";8;1842;0;5;"2025-01-18";"2025-05-19";29724
"0596502400056";"59650";"CT";"171";3;1105;82;5;"2025-01-22";"2025-04-24";3404
"0596502500007";"59650";"CR";"279";8;5819;0;5;"2025-05-28";"2025-08-08";13126
"0596502500008";"59650";"AR";"975";6;4137;0;5;"2025-08-14";"2025-12-29";14597
"05965124C0002";"59651";"AD";"233";8;2970;7390;2;"2025-01-16";;36690
"06000924T0013";"60009";"ZC";"443";8;1796;0;2;"2025-04-23";;4254
"06000925T0009";"60009";"ZC";"439";8;1385;0;5;"2025-09-11";"2025-12-01";3765
"06001024T0010";"60010";"ZL";"13";6;19530;0;2;"2025-08-18";;50690
"06003623T0002";"60036";"ZA";"63";8;109773;0;2;"2025-03-27";;291534
"06004524T0001";"60045";"OX";"111";6;2244;0;2;"2025-06-19";;0
"06005724T0063";"60057";"ZC";"203";3;2031;110591;5;"2025-02-27";"2025-10-07";233802
"06005724T0072";"60057";"ZE";"982";4;4872;0;2;"2025-04-04";;17890
"06005725T0016";"60057";"BV";"120";3;3201;0;5;"2025-06-18";"2025-09-23";7280
"06010025T0001";"60100";"B";"252";8;2208;93;2;"2025-06-10";;10193
"0601062500001";"60106";"AA";"6";4;2877;0;2;"2025-04-30";;18513
"06015624T0006";"60156";"AD";"89";8;32162;93023;2;"2025-10-17";;182445
"0601762500002";"60176";"ZH";"317";4;1375;0;2;"2025-09-23";;5000
"0601762500008";"60176";"ZH";"367";8;1966;0;2;"2025-11-05";;2272
"06024524T0003";"60245";"AB";"82";6;1705;2098;2;"2025-02-18";;20264
"0602862500004";"60286";;;6;1974;0;2;"2025-06-30";;0
"0602862500007";"60286";;;6;10740;0;2;"2025-11-12";;0
"06033024T0002";"60330";"D";"565";8;2422;0;2;"2025-03-03";;4596
"06038224T0012";"60382";"ZH";"227";8;1120;0;2;"2025-02-07";;2000
"0604882500002";"60488";"ZB";"259";4;7220;0;2;"2025-09-12";;0
"0605002500006";"60500";"Z";"393";8;9998;26431;2;"2025-08-07";;92093
"0605332500004";"60533";"ZK";"112";8;1226;0;2;"2025-08-26";;4888
"06056724T0004";"60567";"AD";"160";6;1225;25800;2;"2025-02-05";;7718
"06058925T0003";"60589";"AC";"218";4;1427;72;5;"2025-07-04";"2025-09-18";3770
"0606652500005";"60665";"AL";"21";8;1520;4570;2;"2025-10-24";;17795
"0606652500010";"60665";"ZB";"43";6;2368;9688;5;"2025-10-10";"2025-10-17";14987
"06067024T0008";"60670";"AW";"55";4;2415;0;2;"2025-03-04";;18797
"0610062500007";"61006";"ZE";"27";4;1461;0;2;"2025-07-29";;4869
"0610062500017";"61006";"ZE";"484";8;4288;0;2;"2025-09-11";;12435
"06121424P0014";"61214";"AP";"120";4;1407;1194;5;"2025-02-06";"2025-06-23";7422
"0612432500004";"61243";"YH";"60";8;1571;0;5;"2025-02-26";"2025-05-20";0
"0612612500002";"61261";"ZH";"4";8;1145;993;2;"2025-12-04";;0
"06134124A0008";"61341";"ZI";"15";6;5872;0;2;"2025-03-27";;0
"0614292500006";"61429";"ZL";"194";8;1479;0;2;"2025-07-15";;18594
"0614972500002";"61497";"AW";"203";8;1618;0;5;"2025-08-28";"2025-10-13";10070
"0620042500004";"62004";"AX";"596";8;2814;0;2;"2025-09-16";;3370
"0620192400014";"62019";"AE";"530";8;1805;0;2;"2025-04-03";;17780
"0620322400007";"62032";"ZC";"12";8;7982;18570;2;"2025-05-15";;61305
"0620372400019";"62037";"B";"1491";4;1132;2678;5;"2025-06-27";"2025-09-01";145752
"0620412400046";"62041";"BY";"280";4;3740;0;5;"2025-01-24";"2025-04-14";11354
"0620412400049";"62041";"AI";"61";3;6929;0;2;"2025-04-24";;11443
"0620412400052";"62041";"CD";"104";3;8952;0;2;"2025-06-25";;19754
"0620412400059";"62041";"BY";"543";3;1233;0;5;"2025-04-01";"2025-09-15";3111
"0620412500003";"62041";"AI";"21";3;7124;0;2;"2025-07-03";;2882
"0620412500024";"62041";"BZ";"171";8;7514;7675;2;"2025-11-07";;24735
"0620512400012";"62051";"AS";"244";4;2353;0;5;"2025-04-01";"2025-11-01";9800
"0620512400015";"62051";"AR";"276";4;1610;1352;2;"2025-01-30";;9869
"0620512500003";"62051";"AS";"241";8;1966;0;2;"2025-07-22";;11213
"0620572400028";"62057";"D";"1236";8;2356;0;2;"2025-03-31";;4117
"0620632500001";"62063";"ZA";"124";8;1174;0;2;"2025-10-06";;2315
"0620732500009";"62073";"ZH";"254";8;9715;0;2;"2025-12-24";;15632
"0620802500008";"62080";"ZC";"147";8;1818;0;2;"2025-10-23";;15000
"0620802500009";"62080";"ZC";"187";8;6593;0;2;"2025-11-27";;20631
"0621192500023";"62119";"BK";"20";6;3198;4830;2;"2025-10-03";;18000
"0621782500002";"62178";"AM";"669";3;1171;0;2;"2025-05-20";;8896
"0621782500007";"62178";"AM";"667";6;2083;9557;5;"2025-05-26";"2025-06-09";84978
"0621782500012";"62178";"ZA";"541";4;4958;0;2;"2025-11-10";;9610
"0621932400059";"62193";"AD";"902";4;1429;1658;5;"2025-02-17";"2025-06-10";11302
"0621932400064";"62193";"AE";"658";3;1069;0;2;"2025-01-09";;11702
"0621932400091";"62193";"BT";"211";6;1386;1043;5;"2025-05-15";"2025-12-08";4656
"0621932400096";"62193";"DN";"11";8;1014;0;2;"2025-07-04";;347567
"0621932500047";"62193";"CI";"375";6;2025;0;2;"2025-09-08";;7395
"0621942500002";"62194";"AH";"1070";4;1425;1239;2;"2025-12-23";;5064
"0622152400013";"62215";"AZ";"1209";6;1241;984;5;"2025-01-16";"2025-01-16";9620
"0622152400015";"62215";"AZ";"1450";3;1410;0;2;"2025-03-19";;2869
"0622152500026";"62215";;;8;1378;0;2;"2025-10-23";;0
"0622152500033";"62215";"ZO";"386";4;2353;0;5;"2025-10-22";"2026-01-12";4394
"0622152500034";"62215";"ZO";"399";8;1760;0;5;"2025-10-23";"2026-01-12";4647
"0622392400019";"62239";"AK";"277";8;2228;0;2;"2025-02-17";;7636
"0622682500004";"62268";"AM";"239";6;1800;20753;2;"2025-09-25";;78894
"0622762400013";"62276";"AD";"735";8;44907;246;2;"2025-07-02";;95335
"0622762500007";"62276";"AR";"281";4;1233;1400;2;"2025-09-02";;8146
"0622762500008";"62276";"AC";"737";8;1784;0;2;"2025-07-07";;4933
"0622972500015";"62297";"AP";"42";6;1983;2329;2;"2025-10-25";;18042
"0623182500005";"62318";"AK";"355";4;2143;1972;2;"2025-04-16";;16738
"0623552500005";"62355";"A";"150";4;5660;220;2;"2025-12-02";;9797
"0624132400035";"62413";"AP";"993";6;2066;61601;5;"2025-02-26";"2025-06-15";308770
"0624132500001";"62413";"AP";"993";6;1400;63667;2;"2025-05-20";;360668
"0624152400007";"62415";"ZH";"53";8;1944;0;2;"2025-09-16";;71286
"0624152500003";"62415";"ZE";"170";6;2403;2163;2;"2025-08-28";;28447
"0624362500002";"62436";"ZA";"130";8;2109;0;2;"2025-08-26";;4000
"0624482400008";"62448";"B";"658";8;4736;2712;5;"2025-01-08";"2025-04-02";12756
"0624792500001";"62479";"AI";"281";6;1790;6841;2;"2025-05-13";;31126
"0624802400006";"62480";"ZB";"208";8;16557;0;2;"2025-01-30";;37440
"0625242500002";"62524";"AI";"788";6;1800;20753;2;"2025-10-10";;5162
"0625252400022";"62525";"AR";"4";8;1014;0;2;"2025-02-04";;10544
"0625482500021";"62548";"CI";"375";6;2025;0;2;"2025-09-08";;7395
"0625482500026";"62548";"CI";"454";8;1694;0;2;"2025-11-13";;9205
"0625602300018";"62560";"AM";"1026";4;1208;0;5;"2025-01-14";"2025-03-26";252
"0625632400004";"62563";"ZB";"81";8;16761;0;2;"2025-02-12";;46580
"0625632500010";"62563";"AC";"26";8;2112;1924;2;"2025-07-24";;30058
"0625632500014";"62563";;;6;2386;2155;2;"2025-12-11";;10448
"0625912500001";"62591";"ZD";"83";6;1068;0;2;"2025-10-28";;27188
"0626172400004";"62617";"A0";"773";8;39329;0;2;"2025-03-28";;87141
"0626172400032";"62617";"AO";"798";4;6448;0;2;"2025-07-07";;38192
"0626172500022";"62617";"AD";"423";8;1638;0;2;"2025-12-23";;4119
"0626242500007";"62624";"AK";"517";6;1845;0;2;"2025-08-06";;2200
"0626242500009";"62624";"AK";"1172";6;1102;0;2;"2025-08-20";;1593
"0626672500007";"62667";"AB";"119";6;1329;0;2;"2025-12-12";;3677
"0626722500002";"62672";"AC";"140";8;6844;6449;2;"2025-04-03";;27139
"0627052400004";"62705";"A";"111";6;3986;19053;2;"2025-01-30";;259547
"0627242400011";"62724";"AL";"309";4;1414;785;5;"2025-05-16";"2026-01-05";6267
"0627272500007";"62727";"AI";"583";6;2230;0;2;"2025-12-18";;6979
"0627482500004";"62748";"AE";"83";8;1771;4358;2;"2025-07-02";;16656
"0627492500003";"62749";"AB";"60";4;1422;1010;2;"2025-09-25";;8191
"0627532500005";"62753";"AS";"134";6;4982;0;2;"2025-08-06";;11534
"0627572400004";"62757";"AD";"3";4;2333;6730;5;"2025-02-28";"2025-11-20";14621
"0627572500005";"62757";"ZA";"223";8;1602;1055;5;"2025-04-23";"2025-09-01";8893
"0627582500012";"62758";"AO";"55";8;1612;0;5;"2025-08-19";"2025-09-01";5353
"0627672500001";"62767";"AE";"214";4;1219;255;2;"2025-04-16";;3456
"0627702400013";"62770";"AI";"184";6;1368;0;2;"2025-02-18";;23856
"0628202500002";"62820";"ZH";"162";6;1326;7501;2;"2025-12-01";;26427
"0628422400011";"62842";"AO";"147";8;3402;55028;2;"2025-06-26";;79611
"0628612400011";"62861";"AB";"519";6;2282;2085;2;"2025-06-03";;13010
"0628652500005";"62865";"AL";"39";6;7186;4594;5;"2025-07-09";"2025-10-13";54942
"0628942400014";"62894";"AM";"20";6;1895;18378;2;"2025-02-13";;31567
"0629022500004";"62902";"ZE";"44";8;1371;0;2;"2025-10-22";;10450
"06301424G0036";"63014";"BW";"22";4;1088;4264;5;"2025-01-13";"2025-09-08";20513
"06301425G0019";"63014";"BW";"301";8;2616;4792;5;"2025-07-16";"2026-01-26";12973
"06301425G0024";"63014";"BM";"76";3;1500;0;2;"2025-10-03";;4999
"06301425G0025";"63014";"BM";"45";3;2250;0;2;"2025-10-03";;5269
"06301425G0026";"63014";"BM";"76";3;1500;0;2;"2025-10-03";;4999
"0631032500012";"63103";"ZD";"908";6;2300;0;2;"2025-11-05";;6220
"06311324G0129";"63113";"BZ";"321";4;1557;0;2;"2025-06-19";;498
"06311324G0169";"63113";"BM";"67";6;1930;471;2;"2025-02-14";;5000
"06311324G0199";"63113";"BP";"112";6;9798;0;5;"2025-04-15";"2025-07-11";85568
"06311324G0211";"63113";"BX";"144";8;3389;4206;2;"2025-06-17";;39475
"06311324G0230";"63113";"BX";;8;2968;0;2;"2025-03-31";;46954
"0631132500009";"63113";"CL";"79";4;2945;0;2;"2025-10-16";;5712
"0631132500078";"63113";"BI";"74";4;2441;0;2;"2025-07-23";;7300
"0631132500108";"63113";"BM";"47";4;3700;0;2;"2025-09-24";;7762
"0631132500118";"63113";"BI";"139";3;1623;0;5;"2025-09-25";"2026-01-05";5001
"0631132500129";"63113";;;6;2629;0;5;"2025-11-27";"2025-12-04";57040
"0631132500136";"63113";"BP";"140";6;3207;0;2;"2025-11-27";;7433
"0631132500137";"63113";"DN";"94";3;5892;15018;2;"2025-09-05";;93599
"0631132500145";"63113";"AY";"227";6;1893;37793;5;"2025-12-01";"2025-12-30";104758
"06312424G0055";"63124";"AB";"117";8;2998;0;5;"2025-03-24";"2025-11-06";6800
"06312424G0065";"63124";"BS";"500";3;1994;0;2;"2025-06-03";;1061
"06312525T0005";"63125";"AW";"480";6;2220;43140;2;"2025-09-16";;224050
"0631782500022";"63178";"ZK";"168";6;2090;0;5;"2025-07-08";"2026-01-26";5884
"0631782500035";"63178";"BI";"1267";3;1452;1188;2;"2025-09-18";;3794
"0632652500006";"63265";"ZC";"205";8;9162;8924;2;"2025-06-10";;34999
"06326824V0005";"63268";"ZB";"51";8;1506;0;2;"2025-03-24";;273052
"0632842500012";"63284";"YK";"46";8;1013;0;2;"2025-08-12";;5690
"06330024R0071";"63300";"AS";"106";3;1625;2944;5;"2025-07-10";"2025-10-13";9696
"06330024R0074";"63300";"YL";"366";8;1855;0;2;"2025-05-02";;7004
"0633002500026";"63300";"AZ";"10";8;1050;17037;2;"2025-09-02";;73405
"06332025C0004";"63320";"AH";"291";6;2185;0;5;"2025-10-23";"2025-11-06";0
"06332224R0020";"63322";"YN";"311";6;2497;0;5;"2025-02-18";"2025-09-22";5000
"06334624V0006";"63346";"ZT";"9";4;1284;0;2;"2025-02-20";;0
"0633522500006";"63352";"AD";"72";4;1137;3082;2;"2025-11-03";;25062
"06338024V0009";"63380";"AM";"401";8;1111;0;2;"2025-04-25";;4856
"06343025T0001";"63430";"YL";"384";8;2682;0;5;"2025-03-28";"2025-06-17";6004
"0634532500010";"63453";"AB";"111";8;1979;2036;2;"2025-10-13";;12686
"0634552500003";"63455";"ZC";"536";8;1019;0;2;"2025-06-02";;5455
"0634552500012";"63455";"ZC";"582";8;1491;2843;2;"2025-10-15";;12750
"0640102500006";"64010";"AI";"96";4;2006;0;2;"2025-10-14";;12728
"0640242500095";"64024";"DI";"240";3;2852;0;2;"2025-10-21";;5706
"0640592500008";"64059";"ZB";"132";8;1499;820;2;"2025-11-07";;17895
"0640782500001";"64078";"0A";"841";8;1377;0;2;"2025-06-06";;12435
"06410224B0058";"64102";"AO";"122";3;5728;0;2;"2025-01-20";;6285
"0641022500009";"64102";"CI";"12";8;13059;0;2;"2025-08-14";;21248
"06412225B0033";"64122";"AM";"447";4;2968;3391;2;"2025-08-13";;0
"0641352510001";"64135";"0B";"112";8;1358;0;5;"2025-05-26";"2025-12-01";0
"0641382500001";"64138";"ZD";"128";3;1738;0;5;"2025-04-24";"2025-04-24";23173
"06419823P0014";"64198";"AM";"7";8;1057;0;2;"2025-05-14";;0
"0642502500022";"64250";"ZY";"198";4;1352;0;2;"2025-12-24";;2975
"06425924B0011";"64259";"F";"913";8;1600;0;5;"2025-02-05";"2025-04-28";2412
"0642682500001";"64268";"AB";"183";8;1437;1479;2;"2025-07-28";;14805
"0642732500007";"64273";"E";"809";8;2014;700;2;"2025-07-01";;10
"0642792500002";"64279";"A";"2110";8;1192;1407;5;"2025-06-24";"2025-07-04";13836
"06433524P0031";"64335";"AO";"396";4;5645;2706;5;"2025-01-30";"2025-07-01";0
"06434824P0056";"64348";"AC";"669";3;2080;0;5;"2025-04-07";"2025-11-03";7414
"0643712500007";"64371";"AI";"57";4;1373;0;5;"2025-04-23";"2025-05-20";6627
"0643732500003";"64373";"AX";"287";4;2639;10232;2;"2025-07-31";;0
"0644132500002";"64413";"AD";"83";6;1536;3714;2;"2025-07-03";;20579
"0644152500003";"64415";"AZ";"104";8;1925;0;5;"2025-09-15";"2026-01-12";13422
"06442224L0031";"64422";"0N";"17";8;1198;0;2;"2025-04-07";;0
"06443024X1055";"64430";"BM";"53";4;1770;0;2;"2025-03-03";;0
"0644352500002";"64435";"B";"249";8;2464;0;2;"2025-11-07";;25029
"0644452500069";"64445";"DO";"285";3;6666;0;2;"2025-10-15";;45426
"0644832500045";"64483";"BK";"115";4;3999;842;2;"2025-12-22";;3149
"0644902500002";"64490";"G";"552";8;3000;0;5;"2025-05-21";"2025-10-01";12910
"0644932500001";"64493";"B";"147";4;4619;0;2;"2025-05-07";;23315
"06451124P0020";"64511";"AK";"433";3;1330;0;2;"2025-01-24";;6593
"0645112500007";"64511";"AM";"30";8;1517;0;2;"2025-08-16";;0
"06452324P0002";"64523";"0E";"726";4;1787;0;2;"2025-03-26";;4990
"0645472500018";"64547";"AO";;4;2539;4235;2;"2025-10-28";;14154
"0645472500024";"64547";"ZI";"82";6;1966;0;2;"2025-12-09";;5880
"0650572500006";"65057";"0F";"681";6;1170;27786;2;"2025-10-24";;16272
"0651002400027";"65100";"AD";"249";6;9856;0;2;"2025-03-05";;0
"0651482500001";"65148";"F";"93";8;1920;0;2;"2025-06-02";;0
"0651672500002";"65167";"A";"34";8;1008;0;2;"2025-04-16";;0
"0652502500002";"65250";"OB";"615";8;1640;0;5;"2025-05-21";"2025-10-07";3646
"0652582500007";"65258";"F";"590";4;1829;0;2;"2025-12-22";;23239
"0652582500010";"65258";"BS";"196";4;2195;1516;2;"2025-09-10";;15176
"0652592500001";"65259";"C";"172";4;1080;1552;2;"2025-04-14";;9179
"0653042400013";"65304";"D";"348";4;1240;0;2;"2025-04-29";;21343
"06546024A0023";"65460";"AL";"324";4;1212;826;2;"2025-03-31";;5479
"0660242500007";"66024";"AA";"104";4;2622;0;2;"2025-06-12";;7791
"0660242500014";"66024";"AE";"96";8;2448;0;2;"2025-11-17";;3141
"0660252500003";"66025";"AE";"21";4;1500;1500;2;"2025-08-18";;6209
"06603724F0083";"66037";"AE";"306";6;1878;0;2;"2025-03-19";;7590
"06606924E0011";"66069";"AC";"38";6;2332;0;2;"2025-03-05";;18611
"06613624P0179";"66136";"HW";"250";8;5400;0;2;"2025-04-14";;67978
"06613624P0187";"66136";"IL";"248";8;1128;1128;2;"2025-01-21";;2792
"0661362500002";"66136";"DH";"1018";8;2244;0;2;"2025-08-08";;3031
"0661362500005";"66136";"BC";"448";3;1473;0;2;"2025-10-03";;1690
"0661362500021";"66136";"IR";"243";3;1437;14153;2;"2025-08-19";;40281
"0661362500032";"66136";"IL";"259";8;1346;0;2;"2025-09-26";;2632
"0661362500044";"66136";"IL";"254";8;1710;0;2;"2025-10-03";;2130
"0661362500045";"66136";"EW";"15";3;2990;0;2;"2025-10-08";;12990
"0661362500064";"66136";"CZ";"74";8;2101;0;2;"2025-10-10";;5944
"0661362500067";"66136";"DH";"525";6;2011;1706;2;"2025-10-08";;8060
"0661362500078";"66136";"HP";"716";3;2564;0;5;"2025-11-07";"2026-01-27";7621
"0661362500089";"66136";"DE";"868";4;1421;892;2;"2025-11-03";;7321
"06614124E0038";"66141";"AW";"264";8;1038;0;2;"2025-01-03";;1154
"06616425E0015";"66164";"AR";"299";8;1380;1541;2;"2025-06-13";;7855
"06616425E0017";"66164";"AV";"19";8;1350;1880;2;"2025-05-26";;23667
"06616425E0033";"66164";"AR";"314";8;2978;0;2;"2025-09-03";;7637
"06616425E0045";"66164";"BN";"14";4;1010;0;2;"2025-12-08";;14168
"06619524P0011";"66195";"AD";"4";4;1026;1024;5;"2025-06-23";"2025-10-06";2991
"06621024K0089";"66210";"A";"180";4;1141;0;2;"2025-02-20";;5475
"06621324P0012";"66213";"AV";"90";3;1532;0;2;"2025-11-21";;39093
"06621324P0023";"66213";"AH";"419";4;1407;0;2;"2025-02-11";;2103
"06700824R0003";"67008";"12";"136";8;4565;0;2;"2025-01-16";;18014
"06700824R0005";"67008";"12";"130";8;6776;0;5;"2025-04-03";"2025-06-10";20022
"06700825R0002";"67008";"12";"117";4;3135;0;2;"2025-09-24";;8984
"06700825R0004";"67008";"12";"125";8;2563;0;2;"2025-11-12";;10851
"06700825R0005";"67008";"12";"133";8;1044;0;5;"2025-09-29";"2026-01-13";8020
"06702824R0041";"67028";"AP";"115";8;1350;0;2;"2025-04-28";;17026
"06703324R0012";"67033";"17";"3";6;1201;2642;2;"2025-02-27";;15627
"06703325R0003";"67033";"17";"668";3;5466;0;5;"2025-07-19";"2025-08-19";23870
"06703325R0005";"67033";"17";"674";4;2440;2642;2;"2025-12-22";;21612
"06704324V0011";"67043";"29";"410";8;7706;8910;2;"2025-02-07";;114748
"06704325V0011";"67043";"24";"108";8;1173;0;2;"2025-12-02";;14364
"06704525R0007";"67045";"39";"222";4;1030;0;2;"2025-12-01";;21041
"06704624R0035";"67046";"19";"52";6;2601;4347;5;"2025-02-06";"2025-03-17";14133
"06706124R0021";"67061";"21";"185";8;3234;0;2;"2025-01-13";;30110
"06707325R0008";"67073";"49";"126";8;4480;21753;5;"2025-06-26";"2025-10-27";67567
"06708424R0007";"67084";"08";"221";4;1243;0;5;"2025-02-14";"2025-05-12";8037
"06708424R0009";"67084";"08";"318";4;1997;0;2;"2025-02-25";;4643
"06708924R0010";"67089";"62";"153";6;1242;14284;2;"2025-04-22";;55109
"06708925R0005";"67089";"16";"107";4;2508;0;2;"2025-11-25";;20770
"06710625R0001";"67106";"25";"122";4;1574;0;5;"2025-03-03";"2025-09-29";5653
"06712524R0015";"67125";"42";"311";8;9822;0;2;"2025-06-04";;15560
"06712824R0008";"67128";"10";"230";6;1502;8218;5;"2025-04-07";"2025-04-14";27986
"06713024R0028";"67130";"BA";"1";4;2155;6569;2;"2025-01-24";;15101
"0671802400066";"67180";"AM";"68";3;1680;1103;2;"2025-02-19";;4635
"06718225V0001";"67182";"20";"24";4;1152;4150;2;"2025-04-17";;20754
"06720524R0029";"67205";"57";"211";6;7071;19284;5;"2025-02-18";"2025-04-18";135141
"06720525R0006";"67205";"17";"18";4;3761;0;5;"2025-05-13";"2025-11-12";13928
"06720525R0008";"67205";"17";"12";8;1112;576;5;"2025-05-15";"2025-10-08";3280
"06721824V0033";"67218";"30";"980";4;1673;518;2;"2025-01-17";;2878
"06721825V0026";"67218";"30";"919";4;2413;0;2;"2025-12-03";;1314
"06721825V0031";"67218";"37";"464";8;1214;14081;2;"2025-09-12";;40449
"06722625R0001";"67226";"34";"1479";8;2908;0;5;"2025-05-22";"2025-09-01";16059
"06723725R0004";"67237";"10";"164";6;1902;0;5;"2025-05-28";"2026-01-12";9612
"06723725R0005";"67237";"10";"163";8;9736;0;5;"2025-06-11";"2025-07-21";38309
"06723925R0001";"67239";"28";"109";6;11018;11018;2;"2025-05-16";;71202
"06730125R0015";"67301";"31";"631";3;2125;0;2;"2025-10-29";;6114
"06730924V0014";"67309";"24";"67";3;9482;0;2;"2025-02-13";;12054
"06736824R0018";"67368";"02";"101";4;2686;3928;5;"2025-07-01";"2025-11-27";8466
"06738925V0004";"67389";"23";"250";3;9612;0;2;"2025-06-18";;16582
"06741125R0006";"67411";"22";"202";8;6906;0;2;"2025-08-22";;189880
"06741125R0013";"67411";"22";"213";8;10913;0;2;"2025-08-22";;30870
"06741125R0014";"67411";"22";"225";8;1786;0;2;"2025-06-17";;5059
"06741125R0025";"67411";"22";"216";4;3248;0;2;"2025-09-16";;3522
"06743724R0046";"67437";"2";"30";6;2813;73182;5;"2025-03-04";"2026-01-19";223963
"06743825R0010";"67438";"3";"328";6;2987;5850;5;"2025-12-12";"2025-12-12";27043
"06744225R0003";"67442";"01";"214";8;3924;13180;2;"2025-11-06";;30927
"06744724M0027";"67447";"57";"60";8;2534;4998;5;"2025-02-05";"2025-09-01";18105
"06745825R0002";"67458";"29";"154";4;1555;1300;5;"2025-05-07";"2025-10-08";7538
"06746224M0042";"67462";"34";"111";4;1031;111;2;"2025-03-17";;3486
"06747224R0019";"67472";"30";"252";4;8000;0;2;"2025-03-11";;9985
"06747225R0012";"67472";"20";"201";8;2145;3108;2;"2025-08-21";;29515
"06748224V0264";"67482";"BZ";"454";3;5061;0;2;"2025-08-19";;1948
"06748225V0017";"67482";"KB";"299";8;18780;0;5;"2025-06-23";"2026-02-02";55070
"06748225V0088";"67482";"HE";"245";3;1524;4530;2;"2025-08-19";;79304
"06748825R0001";"67488";"A";"1638";6;1395;0;2;"2025-10-16";;5753
"06749525R0003";"67495";"35";"920";6;2065;0;2;"2025-04-10";;5286
"06751925V0005";"67519";"31";"419";3;1749;2748;2;"2025-06-11";;8513
"06752924R0016";"67529";"83";"450";8;2929;0;5;"2025-01-22";"2025-05-19";5956
"06753925R0008";"67539";"19";"506";4;1944;0;2;"2025-11-03";;4877
"06754625R0001";"67546";"39";"100";4;1008;2434;2;"2025-07-28";;14114
"06755724R0010";"67557";"48";"302";4;1002;0;5;"2025-03-25";"2026-01-12";1696
"06800424E0012";"68004";"13";"178";4;2040;0;2;"2025-03-31";;4698
"0680112500006";"68011";"31";"345";4;1430;0;2;"2025-10-15";;34507
"0680122500010";"68012";"27";"392";6;3585;0;5;"2025-07-23";"2025-12-03";6786
"06805624D0019";"68056";"22";"468";8;4676;0;5;"2025-02-04";"2025-09-29";17268
"06805625D0002";"68056";"22";"469";3;1251;0;2;"2025-04-15";;5729
"06806224E0010";"68062";"09";"139";4;2040;0;2;"2025-04-03";;1074
"0680632400021";"68063";"73";"147";4;4861;0;5;"2025-01-15";"2025-08-15";16818
"06806624R0117";"68066";"MI";"233";3;1284;37094;2;"2025-03-21";;27367
"06806624R0131";"68066";"VD";"2";4;1508;1585;5;"2025-03-14";"2025-07-15";245
"0680662500019";"68066";"HO";"191";6;6470;28447;2;"2025-09-05";;83771
"0680662500036";"68066";"LD";"633";4;2025;0;2;"2025-09-24";;7654
"0680662500046";"68066";"IM";"283";8;1647;867;2;"2025-10-03";;3598
"06808225B0010";"68082";"48";"316";8;11465;0;2;"2025-12-09";;58997
"06808725E0002";"68087";"11";"12";6;2368;699;2;"2025-04-23";;14707
"06809025E0002";"68090";"04";"366";4;1564;1153;2;"2025-11-27";;9296
"0681182500009";"68118";"29";"351";4;2779;4416;2;"2025-12-11";;14878
"06814524R0015";"68145";"20";"234";8;1282;0;5;"2025-02-14";"2025-09-01";5227
"06814524R0020";"68145";"26";"232";4;1412;0;2;"2025-05-22";;6868
"0681452500007";"68145";"20";"756";4;1464;0;2;"2025-11-13";;5976
"06814924F0010";"68149";"07";"51";3;6201;0;2;"2025-01-31";;8000
"06815424D0028";"68154";"16";"420";6;2234;0;2;"2025-02-20";;11432
"06816624D0031";"68166";"14";"449";4;1735;7383;2;"2025-04-24";;33942
"06820124F0012";"68201";"28";"194";8;2733;0;2;"2025-02-20";;5221
"06822425S0604";"68224";"IK";"106";8;1952;1952;2;"2025-10-10";;1953
"0682272500001";"68227";"25";"351";6;3313;0;2;"2025-06-12";;22016
"0682302500005";"68230";"36";"190";6;29333;0;2;"2025-09-02";;225046
"0682782500005";"68278";"AH";"10";4;1190;3591;2;"2025-10-07";;6247
"0682782500018";"68278";"AE";"14";4;5495;1988;2;"2025-10-07";;10272
"06828725B0007";"68287";"73";"114";4;1161;0;2;"2025-07-10";;0
"06829524R0022";"68295";"BC";"66";3;1168;0;2;"2025-03-28";;10454
"0682952500003";"68295";"BD";"3";8;5657;29113;2;"2025-06-10";;86708
"06829624C0006";"68296";"23";"103";4;8164;0;2;"2025-03-17";;31270
"06830024D0016";"68300";"31";"150";8;60745;0;5;"2025-03-06";"2025-07-21";213472
"06830024D0021";"68300";"31";"153";6;30253;0;2;"2025-05-27";;124502
"0683152500005";"68315";"26";"715";8;1120;0;2;"2025-06-23";;2799
"06833824R0017";"68338";"52";"235";4;1900;0;5;"2025-05-15";"2025-11-01";9626
"06834725E0003";"68347";"01";"329";4;1564;1153;2;"2025-11-27";;9296
"0683482500003";"68348";"06";"290";8;1168;0;2;"2025-10-08";;2629
"0683522500003";"68352";"20";"125";4;1875;5250;2;"2025-09-15";;37499
"0683722500006";"68372";"8";"107";4;1316;1219;2;"2025-12-09";;4891
"0683752500002";"68375";"34";"85";8;2073;2073;5;"2025-04-30";"2025-10-02";10692
"0690062400029";"69006";"AI";"314";3;1755;0;2;"2025-06-26";;57288
"0690272500010";"69027";"BC";"32";8;2603;1482;2;"2025-11-18";;8023
"0690282400031";"69028";"AT";"252";8;1569;0;2;"2025-03-21";;3269
"0690282400032";"69028";"AT";"225";8;2206;0;5;"2025-03-21";"2025-07-10";4207
"0690292500001";"69029";"C";"1841";4;22788;26576;2;"2025-06-23";;51208
"0690292500006";"69029";"A";"1174";4;2788;0;5;"2025-07-09";"2025-12-05";3280
"0690292500012";"69029";"B";"1630";6;1045;0;5;"2025-06-02";"2025-09-05";3000
"0690402400008";"69040";"BE";"173";4;4683;0;2;"2025-02-20";;8251
"0690402500006";"69040";"BE";"16";4;1144;0;2;"2025-09-23";;1754
"0690432500004";"69043";"AR";"828";6;1881;1190;2;"2025-05-19";;12020
"0690432500007";"69043";"AS";"352";6;2109;1765;2;"2025-06-26";;5187
"0690432500014";"69043";"AR";"390";6;9259;0;5;"2025-07-08";"2025-11-03";25916
"0690652500001";"69065";"ZA";"81";8;2194;0;2;"2025-05-19";;11137
"0690722400034";"69072";"AT";"1";6;7841;0;5;"2025-06-12";"2026-01-15";24269
"0690722500006";"69072";"AO";"75";4;2694;21227;5;"2025-07-31";"2025-10-06";39753
"0690722500010";"69072";"AW";"189";4;3798;0;2;"2025-08-12";;2962
"0690812400047";"69081";"AD";"1";3;4112;530;2;"2025-03-13";;3629
"0690862400009";"69086";"AA";"52";4;2599;1682;2;"2025-01-21";;7565
"0690962500002";"69096";"AS";"283";8;2148;0;2;"2025-05-16";;36621
"0690962500010";"69096";"AS";"287";6;1153;0;2;"2025-12-09";;2814
"0691152400010";"69115";"AM";"91";6;1917;0;2;"2025-05-26";;15970
"0691162400026";"69116";"I";"466";4;1050;0;2;"2025-04-03";;1680
"0693832400220";"69123";"BI";"6";4;1480;97;2;"2025-03-25";;497
"0693862400266";"69123";"BM";"104";3;2314;434;2;"2025-07-08";;500
"0693872400150";"69123";"BZ";"57";3;1532;3478;2;"2025-04-15";;1075
"0693882400262";"69123";"AO";"235";3;2735;2018;2;"2025-02-18";;1969
"0691272500001";"69127";"AH";"212";3;1592;0;2;"2025-08-29";;2725
"0691272500012";"69127";"AC";"26";3;2800;0;2;"2025-10-02";;8218
"0691422400014";"69142";"AI";"52";4;3573;0;2;"2025-03-18";;2325
"0691432500007";"69143";"AD";"393";3;4967;9561;2;"2025-10-29";;30251
"0691632500006";"69163";"AH";"165";4;1739;0;2;"2025-12-12";;3990
"0691712500001";"69171";"0U";"3030";8;3221;8655;5;"2025-04-17";"2025-07-11";21296
"0691992400015";"69199";"AM";"206";3;4004;0;2;"2025-03-20";;3595
"0692042400050";"69204";"AN";"3";8;1455;1039;2;"2025-04-07";;5418
"0692042500024";"69204";"BO";"15";4;2191;0;2;"2025-11-17";;5760
"0692352410008";"69235";"AC";"631";6;3409;1353;5;"2025-03-17";"2025-06-18";43303
"0692392400004";"69239";"AE";"180";8;3210;1180;2;"2025-01-14";;17348
"0692412500006";"69241";"0A";"1993";6;1875;887;2;"2025-09-22";;5946
"0692502500001";"69250";"AA";"212";4;3671;0;2;"2025-09-25";;52785
"0692562400042";"69256";"BT";"271";8;2237;0;5;"2025-01-05";"2025-07-21";9001
"0692562400051";"69256";"BS";"193";6;5590;1200;2;"2025-06-16";;10000
"0692562400055";"69256";"BO";"143";6;1400;0;2;"2025-07-21";;9689
"0692562500034";"69256";"BH";"149";8;2659;5638;2;"2025-12-31";;11657
"0692592400002";"69259";"BO";"127";8;2112;1614;2;"2025-01-22";;8130
"0692592400039";"69259";"BH";"70";6;37450;7430;2;"2025-04-04";;65455
"0692592400062";"69259";"AV";"83";6;2607;0;5;"2025-04-02";"2025-11-24";105350
"0692642400026";"69264";"AO";"82";3;3180;0;2;"2025-01-22";;4337
"0692642400038";"69264";"AY";"48";8;1979;3753;5;"2025-03-18";"2025-06-05";10267
"0692642400046";"69264";"AD";"689";4;1176;3586;2;"2025-03-24";;4570
"0692642500003";"69264";"AO";"655";3;1020;0;2;"2025-05-30";;1934
"0692642500007";"69264";"AW";"136";3;1080;878;2;"2025-06-16";;1219
"0692642500018";"69264";"AT";"105";6;4705;3214;2;"2025-12-22";;13047
"0692662400035";"69266";"BO";"236";3;1920;906;2;"2025-02-11";;367
"0692662400074";"69266";"BH";"96";3;3652;1535;2;"2025-02-11";;1442
"0692662400089";"69266";"CB";"128";3;2510;0;2;"2025-08-29";;514
"0692702400019";"69270";"0A";"1740";6;1087;2502;2;"2025-01-03";;10988
"0692712500008";"69271";"CB";"25";4;1861;1910;2;"2025-08-12";;5487
"0692722500012";"69272";"AN";"110";6;10598;21258;2;"2025-12-09";;76021
"0692732500010";"69273";"AS";"104";8;2613;7188;5;"2025-06-30";"2025-09-01";20260
"0692732500011";"69273";"AE";"15";8;1688;0;2;"2025-09-14";;3066
"0692752400047";"69275";"CK";"209";6;1532;1697;5;"2025-02-17";"2025-04-22";4344
"0692752500004";"69275";"CB";"283";8;1866;3832;5;"2025-04-14";"2025-07-21";18658
"0692772500025";"69277";"AB";"403";4;3126;0;2;"2025-11-26";;5536
"0692792500016";"69279";"AZ";"111";6;2192;3924;2;"2025-09-01";;12005
"0692822400036";"69282";"DM";"422";4;2098;0;2;"2025-09-01";;4710
"0692822500034";"69282";"DL";"333";4;61430;26911;2;"2025-12-18";;75344
"0692822500035";"69282";"CB";"5";8;5501;2686;2;"2025-12-16";;9100
"0692832500002";"69283";"AH";"300";6;3683;0;5;"2025-04-09";"2025-09-09";7396
"0692832500020";"69283";"AH";"229";4;1412;46;2;"2025-10-20";;2482
"0692832500023";"69283";"AH";"14";6;1816;0;5;"2025-10-10";"2026-01-08";11860
"0692862400033";"69286";"BE";"140";6;3953;4940;2;"2025-01-22";;33471
"0692872500007";"69287";"AK";"34";8;1137;916;5;"2025-04-29";"2025-06-11";2833
"0692872500022";"69287";"AN";"16";6;1096;1873;2;"2025-10-23";;3665
"0692902400056";"69290";"AB";"232";4;1576;0;2;"2025-01-10";;3797
"0692902400087";"69290";"AY";"81";3;2075;2320;5;"2025-06-26";"2025-11-12";14645
"0692902500017";"69290";"DR";"18";6;4568;0;2;"2025-07-10";;60917
"0692902500020";"69290";"CP";"37";8;9920;0;2;"2025-07-21";;26408
"0692902500025";"69290";"AD";"156";8;1932;0;2;"2025-07-04";;4531
"0692902500070";"69290";"DN";"3";3;1341;6915;2;"2025-12-18";;55624
"0692972500003";"69297";"AA";"66";6;4457;266;2;"2025-06-16";;341474
"0701202500015";"70120";"ZE";"49";6;1124;0;2;"2025-09-23";;13200
"0702452500005";"70245";"AL";"51";6;3288;22402;2;"2025-06-06";;657
"07028224O0006";"70282";"ZI";"84";4;1815;1790;2;"2025-06-06";;0
"07029624C0006";"70296";"ZA";"484";8;5121;14434;2;"2025-04-18";;94853
"0703222500001";"70322";"ZE";"54";4;1198;810;5;"2025-06-12";"2025-07-21";15760
"0704472500004";"70447";"A";"776";6;3591;419;2;"2025-05-02";;15698
"0704672500001";"70467";"ZI";"79";4;2279;0;5;"2025-06-12";"2025-10-20";5883
"0704912500004";"70491";"ZC";"98";6;2595;0;2;"2025-03-24";;3416
"0705132500005";"70513";"BL";"201";8;1475;0;2;"2025-08-13";;13053
"0710732500020";"71073";"AB";"404";8;4447;0;2;"2025-12-29";;7100
"07107625E0007";"71076";"BR";"88";4;2682;690;2;"2025-07-02";;10986
"0711052500009";"71105";"BE";"205";4;2577;956;2;"2025-09-01";;6538
"07111825E0005";"71118";"AH";"64";8;17794;0;2;"2025-08-22";;49151
"07115324M0037";"71153";"BH";"396";6;1142;13148;5;"2025-01-27";"2025-06-04";45204
"07115324M0041";"71153";"AE";"171";6;1133;31365;5;"2025-03-14";"2025-05-02";68506
"07115325M0003";"71153";"BE";"505";6;1674;9217;2;"2025-07-17";;17472
"07115325M0016";"71153";"BE";"575";6;3091;11216;2;"2025-09-30";;120055
"07117624P0009";"71176";"BI";"430";4;2034;0;5;"2025-01-07";"2025-11-10";26241
"07119225M0007";"71192";"OF";"120";6;1685;0;2;"2025-08-04";;11377
"07120424E0006";"71204";"AD";"188";6;2440;0;5;"2025-01-27";"2025-03-13";5097
"07120425E0006";"71204";"AD";"154";8;2940;15241;2;"2025-12-10";;56749
"07121225M0006";"71212";"BC";"358";8;2891;0;2;"2025-07-17";;11733
"07126324E0030";"71263";"AE";"401";4;1611;832;2;"2025-02-12";;17812
"07126325E0007";"71263";"0D";"371";8;3213;0;5;"2025-06-04";"2025-07-15";46587
"07127024J0068";"71270";"ZC";"834";6;1689;6575;2;"2025-05-09";;21146
"07127024J0072";"71270";"CZ";"473";4;3946;0;2;"2025-07-13";;5287
"0712952500002";"71295";"0D";"382";8;1650;0;2;"2025-07-22";;4056
"0713602500005";"71360";"AT";"76";8;1054;0;5;"2025-06-30";"2025-07-17";2618
"07144224E0002";"71442";"AC";"163";4;1407;0;2;"2025-03-04";;13842
"07144524E0051";"71445";"Z";"499";3;8229;104062;5;"2025-04-09";"2025-11-24";208608
"07144525E0002";"71445";"Z";"423";6;5924;4419;2;"2025-05-23";;35890
"0714482500003";"71448";"ZD";"579";8;1248;0;2;"2025-02-11";;8762
"0714482500007";"71448";"ZD";"3";8;21715;0;2;"2025-11-27";;90955
"07149125M0007";"71491";"AE";"197";8;2072;0;5;"2025-09-19";"2026-01-12";13854
"07151225E0005";"71512";"ZN";"335";8;2282;0;2;"2025-10-07";;7094
"07154024M0012";"71540";"AO";"172";8;2313;0;2;"2025-02-21";;131894
"07154024M0014";"71540";"AO";"19";6;2571;0;2;"2025-01-21";;127603
"07154324S0022";"71543";"AD";"150";3;2035;0;2;"2025-02-25";;5359
"07154325S0002";"71543";"AD";"155";8;1039;360;5;"2025-04-29";"2025-11-12";4112
"0715642500006";"71564";"A";"747";6;1786;0;2;"2025-06-05";;15232
"07158524E0012";"71585";"AI";"168";8;5318;0;2;"2025-04-10";;12321
"07158525E0002";"71585";"ZA";"139";8;2352;0;5;"2025-05-19";"2025-08-05";40409
"0715882500005";"71588";"B";"634";4;1865;0;2;"2025-10-13";;6861
"07200324Z0018";"72003";"BL";"45";8;4188;0;2;"2025-05-19";;9980
"0720082500007";"72008";"AR";"354";6;3514;0;5;"2025-07-22";"2025-10-13";4773
"0720082500009";"72008";"AR";"255";6;2247;2409;5;"2025-07-22";"2025-10-13";6606
"07207124Z0023";"72071";"AI";"371";4;3628;25374;5;"2025-03-20";"2026-01-08";87766
"0721242500018";"72124";"0A";"1739";8;2593;2396;5;"2025-10-24";"2025-11-05";66547
"0721242500031";"72124";"ZN";"213";3;25040;0;2;"2025-10-29";;42630
"07215424Z0059";"72154";"AC";"510";4;1334;5163;5;"2025-03-06";"2025-09-19";31687
"07218124Z0126";"72181";"RV";"339";6;10373;1060;5;"2025-01-28";"2025-12-10";9948
"07218124Z0193";"72181";"NW";"84";4;2598;25176;5;"2025-04-28";"2025-07-10";77485
"0721812500005";"72181";"KT";"42";6;12436;84009;2;"2025-06-23";;224317
"0721812500011";"72181";"MX";"370";8;2025;1729;2;"2025-06-11";;18998
"0721812500015";"72181";"RV";"190";4;2713;0;2;"2025-10-31";;30470
"0721812500089";"72181";"HV";"107";3;1845;0;2;"2025-10-17";;67296
"0722232500009";"72223";"YL";"150";8;1716;306;2;"2025-05-28";;14501
"0722532500015";"72253";"AL";"32";6;1200;0;2;"2025-10-09";;4903
"07225625P0192";"72256";"B";"638";8;1040;0;2;"2025-03-10";;0
"07226425Z0002";"72264";"AR";"203";4;5025;1700;2;"2025-04-23";;8315
"0723052500003";"72305";"0C";"1277";6;2502;0;2;"2025-05-15";;5195
"07231024Z0013";"72310";"AL";"156";3;1546;0;5;"2025-03-17";"2025-09-22";3548
"0723202500002";"72320";"ZH";"376";4;1076;0;2;"2025-05-13";;6791
"0723202500009";"72320";"ZH";"540";8;2440;0;2;"2025-12-22";;9714
"0723202500010";"72320";"ZN";"24";4;1002;0;2;"2025-12-22";;2747
"0723202500011";"72320";"ZN";"24";4;1200;0;2;"2025-12-22";;6124
"0723282500016";"72328";"AS";"214";4;1214;2218;5;"2025-11-19";"2025-11-20";0
"07301824G1008";"73018";"AH";"59";8;1211;0;2;"2025-04-15";;3598
"0730182501001";"73018";"AI";"174";8;2658;0;5;"2025-08-26";"2025-09-01";4000
"07303124G1017";"73031";"0B";"1525";3;3356;0;2;"2025-07-30";;1331
"0730512501003";"73051";"AZ";"142";6;2079;0;2;"2025-08-12";;4268
"07305324G1004";"73053";"ZN";"132";8;1706;0;5;"2025-05-14";"2025-08-26";34159
"07306524G1079";"73065";"CN";"202";8;2303;0;2;"2025-01-30";;79248
"0730652501008";"73065";"AH";"136";8;3112;0;2;"2025-07-03";;4831
"0730892501003";"73089";"ZB";"40";8;1132;0;2;"2025-06-05";;2918
"0731192501002";"73119";"A";"2570";3;2247;0;2;"2025-12-05";;0
"07312824C1014";"73128";"AE";"93";3;3598;0;2;"2025-02-04";;4780
"07312824C1024";"73128";"AE";"77";4;5005;0;2;"2025-05-26";;3776
"07313224D1026";"73132";"AE";"171";4;2363;0;2;"2025-03-28";;22676
"0731322501010";"73132";"AE";"171";4;2290;0;2;"2025-10-24";;22676
"0731872501022";"73187";"BA";"367";6;1385;0;2;"2025-12-29";;40972
"0732132500004";"73213";"0d";"257";8;1348;0;2;"2025-11-18";;2168
"0732132500005";"73213";"0O";"545";6;1196;0;5;"2025-09-04";"2025-09-22";2023
"0733032501017";"73303";"0B";"2389";6;1688;4261;2;"2025-12-19";;10226
"0740022400015";"74002";"0A";"1070";6;1251;0;2;"2025-03-13";;2932
"07400524B0028";"74005";"D";"437";8;1185;0;2;"2025-02-28";;4000
"07400724A0013";"74007";"0A";"2359";3;1780;0;2;"2025-02-06";;6447
"07400824H0014";"74008";"AC";"291";3;4580;0;2;"2025-05-05";;1005
"0740102400093";"74010";"AM";"52";3;1019;0;2;"2025-01-30";;1208
"0740102500037";"74010";"AE";"39";6;5443;0;2;"2025-06-04";;4982
"0740102500038";"74010";"BR";"110";3;4591;4980;5;"2025-06-03";"2025-12-01";20078
"0740102500110";"74010";"BP";"17";3;23269;3354;2;"2025-11-17";;28873
"0740102500151";"74010";"AB";"367";3;1539;0;2;"2025-12-02";;4003
"0740102500154";"74010";"AE";"20";4;2516;609;2;"2025-10-10";;2561
"0740122500011";"74012";"B";"3365";4;6424;0;2;"2025-12-15";;4971
"07401624H0028";"74016";"AV";"142";6;1715;2734;5;"2025-03-27";"2025-06-13";9688
"07401624H0030";"74016";"AV";"151";3;4566;0;2;"2025-06-02";;9212
"07401624H0031";"74016";"AV";"165";6;2008;0;2;"2025-06-03";;1856
"07401924X0013";"74019";"AH";"952";3;2547;0;2;"2025-05-27";;4199
"0740272500003";"74027";"A";"3073";8;1846;1971;5;"2025-07-29";"2025-08-04";9675
"0740432500011";"74043";"H";"992";4;2400;0;2;"2025-07-03";;12870
"0740432500029";"74043";"H";"909";8;2841;0;2;"2025-09-26";;5760
"0740532500007";"74053";"ZN";"195";4;1005;730;2;"2025-10-14";;3140
"0740622500001";"74062";"AD";"1524";8;1127;0;2;"2025-05-06";;15812
"07407724X0006";"74077";"AH";"227";6;1009;0;2;"2025-02-04";;6000
"07407724X0010";"74077";"AH";"1816";8;2144;0;2;"2025-04-11";;26900
"07407724X0011";"74077";"0A";"1630";8;1420;0;2;"2025-04-11";;64314
"0741452500003";"74145";"B";"884";8;1712;0;5;"2025-08-05";"2025-11-06";0
"0742082500020";"74208";"0D";"4323";8;2187;2733;2;"2025-06-30";;14814
"0742082500041";"74208";"0D";"5790";8;1992;130;2;"2025-12-04";;19109
"07421324X0015";"74213";"BA";"180";4;2663;0;2;"2025-03-21";;1829
"07421324X0016";"74213";"BA";"182";4;2229;0;2;"2025-03-22";;1728
"07421324X0019";"74213";"AZ";"245";3;4365;0;2;"2025-01-21";;5248
"0742132500012";"74213";"AZ";"197";3;2126;5115;5;"2025-08-19";"2025-11-05";6045
"07421824A0033";"74218";"AI";"392";4;1226;0;5;"2025-01-06";"2025-11-01";3846
"07421824A0043";"74218";"AB";"19";8;2770;0;2;"2025-01-07";;7024
"07422524A0031";"74225";"BD";"75";8;4310;0;5;"2025-03-24";"2025-05-13";11610
"07425024A0027";"74250";"AM";"26";4;2222;2555;5;"2025-04-29";"2025-12-01";18247
"07425024A0041";"74250";"0B";"3705";6;2068;3587;2;"2025-04-28";;10126
"07426324B0047";"74263";"BE";"233";4;1102;0;2;"2025-04-10";;2468
"0742642400026";"74264";"0E";"101";3;1513;530;5;"2025-04-09";"2025-06-17";2611
"07428024X0017";"74280";"F";"3709";4;1078;92;5;"2025-02-19";"2025-07-15";2325
"07428024X0036";"74280";"B";"794";3;3238;0;2;"2025-08-13";;5763
"0742812420073";"74281";"AV";"347";3;1164;531;2;"2025-06-13";;2525
"07428924X0014";"74289";"B";"1397";6;4198;0;2;"2025-03-19";;8647
"07510824V0038";"75056";"AP";"19";4;2596;5542;5;"2025-11-19";"2026-01-09";920
"07511124V0026";"75056";"CV";"74";4;2187;1801;2;"2025-08-14";;693
"07511124V0051";"75056";"BI";"3";3;1476;26382;2;"2025-07-03";;6536
"07511324V0047";"75056";"AC";"3";3;1319;6262;5;"2025-08-01";"2025-08-11";9269
"07511324V0048";"75056";"DG";"10";8;3999;0;2;"2025-04-23";;44564
"07511924V0022";"75056";"EC";"31";4;4291;90;2;"2025-05-15";;1047
"07512024V0009";"75056";"DD";"38";3;2640;557;2;"2025-08-29";;22319
"07600524M0004";"76005";"AC";"331";3;2965;0;2;"2025-04-10";;5622
"07600824D0005";"76008";"ZD";"5";4;2776;3785;2;"2025-04-14";;0
"07603525B0001";"76035";"AE";"253";3;4400;0;2;"2025-06-10";;3442
"0760652500003";"76065";"D";"418";4;1080;0;5;"2025-06-20";"2026-01-05";19250
"07606924M0015";"76069";"AH";"14";8;4976;0;2;"2025-03-14";;25976
"07610825O0009";"76108";"Cx";"1149";3;3315;0;2;"2025-10-15";;0
"0761222500004";"76122";"ZI";"51";8;5887;2199;2;"2025-09-05";;48766
"0761642500009";"76164";"AL";"325";8;4316;0;5;"2025-08-19";"2025-09-08";14094
"0762032500001";"76203";"ZC";"30";8;1176;0;2;"2025-03-22";;9543
"0762172500018";"76217";;;6;1645;39920;5;"2025-09-04";"2025-10-13";100659
"0762172500021";"76217";"AV";"138";6;2100;39920;2;"2025-09-29";;100659
"0762172500022";"76217";"AV";"138";6;1027;39920;2;"2025-09-29";;100659
"0762172500032";"76217";"AW";"63";3;4695;0;2;"2025-10-10";;8706
"0762442500001";"76244";"ZK";"67";8;2071;0;5;"2025-09-29";"2026-01-05";5598
"07624524B0011";"76245";"ZI";"93";6;4677;0;2;"2025-01-24";;10966
"0762452500003";"76245";"ZI";"98";8;1779;0;5;"2025-07-08";"2025-11-17";7966
"0762452500006";"76245";"ZI";"77";6;2754;0;2;"2025-07-18";;6415
"0762452500007";"76245";"ZI";"77";6;2717;0;2;"2025-07-18";;6415
"0762452500010";"76245";"ZI";"62";8;1478;0;2;"2025-12-18";;4922
"0762452500012";"76245";"ZI";"63";6;2033;0;2;"2025-11-05";;10107
"0762762500006";"76276";"AR";"221";6;2180;10672;2;"2025-07-29";;25499
"07630524H0014";"76305";"DK";"30";6;3962;0;2;"2025-04-08";;625608
"07631924O0198";"76319";"AC";"503";8;1519;0;2;"2025-05-02";;50963
"07631925O0070";"76319";"AB";"301";8;1566;611;2;"2025-08-04";;5212
"0763212500011";"76321";"AB";"507";6;3186;27074;2;"2025-10-13";;138064
"07632224G0033";"76322";"AB";"43";8;23799;0;2;"2025-02-05";;47451
"07632924L0012";"76329";"AE";"473";4;12060;12837;2;"2025-04-04";;39962
"0763412500002";"76341";"AD";"516";6;2485;0;2;"2025-08-12";;22424
"07635124H0103";"76351";"NC";"55";6;25757;132772;5;"2025-01-31";"2025-02-05";228326
"07635124H0145";"76351";"VY";"3";3;20741;0;2;"2025-01-27";;436387
"07635124H0162";"76351";"NT";"1";8;34221;0;2;"2025-09-24";;132879
"0763512500049";"76351";"EE";"143";4;3534;2095;5;"2025-09-11";"2025-12-18";6535
"0763512500066";"76351";"OB";"790";3;1845;0;2;"2025-10-09";;4230
"0763772500004";"76377";"C";"1149";3;3315;0;2;"2025-07-17";;5415
"0763842500007";"76384";"BW";"32";8;1950;358;2;"2025-09-12";;42325
"07641424D0010";"76414";"AB";"81";3;1127;0;2;"2025-03-06";;10054
"0764142500009";"76414";"AC";"150";4;1408;2346;2;"2025-10-23";;7630
"0764152500005";"76415";"ZD";"32";8;1890;0;2;"2025-09-29";;2934
"0764292500008";"76429";"AI";"207";4;2702;0;2;"2025-11-07";;3097
"07644725C0018";"76447";"ZI";"98";8;3137;0;2;"2025-10-24";;6608
"0764622500008";"76462";"AO";"247";8;5752;0;2;"2025-11-12";;12632
"07647424M0007";"76474";"AB";"399";6;5610;44556;5;"2025-05-14";"2025-06-16";186479
"07647424M0010";"76474";"AD";"355";3;1061;280;2;"2025-08-28";;827
"07648425O0022";"76484";;;6;2065;0;2;"2025-12-02";;5563
"07648425O0023";"76484";"AC";"199";8;8585;6365;5;"2025-11-03";"2026-01-08";0
"07649724O0012";"76497";"AT";"3";8;7424;0;5;"2025-03-13";"2025-09-22";0
"07649724O0016";"76497";;;3;1182;2372;5;"2025-03-14";"2025-03-19";0
"07649824R0026";"76498";;;6;2047;0;5;"2025-02-07";"2025-08-25";32843
"07654024M0069";"76540";"LZ";"208";3;2709;0;2;"2025-02-19";;2582
"0765472500003";"76547";"ZH";"90";4;1893;0;2;"2025-05-13";;6298
"07657525O0016";"76575";"BW";"8";4;1271;14322;2;"2025-07-30";;61235
"07657525O0046";"76575";"BO";"171";6;2169;0;2;"2025-12-16";;6740
"0765922500002";"76592";"D";"1057";8;21650;180323;2;"2025-09-09";;461825
"07659424B0021";"76594";"AH";"708";4;1146;5996;5;"2025-05-14";"2026-01-08";10378
"0765942500003";"76594";"AE";"145";8;5644;0;2;"2025-09-23";;8737
"0765942500004";"76594";"AE";"138";8;1323;0;2;"2025-09-23";;9778
"0766102500010";"76610";"AC";"266";4;1843;11324;2;"2025-09-16";;74771
"07661824P0104";"76618";"ZM";"3";3;2602;0;5;"2025-03-17";"2025-09-30";308441
"07664725C0009";"76647";"AE";"356";4;2602;0;5;"2025-08-04";"2025-10-20";9783
"0766642500003";"76664";"A";"632";4;1448;0;2;"2025-05-28";;5653
"07666724D0005";"76667";"A";"251";8;1520;1526;2;"2025-02-28";;8327
"07667224B0004";"76672";"AD";"142";4;5532;5138;2;"2025-01-16";;28831
"07671124T0021";"76711";"AL";"224";3;1420;24;2;"2025-04-10";;0
"0767112500011";"76711";;;8;3543;0;5;"2025-10-28";"2025-11-20";0
"0767182400017";"76718";"ZE";"222";8;1486;4028;2;"2025-01-16";;16180
"0767282500007";"76728";"AH";"355";3;1061;3816;2;"2025-12-12";;16105
"0767532500004";"76753";"AA";"24";6;1740;10948;2;"2025-10-31";;134122
"0770052500001";"77005";"AH";"29";6;1186;0;2;"2025-06-05";;54390
"0770532400024";"77053";"AH";"117";4;1428;2610;5;"2025-01-03";"2025-12-01";6118
"0770532400039";"77053";"AL";"61";8;2392;3500;2;"2025-04-30";;4819
"0770532500001";"77053";"AE";"12";8;2413;516;2;"2025-06-13";;5837
"0770532500003";"77053";"AE";"12";8;1873;516;2;"2025-10-27";;5837
"0770672400015";"77067";"0X";"1101";6;2079;0;2;"2025-02-21";;74712
"0770672500009";"77067";"ZB";"155";6;2544;308;2;"2025-06-27";;26532
"0771002500022";"77100";"AD";"85";4;1015;476;2;"2025-12-05";;5000
"0771112400016";"77111";"AI";"68";4;1562;0;2;"2025-01-20";;3314
"0771142500010";"77114";;;8;1351;0;2;"2025-09-11";;2643
"0771142500011";"77114";"B";"88";8;2380;0;2;"2025-09-12";;4616
"0771212400012";"77121";"AD";"102";8;1282;10765;5;"2025-03-11";"2025-06-16";25892
"0771212500006";"77121";"AH";"214";4;1833;0;2;"2025-09-30";;4563
"0771232500001";"77123";"AB";"79";4;1700;1000;5;"2025-06-12";"2025-07-16";4411
"0771462400009";"77146";"AM";"100";6;4740;0;2;"2025-01-25";;10996
"0771462400010";"77146";"AM";"98";3;3437;0;2;"2025-02-25";;7000
"0771462500003";"77146";"AM";"102";6;33299;0;2;"2025-06-24";;66393
"0771692400006";"77169";"AO";"167P";3;1949;0;2;"2025-03-25";;5829
"0771922400019";"77192";"E";"282";6;5872;0;2;"2025-01-24";;63272
"0771962400005";"77196";"XA";"404";6;1330;15640;2;"2025-03-23";;0
"0772172500003";"77217";"OB";"434";8;2291;0;5;"2025-04-23";"2025-12-16";1130
"0772172500011";"77217";"zp";"44";6;3855;4647;2;"2025-11-27";;47979
"0772312500001";"77231";"A";"563";6;7393;8831;2;"2025-11-06";;0
"0772432500023";"77243";"AB";"102";8;1657;0;2;"2025-08-19";;73907
"0772592500002";"77259";"ZD";"65";8;1710;0;2;"2025-05-02";;0
"0772702400006";"77270";"C";"139";4;39554;0;2;"2025-09-22";;364589
"0772842500021";"77284";"AI";"89";6;6523;15705;2;"2025-07-10";;35181
"0772842500029";"77284";"AE";"560";8;1149;0;2;"2025-08-07";;3792
"0772842500056";"77284";"AE";"755";6;1683;1010;2;"2025-11-23";;9555
"0772942500018";"77294";"BK";"309";8;1177;6331;5;"2025-07-09";"2025-10-25";14999
"0773062400009";"77306";"A";"284";6;1907;7099;2;"2025-03-04";;211546
"0773062400010";"77306";"A";"284";6;2641;0;2;"2025-03-04";;211546
"0773162400019";"77316";"ZB";"402";6;2720;320;2;"2025-02-24";;7209
"0773162400020";"77316";"ZB";"402";6;1490;2720;2;"2025-02-24";;7209
"0773162500029";"77316";"ZB";"402";6;4210;0;2;"2025-10-27";;7209
"0773332500006";"77333";"BD";"116";3;1332;0;2;"2025-08-04";;5914
"0773502500004";"77350";"AX";"16";4;1853;1360;2;"2025-06-27";;5000
"0773502500020";"77350";"AS";"6";6;3254;0;2;"2025-10-23";;5200
"0773572400006";"77357";;;8;1680;0;2;"2025-02-04";;0
"0773712400009";"77371";"A";"2";6;39554;0;2;"2025-09-22";;146314
"0773732500009";"77373";"D";"2737";4;6742;0;2;"2025-08-20";;4110
"0773772500009";"77377";"A";"258";8;2064;0;2;"2025-12-22";;5395
"07742025A0008";"77420";"ZK";"150";8;2969;0;2;"2025-12-23";;24279
"0774372500005";"77437";"ZL";"98";8;1018;0;2;"2025-11-28";;5372
"0774502500014";"77450";;;4;1482;2241;2;"2025-07-28";;9520
"07747024P0012";"77470";"ZE";"278";6;12783;0;2;"2025-04-16";;26584
"0774822200025";"77482";"C";"1519";4;2167;0;2;"2025-01-15";;201672
"0775342500001";"77534";"ZD";"203";4;1737;0;5;"2025-03-06";"2025-07-01";5229
"0780152400013";"78015";"AC";"11";4;2636;783;2;"2025-02-26";;135639
"0780292500006";"78029";"AO";"704";8;3627;0;2;"2025-06-11";;12383
"0780292500007";"78029";;;4;5135;0;2;"2025-09-23";;176011
"0780292500021";"78029";"AM";"1032";3;1350;0;2;"2025-12-09";;3590
"0781182500006";"78118";"ZD";"499";8;7497;550;2;"2025-10-31";;5169
"07813325G0001";"78133";"AC";"188";4;2324;1173;2;"2025-12-30";;4109
"07813825Y0008";"78138";"01";"2941";8;2151;0;5;"2025-07-07";"2025-12-08";3630
"07816825E0004";"78168";"AK";"51";8;5732;0;2;"2025-10-21";;14069
"0781722500038";"78172";"AD";"931";6;5205;0;2;"2025-11-20";;60105
"0782552500017";"78255";"D";"789";8;6393;0;2;"2025-12-17";;11527
"07826525Y0005";"78265";"G";"15";4;1747;1028;2;"2025-07-29";;0
"0782672500015";"78267";"AL";"146";8;1208;447;2;"2025-12-15";;1679
"07829725E0003";"78297";"BE";"41";8;1650;1350;2;"2025-07-07";;52102
"07829725E0005";"78297";"BK";"172";3;1993;0;2;"2025-10-17";;5780
"07831024M0014";"78310";"ZL";"110";8;12291;0;2;"2025-01-23";;3639
"07832224O0013";"78322";"0B";"316";8;5174;0;2;"2025-07-28";;3408
"07835624E0017";"78356";"AX";"86";6;4600;29660;5;"2025-02-03";"2025-03-03";65969
"07835624E0021";"78356";"AH";"1";6;3084;35535;5;"2025-03-10";"2025-03-14";76000
"07838925Y0001";"78389";"A";"775";8;1373;1405;5;"2025-04-28";"2025-05-12";2184
"0784312500001";"78431";"AE";"21";8;2169;0;5;"2025-06-24";"2025-09-01";20203
"07844024Y0029";"78440";"BD";"1085";6;4052;0;2;"2025-02-19";;8357
"07844025Y0009";"78440";"AI";"331";6;1100;27110;5;"2025-08-01";"2025-08-15";95078
"07844025Y0015";"78440";"AB";"41";8;28923;41729;2;"2025-09-05";;0
"07844025Y0022";"78440";"BD";"945";8;1536;1194;2;"2025-10-16";;4957
"0784662500008";"78466";"AL";"25";8;3328;2133;5;"2025-06-06";"2025-08-01";6126
"07847025C0001";"78470";"C";"257";6;5355;10096;2;"2025-06-02";;78792
"07848624M0008";"78486";"AT";"80";3;3414;7745;2;"2025-08-04";;40693
"07849024E0013";"78490";"AE";"11";4;2090;2729;2;"2025-01-09";;10128
"07851724R1025";"78517";"BL";"14";3;1708;1575;5;"2025-03-05";"2025-10-20";5396
"07862125E0006";"78621";"AK";"63";8;11041;6852;2;"2025-07-21";;27497
"07864425E0001";"78644";"AC";"159";6;1799;957;2;"2025-12-15";;10112
"07864624V0076";"78646";"CD";"11";8;1390;0;2;"2025-04-25";;198600
"07900325X0018";"79003";"ZX";"49";8;1171;1507;2;"2025-07-01";;40136
"07904924E0109";"79049";"AR";"156";4;3125;0;2;"2025-04-25";;13591
"0790492500041";"79049";"CB";"452";6;4346;0;2;"2025-10-13";;25513
"0790612500009";"79061";"AT";"651";4;1236;0;2;"2025-04-24";;3204
"0790802500002";"79080";"AM";"4";4;1800;0;2;"2025-04-09";;156400
"0790802500009";"79080";"AR";"102";8;1202;0;2;"2025-12-23";;6547
"07908124X0040";"79081";"BM";"620";4;2236;0;2;"2025-03-07";;6618
"07910124P0010";"79101";"AV";"144";4;1318;5678;2;"2025-05-28";;23056
"0791292500005";"79129";"ZD";"172";6;1582;0;5;"2025-06-11";"2025-10-06";7035
"07919124X0154";"79191";"IN";"1";6;1439;36357;2;"2025-04-14";;89366
"07919124X0185";"79191";"CS";"206";4;4482;3966;5;"2025-05-20";"2025-09-03";18527
"07919125X0037";"79191";"HZ";"145";6;3337;0;5;"2025-06-17";"2026-01-08";15346
"07919125X0045";"79191";"DO";"65";8;1983;2255;2;"2025-07-01";;10032
"07919125X0127";"79191";"EK";"1";8;2284;2336;2;"2025-11-27";;12562
"07919624K0013";"79196";"H";"805";6;1490;3800;2;"2025-04-11";;30358
"0792022500001";"79202";"AT";"180";4;1480;1207;2;"2025-09-22";;4176
"0793072500006";"79307";"AK";"5";4;1495;0;2;"2025-11-25";;23198
"08000124S0051";"80001";"BC";"35";4;2071;3650;2;"2025-06-02";;8569
"08000124S0066";"80001";"BN";"78";6;2150;27052;5;"2025-03-26";"2025-06-10";88852
"0800012500020";"80001";"ZC";"106";8;21023;0;2;"2025-10-27";;52776
"0800012500031";"80001";"BN";"163";8;1435;0;2;"2025-08-28";;8839
"0800162500002";"80016";"ZI";"66";6;2108;1603;2;"2025-03-24";;8197
"0800162500013";"80016";"AH";"114";4;1407;692;2;"2025-10-02";;7320
"0800162500015";"80016";"ZI";"66";6;2029;1603;2;"2025-11-04";;8197
"08002124A0149";"80021";;;3;4388;0;2;"2025-07-23";;0
"08002124A0173";"80021";"CW";"86";3;4977;0;2;"2025-09-11";;42796
"08002125A0019";"80021";"KT";"135";6;3564;4973;2;"2025-07-18";;19490
"08002125A0097";"80021";;;3;10239;0;5;"2025-11-10";"2026-01-14";27071
"08002125A0116";"80021";"KS";"141";6;1627;14668;2;"2025-12-04";;32031
"08002125A0118";"80021";"KT";"280";8;7438;0;2;"2025-12-04";;15989
"08002125A0123";"80021";"KV";"399";8;8412;0;2;"2025-12-26";;21096
"08002424P0010";"80024";"ZO";"32";8;1908;4663;2;"2025-01-27";;17676
"0801312500004";"80131";"ZC";"39";6;14778;0;2;"2025-11-26";;135623
"08022723P0009";"80227";"ZN";"3";8;98953;0;2;"2025-01-14";;426558
"0802882500004";"80288";"ZN";"145";6;3756;0;2;"2025-12-09";;13540
"08031624P0005";"80316";"ZO";"9";8;1148;2133;5;"2025-01-21";"2025-01-27";16030
"08036825V0010";"80368";"AD";"22";8;3304;30826;2;"2025-11-18";;11241
"08037925M0003";"80379";"ZD";"270";6;1263;0;2;"2025-09-09";;2580
"0805232500003";"80523";"ZP";"117";6;1367;0;2;"2025-05-28";;33633
"0805232500009";"80523";"ZR";"21";6;2254;130662;2;"2025-11-04";;446612
"08057424M0003";"80574";"ZD";"65";6;1453;0;2;"2025-04-25";;3615
"08063925M0001";"80639";"ZS";"44";8;28038;0;2;"2025-09-05";;54590
"08068024S0010";"80680";"ZA";"123";6;9080;0;2;"2025-07-01";;30770
"08100424X0157";"81004";"BT";"306";4;2458;1735;2;"2025-03-17";;3225
"08100424X0161";"81004";"KZ";"45";3;2207;0;2;"2025-05-06";;20869
"0810042500098";"81004";"HT";"106";4;2315;0;5;"2025-09-16";"2026-01-05";13876
"0810212500006";"81021";"AK";"115";4;1552;0;2;"2025-08-26";;4978
"0810312500005";"81031";"B";"1284";6;3800;49;2;"2025-06-20";;15527
"08103824T0022";"81038";"ZL";"119";8;1815;0;2;"2025-01-20";;23053
"0810532500001";"81053";"AL";"131";6;1120;0;2;"2025-05-05";;11412
"08106524B1116";"81065";"KC";"82";4;6114;4932;5;"2025-05-06";"2025-12-15";17758
"0810652500112";"81065";"CD";"47";4;2032;2520;2;"2025-12-09";;8810
"0810702500002";"81070";"ZV";"70";6;4138;0;2;"2025-08-06";;17814
"0810812500018";"81081";"A";"1423";6;1375;0;2;"2025-05-28";;22900
"08109922T0071";"81099";"NO";"143";4;9570;13567;2;"2025-07-15";;64988
"08109924T0064";"81099";"LM";"167";4;1946;0;5;"2025-03-26";"2025-06-30";4758
"0810992500015";"81099";"LY";"12";4;2355;921;2;"2025-08-25";;7559
"08110524T0061";"81105";"AC";"108";4;2772;3052;2;"2025-04-02";;4979
"0811052500022";"81105";"BD";"40";6;1133;3856;2;"2025-10-24";;9897
"08111724T0008";"81117";"D";"287";8;1519;0;2;"2025-03-10";;29110
"0811202500016";"81120";"C";"116";8;2050;0;2;"2025-10-20";;385204
"0811242500005";"81124";"H";"716";3;1254;4126;2;"2025-04-24";;121876
"0811312500016";"81131";"ZK";"130";8;1827;0;2;"2025-10-09";;5095
"0811452500012";"81145";"S";"1588";6;1446;0;2;"2025-05-20";;4459
"0811472500004";"81147";"C";"501";6;1955;754;2;"2025-11-04";;9053
"08114924T0004";"81149";"ZD";"2";8;1350;0;2;"2025-04-01";;394280
"0811562500010";"81156";"AD";"184";6;1123;0;2;"2025-10-24";;3075
"08116324B0024";"81163";"AX";"451";8;1244;0;5;"2025-05-11";"2025-11-10";4000
"08117124T0018";"81171";"ZP";"66";6;6018;5032;5;"2025-02-03";"2025-05-05";0
"0812352500003";"81235";"B";"337";8;1860;0;2;"2025-10-29";;109944
"0812712500016";"81271";"ZA";"410";6;5745;0;2;"2025-05-13";;19040
"08129524A0009";"81295";"B";"762";8;1531;535;2;"2025-03-04";;2240
"08130824A0004";"81308";"B";"1283";8;1296;0;2;"2025-03-20";;17028
"0820182500008";"82018";"ZO";"183";8;1828;0;2;"2025-09-26";;3927
"0820252500010";"82025";"ZM";"378";6;4495;0;2;"2025-10-17";;4089
"08203324C0066";"82033";"A";"1151";8;1057;0;2;"2025-03-04";;4994
"0820372500005";"82037";"BV";"6";6;1764;5157;2;"2025-08-26";;18194
"08204824S0019";"82048";"0C";"437";4;1730;435;2;"2025-02-04";;0
"0820622500009";"82062";"ZI";"187";8;1155;143;2;"2025-07-01";;0
"08211724P0009";"82117";"AV";"343";4;1883;0;2;"2025-01-02";;20000
"08212124M0197";"82121";"DO";"511";3;2639;0;2;"2025-01-28";;4361
"08212124M0198";"82121";"DO";"509";3;2639;0;2;"2025-01-28";;7653
"08212124M0240";"82121";"BK";"154";3;1487;0;5;"2025-02-11";"2025-07-04";20182
"0821212500075";"82121";"HR";"862";4;1189;1050;2;"2025-07-23";;20036
"0821212500088";"82121";"DL";"709";4;1818;1470;2;"2025-10-22";;8284
"0821212500132";"82121";"DH";"1008";4;7619;0;2;"2025-10-17";;19581
"0821212500217";"82121";"DO";"231";8;1040;0;2;"2025-11-28";;51287
"08213024DR003";"82130";"C";"397";4;1512;2705;2;"2025-04-24";;10337
"0821862500023";"82186";"AM";"1016";8;1246;470;2;"2025-10-30";;3695
"0830042500012";"83004";"C";"2747";8;1775;0;5;"2025-07-28";"2025-12-10";6066
"08301924B0053";"83019";"BX";"345";3;1739;67;2;"2025-03-07";;8811
"08302324O0062";"83023";"BS";"343";8;1395;1463;2;"2025-03-18";;8638
"08302324O0094";"83023";"BS";"281";3;1854;0;5;"2025-03-24";"2025-11-12";8638
"08302324O0116";"83023";"BS";"212";8;1341;0;2;"2025-03-20";;4316
"0830232500016";"83023";"AV";"1579";4;1497;0;2;"2025-07-17";;3008
"0830232500030";"83023";"AM";"157";4;3575;518;2;"2025-09-30";;1875
"0830422400035";"83042";"BH";"1";4;2497;573;2;"2025-02-12";;2970
"08304924C0034";"83049";"AO";"6";4;1340;0;2;"2025-01-08";;1837
"0830492500028";"83049";"AY";"147";4;1871;0;2;"2025-11-05";;11589
"0830542500009";"83054";"AP";"36";8;31610;27402;5;"2025-07-08";"2026-01-12";85290
"0830542500010";"83054";"AN";"182";8;1693;0;2;"2025-09-03";;3607
"0830542500012";"83054";"AX";"63";3;2784;0;2;"2025-10-13";;4000
"08306124F0109";"83061";"BM";"922";4;2796;876;2;"2025-04-03";;23130
"0830612500037";"83061";"AI";"264";4;2120;1225;2;"2025-07-29";;8926
"0830622510030";"83062";"AL";"842";4;1974;0;2;"2025-10-27";;10280
"0830682500015";"83068";"AV";"1";4;2848;1824;2;"2025-04-03";;9318
"0830692500046";"83069";"AT";"135";3;3113;0;2;"2025-06-19";;1685
"08307324L0017";"83073";"E";"1288";4;3999;18845;2;"2025-03-07";;81832
"08307324L0020";"83073";"G";"1552";3;4178;0;5;"2025-04-08";"2025-08-25";33024
"08308124D0024";"83081";"G";"2140";8;2457;1220;2;"2025-04-29";;4679
"0830862500033";"83086";"BC";"148";4;1451;292;2;"2025-12-19";;7409
"0830902500008";"83090";"BH";"158";3;1605;0;2;"2025-06-06";;752
"0830902500009";"83090";"BH";"138";3;1295;0;2;"2025-06-10";;407
"0830902500017";"83090";"BD";"170";4;2188;0;2;"2025-09-18";;3200
"08309925O0003";"83099";"AY";"103";4;1024;0;2;"2025-03-11";;4529
"08309925O0006";"83099";"AZ";"218";8;1132;0;2;"2025-03-12";;6644
"0831162500049";"83116";"AI";"222";8;1908;0;2;"2025-12-19";;5520
"08311825C0035";"83118";"AR";"1204";8;2208;0;2;"2025-05-28";;9720
"08312624C0087";"83126";"AB";"893";3;1698;0;2;"2025-12-23";;1652
"0831262500018";"83126";"AB";"1108";3;2852;0;5;"2025-07-22";"2026-01-19";4181
"0831272400022";"83127";"I";"550";8;1490;0;2;"2025-05-22";;5131
"0831272500006";"83127";"I";"1083";8;1079;0;2;"2025-09-18";;29420
"0831272500009";"83127";"I";"1087";6;2701;0;2;"2025-10-17";;42723
"0831292400130";"83129";"AB";"893";3;3178;0;2;"2025-11-07";;1652
"0831402500008";"83140";"G";"833";4;1018;0;2;"2025-06-17";;1947
"08314824K0082";"83148";"AK";"120";3;2131;0;2;"2025-08-06";;18159
"0831482500004";"83148";"E";"392";4;1566;1144;2;"2025-06-24";;188076
"0831492500005";"83149";"AK";"723";8;1466;0;2;"2025-09-19";;6020
"08400324S0037";"84003";"CM";"436";6;1349;0;2;"2025-02-06";;4032
"0840072400121";"84007";"CT";"662";8;2389;5591;5;"2025-02-13";"2025-11-26";43711
"08401624A0023";"84016";"BA";"60";8;1441;0;2;"2025-07-02";;2244
"0840192500013";"84019";"CE";"263";6;2370;0;2;"2025-08-06";;4451
"08403124C0122";"84031";"BE";"9";4;2311;54;2;"2025-06-13";;10443
"08403125C0055";"84031";"BE";"9";4;1793;54;2;"2025-12-02";;5763
"08403524E0069";"84035";"AX";"432";6;1419;0;2;"2025-03-31";;8046
"08403524E0087";"84035";"AO";"640";8;2130;0;2;"2025-04-22";;34098
"0840352500029";"84035";"BV";"28";4;1970;0;2;"2025-09-23";;4875
"0840642500016";"84064";"0A";"1602";6;1390;0;2;"2025-09-12";;9299
"0840872500011";"84087";"BW";"141";4;2019;891;2;"2025-10-28";;9087
"08408924H0053";"84089";"BC";"366";3;2795;721;2;"2025-07-30";;11346
"0840912500018";"84091";"AX";"53";8;1004;0;2;"2025-06-11";;6906
"08412725N0001";"84127";"AV";"149";6;1008;0;2;"2025-04-15";;3000
"08412924A0099";"84129";"BX";"158";4;1450;0;2;"2025-04-22";;23763
"0841322500014";"84132";"BS";"139";6;3570;0;2;"2025-09-15";;21873
"0841322500028";"84132";"BP";"155";6;1486;0;2;"2025-10-15";;5982
"08413724N0054";"84137";"AH";"1116";3;4959;5438;5;"2025-02-17";"2026-01-05";21643
"0850032500008";"85003";"BH";"468";4;1920;0;2;"2025-04-09";;4483
"0850032500023";"85003";"ZX";"39";6;1965;1504;2;"2025-07-09";;9246
"0850032500025";"85003";"YA";"162";8;2468;0;2;"2025-08-05";;12582
"0850032500047";"85003";"ZK";"508";6;1382;2497;2;"2025-11-19";;7917
"08501924V0054";"85019";"ZS";"148";8;1920;0;2;"2025-03-19";;10000
"0850192500007";"85019";"ZS";"127";8;1265;0;2;"2025-05-28";;4235
"0850192500015";"85019";"ZN";"142";4;1058;774;2;"2025-08-26";;7687
"0850192500029";"85019";"ZS";"132";6;1562;0;2;"2025-11-10";;2551
"0850252500028";"85025";"C";"726";6;4287;7426;2;"2025-12-30";;74166
"0850262500018";"85026";"A";"1563";8;2049;4550;2;"2025-12-29";;12277
"0850312500015";"85031";"E";"1281";6;3091;2319;2;"2025-10-27";;11477
"0850382500007";"85038";"XT";"193";8;1357;0;5;"2025-05-21";"2025-09-01";16862
"08504624Y0037";"85046";"YC";"181";8;1099;771;5;"2025-03-18";"2025-03-19";7812
"08504624Y0050";"85046";"ZS";"102";4;4388;0;2;"2025-03-06";;8508
"08504624Y0052";"85046";"AM";"40";8;3546;1372;5;"2025-06-18";"2025-10-20";44149
"08505824F0006";"85058";"ZB";"149";6;5398;28077;2;"2025-04-30";;69169
"08505924F0015";"85059";"ZA";"450";4;1062;0;5;"2025-01-08";"2025-06-06";2352
"0850642500005";"85064";"ZI";"15";6;4206;26044;2;"2025-09-13";;161163
"08507324F0009";"85073";"ZL";"101";8;1334;310;5;"2025-01-28";"2025-08-04";4793
"08507324F0012";"85073";"AB";"148";4;1285;388;5;"2025-07-02";"2025-07-09";33889
"0850812500023";"85081";"ZP";"286";8;2521;0;2;"2025-12-23";;13187
"0850822500028";"85082";"F";"1015";6;1304;2503;2;"2025-12-15";;15906
"08508424U0061";"85084";"YR";"24";6;3880;23545;5;"2025-03-13";"2025-04-21";139259
"08509224F0063";"85092";"BC";"182";4;2184;3258;2;"2025-02-12";;446
"0850922500003";"85092";"YP";"80";6;1188;1290;2;"2025-05-07";;18016
"0850922500006";"85092";"YR";"175";6;2869;0;5;"2025-06-05";"2025-07-15";16879
"0850922500026";"85092";"ZT";"793";4;1950;0;2;"2025-07-18";;4055
"0850932500004";"85093";"D";"382";8;1451;36150;2;"2025-08-11";;303979
"0850982500008";"85098";"AD";"50";4;1082;0;2;"2025-07-22";;3949
"08510024C0021";"85100";"B";"2082";8;3892;0;5;"2025-03-21";"2025-07-21";11118
"08510924H0134";"85109";"AI";"12";3;3507;3030;2;"2025-07-10";;12195
"0851092500058";"85109";"ZX";"159";6;1399;3660;2;"2025-09-25";;23084
"0851092500082";"85109";"AS";"5";3;1074;0;2;"2025-10-09";;20256
"08511924H0030";"85119";"AB";"1078";6;6273;12155;5;"2025-02-24";"2025-03-24";57549
"08512624F0005";"85126";;;8;3311;0;5;"2025-01-06";"2025-01-13";12010
"08513124F0031";"85131";"ZM";"102";6;5398;12891;2;"2025-04-29";;122954
"08514624H0082";"85146";"ZC";"421";3;1461;0;2;"2025-05-12";;3620
"08514624H0172";"85146";"AP";"33";6;8212;0;5;"2025-05-28";"2025-06-25";106975
"0851462500075";"85146";"M";"149";6;12744;49762;2;"2025-12-12";;141759
"0851462500089";"85146";"ZC";"260";4;1306;690;5;"2025-09-09";"2025-10-14";2150
"0851462500112";"85146";"AB";"225";4;5189;0;2;"2025-11-12";;8060
"08515124H0040";"85151";"BM";"2";8;1054;1136;5;"2025-02-04";"2025-04-10";6593
"0851512500010";"85151";"AP";"12";8;6869;5640;5;"2025-07-04";"2025-07-08";38402
"08515224A0055";"85152";"ZB";"136";6;4262;0;5;"2025-01-16";"2025-10-22";19981
"08515224A0058";"85152";"ZB";"137";8;1247;0;2;"2025-02-17";;10800
"08515224A0063";"85152";"AE";"100";6;3152;4772;5;"2025-01-23";"2025-04-03";39718
"0851522500065";"85152";"BZ";"141";8;1080;0;5;"2025-09-05";"2026-01-12";3577
"0851522500066";"85152";"ZB";"139";6;2625;0;5;"2025-09-24";"2026-01-12";10011
"0851782500027";"85178";"ZD";"162";3;2480;1252;5;"2025-08-20";"2025-09-04";5000
"0851782500054";"85178";"YS";"353";8;1468;103;5;"2025-10-30";"2026-01-05";7236
"0851782500057";"85178";"E";"1647";6;5825;3477;2;"2025-11-05";;49191
"08518224P0016";"85182";"AR";"139";6;8781;0;5;"2025-01-22";"2025-05-05";40528
"0851912500064";"85191";"EM";"142";6;1141;843;2;"2025-09-23";;3700
"0851912500069";"85191";"CT";"220";8;1682;14429;2;"2025-09-23";;28548
"08519424P0260";"85194";"AX";"308";3;1165;0;5;"2025-02-14";"2026-01-14";2810
"0851942500135";"85194";"BI";"211";4;1234;348;2;"2025-08-07";;2564
"0851942500270";"85194";"BI";"336";8;1226;463;2;"2025-12-18";;3288
"0851972500018";"85197";"ZV";"233";4;1182;2784;2;"2025-10-20";;12815
"0852022500010";"85202";"ZP";"104";6;4986;22812;2;"2025-06-19";;149624
"08521524U0028";"85215";"ZM";"143";6;4390;25453;2;"2025-03-31";;117077
"0852222500013";"85222";"BK";"112";4;1038;283;2;"2025-07-24";;2288
"0852222500018";"85222";"AX";"331";4;1424;1280;5;"2025-07-24";"2025-12-08";7215
"0852232500004";"85223";"ZT";"319";8;1284;0;2;"2025-06-16";;41800
"08523424C0126";"85234";"AK";"193";4;1886;0;2;"2025-04-08";;6057
"0852442400006";"85244";"ZP";"141";6;2162;0;2;"2025-04-03";;6038
"0852682500013";"85268";"B";"2473";6;1010;0;2;"2025-07-04";;2715
"08527824S0043";"85278";"ZI";"13";6;1551;0;2;"2025-03-11";;3906
"08528823S0008";"85288";"ZP";"102";4;18755;0;2;"2025-03-31";;43062
"0852882500064";"85288";"BX";"156";3;2627;0;2;"2025-09-22";;4667
"08528924F0019";"85289";"B";"2393";6;1400;2200;2;"2025-01-09";;8998
"0852942500006";"85294";"ZA";"331";4;9443;6881;5;"2025-07-21";"2025-11-03";25417
"08602725X0002";"86027";"AT";"11";8;1375;14840;2;"2025-03-22";;138841
"08602725X0005";"86027";"AW";"170";8;1089;0;5;"2025-06-12";"2026-01-01";5209
"08606224X0028";"86062";"ZP";"863";4;1210;0;2;"2025-04-10";;5542
"08606224X0030";"86062";"AB";"897";3;1882;0;2;"2025-04-11";;4190
"08606225X0014";"86062";"ZK";"192";8;1028;0;2;"2025-08-18";;98336
"08606625H1025";"86066";"HT";"171";6;2206;0;2;"2025-08-12";;3750
"08608224A0013";"86082";"AB";"278";4;1208;0;2;"2025-01-13";;9109
"08608325X0002";"86083";"C";"599";4;1165;0;2;"2025-09-12";;48072
"08610824E1017";"86108";"YW";"55";4;3774;5548;5;"2025-01-14";"2025-09-01";41228
"0861132500001";"86113";"AC";"76";3;1292;0;2;"2025-07-08";;3704
"0861372500007";"86137";"ZO";"21";6;4881;33508;2;"2025-07-10";;71481
"08615824X0017";"86158";"ZW";"189";8;1794;0;2;"2025-01-08";;30762
"08615824X0023";"86158";"ZW";"206";3;4260;0;5;"2025-01-21";"2025-07-30";36882
"08615824X0025";"86158";"ZW";"217";6;1070;0;2;"2025-02-20";;10000
"08616024N0005";"86160";"AO";"218";4;1520;0;5;"2025-02-25";"2025-09-09";19801
"08618325A0005";"86183";"ZR";"131";8;1032;256;2;"2025-10-15";;4866
"08619425X0017";"86194";"BT";"26";3;4112;1906;2;"2025-06-30";;5734
"08619425X0041";"86194";"ZL";"376";6;1946;0;2;"2025-10-01";;13583
"08621424X0023";"86214";"BM";;4;1456;1460;5;"2025-03-05";"2025-04-30";105376
"0862552500004";"86255";"C";"1178";8;1326;3532;5;"2025-08-29";"2025-09-01";12333
"08701924D6583";"87019";"AP";"286";3;3340;3205;5;"2025-05-21";"2025-09-17";22807
"08706524D7669";"87065";"AA";"12";4;2572;0;5;"2025-05-05";"2025-05-05";19166
"08708524C0140";"87085";"SX";"125";8;2204;0;2;"2025-01-14";;4785
"08708524C0152";"87085";"BS";"403";3;1486;0;5;"2025-01-27";"2025-06-10";1925
"08708524C0162";"87085";"ON";"321";4;1133;2622;2;"2025-07-17";;0
"08708524C0165";"87085";"LI";"74";6;4460;0;5;"2025-02-14";"2025-03-03";9437
"0870852500007";"87085";"DZ";"143";4;1050;990;5;"2025-05-22";"2025-06-02";1510
"0870852500011";"87085";"MN";"108";4;1960;3244;2;"2025-06-26";;10000
"0870852500042";"87085";"BE";"489";4;2298;10033;5;"2025-07-24";"2026-01-06";19140
"0870852500049";"87085";"TO";"1";4;1347;7520;2;"2025-06-27";;35442
"0870852500125";"87085";"CP";"55";8;1689;0;2;"2025-11-04";;7703
"0870852500133";"87085";"SW";"43";3;1148;0;5;"2025-10-07";"2025-12-15";103698
"0871142500010";"87114";"AB";"93";3;1576;0;2;"2025-08-20";;22453
"0871542500027";"87154";"CY";"448";6;9585;0;5;"2025-09-05";"2026-01-05";55000
"08718725M0005";"87187";;;8;1849;644;2;"2025-05-28";;0
"08800925H0047";"88009";"AL";"522";4;2688;0;2;"2025-10-24";;6649
"08807825H0005";"88078";"AK";"209";4;2500;0;2;"2025-10-15";;7795
"08808124D0007";"88081";"AC";"437";6;1445;454;2;"2025-01-08";;10774
"0880992500002";"88099";"00";"168";8;1506;1660;5;"2025-06-23";"2025-09-08";10000
"0880992500007";"88099";"AK";"211";4;1162;0;2;"2025-09-12";;2612
"08811525H0012";"88115";"A";"359";6;1008;6900;2;"2025-12-16";;0
"0881232500001";"88123";"B";"463";8;19000;0;2;"2025-06-16";;58254
"0881602500036";"88160";"BM";"94";4;1537;0;2;"2025-11-27";;3729
"0881602500042";"88160";"AX";"265";6;1128;1455;2;"2025-12-10";;15000
"08819624E0057";"88196";"AL";"554";4;2388;0;2;"2025-03-19";;6894
"0881962500037";"88196";"F";"923";4;3330;3673;2;"2025-08-26";;13239
"0882092500010";"88209";"BD";"225";6;6220;13789;2;"2025-09-10";;6797
"08832724A0011";"88327";"AA";"191";6;18857;0;2;"2025-05-27";;136478
"08838324P0018";"88383";"AH";"178";8;2405;0;2;"2025-04-02";;31474
"08840924P0015";"88409";"B";"1762";4;3399;3848;2;"2025-03-26";;11408
"08844525H0003";"88445";"AL";"69";6;1670;0;2;"2025-05-26";;5830
"0884652500013";"88465";"AY";"1";6;2378;33381;2;"2025-06-26";;79434
"0884872500011";"88487";"BC";"1037";8;1900;2071;2;"2025-04-22";;11252
"08851624D0022";"88516";"AW";"298";8;5220;7577;2;"2025-04-08";;56100
"0890242500013";"89024";"ZD";"1";4;1284;1550;5;"2025-08-28";"2025-12-09";60520
"0890242500021";"89024";"CN";"66";4;4984;0;5;"2025-07-11";"2025-11-03";19312
"08918022T0003";"89180";"YT";"54";8;54009;0;2;"2025-02-10";;104769
"08920625D0009";"89206";"BE";"767";4;1406;2924;2;"2025-10-29";;9163
"0892232500004";"89223";"ZI";"1";6;2697;3909;2;"2025-08-26";;112043
"08924224C0003";"89242";"ZI";"202";8;1062;1584;5;"2025-02-20";"2025-12-12";16709
"08925725T0004";"89257";"E";"1664";8;1152;1200;5;"2025-04-16";"2025-05-26";9194
"0893802500007";"89380";"ZD";"199";6;2019;18400;2;"2025-09-08";;133426
"09000124A0003";"90001";"AC";"57";8;3335;4292;2;"2025-03-28";;18935
"09001025Z0003";"90010";"AK";"285";6;5590;1415;5;"2025-05-15";"2025-10-02";12651
"09001224A0008";"90012";"ZD";"277";4;1260;5855;5;"2025-02-05";"2025-05-19";20240
"09001225A0007";"90012";"ZD";"346";4;2279;0;2;"2025-12-17";;5601
"09001725A0001";"90017";"ZO";"78";4;1023;0;2;"2025-09-02";;4260
"09003425A0004";"90034";"AC";"149";4;1721;0;2;"2025-11-07";;3430
"09005124C0007";"90051";"AB";"565";3;1373;0;2;"2025-06-24";;101587
"09005825A0005";"90058";"B";"382";8;1014;384;5;"2025-12-29";"2026-01-01";4700
"0910212410036";"91021";"AB";"548";6;1891;0;5;"2025-04-25";"2025-09-01";5589
"0911032410015";"91103";"BB";"66";8;3508;8346;5;"2025-02-07";"2025-08-03";19601
"0911052510003";"91105";"B";"2389";8;2848;14613;2;"2025-06-25";;45700
"0911742111034";"91174";"AY";"166";8;2382;0;2;"2025-06-26";;54263
"0911742410059";"91174";"AY";"166";8;20526;0;2;"2025-10-16";;54466
"0911792400016";"91179";"C";"494";8;30216;0;2;"2025-10-16";;72174
"0912002510009";"91200";"F";"212";8;1366;1432;2;"2025-09-19";;10827
"0912002510014";"91200";"F";"202";6;6897;1047;2;"2025-11-28";;25406
"0912042510002";"91204";"A";"258";6;3299;0;2;"2025-11-24";;152381
"0912232510025";"91223";"AC";"857";8;1126;0;2;"2025-10-02";;2000
"0912282400028";"91228";"BD";"12";6;13802;0;2;"2025-03-17";;13609
"0912282500015";"91228";"AI";"81";8;1047;0;2;"2025-09-02";;2859
"0912352410002";"91235";"AN";"354";8;1244;0;5;"2025-02-26";"2025-08-11";3301
"0912352510002";"91235";"AA";"11";8;6088;3908;2;"2025-06-30";;45366
"0912352510009";"91235";"AA";"11";8;5506;3043;2;"2025-12-08";;37372
"0912752410003";"91275";"AC";"111";4;1408;1676;5;"2025-01-08";"2025-03-31";8418
"0913152410017";"91315";"AH";"78";8;1440;2257;5;"2025-03-06";"2025-07-07";43278
"0913382510003";"91338";"AI";"349";8;1762;0;2;"2025-02-28";;5000
"0913402400013";"91340";"AB";"46";8;1852;9752;2;"2025-04-09";;20000
"0913452510015";"91345";"AB";"20";8;1644;36136;2;"2025-10-13";;50897
"0913452510018";"91345";"AD";"170";8;2514;0;2;"2025-12-15";;14246
"0913632510005";"91363";"B";"66";8;4050;123428;5;"2025-05-12";"2025-10-01";1289151
"0913632510016";"91363";"A";"615";4;1159;0;5;"2025-11-27";"2025-12-17";3546
"0913772410024";"91377";"BM";"104";3;17371;22573;5;"2025-03-28";"2025-04-18";31607
"0914212410031";"91421";"AX";"358";8;1810;0;2;"2025-05-07";;2525
"0914252410030";"91425";"AK";"52";8;5869;0;5;"2025-04-09";"2025-08-04";7939
"0914322500004";"91432";"E";"563";3;4345;10838;2;"2025-06-17";;18916
"0914322500012";"91432";"E";"402";8;10225;16713;2;"2025-09-18";;26169
"0914772440039";"91477";"OH";"630";3;8915;0;2;"2025-06-21";;3393
"0914942410009";"91494";"B";"551";8;25257;0;5;"2025-02-13";"2025-08-01";103528
"0914942410015";"91494";"D";"1342";6;2992;0;2;"2025-02-27";;6248
"0914942410016";"91494";"D";"1343";6;11383;0;2;"2025-02-27";;20173
"0914942510001";"91494";"B";"569";6;13999;0;5;"2025-07-10";"2025-10-20";28975
"0915382410006";"91538";"B";"67";6;1253;54122;2;"2025-01-23";;246208
"0915492410038";"91549";"AA";"18";3;3999;0;5;"2025-02-12";"2025-09-15";7995
"0915492410067";"91549";"AB";"4";4;1387;0;2;"2025-08-18";;21850
"0915522410012";"91552";"AD";"21";4;1205;3348;5;"2025-01-09";"2025-02-10";14625
"0915522510019";"91552";"AM";"408";4;4549;0;2;"2025-10-22";;13114
"0915732400014";"91573";"ZC";"462";8;1298;0;2;"2025-01-01";;2505
"0915732500002";"91573";"ZC";"504";6;2520;0;2;"2025-06-25";;5005
"0916572410032";"91657";"AC";"91";8;1063;0;2;"2025-07-21";;2304
"0916892410026";"91689";"0Y";"544";6;9500;0;2;"2025-03-20";;35148
"0916892510003";"91689";"T";"317";6;8150;0;2;"2025-07-24";;34914
"09200724A0024";"92007";"AN";"59";3;5674;17093;2;"2025-11-07";;92158
"09200725A0008";"92007";"X";"124";8;8809;1655;2;"2025-05-21";;3445
"0920122500009";"92012";"AM";"230";3;1272;5152;2;"2025-10-14";;2644
"09202424D0016";"92024";"C";"54";3;1512;8872;2;"2025-06-10";;3081
"0920362500025";"92036";"AO";"191";6;23898;15607;2;"2025-10-27";;34466
"0920362500028";"92036";"V";"798";6;3991;5306;2;"2025-12-11";;7344
"0920362500029";"92036";"M";"193";6;72002;64000;2;"2025-12-11";;101373
"0920362500036";"92036";"AF";"652";3;7842;0;2;"2025-10-31";;11091
"0920402400027";"92040";"AC";"129";4;11015;34022;5;"2025-09-17";"2025-12-09";34814
"09205024T0095";"92050";"C";"5";6;2066;19762;5;"2025-08-01";"2025-12-01";67048
"0920602500009";"92060";"OY";"29";3;2948;33817;2;"2025-10-27";;21815
"09300524C0041";"93005";"DI";"58";8;77349;0;2;"2025-08-07";;121186
"09300524C0081";"93005";"DP";"443";4;3629;0;2;"2025-04-14";;19157
"09300624B0040";"93006";"AB";"203";3;2750;25533;2;"2025-03-19";;2302
"0930272500031";"93027";"P";"201";4;6391;3116;2;"2025-12-18";;8775
"09303023A0008";"93030";"0A";"134";8;124670;0;5;"2025-03-04";"2025-08-20";364137
"09305125C0026";"93051";"BM";"72";4;1765;0;2;"2025-08-26";;1557
"09305125C0027";"93051";"BY";"94";4;1888;0;5;"2025-09-18";"2026-01-05";11753
"09307323C0030";"93073";"B";"300";8;7609;8943;5;"2025-02-12";"2025-04-22";22468
"0930732500036";"93073";"ZA";"367";6;1005;2310;2;"2025-11-05";;24160
"0930732500042";"93073";"C";"724";6;5690;0;2;"2025-10-06";;7409
"09307824C0031";"93078";"AO";"37";3;1772;7508;2;"2025-01-13";;15475
"09307825C0001";"93078";"AO";"168";6;7466;10757;2;"2025-07-03";;19409
"09307825C0004";"93078";"BC";"28";8;2067;1335;2;"2025-07-01";;4575
"0940042510006";"94004";"AB";"215";8;1583;248;2;"2025-12-08";;2306
"0940112500002";"94011";"D";"267";8;1078;250;2;"2025-09-19";;24101
"0940152400031";"94015";"AH";"225";8;7868;0;5;"2025-04-23";"2025-10-21";21163
"0940152400036";"94015";"AA";"4";6;10327;0;2;"2025-06-16";;90422
"09402124W1022";"94021";"AI";"6";8;3035;867501;5;"2025-04-09";"2025-07-01";67224
"0940412501004";"94041";"H";"46";6;8811;0;2;"2025-08-01";;11184
"09404424C0023";"94044";"AB";"505";6;8609;0;2;"2025-02-28";;23588
"09404425C0004";"94044";"AB";"33";3;4155;0;2;"2025-09-22";;4332
"09406524W1005";"94065";"AM";"10";8;41789;0;2;"2025-09-25";;107944
"0940652501008";"94065";"AC";"42";8;1960;867501;5;"2025-09-11";"2025-11-24";194017
"09407024C1009";"94070";"BB";"77";6;1054;1889;5;"2025-03-06";"2025-06-16";6099
"09407125C0002";"94071";"AZ";"205";8;14319;250;2;"2025-09-22";;55540
"09407125C0016";"94071";"AZ";"711";3;2096;0;2;"2025-12-29";;1253
"09407125C0017";"94071";"AZ";"711";3;4466;0;2;"2025-12-29";;1409
"09407624W1065";"94076";"AH";"398";3;13715;0;2;"2025-05-05";;4072
"0940782500013";"94078";"AB";"147";8;7583;3048;2;"2025-08-05";;18072
"09407924N0060";"94079";"AX";"456";3;3002;0;2;"2025-09-08";;1966
"0940812500035";"94081";"DK";"52";6;4801;134233;2;"2025-08-08";;222995
"0940812500043";"94081";"DK";"52";6;1850;134390;2;"2025-10-09";;222995
"09501824O0064";"95018";"BW";"252";6;4650;0;2;"2025-01-15";;9147
"09501824O0099";"95018";"CI";"357";8;2161;2001;5;"2025-01-10";"2025-08-04";3949
"09501824O0110";"95018";"CI";"542";8;14123;0;2;"2025-12-22";;20422
"09501824O0114";"95018";"BH";"159";3;2697;195;2;"2025-12-16";;44046
"09502824B0005";"95028";"ZI";"382";6;17384;0;2;"2025-03-10";;37665
"0950632200049";"95063";"AL";"23";6;35662;11937;5;"2025-05-28";"2025-09-05";38051
"09513424H0016";"95134";"ZC";"418";8;9128;0;2;"2025-02-20";;70720
"09519925D0010";"95199";"AR";"100";3;2059;3849;2;"2025-11-17";;4000
"0952802400022";"95280";"AZ";"92";4;1723;0;2;"2025-01-10";;5
"0952802400036";"95280";"BA";"152";8;3780;0;2;"2025-06-25";;8100
"0952802500025";"95280";"ZR";"35";8;14056;0;2;"2025-09-12";;25660
"0954272480010";"95427";"AC";"651";6;4016;0;2;"2025-06-24";;6810
"09548724P0025";"95487";"ZA";"259";4;2084;0;2;"2025-08-17";;9736
"0954872500003";"95487";"AP";"319";8;22000;0;2;"2025-05-14";;45500
"0954872500007";"95487";"ZA";"84";4;8592;0;2;"2025-11-07";;19777
"0954872500012";"95487";"AC";"133";8;2400;0;2;"2025-12-29";;4019
"0954922400006";"95492";"ZD";"16";4;1082;11933;2;"2025-04-17";;22314
"0955092500001";"95509";"ZE";"143";8;5437;0;5;"2025-06-12";"2026-01-15";12793
"0955092500002";"95509";"ZE";"145";8;5713;0;2;"2025-06-05";;7760
"0955092500004";"95509";"ZE";"185";8;3528;0;2;"2025-07-16";;8184
"09551024U0004";"95510";"AA";"7";8;2760;0;2;"2025-04-11";;0
"0955272500006";"95527";"C";"181";8;4786;0;2;"2025-10-06";;29974
"09557224U0022";"95572";"AO";"110";6;2337;10355;2;"2025-03-24";;27466
"09557225U0017";"95572";"AR";"5";6;16079;15823;2;"2025-11-25";;44151
"0955802500001";"95580";"A";"776";8;2611;0;5;"2025-07-02";"2025-10-01";11352
"09558225O0007";"95582";"AN";"1148";4;1919;2223;2;"2025-05-28";;6353
"09558525O0066";"95585";"BE";"39";4;8900;0;2;"2025-11-20";;15613
"0956072400027";"95607";"BK";"62";4;9994;0;2;"2025-01-22";;26648
"09563724V0018";"95637";"DO";"366";4;2401;811;2;"2025-10-10";;5490
"0956412500002";"95641";"A";"9";8;4233;31931;5;"2025-05-12";"2025-06-23";127827
"9711012431162";"97101";"BX";"1191";4;2026;0;2;"2025-11-07";;4935
"97110324R1165";"97103";"AL";"103";8;1575;3560;5;"2025-01-09";"2025-10-23";9588
"9711032500021";"97103";;;4;5121;63503;2;"2025-08-21";;155063
"9711032500036";"97103";"AO";"381";8;1340;0;2;"2025-06-12";;2391
"9711032500066";"97103";"AS";"471";3;6183;0;2;"2025-10-09";;5077
"9711032500095";"97103";"AW";"161";3;2076;0;2;"2025-10-02";;2140
"9711032500136";"97103";"AL";"258";4;3597;0;2;"2025-12-29";;5938
"9711032500141";"97103";"AV";"753";4;2600;0;2;"2025-12-09";;2727
"9711032500175";"97103";"AN";"471";3;1209;0;2;"2025-12-09";;1818
"9711072500036";"97107";"AD";"1436";6;2920;1508;2;"2025-09-29";;615690
"9711092310030";"97109";"AV";"688";8;1786;1339;5;"2025-04-25";"2025-04-25";14311
"9711152500006";"97115";"BD";"161";6;1616;0;2;"2025-02-13";;4989
"9711192500023";"97119";"AV";"92";4;1374;0;2;"2025-09-09";;1813
"9711202432037";"97120";"AS";"84";6;1110;0;2;"2025-01-29";;11140
"9711252500122";"97125";"BO";"80";8;1230;0;2;"2025-11-24";;2738
"97220424BR023";"97204";"C";"354";4;1143;0;2;"2025-02-01";;4769
"97220724BR040";"97207";"C";"1957";4;1042;360;2;"2025-03-19";;8227
"97220924BR124";"97209";"BH";"174";8;2055;600;2;"2025-08-04";;15656
"97220924BR132";"97209";"W";"306";8;3022;0;2;"2025-07-14";;6811
"9722092500054";"97209";"BC";"1382";3;5372;0;2;"2025-10-16";;2294
"97221224BR018";"97212";"V";"765";4;1402;0;2;"2025-01-10";;10185
"97221324BR111";"97213";"AV";"417";8;2360;5825;5;"2025-02-25";"2025-09-24";15500
"9722132500008";"97213";"K";"742";3;1620;1957;2;"2025-10-21";;5000
"9722132500036";"97213";"AT";"838";8;2131;0;2;"2025-08-21";;18684
"97223321BR006";"97233";"D";"39";8;1108;0;2;"2025-08-12";;0
"9733022410107";"97302";"RO";"46";8;4090;22243;2;"2025-04-25";;49723
"9733022510025";"97302";"RN";"17";8;1731;3318;2;"2025-06-20";;10010
"9733042510002";"97304";"BV";"4";6;1230;54;2;"2025-04-18";;1824978
"9733052510006";"97305";"AO";"734";4;2813;0;2;"2025-07-16";;10005
"9733052510068";"97305";"AM";"123";6;1600;0;2;"2025-11-02";;0
"9733062420035";"97306";"AZ";"71";4;2918;0;2;"2025-03-07";;706954
"9733072510094";"97307";"AM";"164";4;5499;1842;2;"2025-12-15";;294870
"9733132410017";"97313";"BD";"20";6;4845;1844;2;"2025-02-14";;207478
"97440225A0032";"97402";"AD";"1141";8;1752;0;2;"2025-10-30";;3000
"97440425A0007";"97404";"AM";"866";6;3832;2014;2;"2025-05-22";;7879
"97440724A0098";"97407";"AB";"118";4;3115;1790;2;"2025-05-21";;13881
"97440724A0108";"97407";"AB";"71";6;2170;391;2;"2025-04-06";;3601
"97440724A0127";"97407";"BK";"212";8;9779;0;2;"2025-07-10";;20904
"9744072500013";"97407";"AY";"606";4;1102;0;2;"2025-09-19";;3048
"9744072500026";"97407";"AZ";"181";6;3202;0;5;"2025-07-10";"2026-01-05";6032
"9744072500053";"97407";"BK";"187";6;2346;0;2;"2025-11-11";;7394
"97440824A0149";"97408";"AP";"1242";4;5097;0;2;"2025-09-11";;8101
"9744082500051";"97408";"AP";"1327";4;1906;0;2;"2025-11-10";;2286
"9744082500052";"97408";"AP";"1203";4;2565;0;2;"2025-12-11";;3381
"97440925A0168";"97409";"AR";"2746";4;15895;0;2;"2025-12-19";;32736
"97441124A0224";"97411";"HM";"274";4;4874;5204;2;"2025-06-02";;4890
"97441124A0243";"97411";"BL";"49";4;2493;2931;2;"2025-03-14";;2445
"97441124A0291";"97411";"BK";"153";3;1226;245;2;"2025-06-19";;756
"97441324A0195";"97413";"CA";"257";8;1057;0;2;"2025-04-04";;2266
"97441424A0253";"97414";"DI";"815";8;1586;1350;2;"2025-06-13";;9316
"97441425A0052";"97414";"DI";"405";8;1160;0;2;"2025-10-23";;12866
"97441524A0478";"97415";"BO";"843";3;4094;0;5;"2025-03-27";"2025-12-22";2363
"97441524A0551";"97415";"AB";"843";6;2241;0;5;"2025-03-03";"2025-09-03";9000
"9744152500040";"97415";"AB";"508";8;10022;0;2;"2025-05-07";;49958
"9744152500273";"97415";"AB";"847";8;3046;0;2;"2025-09-10";;7700
"97441525A0168";"97415";"AB";"817";8;1639;0;2;"2025-06-25";;2982
"97441624A0306";"97416";"CR";"1245";8;2210;0;5;"2025-02-12";"2025-09-15";6713
"97441625A0170";"97416";"CS";"1168";3;1708;0;2;"2025-09-09";;2945
"97441625A0199";"97416";"CR";"997";4;23458;0;2;"2025-12-15";;22340
"97441625A0341";"97416";"EH";"385";3;1337;6555;2;"2025-11-21";;48183
"97441824A0168";"97418";"AT";"2519";8;1070;3610;2;"2025-01-24";;16091
"9744182500079";"97418";"BD";"399";8;1202;0;2;"2025-11-19";;36854
"9744182500086";"97418";"BC";"368";8;3393;0;2;"2025-09-30";;9500
"9744182500155";"97418";"AT";"892";8;1358;0;2;"2025-12-19";;1298
"97442024A0104";"97420";"BD";"918";3;1366;0;2;"2025-03-17";;3952
"97442224A0281";"97422";"BP";"1098";6;1888;3335;5;"2025-08-18";"2025-09-01";0
"9766072500007";"97607";"AP";"125";6;2382;0;2;"2025-05-02";;9597
"97661125A0003";"97611";"AP";"297";3;3260;0;2;"2025-03-28";;7957
"97661125A0056";"97611";"AM";"51";3;1487;0;2;"2025-09-29";;2222
"9766142400025";"97614";"AT";"135";3;1037;0;2;"2025-02-21";;503
"9766172400028";"97617";"AW";"478";4;1020;0;2;"2025-03-04";;1975
